test_name,true_category,true_label,transform,pred_original,conf_original,pred_transformed,conf_transformed,flipped,correct_original,correct_transformed,tokens_original,tokens_transformed,token_delta,conf_delta,whitespace_identical
TestDelegationTokenRenewer.testAddRemoveRenewAction,0,async wait,indent +2,0,0.9219,5,0.9427,True,True,False,242,268,26,0.0208,True
TestDelegationTokenRenewer.testAddRemoveRenewAction,0,async wait,indent +4,0,0.9219,5,0.9454,True,True,False,242,296,54,0.0235,True
TestDelegationTokenRenewer.testAddRemoveRenewAction,0,async wait,indent +8,0,0.9219,5,0.9366,True,True,False,242,352,110,0.0147,True
TestDelegationTokenRenewer.testAddRemoveRenewAction,0,async wait,spaces to tabs,0,0.9219,5,0.9405,True,True,False,242,199,-43,0.0187,True
TestDelegationTokenRenewer.testAddRemoveRenewAction,0,async wait,tabs to spaces,0,0.9219,0,0.9219,False,True,True,242,242,0,0.0,True
TestDelegationTokenRenewer.testAddRemoveRenewAction,0,async wait,strip indent,0,0.9219,0,0.9146,False,True,True,242,180,-62,-0.0073,True
TestDelegationTokenRenewer.testAddRemoveRenewAction,0,async wait,add blank lines,0,0.9219,0,0.9212,False,True,True,242,244,2,-0.0007,True
TestDelegationTokenRenewer.testAddRemoveRenewAction,0,async wait,remove blank lines,0,0.9219,0,0.9219,False,True,True,242,242,0,0.0,True
TestDelegationTokenRenewer.testAddRemoveRenewAction,0,async wait,trailing newline,0,0.9219,0,0.9222,False,True,True,242,243,1,0.0003,True
TestDelegationTokenRenewer.testAddRemoveRenewAction,0,async wait,trailing spaces,0,0.9219,0,0.6517,False,True,True,242,257,15,-0.2702,True
TestDelegationTokenRenewer.testAddRemoveRenewAction,0,async wait,CRLF endings,0,0.9219,0,0.922,False,True,True,242,256,14,0.0001,True
MetricAdapterTest.testToMetricResponse,3,unordered collections,indent +2,2,0.4559,5,0.9461,True,False,False,260,278,18,0.4902,True
MetricAdapterTest.testToMetricResponse,3,unordered collections,indent +4,2,0.4559,5,0.9493,True,False,False,260,298,38,0.4935,True
MetricAdapterTest.testToMetricResponse,3,unordered collections,indent +8,2,0.4559,5,0.9453,True,False,False,260,338,78,0.4894,True
MetricAdapterTest.testToMetricResponse,3,unordered collections,spaces to tabs,2,0.4559,5,0.9446,True,False,False,260,244,-16,0.4887,True
MetricAdapterTest.testToMetricResponse,3,unordered collections,tabs to spaces,2,0.4559,2,0.4559,False,False,False,260,260,0,0.0,True
MetricAdapterTest.testToMetricResponse,3,unordered collections,strip indent,2,0.4559,3,0.7514,True,False,True,260,236,-24,0.2955,True
MetricAdapterTest.testToMetricResponse,3,unordered collections,add blank lines,2,0.4559,3,0.4155,True,False,True,260,262,2,-0.0404,True
MetricAdapterTest.testToMetricResponse,3,unordered collections,remove blank lines,2,0.4559,2,0.4559,False,False,False,260,260,0,0.0,True
MetricAdapterTest.testToMetricResponse,3,unordered collections,trailing newline,2,0.4559,3,0.4515,True,False,True,260,261,1,-0.0044,True
MetricAdapterTest.testToMetricResponse,3,unordered collections,trailing spaces,2,0.4559,5,0.7631,True,False,False,260,271,11,0.3073,True
MetricAdapterTest.testToMetricResponse,3,unordered collections,CRLF endings,2,0.4559,2,0.4467,False,False,False,260,270,10,-0.0092,True
TestPathData.testToFile,4,test order dependency,indent +2,3,0.6063,5,0.9511,True,False,False,144,158,14,0.3448,True
TestPathData.testToFile,4,test order dependency,indent +4,3,0.6063,5,0.9513,True,False,False,144,174,30,0.345,True
TestPathData.testToFile,4,test order dependency,indent +8,3,0.6063,5,0.9501,True,False,False,144,206,62,0.3438,True
TestPathData.testToFile,4,test order dependency,spaces to tabs,3,0.6063,5,0.9444,True,False,False,144,132,-12,0.3381,True
TestPathData.testToFile,4,test order dependency,tabs to spaces,3,0.6063,3,0.6063,False,False,False,144,144,0,0.0,True
TestPathData.testToFile,4,test order dependency,strip indent,3,0.6063,3,0.3572,False,False,False,144,126,-18,-0.2491,True
TestPathData.testToFile,4,test order dependency,add blank lines,3,0.6063,3,0.5634,False,False,False,144,146,2,-0.0429,True
TestPathData.testToFile,4,test order dependency,remove blank lines,3,0.6063,3,0.6063,False,False,False,144,144,0,0.0,True
TestPathData.testToFile,4,test order dependency,trailing newline,3,0.6063,3,0.4576,False,False,False,144,145,1,-0.1487,True
TestPathData.testToFile,4,test order dependency,trailing spaces,3,0.6063,5,0.8549,True,False,False,144,153,9,0.2486,True
TestPathData.testToFile,4,test order dependency,CRLF endings,3,0.6063,3,0.5346,False,False,False,144,152,8,-0.0717,True
TestLocalDirAllocator.testRemoveContext,4,test order dependency,indent +2,4,0.8007,5,0.9441,True,True,False,203,221,18,0.1434,True
TestLocalDirAllocator.testRemoveContext,4,test order dependency,indent +4,4,0.8007,5,0.9475,True,True,False,203,241,38,0.1469,True
TestLocalDirAllocator.testRemoveContext,4,test order dependency,indent +8,4,0.8007,5,0.9452,True,True,False,203,281,78,0.1445,True
TestLocalDirAllocator.testRemoveContext,4,test order dependency,spaces to tabs,4,0.8007,5,0.9378,True,True,False,203,187,-16,0.1372,True
TestLocalDirAllocator.testRemoveContext,4,test order dependency,tabs to spaces,4,0.8007,4,0.8007,False,True,True,203,203,0,0.0,True
TestLocalDirAllocator.testRemoveContext,4,test order dependency,strip indent,4,0.8007,4,0.8974,False,True,True,203,179,-24,0.0967,True
TestLocalDirAllocator.testRemoveContext,4,test order dependency,add blank lines,4,0.8007,4,0.8149,False,True,True,203,205,2,0.0142,True
TestLocalDirAllocator.testRemoveContext,4,test order dependency,remove blank lines,4,0.8007,4,0.8007,False,True,True,203,203,0,0.0,True
TestLocalDirAllocator.testRemoveContext,4,test order dependency,trailing newline,4,0.8007,4,0.8814,False,True,True,203,204,1,0.0807,True
TestLocalDirAllocator.testRemoveContext,4,test order dependency,trailing spaces,4,0.8007,5,0.5428,True,True,False,203,214,11,-0.2579,True
TestLocalDirAllocator.testRemoveContext,4,test order dependency,CRLF endings,4,0.8007,4,0.8329,False,True,True,203,213,10,0.0322,True
TestRMContainerAllocator.testSimple,0,async wait,indent +2,0,0.9225,5,0.8972,True,True,False,512,512,0,-0.0253,True
TestRMContainerAllocator.testSimple,0,async wait,indent +4,0,0.9225,5,0.9289,True,True,False,512,512,0,0.0064,True
TestRMContainerAllocator.testSimple,0,async wait,indent +8,0,0.9225,5,0.9121,True,True,False,512,512,0,-0.0104,True
TestRMContainerAllocator.testSimple,0,async wait,spaces to tabs,0,0.9225,5,0.9193,True,True,False,512,512,0,-0.0032,True
TestRMContainerAllocator.testSimple,0,async wait,tabs to spaces,0,0.9225,0,0.9225,False,True,True,512,512,0,0.0,True
TestRMContainerAllocator.testSimple,0,async wait,strip indent,0,0.9225,0,0.9167,False,True,True,512,512,0,-0.0058,True
TestRMContainerAllocator.testSimple,0,async wait,add blank lines,0,0.9225,0,0.9211,False,True,True,512,512,0,-0.0014,True
TestRMContainerAllocator.testSimple,0,async wait,remove blank lines,0,0.9225,0,0.9225,False,True,True,512,512,0,0.0,True
TestRMContainerAllocator.testSimple,0,async wait,trailing newline,0,0.9225,0,0.9225,False,True,True,512,512,0,0.0,True
TestRMContainerAllocator.testSimple,0,async wait,trailing spaces,0,0.9225,0,0.9149,False,True,True,512,512,0,-0.0077,True
TestRMContainerAllocator.testSimple,0,async wait,CRLF endings,0,0.9225,0,0.9226,False,True,True,512,512,0,0.0001,True
MultiMapTes.test_multimap,3,unordered collections,indent +2,3,0.8527,5,0.9512,True,True,False,155,167,12,0.0985,True
MultiMapTes.test_multimap,3,unordered collections,indent +4,3,0.8527,5,0.9521,True,True,False,155,181,26,0.0994,True
MultiMapTes.test_multimap,3,unordered collections,indent +8,3,0.8527,5,0.9495,True,True,False,155,209,54,0.0969,True
MultiMapTes.test_multimap,3,unordered collections,spaces to tabs,3,0.8527,5,0.9479,True,True,False,155,145,-10,0.0953,True
MultiMapTes.test_multimap,3,unordered collections,tabs to spaces,3,0.8527,3,0.8527,False,True,True,155,155,0,0.0,True
MultiMapTes.test_multimap,3,unordered collections,strip indent,3,0.8527,3,0.7902,False,True,True,155,140,-15,-0.0625,True
MultiMapTes.test_multimap,3,unordered collections,add blank lines,3,0.8527,3,0.8537,False,True,True,155,157,2,0.001,True
MultiMapTes.test_multimap,3,unordered collections,remove blank lines,3,0.8527,3,0.8527,False,True,True,155,155,0,0.0,True
MultiMapTes.test_multimap,3,unordered collections,trailing newline,3,0.8527,3,0.8311,False,True,True,155,156,1,-0.0216,True
MultiMapTes.test_multimap,3,unordered collections,trailing spaces,3,0.8527,5,0.843,True,True,False,155,163,8,-0.0097,True
MultiMapTes.test_multimap,3,unordered collections,CRLF endings,3,0.8527,3,0.8528,False,True,True,155,162,7,0.0002,True
WorkflowHttpHandlerTest.testWorkflowForkFailure,1,concurrency,indent +2,0,0.5273,5,0.943,True,False,False,480,512,32,0.4157,True
WorkflowHttpHandlerTest.testWorkflowForkFailure,1,concurrency,indent +4,0,0.5273,5,0.9457,True,False,False,480,512,32,0.4185,True
WorkflowHttpHandlerTest.testWorkflowForkFailure,1,concurrency,indent +8,0,0.5273,5,0.938,True,False,False,480,512,32,0.4107,True
WorkflowHttpHandlerTest.testWorkflowForkFailure,1,concurrency,spaces to tabs,0,0.5273,5,0.9456,True,False,False,480,449,-31,0.4184,True
WorkflowHttpHandlerTest.testWorkflowForkFailure,1,concurrency,tabs to spaces,0,0.5273,0,0.5273,False,False,False,480,480,0,0.0,True
WorkflowHttpHandlerTest.testWorkflowForkFailure,1,concurrency,strip indent,0,0.5273,0,0.591,False,False,False,480,433,-47,0.0638,True
WorkflowHttpHandlerTest.testWorkflowForkFailure,1,concurrency,add blank lines,0,0.5273,0,0.4809,False,False,False,480,482,2,-0.0463,True
WorkflowHttpHandlerTest.testWorkflowForkFailure,1,concurrency,remove blank lines,0,0.5273,0,0.5273,False,False,False,480,480,0,0.0,True
WorkflowHttpHandlerTest.testWorkflowForkFailure,1,concurrency,trailing newline,0,0.5273,0,0.5458,False,False,False,480,481,1,0.0185,True
WorkflowHttpHandlerTest.testWorkflowForkFailure,1,concurrency,trailing spaces,0,0.5273,5,0.6175,True,False,False,480,499,19,0.0903,True
WorkflowHttpHandlerTest.testWorkflowForkFailure,1,concurrency,CRLF endings,0,0.5273,0,0.652,False,False,False,480,498,18,0.1248,True
extraSweepersGiveUpAfterFailingToAcquireEnoughTimes,1,concurrency,indent +2,1,0.3974,5,0.9472,True,True,False,399,437,38,0.5498,True
extraSweepersGiveUpAfterFailingToAcquireEnoughTimes,1,concurrency,indent +4,1,0.3974,5,0.9496,True,True,False,399,477,78,0.5521,True
extraSweepersGiveUpAfterFailingToAcquireEnoughTimes,1,concurrency,indent +8,1,0.3974,5,0.9452,True,True,False,399,512,113,0.5477,True
extraSweepersGiveUpAfterFailingToAcquireEnoughTimes,1,concurrency,spaces to tabs,1,0.3974,5,0.9434,True,True,False,399,366,-33,0.546,True
extraSweepersGiveUpAfterFailingToAcquireEnoughTimes,1,concurrency,tabs to spaces,1,0.3974,1,0.3974,False,True,True,399,399,0,0.0,True
extraSweepersGiveUpAfterFailingToAcquireEnoughTimes,1,concurrency,strip indent,1,0.3974,0,0.4388,True,True,False,399,348,-51,0.0414,True
extraSweepersGiveUpAfterFailingToAcquireEnoughTimes,1,concurrency,add blank lines,1,0.3974,1,0.4015,False,True,True,399,401,2,0.0041,True
extraSweepersGiveUpAfterFailingToAcquireEnoughTimes,1,concurrency,remove blank lines,1,0.3974,1,0.3974,False,True,True,399,399,0,0.0,True
extraSweepersGiveUpAfterFailingToAcquireEnoughTimes,1,concurrency,trailing newline,1,0.3974,1,0.3778,False,True,True,399,400,1,-0.0196,True
extraSweepersGiveUpAfterFailingToAcquireEnoughTimes,1,concurrency,trailing spaces,1,0.3974,5,0.4733,True,True,False,399,420,21,0.0759,True
extraSweepersGiveUpAfterFailingToAcquireEnoughTimes,1,concurrency,CRLF endings,1,0.3974,0,0.4349,True,True,False,399,419,20,0.0374,True
TopicReaderTest.testMultiReaderIsAbleToSeekWithTimeOnMiddleOfTopic,2,time,indent +2,2,0.6331,5,0.9082,True,True,False,377,419,42,0.2751,True
TopicReaderTest.testMultiReaderIsAbleToSeekWithTimeOnMiddleOfTopic,2,time,indent +4,2,0.6331,5,0.9286,True,True,False,377,463,86,0.2955,True
TopicReaderTest.testMultiReaderIsAbleToSeekWithTimeOnMiddleOfTopic,2,time,indent +8,2,0.6331,5,0.8887,True,True,False,377,512,135,0.2556,True
TopicReaderTest.testMultiReaderIsAbleToSeekWithTimeOnMiddleOfTopic,2,time,spaces to tabs,2,0.6331,5,0.9399,True,True,False,377,328,-49,0.3068,True
TopicReaderTest.testMultiReaderIsAbleToSeekWithTimeOnMiddleOfTopic,2,time,tabs to spaces,2,0.6331,2,0.6331,False,True,True,377,377,0,0.0,True
TopicReaderTest.testMultiReaderIsAbleToSeekWithTimeOnMiddleOfTopic,2,time,strip indent,2,0.6331,2,0.6319,False,True,True,377,304,-73,-0.0012,True
TopicReaderTest.testMultiReaderIsAbleToSeekWithTimeOnMiddleOfTopic,2,time,add blank lines,2,0.6331,2,0.6263,False,True,True,377,379,2,-0.0068,True
TopicReaderTest.testMultiReaderIsAbleToSeekWithTimeOnMiddleOfTopic,2,time,remove blank lines,2,0.6331,2,0.6331,False,True,True,377,377,0,0.0,True
TopicReaderTest.testMultiReaderIsAbleToSeekWithTimeOnMiddleOfTopic,2,time,trailing newline,2,0.6331,2,0.6075,False,True,True,377,378,1,-0.0256,True
TopicReaderTest.testMultiReaderIsAbleToSeekWithTimeOnMiddleOfTopic,2,time,trailing spaces,2,0.6331,0,0.4257,True,True,False,377,400,23,-0.2074,True
TopicReaderTest.testMultiReaderIsAbleToSeekWithTimeOnMiddleOfTopic,2,time,CRLF endings,2,0.6331,2,0.5625,False,True,True,377,399,22,-0.0706,True
TestExchangeClient.testAddLocation,0,async wait,indent +2,0,0.9112,5,0.9382,True,True,False,512,512,0,0.027,True
TestExchangeClient.testAddLocation,0,async wait,indent +4,0,0.9112,5,0.9455,True,True,False,512,512,0,0.0343,True
TestExchangeClient.testAddLocation,0,async wait,indent +8,0,0.9112,5,0.9436,True,True,False,512,512,0,0.0324,True
TestExchangeClient.testAddLocation,0,async wait,spaces to tabs,0,0.9112,5,0.9391,True,True,False,512,512,0,0.0278,True
TestExchangeClient.testAddLocation,0,async wait,tabs to spaces,0,0.9112,0,0.9112,False,True,True,512,512,0,0.0,True
TestExchangeClient.testAddLocation,0,async wait,strip indent,0,0.9112,0,0.9096,False,True,True,512,512,0,-0.0016,True
TestExchangeClient.testAddLocation,0,async wait,add blank lines,0,0.9112,0,0.898,False,True,True,512,512,0,-0.0132,True
TestExchangeClient.testAddLocation,0,async wait,remove blank lines,0,0.9112,0,0.9112,False,True,True,512,512,0,0.0,True
TestExchangeClient.testAddLocation,0,async wait,trailing newline,0,0.9112,0,0.9112,False,True,True,512,512,0,0.0,True
TestExchangeClient.testAddLocation,0,async wait,trailing spaces,0,0.9112,0,0.8917,False,True,True,512,512,0,-0.0195,True
TestExchangeClient.testAddLocation,0,async wait,CRLF endings,0,0.9112,0,0.916,False,True,True,512,512,0,0.0048,True
TestDelegationToken.testDelegationTokenSecretManager,1,concurrency,indent +2,0,0.9117,5,0.9243,True,False,False,442,498,56,0.0125,True
TestDelegationToken.testDelegationTokenSecretManager,1,concurrency,indent +4,0,0.9117,5,0.9428,True,False,False,442,512,70,0.0311,True
TestDelegationToken.testDelegationTokenSecretManager,1,concurrency,indent +8,0,0.9117,5,0.9344,True,False,False,442,512,70,0.0227,True
TestDelegationToken.testDelegationTokenSecretManager,1,concurrency,spaces to tabs,0,0.9117,5,0.945,True,False,False,442,366,-76,0.0333,True
TestDelegationToken.testDelegationTokenSecretManager,1,concurrency,tabs to spaces,0,0.9117,0,0.9117,False,False,False,442,442,0,0.0,True
TestDelegationToken.testDelegationTokenSecretManager,1,concurrency,strip indent,0,0.9117,0,0.7863,False,False,False,442,333,-109,-0.1254,True
TestDelegationToken.testDelegationTokenSecretManager,1,concurrency,add blank lines,0,0.9117,0,0.9147,False,False,False,442,444,2,0.003,True
TestDelegationToken.testDelegationTokenSecretManager,1,concurrency,remove blank lines,0,0.9117,0,0.9117,False,False,False,442,442,0,0.0,True
TestDelegationToken.testDelegationTokenSecretManager,1,concurrency,trailing newline,0,0.9117,0,0.9116,False,False,False,442,443,1,-0.0001,True
TestDelegationToken.testDelegationTokenSecretManager,1,concurrency,trailing spaces,0,0.9117,0,0.857,False,False,False,442,472,30,-0.0547,True
TestDelegationToken.testDelegationTokenSecretManager,1,concurrency,CRLF endings,0,0.9117,0,0.9166,False,False,False,442,471,29,0.0049,True
TestDFSIO.testReadSkip,4,test order dependency,indent +2,2,0.7859,5,0.9289,True,False,False,126,140,14,0.1429,True
TestDFSIO.testReadSkip,4,test order dependency,indent +4,2,0.7859,5,0.9407,True,False,False,126,156,30,0.1547,True
TestDFSIO.testReadSkip,4,test order dependency,indent +8,2,0.7859,5,0.888,True,False,False,126,188,62,0.1021,True
TestDFSIO.testReadSkip,4,test order dependency,spaces to tabs,2,0.7859,5,0.9069,True,False,False,126,114,-12,0.121,True
TestDFSIO.testReadSkip,4,test order dependency,tabs to spaces,2,0.7859,2,0.7859,False,False,False,126,126,0,0.0,True
TestDFSIO.testReadSkip,4,test order dependency,strip indent,2,0.7859,2,0.7786,False,False,False,126,108,-18,-0.0074,True
TestDFSIO.testReadSkip,4,test order dependency,add blank lines,2,0.7859,2,0.7852,False,False,False,126,128,2,-0.0007,True
TestDFSIO.testReadSkip,4,test order dependency,remove blank lines,2,0.7859,2,0.7859,False,False,False,126,126,0,0.0,True
TestDFSIO.testReadSkip,4,test order dependency,trailing newline,2,0.7859,2,0.7848,False,False,False,126,127,1,-0.0011,True
TestDFSIO.testReadSkip,4,test order dependency,trailing spaces,2,0.7859,2,0.7545,False,False,False,126,135,9,-0.0314,True
TestDFSIO.testReadSkip,4,test order dependency,CRLF endings,2,0.7859,2,0.7837,False,False,False,126,134,8,-0.0023,True
ZKSessionTest.testReacquireLocksAfterSessionLost,0,async wait,indent +2,0,0.8031,5,0.9388,True,True,False,430,478,48,0.1357,True
ZKSessionTest.testReacquireLocksAfterSessionLost,0,async wait,indent +4,0,0.8031,5,0.9439,True,True,False,430,512,82,0.1408,True
ZKSessionTest.testReacquireLocksAfterSessionLost,0,async wait,indent +8,0,0.8031,5,0.9404,True,True,False,430,512,82,0.1373,True
ZKSessionTest.testReacquireLocksAfterSessionLost,0,async wait,spaces to tabs,0,0.8031,5,0.941,True,True,False,430,382,-48,0.138,True
ZKSessionTest.testReacquireLocksAfterSessionLost,0,async wait,tabs to spaces,0,0.8031,0,0.8031,False,True,True,430,430,0,0.0,True
ZKSessionTest.testReacquireLocksAfterSessionLost,0,async wait,strip indent,0,0.8031,0,0.906,False,True,True,430,358,-72,0.1029,True
ZKSessionTest.testReacquireLocksAfterSessionLost,0,async wait,add blank lines,0,0.8031,5,0.8644,True,True,False,430,432,2,0.0614,True
ZKSessionTest.testReacquireLocksAfterSessionLost,0,async wait,remove blank lines,0,0.8031,0,0.8031,False,True,True,430,430,0,0.0,True
ZKSessionTest.testReacquireLocksAfterSessionLost,0,async wait,trailing newline,0,0.8031,0,0.8002,False,True,True,430,431,1,-0.0029,True
ZKSessionTest.testReacquireLocksAfterSessionLost,0,async wait,trailing spaces,0,0.8031,0,0.4425,False,True,True,430,456,26,-0.3606,True
ZKSessionTest.testReacquireLocksAfterSessionLost,0,async wait,CRLF endings,0,0.8031,0,0.832,False,True,True,430,455,25,0.0289,True
ResponseContextTest.serializeWithTruncateArrayTest,3,unordered collections,indent +2,3,0.652,5,0.9496,True,True,False,399,427,28,0.2975,True
ResponseContextTest.serializeWithTruncateArrayTest,3,unordered collections,indent +4,3,0.652,5,0.9505,True,True,False,399,457,58,0.2985,True
ResponseContextTest.serializeWithTruncateArrayTest,3,unordered collections,indent +8,3,0.652,5,0.9465,True,True,False,399,512,113,0.2945,True
ResponseContextTest.serializeWithTruncateArrayTest,3,unordered collections,spaces to tabs,3,0.652,5,0.9486,True,True,False,399,369,-30,0.2966,True
ResponseContextTest.serializeWithTruncateArrayTest,3,unordered collections,tabs to spaces,3,0.652,3,0.652,False,True,True,399,399,0,0.0,True
ResponseContextTest.serializeWithTruncateArrayTest,3,unordered collections,strip indent,3,0.652,3,0.467,False,True,True,399,356,-43,-0.185,True
ResponseContextTest.serializeWithTruncateArrayTest,3,unordered collections,add blank lines,3,0.652,3,0.6164,False,True,True,399,401,2,-0.0356,True
ResponseContextTest.serializeWithTruncateArrayTest,3,unordered collections,remove blank lines,3,0.652,3,0.652,False,True,True,399,399,0,0.0,True
ResponseContextTest.serializeWithTruncateArrayTest,3,unordered collections,trailing newline,3,0.652,3,0.5138,False,True,True,399,400,1,-0.1382,True
ResponseContextTest.serializeWithTruncateArrayTest,3,unordered collections,trailing spaces,3,0.652,5,0.7819,True,True,False,399,415,16,0.1299,True
ResponseContextTest.serializeWithTruncateArrayTest,3,unordered collections,CRLF endings,3,0.652,3,0.4294,False,True,True,399,414,15,-0.2226,True
shouldTogglePrepareForBulkLoadDuringRestoreCalls,1,concurrency,indent +2,1,0.4879,5,0.9395,True,True,False,385,425,40,0.4515,True
shouldTogglePrepareForBulkLoadDuringRestoreCalls,1,concurrency,indent +4,1,0.4879,5,0.9439,True,True,False,385,467,82,0.456,True
shouldTogglePrepareForBulkLoadDuringRestoreCalls,1,concurrency,indent +8,1,0.4879,5,0.9386,True,True,False,385,512,127,0.4506,True
shouldTogglePrepareForBulkLoadDuringRestoreCalls,1,concurrency,spaces to tabs,1,0.4879,5,0.9451,True,True,False,385,329,-56,0.4571,True
shouldTogglePrepareForBulkLoadDuringRestoreCalls,1,concurrency,tabs to spaces,1,0.4879,1,0.4879,False,True,True,385,385,0,0.0,True
shouldTogglePrepareForBulkLoadDuringRestoreCalls,1,concurrency,strip indent,1,0.4879,1,0.41,False,True,True,385,303,-82,-0.0779,True
shouldTogglePrepareForBulkLoadDuringRestoreCalls,1,concurrency,add blank lines,1,0.4879,0,0.4067,True,True,False,385,387,2,-0.0813,True
shouldTogglePrepareForBulkLoadDuringRestoreCalls,1,concurrency,remove blank lines,1,0.4879,1,0.4879,False,True,True,385,385,0,0.0,True
shouldTogglePrepareForBulkLoadDuringRestoreCalls,1,concurrency,trailing newline,1,0.4879,1,0.4652,False,True,True,385,386,1,-0.0227,True
shouldTogglePrepareForBulkLoadDuringRestoreCalls,1,concurrency,trailing spaces,1,0.4879,0,0.5225,True,True,False,385,407,22,0.0346,True
shouldTogglePrepareForBulkLoadDuringRestoreCalls,1,concurrency,CRLF endings,1,0.4879,0,0.4606,True,True,False,385,406,21,-0.0273,True
BacklogQuotaManagerTest.testConsumerBacklogEvictionTimeQuotaWithEmptyLedger,0,async wait,indent +2,0,0.8077,5,0.9149,True,True,False,512,512,0,0.1072,True
BacklogQuotaManagerTest.testConsumerBacklogEvictionTimeQuotaWithEmptyLedger,0,async wait,indent +4,0,0.8077,5,0.9319,True,True,False,512,512,0,0.1242,True
BacklogQuotaManagerTest.testConsumerBacklogEvictionTimeQuotaWithEmptyLedger,0,async wait,indent +8,0,0.8077,5,0.9378,True,True,False,512,512,0,0.13,True
BacklogQuotaManagerTest.testConsumerBacklogEvictionTimeQuotaWithEmptyLedger,0,async wait,spaces to tabs,0,0.8077,5,0.938,True,True,False,512,512,0,0.1303,True
BacklogQuotaManagerTest.testConsumerBacklogEvictionTimeQuotaWithEmptyLedger,0,async wait,tabs to spaces,0,0.8077,0,0.8077,False,True,True,512,512,0,0.0,True
BacklogQuotaManagerTest.testConsumerBacklogEvictionTimeQuotaWithEmptyLedger,0,async wait,strip indent,0,0.8077,0,0.865,False,True,True,512,512,0,0.0573,True
BacklogQuotaManagerTest.testConsumerBacklogEvictionTimeQuotaWithEmptyLedger,0,async wait,add blank lines,0,0.8077,0,0.8268,False,True,True,512,512,0,0.0191,True
BacklogQuotaManagerTest.testConsumerBacklogEvictionTimeQuotaWithEmptyLedger,0,async wait,remove blank lines,0,0.8077,0,0.8077,False,True,True,512,512,0,0.0,True
BacklogQuotaManagerTest.testConsumerBacklogEvictionTimeQuotaWithEmptyLedger,0,async wait,trailing newline,0,0.8077,0,0.8077,False,True,True,512,512,0,0.0,True
BacklogQuotaManagerTest.testConsumerBacklogEvictionTimeQuotaWithEmptyLedger,0,async wait,trailing spaces,0,0.8077,0,0.8136,False,True,True,512,512,0,0.0059,True
BacklogQuotaManagerTest.testConsumerBacklogEvictionTimeQuotaWithEmptyLedger,0,async wait,CRLF endings,0,0.8077,0,0.8022,False,True,True,512,512,0,-0.0055,True
InactiveTopicDeleteTest.testTopicLevelInActiveTopicApi,0,async wait,indent +2,0,0.9216,5,0.9305,True,True,False,512,512,0,0.0088,True
InactiveTopicDeleteTest.testTopicLevelInActiveTopicApi,0,async wait,indent +4,0,0.9216,5,0.9426,True,True,False,512,512,0,0.021,True
InactiveTopicDeleteTest.testTopicLevelInActiveTopicApi,0,async wait,indent +8,0,0.9216,5,0.9304,True,True,False,512,512,0,0.0088,True
InactiveTopicDeleteTest.testTopicLevelInActiveTopicApi,0,async wait,spaces to tabs,0,0.9216,5,0.9394,True,True,False,512,456,-56,0.0178,True
InactiveTopicDeleteTest.testTopicLevelInActiveTopicApi,0,async wait,tabs to spaces,0,0.9216,0,0.9216,False,True,True,512,512,0,0.0,True
InactiveTopicDeleteTest.testTopicLevelInActiveTopicApi,0,async wait,strip indent,0,0.9216,0,0.9212,False,True,True,512,416,-96,-0.0005,True
InactiveTopicDeleteTest.testTopicLevelInActiveTopicApi,0,async wait,add blank lines,0,0.9216,0,0.9198,False,True,True,512,512,0,-0.0018,True
InactiveTopicDeleteTest.testTopicLevelInActiveTopicApi,0,async wait,remove blank lines,0,0.9216,0,0.9216,False,True,True,512,512,0,0.0,True
InactiveTopicDeleteTest.testTopicLevelInActiveTopicApi,0,async wait,trailing newline,0,0.9216,0,0.9216,False,True,True,512,512,0,0.0,True
InactiveTopicDeleteTest.testTopicLevelInActiveTopicApi,0,async wait,trailing spaces,0,0.9216,0,0.8756,False,True,True,512,512,0,-0.046,True
InactiveTopicDeleteTest.testTopicLevelInActiveTopicApi,0,async wait,CRLF endings,0,0.9216,0,0.922,False,True,True,512,512,0,0.0004,True
TestDFSIO.testReadBackward,4,test order dependency,indent +2,2,0.7809,5,0.9269,True,False,False,134,148,14,0.146,True
TestDFSIO.testReadBackward,4,test order dependency,indent +4,2,0.7809,5,0.9373,True,False,False,134,164,30,0.1564,True
TestDFSIO.testReadBackward,4,test order dependency,indent +8,2,0.7809,5,0.8547,True,False,False,134,196,62,0.0737,True
TestDFSIO.testReadBackward,4,test order dependency,spaces to tabs,2,0.7809,5,0.9049,True,False,False,134,122,-12,0.124,True
TestDFSIO.testReadBackward,4,test order dependency,tabs to spaces,2,0.7809,2,0.7809,False,False,False,134,134,0,0.0,True
TestDFSIO.testReadBackward,4,test order dependency,strip indent,2,0.7809,2,0.7714,False,False,False,134,116,-18,-0.0095,True
TestDFSIO.testReadBackward,4,test order dependency,add blank lines,2,0.7809,2,0.7781,False,False,False,134,136,2,-0.0028,True
TestDFSIO.testReadBackward,4,test order dependency,remove blank lines,2,0.7809,2,0.7809,False,False,False,134,134,0,0.0,True
TestDFSIO.testReadBackward,4,test order dependency,trailing newline,2,0.7809,2,0.7402,False,False,False,134,135,1,-0.0407,True
TestDFSIO.testReadBackward,4,test order dependency,trailing spaces,2,0.7809,2,0.7484,False,False,False,134,143,9,-0.0326,True
TestDFSIO.testReadBackward,4,test order dependency,CRLF endings,2,0.7809,2,0.7726,False,False,False,134,142,8,-0.0083,True
TestDFSIO.testReadRandom,4,test order dependency,indent +2,2,0.785,5,0.924,True,False,False,127,141,14,0.1389,True
TestDFSIO.testReadRandom,4,test order dependency,indent +4,2,0.785,5,0.938,True,False,False,127,157,30,0.153,True
TestDFSIO.testReadRandom,4,test order dependency,indent +8,2,0.785,5,0.8717,True,False,False,127,189,62,0.0866,True
TestDFSIO.testReadRandom,4,test order dependency,spaces to tabs,2,0.785,5,0.9002,True,False,False,127,115,-12,0.1151,True
TestDFSIO.testReadRandom,4,test order dependency,tabs to spaces,2,0.785,2,0.785,False,False,False,127,127,0,0.0,True
TestDFSIO.testReadRandom,4,test order dependency,strip indent,2,0.785,2,0.7769,False,False,False,127,109,-18,-0.0082,True
TestDFSIO.testReadRandom,4,test order dependency,add blank lines,2,0.785,2,0.7847,False,False,False,127,129,2,-0.0004,True
TestDFSIO.testReadRandom,4,test order dependency,remove blank lines,2,0.785,2,0.785,False,False,False,127,127,0,0.0,True
TestDFSIO.testReadRandom,4,test order dependency,trailing newline,2,0.785,2,0.7797,False,False,False,127,128,1,-0.0053,True
TestDFSIO.testReadRandom,4,test order dependency,trailing spaces,2,0.785,2,0.7546,False,False,False,127,136,9,-0.0305,True
TestDFSIO.testReadRandom,4,test order dependency,CRLF endings,2,0.785,2,0.7852,False,False,False,127,135,8,0.0001,True
5637994be37747e82b2d6d5b34555e2bee791fe6.testWithRevisions,4,test order dependency,indent +2,3,0.8416,5,0.9488,True,False,False,269,299,30,0.1072,True
5637994be37747e82b2d6d5b34555e2bee791fe6.testWithRevisions,4,test order dependency,indent +4,3,0.8416,5,0.9501,True,False,False,269,331,62,0.1085,True
5637994be37747e82b2d6d5b34555e2bee791fe6.testWithRevisions,4,test order dependency,indent +8,3,0.8416,5,0.9467,True,False,False,269,395,126,0.1051,True
5637994be37747e82b2d6d5b34555e2bee791fe6.testWithRevisions,4,test order dependency,spaces to tabs,3,0.8416,5,0.9481,True,False,False,269,240,-29,0.1065,True
5637994be37747e82b2d6d5b34555e2bee791fe6.testWithRevisions,4,test order dependency,tabs to spaces,3,0.8416,3,0.8416,False,False,False,269,269,0,0.0,True
5637994be37747e82b2d6d5b34555e2bee791fe6.testWithRevisions,4,test order dependency,strip indent,3,0.8416,3,0.8283,False,False,False,269,226,-43,-0.0133,True
5637994be37747e82b2d6d5b34555e2bee791fe6.testWithRevisions,4,test order dependency,add blank lines,3,0.8416,3,0.8411,False,False,False,269,271,2,-0.0006,True
5637994be37747e82b2d6d5b34555e2bee791fe6.testWithRevisions,4,test order dependency,remove blank lines,3,0.8416,3,0.8416,False,False,False,269,269,0,0.0,True
5637994be37747e82b2d6d5b34555e2bee791fe6.testWithRevisions,4,test order dependency,trailing newline,3,0.8416,3,0.8396,False,False,False,269,270,1,-0.002,True
5637994be37747e82b2d6d5b34555e2bee791fe6.testWithRevisions,4,test order dependency,trailing spaces,3,0.8416,5,0.6789,True,False,False,269,286,17,-0.1627,True
5637994be37747e82b2d6d5b34555e2bee791fe6.testWithRevisions,4,test order dependency,CRLF endings,3,0.8416,3,0.8345,False,False,False,269,285,16,-0.0071,True
CollectorContextTest.testCollectorContextWithKeyword,3,unordered collections,indent +2,3,0.8648,5,0.9511,True,True,False,222,238,16,0.0863,True
CollectorContextTest.testCollectorContextWithKeyword,3,unordered collections,indent +4,3,0.8648,5,0.9528,True,True,False,222,256,34,0.088,True
CollectorContextTest.testCollectorContextWithKeyword,3,unordered collections,indent +8,3,0.8648,5,0.9507,True,True,False,222,292,70,0.0859,True
CollectorContextTest.testCollectorContextWithKeyword,3,unordered collections,spaces to tabs,3,0.8648,5,0.9475,True,True,False,222,208,-14,0.0827,True
CollectorContextTest.testCollectorContextWithKeyword,3,unordered collections,tabs to spaces,3,0.8648,3,0.8648,False,True,True,222,222,0,0.0,True
CollectorContextTest.testCollectorContextWithKeyword,3,unordered collections,strip indent,3,0.8648,3,0.86,False,True,True,222,201,-21,-0.0048,True
CollectorContextTest.testCollectorContextWithKeyword,3,unordered collections,add blank lines,3,0.8648,3,0.8637,False,True,True,222,224,2,-0.0011,True
CollectorContextTest.testCollectorContextWithKeyword,3,unordered collections,remove blank lines,3,0.8648,3,0.8648,False,True,True,222,222,0,0.0,True
CollectorContextTest.testCollectorContextWithKeyword,3,unordered collections,trailing newline,3,0.8648,3,0.8638,False,True,True,222,223,1,-0.0009,True
CollectorContextTest.testCollectorContextWithKeyword,3,unordered collections,trailing spaces,3,0.8648,5,0.7802,True,True,False,222,232,10,-0.0846,True
CollectorContextTest.testCollectorContextWithKeyword,3,unordered collections,CRLF endings,3,0.8648,3,0.8643,False,True,True,222,231,9,-0.0005,True
TestPeerCache.testEviction,4,test order dependency,indent +2,0,0.9089,5,0.9188,True,False,False,465,512,47,0.0098,True
TestPeerCache.testEviction,4,test order dependency,indent +4,0,0.9089,5,0.9387,True,False,False,465,512,47,0.0297,True
TestPeerCache.testEviction,4,test order dependency,indent +8,0,0.9089,5,0.9323,True,False,False,465,512,47,0.0233,True
TestPeerCache.testEviction,4,test order dependency,spaces to tabs,0,0.9089,5,0.9442,True,False,False,465,390,-75,0.0353,True
TestPeerCache.testEviction,4,test order dependency,tabs to spaces,0,0.9089,0,0.9089,False,False,False,465,465,0,0.0,True
TestPeerCache.testEviction,4,test order dependency,strip indent,0,0.9089,0,0.7715,False,False,False,465,356,-109,-0.1374,True
TestPeerCache.testEviction,4,test order dependency,add blank lines,0,0.9089,0,0.905,False,False,False,465,467,2,-0.0039,True
TestPeerCache.testEviction,4,test order dependency,remove blank lines,0,0.9089,0,0.9089,False,False,False,465,465,0,0.0,True
TestPeerCache.testEviction,4,test order dependency,trailing newline,0,0.9089,0,0.9092,False,False,False,465,466,1,0.0002,True
TestPeerCache.testEviction,4,test order dependency,trailing spaces,0,0.9089,0,0.7362,False,False,False,465,493,28,-0.1728,True
TestPeerCache.testEviction,4,test order dependency,CRLF endings,0,0.9089,0,0.9059,False,False,False,465,492,27,-0.0031,True
PreviewDataPipelineTest.testLogicalTypePreviewRun,2,time,indent +2,0,0.6841,5,0.945,True,False,False,512,512,0,0.2608,True
PreviewDataPipelineTest.testLogicalTypePreviewRun,2,time,indent +4,0,0.6841,5,0.9478,True,False,False,512,512,0,0.2636,True
PreviewDataPipelineTest.testLogicalTypePreviewRun,2,time,indent +8,0,0.6841,5,0.9425,True,False,False,512,512,0,0.2584,True
PreviewDataPipelineTest.testLogicalTypePreviewRun,2,time,spaces to tabs,0,0.6841,5,0.9475,True,False,False,512,512,0,0.2634,True
PreviewDataPipelineTest.testLogicalTypePreviewRun,2,time,tabs to spaces,0,0.6841,0,0.6841,False,False,False,512,512,0,0.0,True
PreviewDataPipelineTest.testLogicalTypePreviewRun,2,time,strip indent,0,0.6841,0,0.4988,False,False,False,512,512,0,-0.1853,True
PreviewDataPipelineTest.testLogicalTypePreviewRun,2,time,add blank lines,0,0.6841,0,0.6938,False,False,False,512,512,0,0.0096,True
PreviewDataPipelineTest.testLogicalTypePreviewRun,2,time,remove blank lines,0,0.6841,0,0.6841,False,False,False,512,512,0,0.0,True
PreviewDataPipelineTest.testLogicalTypePreviewRun,2,time,trailing newline,0,0.6841,0,0.6841,False,False,False,512,512,0,0.0,True
PreviewDataPipelineTest.testLogicalTypePreviewRun,2,time,trailing spaces,0,0.6841,5,0.4987,True,False,False,512,512,0,-0.1855,True
PreviewDataPipelineTest.testLogicalTypePreviewRun,2,time,CRLF endings,0,0.6841,0,0.6689,False,False,False,512,512,0,-0.0152,True
TestHftpFileSystem.testHftpDefaultPorts,4,test order dependency,indent +2,0,0.5578,5,0.9498,True,False,False,203,221,18,0.392,True
TestHftpFileSystem.testHftpDefaultPorts,4,test order dependency,indent +4,0,0.5578,5,0.951,True,False,False,203,241,38,0.3932,True
TestHftpFileSystem.testHftpDefaultPorts,4,test order dependency,indent +8,0,0.5578,5,0.9476,True,False,False,203,281,78,0.3898,True
TestHftpFileSystem.testHftpDefaultPorts,4,test order dependency,spaces to tabs,0,0.5578,5,0.9473,True,False,False,203,187,-16,0.3895,True
TestHftpFileSystem.testHftpDefaultPorts,4,test order dependency,tabs to spaces,0,0.5578,0,0.5578,False,False,False,203,203,0,0.0,True
TestHftpFileSystem.testHftpDefaultPorts,4,test order dependency,strip indent,0,0.5578,4,0.6289,True,False,True,203,179,-24,0.0711,True
TestHftpFileSystem.testHftpDefaultPorts,4,test order dependency,add blank lines,0,0.5578,0,0.5106,False,False,False,203,205,2,-0.0472,True
TestHftpFileSystem.testHftpDefaultPorts,4,test order dependency,remove blank lines,0,0.5578,0,0.5578,False,False,False,203,203,0,0.0,True
TestHftpFileSystem.testHftpDefaultPorts,4,test order dependency,trailing newline,0,0.5578,4,0.7951,True,False,True,203,204,1,0.2373,True
TestHftpFileSystem.testHftpDefaultPorts,4,test order dependency,trailing spaces,0,0.5578,0,0.417,False,False,False,203,214,11,-0.1408,True
TestHftpFileSystem.testHftpDefaultPorts,4,test order dependency,CRLF endings,0,0.5578,0,0.6833,False,False,False,203,213,10,0.1255,True
testFlowNoConflictsWithClients,1,concurrency,indent +2,0,0.9244,5,0.9104,True,False,False,331,377,46,-0.014,True
testFlowNoConflictsWithClients,1,concurrency,indent +4,0,0.9244,5,0.9311,True,False,False,331,425,94,0.0067,True
testFlowNoConflictsWithClients,1,concurrency,indent +8,0,0.9244,5,0.8813,True,False,False,331,512,181,-0.0431,True
testFlowNoConflictsWithClients,1,concurrency,spaces to tabs,0,0.9244,5,0.9247,True,False,False,331,291,-40,0.0002,True
testFlowNoConflictsWithClients,1,concurrency,tabs to spaces,0,0.9244,0,0.9244,False,False,False,331,331,0,0.0,True
testFlowNoConflictsWithClients,1,concurrency,strip indent,0,0.9244,0,0.9153,False,False,False,331,269,-62,-0.0091,True
testFlowNoConflictsWithClients,1,concurrency,add blank lines,0,0.9244,0,0.9236,False,False,False,331,333,2,-0.0008,True
testFlowNoConflictsWithClients,1,concurrency,remove blank lines,0,0.9244,0,0.9244,False,False,False,331,331,0,0.0,True
testFlowNoConflictsWithClients,1,concurrency,trailing newline,0,0.9244,0,0.9196,False,False,False,331,332,1,-0.0048,True
testFlowNoConflictsWithClients,1,concurrency,trailing spaces,0,0.9244,0,0.9191,False,False,False,331,356,25,-0.0053,True
testFlowNoConflictsWithClients,1,concurrency,CRLF endings,0,0.9244,0,0.9252,False,False,False,331,355,24,0.0008,True
incrementUpperLimitIfOneMinuteElapsedSinceLastUpdate,0,async wait,indent +2,2,0.7948,5,0.9159,True,False,False,221,241,20,0.1212,True
incrementUpperLimitIfOneMinuteElapsedSinceLastUpdate,0,async wait,indent +4,2,0.7948,5,0.9346,True,False,False,221,263,42,0.1398,True
incrementUpperLimitIfOneMinuteElapsedSinceLastUpdate,0,async wait,indent +8,2,0.7948,5,0.8545,True,False,False,221,307,86,0.0597,True
incrementUpperLimitIfOneMinuteElapsedSinceLastUpdate,0,async wait,spaces to tabs,2,0.7948,5,0.9245,True,False,False,221,206,-15,0.1297,True
incrementUpperLimitIfOneMinuteElapsedSinceLastUpdate,0,async wait,tabs to spaces,2,0.7948,2,0.7948,False,False,False,221,221,0,0.0,True
incrementUpperLimitIfOneMinuteElapsedSinceLastUpdate,0,async wait,strip indent,2,0.7948,2,0.7931,False,False,False,221,197,-24,-0.0016,True
incrementUpperLimitIfOneMinuteElapsedSinceLastUpdate,0,async wait,add blank lines,2,0.7948,2,0.7941,False,False,False,221,223,2,-0.0006,True
incrementUpperLimitIfOneMinuteElapsedSinceLastUpdate,0,async wait,remove blank lines,2,0.7948,2,0.7948,False,False,False,221,221,0,0.0,True
incrementUpperLimitIfOneMinuteElapsedSinceLastUpdate,0,async wait,trailing newline,2,0.7948,2,0.7948,False,False,False,221,222,1,-0.0,True
incrementUpperLimitIfOneMinuteElapsedSinceLastUpdate,0,async wait,trailing spaces,2,0.7948,2,0.7818,False,False,False,221,233,12,-0.0129,True
incrementUpperLimitIfOneMinuteElapsedSinceLastUpdate,0,async wait,CRLF endings,2,0.7948,2,0.7941,False,False,False,221,232,11,-0.0007,True
TestContainerAllocatorWithHostAffinity.testExpiredRequestAllocationOnAnyHost,0,async wait,indent +2,0,0.9142,5,0.9372,True,True,False,512,512,0,0.023,True
TestContainerAllocatorWithHostAffinity.testExpiredRequestAllocationOnAnyHost,0,async wait,indent +4,0,0.9142,5,0.9444,True,True,False,512,512,0,0.0303,True
TestContainerAllocatorWithHostAffinity.testExpiredRequestAllocationOnAnyHost,0,async wait,indent +8,0,0.9142,5,0.9397,True,True,False,512,512,0,0.0255,True
TestContainerAllocatorWithHostAffinity.testExpiredRequestAllocationOnAnyHost,0,async wait,spaces to tabs,0,0.9142,5,0.9373,True,True,False,512,512,0,0.0231,True
TestContainerAllocatorWithHostAffinity.testExpiredRequestAllocationOnAnyHost,0,async wait,tabs to spaces,0,0.9142,0,0.9142,False,True,True,512,512,0,0.0,True
TestContainerAllocatorWithHostAffinity.testExpiredRequestAllocationOnAnyHost,0,async wait,strip indent,0,0.9142,0,0.9107,False,True,True,512,495,-17,-0.0034,True
TestContainerAllocatorWithHostAffinity.testExpiredRequestAllocationOnAnyHost,0,async wait,add blank lines,0,0.9142,0,0.9161,False,True,True,512,512,0,0.0019,True
TestContainerAllocatorWithHostAffinity.testExpiredRequestAllocationOnAnyHost,0,async wait,remove blank lines,0,0.9142,0,0.9142,False,True,True,512,512,0,0.0,True
TestContainerAllocatorWithHostAffinity.testExpiredRequestAllocationOnAnyHost,0,async wait,trailing newline,0,0.9142,0,0.9142,False,True,True,512,512,0,0.0,True
TestContainerAllocatorWithHostAffinity.testExpiredRequestAllocationOnAnyHost,0,async wait,trailing spaces,0,0.9142,0,0.8507,False,True,True,512,512,0,-0.0635,True
TestContainerAllocatorWithHostAffinity.testExpiredRequestAllocationOnAnyHost,0,async wait,CRLF endings,0,0.9142,0,0.9214,False,True,True,512,512,0,0.0073,True
testTokenExpiry,2,time,indent +2,0,0.8026,5,0.9231,True,False,False,512,512,0,0.1205,True
testTokenExpiry,2,time,indent +4,0,0.8026,5,0.9428,True,False,False,512,512,0,0.1402,True
testTokenExpiry,2,time,indent +8,0,0.8026,5,0.9429,True,False,False,512,512,0,0.1403,True
testTokenExpiry,2,time,spaces to tabs,0,0.8026,5,0.9401,True,False,False,512,512,0,0.1376,True
testTokenExpiry,2,time,tabs to spaces,0,0.8026,0,0.8026,False,False,False,512,512,0,0.0,True
testTokenExpiry,2,time,strip indent,0,0.8026,0,0.8959,False,False,False,512,492,-20,0.0933,True
testTokenExpiry,2,time,add blank lines,0,0.8026,0,0.6707,False,False,False,512,512,0,-0.1319,True
testTokenExpiry,2,time,remove blank lines,0,0.8026,0,0.8026,False,False,False,512,512,0,0.0,True
testTokenExpiry,2,time,trailing newline,0,0.8026,0,0.8026,False,False,False,512,512,0,0.0,True
testTokenExpiry,2,time,trailing spaces,0,0.8026,0,0.7008,False,False,False,512,512,0,-0.1017,True
testTokenExpiry,2,time,CRLF endings,0,0.8026,0,0.8412,False,False,False,512,512,0,0.0386,True
TestPathData.testUnqualifiedUriContents,4,test order dependency,indent +2,4,0.9231,5,0.9501,True,True,False,99,109,10,0.027,True
TestPathData.testUnqualifiedUriContents,4,test order dependency,indent +4,4,0.9231,5,0.9522,True,True,False,99,121,22,0.0291,True
TestPathData.testUnqualifiedUriContents,4,test order dependency,indent +8,4,0.9231,5,0.9522,True,True,False,99,145,46,0.0291,True
TestPathData.testUnqualifiedUriContents,4,test order dependency,spaces to tabs,4,0.9231,5,0.9387,True,True,False,99,91,-8,0.0156,True
TestPathData.testUnqualifiedUriContents,4,test order dependency,tabs to spaces,4,0.9231,4,0.9231,False,True,True,99,99,0,0.0,True
TestPathData.testUnqualifiedUriContents,4,test order dependency,strip indent,4,0.9231,4,0.9317,False,True,True,99,87,-12,0.0086,True
TestPathData.testUnqualifiedUriContents,4,test order dependency,add blank lines,4,0.9231,4,0.9297,False,True,True,99,101,2,0.0065,True
TestPathData.testUnqualifiedUriContents,4,test order dependency,remove blank lines,4,0.9231,4,0.9231,False,True,True,99,99,0,0.0,True
TestPathData.testUnqualifiedUriContents,4,test order dependency,trailing newline,4,0.9231,4,0.9343,False,True,True,99,100,1,0.0112,True
TestPathData.testUnqualifiedUriContents,4,test order dependency,trailing spaces,4,0.9231,5,0.8507,True,True,False,99,106,7,-0.0724,True
TestPathData.testUnqualifiedUriContents,4,test order dependency,CRLF endings,4,0.9231,4,0.9191,False,True,True,99,105,6,-0.004,True
testTransactionMetaStoreAssignAndFailover,0,async wait,indent +2,0,0.9041,5,0.9295,True,True,False,512,512,0,0.0254,True
testTransactionMetaStoreAssignAndFailover,0,async wait,indent +4,0,0.9041,5,0.9451,True,True,False,512,512,0,0.041,True
testTransactionMetaStoreAssignAndFailover,0,async wait,indent +8,0,0.9041,5,0.9385,True,True,False,512,512,0,0.0343,True
testTransactionMetaStoreAssignAndFailover,0,async wait,spaces to tabs,0,0.9041,5,0.9459,True,True,False,512,444,-68,0.0418,True
testTransactionMetaStoreAssignAndFailover,0,async wait,tabs to spaces,0,0.9041,0,0.9041,False,True,True,512,512,0,0.0,True
testTransactionMetaStoreAssignAndFailover,0,async wait,strip indent,0,0.9041,0,0.881,False,True,True,512,400,-112,-0.0231,True
testTransactionMetaStoreAssignAndFailover,0,async wait,add blank lines,0,0.9041,0,0.855,False,True,True,512,512,0,-0.0491,True
testTransactionMetaStoreAssignAndFailover,0,async wait,remove blank lines,0,0.9041,0,0.9041,False,True,True,512,512,0,0.0,True
testTransactionMetaStoreAssignAndFailover,0,async wait,trailing newline,0,0.9041,0,0.9041,False,True,True,512,512,0,0.0,True
testTransactionMetaStoreAssignAndFailover,0,async wait,trailing spaces,0,0.9041,0,0.8718,False,True,True,512,512,0,-0.0323,True
testTransactionMetaStoreAssignAndFailover,0,async wait,CRLF endings,0,0.9041,0,0.9132,False,True,True,512,512,0,0.0091,True
KeySharedSubscriptionTest.testRemoveFirstConsumer,0,async wait,indent +2,0,0.921,5,0.9349,True,True,False,457,501,44,0.0139,True
KeySharedSubscriptionTest.testRemoveFirstConsumer,0,async wait,indent +4,0,0.921,5,0.9442,True,True,False,457,512,55,0.0232,True
KeySharedSubscriptionTest.testRemoveFirstConsumer,0,async wait,indent +8,0,0.921,5,0.9418,True,True,False,457,512,55,0.0208,True
KeySharedSubscriptionTest.testRemoveFirstConsumer,0,async wait,spaces to tabs,0,0.921,5,0.9434,True,True,False,457,403,-54,0.0224,True
KeySharedSubscriptionTest.testRemoveFirstConsumer,0,async wait,tabs to spaces,0,0.921,0,0.921,False,True,True,457,457,0,0.0,True
KeySharedSubscriptionTest.testRemoveFirstConsumer,0,async wait,strip indent,0,0.921,0,0.912,False,True,True,457,377,-80,-0.009,True
KeySharedSubscriptionTest.testRemoveFirstConsumer,0,async wait,add blank lines,0,0.921,0,0.8361,False,True,True,457,459,2,-0.0849,True
KeySharedSubscriptionTest.testRemoveFirstConsumer,0,async wait,remove blank lines,0,0.921,0,0.921,False,True,True,457,457,0,0.0,True
KeySharedSubscriptionTest.testRemoveFirstConsumer,0,async wait,trailing newline,0,0.921,0,0.9204,False,True,True,457,458,1,-0.0006,True
KeySharedSubscriptionTest.testRemoveFirstConsumer,0,async wait,trailing spaces,0,0.921,0,0.6555,False,True,True,457,481,24,-0.2655,True
KeySharedSubscriptionTest.testRemoveFirstConsumer,0,async wait,CRLF endings,0,0.921,0,0.9179,False,True,True,457,480,23,-0.0031,True
PersistentFailoverE2ETest.testSimpleConsumerEventsWithoutPartition,1,concurrency,indent +2,0,0.889,5,0.9151,True,False,False,512,512,0,0.0261,True
PersistentFailoverE2ETest.testSimpleConsumerEventsWithoutPartition,1,concurrency,indent +4,0,0.889,5,0.9342,True,False,False,512,512,0,0.0452,True
PersistentFailoverE2ETest.testSimpleConsumerEventsWithoutPartition,1,concurrency,indent +8,0,0.889,5,0.9115,True,False,False,512,512,0,0.0225,True
PersistentFailoverE2ETest.testSimpleConsumerEventsWithoutPartition,1,concurrency,spaces to tabs,0,0.889,5,0.9342,True,False,False,512,512,0,0.0452,True
PersistentFailoverE2ETest.testSimpleConsumerEventsWithoutPartition,1,concurrency,tabs to spaces,0,0.889,0,0.889,False,False,False,512,512,0,0.0,True
PersistentFailoverE2ETest.testSimpleConsumerEventsWithoutPartition,1,concurrency,strip indent,0,0.889,0,0.9098,False,False,False,512,512,0,0.0208,True
PersistentFailoverE2ETest.testSimpleConsumerEventsWithoutPartition,1,concurrency,add blank lines,0,0.889,0,0.8699,False,False,False,512,512,0,-0.0191,True
PersistentFailoverE2ETest.testSimpleConsumerEventsWithoutPartition,1,concurrency,remove blank lines,0,0.889,0,0.889,False,False,False,512,512,0,0.0,True
PersistentFailoverE2ETest.testSimpleConsumerEventsWithoutPartition,1,concurrency,trailing newline,0,0.889,0,0.889,False,False,False,512,512,0,0.0,True
PersistentFailoverE2ETest.testSimpleConsumerEventsWithoutPartition,1,concurrency,trailing spaces,0,0.889,0,0.9009,False,False,False,512,512,0,0.0119,True
PersistentFailoverE2ETest.testSimpleConsumerEventsWithoutPartition,1,concurrency,CRLF endings,0,0.889,0,0.8935,False,False,False,512,512,0,0.0045,True
TestBlockFixer.testGeneratedBlock,1,concurrency,indent +2,0,0.9197,5,0.9243,True,False,False,512,512,0,0.0046,True
TestBlockFixer.testGeneratedBlock,1,concurrency,indent +4,0,0.9197,5,0.9382,True,False,False,512,512,0,0.0186,True
TestBlockFixer.testGeneratedBlock,1,concurrency,indent +8,0,0.9197,5,0.9358,True,False,False,512,512,0,0.0161,True
TestBlockFixer.testGeneratedBlock,1,concurrency,spaces to tabs,0,0.9197,5,0.9417,True,False,False,512,512,0,0.022,True
TestBlockFixer.testGeneratedBlock,1,concurrency,tabs to spaces,0,0.9197,0,0.9197,False,False,False,512,512,0,0.0,True
TestBlockFixer.testGeneratedBlock,1,concurrency,strip indent,0,0.9197,0,0.9165,False,False,False,512,512,0,-0.0032,True
TestBlockFixer.testGeneratedBlock,1,concurrency,add blank lines,0,0.9197,0,0.9194,False,False,False,512,512,0,-0.0002,True
TestBlockFixer.testGeneratedBlock,1,concurrency,remove blank lines,0,0.9197,0,0.9197,False,False,False,512,512,0,0.0,True
TestBlockFixer.testGeneratedBlock,1,concurrency,trailing newline,0,0.9197,0,0.9197,False,False,False,512,512,0,0.0,True
TestBlockFixer.testGeneratedBlock,1,concurrency,trailing spaces,0,0.9197,0,0.8627,False,False,False,512,512,0,-0.057,True
TestBlockFixer.testGeneratedBlock,1,concurrency,CRLF endings,0,0.9197,0,0.9209,False,False,False,512,512,0,0.0012,True
testQueryTimeout,0,async wait,indent +2,1,0.4591,5,0.9332,True,False,False,512,512,0,0.4741,True
testQueryTimeout,0,async wait,indent +4,1,0.4591,5,0.9446,True,False,False,512,512,0,0.4855,True
testQueryTimeout,0,async wait,indent +8,1,0.4591,5,0.9453,True,False,False,512,512,0,0.4862,True
testQueryTimeout,0,async wait,spaces to tabs,1,0.4591,5,0.9383,True,False,False,512,469,-43,0.4792,True
testQueryTimeout,0,async wait,tabs to spaces,1,0.4591,1,0.4591,False,False,False,512,512,0,0.0,True
testQueryTimeout,0,async wait,strip indent,1,0.4591,1,0.4915,False,False,False,512,384,-128,0.0324,True
testQueryTimeout,0,async wait,add blank lines,1,0.4591,5,0.5806,True,False,False,512,512,0,0.1216,True
testQueryTimeout,0,async wait,remove blank lines,1,0.4591,1,0.4591,False,False,False,512,512,0,0.0,True
testQueryTimeout,0,async wait,trailing newline,1,0.4591,1,0.4591,False,False,False,512,512,0,0.0,True
testQueryTimeout,0,async wait,trailing spaces,1,0.4591,5,0.5394,True,False,False,512,512,0,0.0803,True
testQueryTimeout,0,async wait,CRLF endings,1,0.4591,0,0.5546,True,False,True,512,512,0,0.0955,True
ProgramLifecycleHttpHandlerTest.testStartProgramWithDisabledRuntimeArgs,0,async wait,indent +2,4,0.7102,5,0.9438,True,False,False,352,376,24,0.2336,True
ProgramLifecycleHttpHandlerTest.testStartProgramWithDisabledRuntimeArgs,0,async wait,indent +4,4,0.7102,5,0.9476,True,False,False,352,402,50,0.2374,True
ProgramLifecycleHttpHandlerTest.testStartProgramWithDisabledRuntimeArgs,0,async wait,indent +8,4,0.7102,5,0.9384,True,False,False,352,454,102,0.2282,True
ProgramLifecycleHttpHandlerTest.testStartProgramWithDisabledRuntimeArgs,0,async wait,spaces to tabs,4,0.7102,5,0.9406,True,False,False,352,331,-21,0.2303,True
ProgramLifecycleHttpHandlerTest.testStartProgramWithDisabledRuntimeArgs,0,async wait,tabs to spaces,4,0.7102,4,0.7102,False,False,False,352,352,0,0.0,True
ProgramLifecycleHttpHandlerTest.testStartProgramWithDisabledRuntimeArgs,0,async wait,strip indent,4,0.7102,4,0.916,False,False,False,352,320,-32,0.2057,True
ProgramLifecycleHttpHandlerTest.testStartProgramWithDisabledRuntimeArgs,0,async wait,add blank lines,4,0.7102,4,0.6048,False,False,False,352,354,2,-0.1054,True
ProgramLifecycleHttpHandlerTest.testStartProgramWithDisabledRuntimeArgs,0,async wait,remove blank lines,4,0.7102,4,0.7102,False,False,False,352,352,0,0.0,True
ProgramLifecycleHttpHandlerTest.testStartProgramWithDisabledRuntimeArgs,0,async wait,trailing newline,4,0.7102,4,0.8774,False,False,False,352,353,1,0.1671,True
ProgramLifecycleHttpHandlerTest.testStartProgramWithDisabledRuntimeArgs,0,async wait,trailing spaces,4,0.7102,5,0.5221,True,False,False,352,366,14,-0.1882,True
ProgramLifecycleHttpHandlerTest.testStartProgramWithDisabledRuntimeArgs,0,async wait,CRLF endings,4,0.7102,0,0.5247,True,False,True,352,365,13,-0.1855,True
DirectedMultiGraphTest.testConnectedComponents,3,unordered collections,indent +2,3,0.8596,5,0.9511,True,True,False,150,166,16,0.0914,True
DirectedMultiGraphTest.testConnectedComponents,3,unordered collections,indent +4,3,0.8596,5,0.9515,True,True,False,150,184,34,0.0919,True
DirectedMultiGraphTest.testConnectedComponents,3,unordered collections,indent +8,3,0.8596,5,0.9492,True,True,False,150,220,70,0.0895,True
DirectedMultiGraphTest.testConnectedComponents,3,unordered collections,spaces to tabs,3,0.8596,5,0.949,True,True,False,150,133,-17,0.0894,True
DirectedMultiGraphTest.testConnectedComponents,3,unordered collections,tabs to spaces,3,0.8596,3,0.8596,False,True,True,150,150,0,0.0,True
DirectedMultiGraphTest.testConnectedComponents,3,unordered collections,strip indent,3,0.8596,3,0.7605,False,True,True,150,125,-25,-0.0992,True
DirectedMultiGraphTest.testConnectedComponents,3,unordered collections,add blank lines,3,0.8596,3,0.8546,False,True,True,150,152,2,-0.0051,True
DirectedMultiGraphTest.testConnectedComponents,3,unordered collections,remove blank lines,3,0.8596,3,0.8596,False,True,True,150,150,0,0.0,True
DirectedMultiGraphTest.testConnectedComponents,3,unordered collections,trailing newline,3,0.8596,3,0.8516,False,True,True,150,151,1,-0.008,True
DirectedMultiGraphTest.testConnectedComponents,3,unordered collections,trailing spaces,3,0.8596,5,0.9244,True,True,False,150,160,10,0.0647,True
DirectedMultiGraphTest.testConnectedComponents,3,unordered collections,CRLF endings,3,0.8596,3,0.8536,False,True,True,150,159,9,-0.0061,True
TestRPCCompatibility.testVersion2ClientVersion2Server,4,test order dependency,indent +2,0,0.9198,5,0.9452,True,False,False,208,230,22,0.0255,True
TestRPCCompatibility.testVersion2ClientVersion2Server,4,test order dependency,indent +4,0,0.9198,5,0.9479,True,False,False,208,254,46,0.0281,True
TestRPCCompatibility.testVersion2ClientVersion2Server,4,test order dependency,indent +8,0,0.9198,5,0.943,True,False,False,208,302,94,0.0233,True
TestRPCCompatibility.testVersion2ClientVersion2Server,4,test order dependency,spaces to tabs,0,0.9198,5,0.9294,True,False,False,208,189,-19,0.0096,True
TestRPCCompatibility.testVersion2ClientVersion2Server,4,test order dependency,tabs to spaces,0,0.9198,0,0.9198,False,False,False,208,208,0,0.0,True
TestRPCCompatibility.testVersion2ClientVersion2Server,4,test order dependency,strip indent,0,0.9198,0,0.9092,False,False,False,208,179,-29,-0.0106,True
TestRPCCompatibility.testVersion2ClientVersion2Server,4,test order dependency,add blank lines,0,0.9198,0,0.9196,False,False,False,208,210,2,-0.0002,True
TestRPCCompatibility.testVersion2ClientVersion2Server,4,test order dependency,remove blank lines,0,0.9198,0,0.9198,False,False,False,208,208,0,0.0,True
TestRPCCompatibility.testVersion2ClientVersion2Server,4,test order dependency,trailing newline,0,0.9198,0,0.9198,False,False,False,208,209,1,-0.0,True
TestRPCCompatibility.testVersion2ClientVersion2Server,4,test order dependency,trailing spaces,0,0.9198,0,0.8782,False,False,False,208,221,13,-0.0416,True
TestRPCCompatibility.testVersion2ClientVersion2Server,4,test order dependency,CRLF endings,0,0.9198,0,0.9196,False,False,False,208,220,12,-0.0001,True
TestDelegationTokenForProxyUser.testDelegationTokenWithRealUser,4,test order dependency,indent +2,0,0.8027,5,0.9487,True,False,False,370,404,34,0.146,True
TestDelegationTokenForProxyUser.testDelegationTokenWithRealUser,4,test order dependency,indent +4,0,0.8027,5,0.9481,True,False,False,370,440,70,0.1454,True
TestDelegationTokenForProxyUser.testDelegationTokenWithRealUser,4,test order dependency,indent +8,0,0.8027,5,0.946,True,False,False,370,512,142,0.1433,True
TestDelegationTokenForProxyUser.testDelegationTokenWithRealUser,4,test order dependency,spaces to tabs,0,0.8027,5,0.95,True,False,False,370,291,-79,0.1473,True
TestDelegationTokenForProxyUser.testDelegationTokenWithRealUser,4,test order dependency,tabs to spaces,0,0.8027,0,0.8027,False,False,False,370,370,0,0.0,True
TestDelegationTokenForProxyUser.testDelegationTokenWithRealUser,4,test order dependency,strip indent,0,0.8027,4,0.9158,True,False,True,370,259,-111,0.1131,True
TestDelegationTokenForProxyUser.testDelegationTokenWithRealUser,4,test order dependency,add blank lines,0,0.8027,5,0.9295,True,False,False,370,372,2,0.1268,True
TestDelegationTokenForProxyUser.testDelegationTokenWithRealUser,4,test order dependency,remove blank lines,0,0.8027,0,0.8027,False,False,False,370,370,0,0.0,True
TestDelegationTokenForProxyUser.testDelegationTokenWithRealUser,4,test order dependency,trailing newline,0,0.8027,0,0.7948,False,False,False,370,371,1,-0.0079,True
TestDelegationTokenForProxyUser.testDelegationTokenWithRealUser,4,test order dependency,trailing spaces,0,0.8027,5,0.9091,True,False,False,370,389,19,0.1064,True
TestDelegationTokenForProxyUser.testDelegationTokenWithRealUser,4,test order dependency,CRLF endings,0,0.8027,0,0.6984,False,False,False,370,388,18,-0.1043,True
ServerCnxTest.testDuplicateConcurrentSubscribeCommand,1,concurrency,indent +2,0,0.9219,5,0.929,True,False,False,264,296,32,0.0072,True
ServerCnxTest.testDuplicateConcurrentSubscribeCommand,1,concurrency,indent +4,0,0.9219,5,0.945,True,False,False,264,330,66,0.0231,True
ServerCnxTest.testDuplicateConcurrentSubscribeCommand,1,concurrency,indent +8,0,0.9219,5,0.9325,True,False,False,264,398,134,0.0106,True
ServerCnxTest.testDuplicateConcurrentSubscribeCommand,1,concurrency,spaces to tabs,0,0.9219,5,0.9371,True,False,False,264,236,-28,0.0152,True
ServerCnxTest.testDuplicateConcurrentSubscribeCommand,1,concurrency,tabs to spaces,0,0.9219,0,0.9219,False,False,False,264,264,0,0.0,True
ServerCnxTest.testDuplicateConcurrentSubscribeCommand,1,concurrency,strip indent,0,0.9219,0,0.894,False,False,False,264,221,-43,-0.0279,True
ServerCnxTest.testDuplicateConcurrentSubscribeCommand,1,concurrency,add blank lines,0,0.9219,0,0.9177,False,False,False,264,266,2,-0.0041,True
ServerCnxTest.testDuplicateConcurrentSubscribeCommand,1,concurrency,remove blank lines,0,0.9219,0,0.9219,False,False,False,264,264,0,0.0,True
ServerCnxTest.testDuplicateConcurrentSubscribeCommand,1,concurrency,trailing newline,0,0.9219,0,0.921,False,False,False,264,265,1,-0.0008,True
ServerCnxTest.testDuplicateConcurrentSubscribeCommand,1,concurrency,trailing spaces,0,0.9219,0,0.9135,False,False,False,264,282,18,-0.0084,True
ServerCnxTest.testDuplicateConcurrentSubscribeCommand,1,concurrency,CRLF endings,0,0.9219,0,0.9226,False,False,False,264,281,17,0.0007,True
TestPathData.testWithStringAndConfForBuggyPath,4,test order dependency,indent +2,4,0.8099,5,0.9503,True,True,False,87,99,12,0.1404,True
TestPathData.testWithStringAndConfForBuggyPath,4,test order dependency,indent +4,4,0.8099,5,0.9515,True,True,False,87,113,26,0.1416,True
TestPathData.testWithStringAndConfForBuggyPath,4,test order dependency,indent +8,4,0.8099,5,0.9499,True,True,False,87,141,54,0.14,True
TestPathData.testWithStringAndConfForBuggyPath,4,test order dependency,spaces to tabs,4,0.8099,5,0.944,True,True,False,87,77,-10,0.1341,True
TestPathData.testWithStringAndConfForBuggyPath,4,test order dependency,tabs to spaces,4,0.8099,4,0.8099,False,True,True,87,87,0,0.0,True
TestPathData.testWithStringAndConfForBuggyPath,4,test order dependency,strip indent,4,0.8099,4,0.9237,False,True,True,87,72,-15,0.1138,True
TestPathData.testWithStringAndConfForBuggyPath,4,test order dependency,add blank lines,4,0.8099,4,0.7872,False,True,True,87,89,2,-0.0227,True
TestPathData.testWithStringAndConfForBuggyPath,4,test order dependency,remove blank lines,4,0.8099,4,0.8099,False,True,True,87,87,0,0.0,True
TestPathData.testWithStringAndConfForBuggyPath,4,test order dependency,trailing newline,4,0.8099,4,0.912,False,True,True,87,88,1,0.1021,True
TestPathData.testWithStringAndConfForBuggyPath,4,test order dependency,trailing spaces,4,0.8099,5,0.8387,True,True,False,87,95,8,0.0288,True
TestPathData.testWithStringAndConfForBuggyPath,4,test order dependency,CRLF endings,4,0.8099,4,0.7525,False,True,True,87,94,7,-0.0574,True
TestModTime.testModTime,2,time,indent +2,0,0.9225,5,0.9359,True,False,False,512,512,0,0.0135,True
TestModTime.testModTime,2,time,indent +4,0,0.9225,5,0.9414,True,False,False,512,512,0,0.019,True
TestModTime.testModTime,2,time,indent +8,0,0.9225,5,0.9359,True,False,False,512,512,0,0.0135,True
TestModTime.testModTime,2,time,spaces to tabs,0,0.9225,5,0.9417,True,False,False,512,512,0,0.0192,True
TestModTime.testModTime,2,time,tabs to spaces,0,0.9225,0,0.9225,False,False,False,512,512,0,0.0,True
TestModTime.testModTime,2,time,strip indent,0,0.9225,0,0.923,False,False,False,512,512,0,0.0005,True
TestModTime.testModTime,2,time,add blank lines,0,0.9225,0,0.9213,False,False,False,512,512,0,-0.0012,True
TestModTime.testModTime,2,time,remove blank lines,0,0.9225,0,0.9225,False,False,False,512,512,0,0.0,True
TestModTime.testModTime,2,time,trailing newline,0,0.9225,0,0.9225,False,False,False,512,512,0,0.0,True
TestModTime.testModTime,2,time,trailing spaces,0,0.9225,0,0.7238,False,False,False,512,512,0,-0.1987,True
TestModTime.testModTime,2,time,CRLF endings,0,0.9225,0,0.923,False,False,False,512,512,0,0.0006,True
TestPathData.testWithDirStringAndConf,4,test order dependency,indent +2,4,0.8657,5,0.948,True,True,False,88,102,14,0.0823,True
TestPathData.testWithDirStringAndConf,4,test order dependency,indent +4,4,0.8657,5,0.9504,True,True,False,88,118,30,0.0847,True
TestPathData.testWithDirStringAndConf,4,test order dependency,indent +8,4,0.8657,5,0.9487,True,True,False,88,150,62,0.083,True
TestPathData.testWithDirStringAndConf,4,test order dependency,spaces to tabs,4,0.8657,5,0.9402,True,True,False,88,76,-12,0.0745,True
TestPathData.testWithDirStringAndConf,4,test order dependency,tabs to spaces,4,0.8657,4,0.8657,False,True,True,88,88,0,0.0,True
TestPathData.testWithDirStringAndConf,4,test order dependency,strip indent,4,0.8657,4,0.9172,False,True,True,88,70,-18,0.0515,True
TestPathData.testWithDirStringAndConf,4,test order dependency,add blank lines,4,0.8657,4,0.8767,False,True,True,88,90,2,0.011,True
TestPathData.testWithDirStringAndConf,4,test order dependency,remove blank lines,4,0.8657,4,0.8657,False,True,True,88,88,0,0.0,True
TestPathData.testWithDirStringAndConf,4,test order dependency,trailing newline,4,0.8657,4,0.9139,False,True,True,88,89,1,0.0482,True
TestPathData.testWithDirStringAndConf,4,test order dependency,trailing spaces,4,0.8657,4,0.5116,False,True,True,88,97,9,-0.3541,True
TestPathData.testWithDirStringAndConf,4,test order dependency,CRLF endings,4,0.8657,4,0.8465,False,True,True,88,96,8,-0.0192,True
DefectTest.nullAndObjectValuesInMap,3,unordered collections,indent +2,3,0.7537,5,0.8982,True,True,False,126,136,10,0.1444,True
DefectTest.nullAndObjectValuesInMap,3,unordered collections,indent +4,3,0.7537,5,0.9397,True,True,False,126,148,22,0.186,True
DefectTest.nullAndObjectValuesInMap,3,unordered collections,indent +8,3,0.7537,5,0.9299,True,True,False,126,172,46,0.1762,True
DefectTest.nullAndObjectValuesInMap,3,unordered collections,spaces to tabs,3,0.7537,5,0.9458,True,True,False,126,118,-8,0.192,True
DefectTest.nullAndObjectValuesInMap,3,unordered collections,tabs to spaces,3,0.7537,3,0.7537,False,True,True,126,126,0,0.0,True
DefectTest.nullAndObjectValuesInMap,3,unordered collections,strip indent,3,0.7537,3,0.5546,False,True,True,126,114,-12,-0.1991,True
DefectTest.nullAndObjectValuesInMap,3,unordered collections,add blank lines,3,0.7537,3,0.7155,False,True,True,126,128,2,-0.0382,True
DefectTest.nullAndObjectValuesInMap,3,unordered collections,remove blank lines,3,0.7537,3,0.7537,False,True,True,126,126,0,0.0,True
DefectTest.nullAndObjectValuesInMap,3,unordered collections,trailing newline,3,0.7537,3,0.6521,False,True,True,126,127,1,-0.1016,True
DefectTest.nullAndObjectValuesInMap,3,unordered collections,trailing spaces,3,0.7537,5,0.6405,True,True,False,126,133,7,-0.1133,True
DefectTest.nullAndObjectValuesInMap,3,unordered collections,CRLF endings,3,0.7537,3,0.7353,False,True,True,126,132,6,-0.0184,True
testPendingAndInvalidate,1,concurrency,indent +2,5,0.609,5,0.9438,False,False,False,512,512,0,0.3348,True
testPendingAndInvalidate,1,concurrency,indent +4,5,0.609,5,0.9449,False,False,False,512,512,0,0.3359,True
testPendingAndInvalidate,1,concurrency,indent +8,5,0.609,5,0.9393,False,False,False,512,512,0,0.3303,True
testPendingAndInvalidate,1,concurrency,spaces to tabs,5,0.609,5,0.946,False,False,False,512,512,0,0.337,True
testPendingAndInvalidate,1,concurrency,tabs to spaces,5,0.609,5,0.609,False,False,False,512,512,0,0.0,True
testPendingAndInvalidate,1,concurrency,strip indent,5,0.609,0,0.9147,True,False,False,512,511,-1,0.3056,True
testPendingAndInvalidate,1,concurrency,add blank lines,5,0.609,5,0.9221,False,False,False,512,512,0,0.3131,True
testPendingAndInvalidate,1,concurrency,remove blank lines,5,0.609,5,0.609,False,False,False,512,512,0,0.0,True
testPendingAndInvalidate,1,concurrency,trailing newline,5,0.609,5,0.609,False,False,False,512,512,0,0.0,True
testPendingAndInvalidate,1,concurrency,trailing spaces,5,0.609,5,0.9133,False,False,False,512,512,0,0.3043,True
testPendingAndInvalidate,1,concurrency,CRLF endings,5,0.609,5,0.914,False,False,False,512,512,0,0.305,True
WorkflowClientTestRun.testWorkflowClient,0,async wait,indent +2,0,0.6057,5,0.9349,True,True,False,512,512,0,0.3292,True
WorkflowClientTestRun.testWorkflowClient,0,async wait,indent +4,0,0.6057,5,0.9452,True,True,False,512,512,0,0.3395,True
WorkflowClientTestRun.testWorkflowClient,0,async wait,indent +8,0,0.6057,5,0.9438,True,True,False,512,512,0,0.3381,True
WorkflowClientTestRun.testWorkflowClient,0,async wait,spaces to tabs,0,0.6057,5,0.9461,True,True,False,512,512,0,0.3404,True
WorkflowClientTestRun.testWorkflowClient,0,async wait,tabs to spaces,0,0.6057,0,0.6057,False,True,True,512,512,0,0.0,True
WorkflowClientTestRun.testWorkflowClient,0,async wait,strip indent,0,0.6057,0,0.4523,False,True,True,512,512,0,-0.1534,True
WorkflowClientTestRun.testWorkflowClient,0,async wait,add blank lines,0,0.6057,0,0.6241,False,True,True,512,512,0,0.0184,True
WorkflowClientTestRun.testWorkflowClient,0,async wait,remove blank lines,0,0.6057,0,0.6057,False,True,True,512,512,0,0.0,True
WorkflowClientTestRun.testWorkflowClient,0,async wait,trailing newline,0,0.6057,0,0.6057,False,True,True,512,512,0,0.0,True
WorkflowClientTestRun.testWorkflowClient,0,async wait,trailing spaces,0,0.6057,5,0.5181,True,True,False,512,512,0,-0.0875,True
WorkflowClientTestRun.testWorkflowClient,0,async wait,CRLF endings,0,0.6057,0,0.7078,False,True,True,512,512,0,0.1021,True
ColumnFamilyStoreTest.testRemoveSuperColumn,0,async wait,indent +2,0,0.824,5,0.9418,True,True,False,383,423,40,0.1178,True
ColumnFamilyStoreTest.testRemoveSuperColumn,0,async wait,indent +4,0,0.824,5,0.946,True,True,False,383,465,82,0.1221,True
ColumnFamilyStoreTest.testRemoveSuperColumn,0,async wait,indent +8,0,0.824,5,0.9388,True,True,False,383,512,129,0.1149,True
ColumnFamilyStoreTest.testRemoveSuperColumn,0,async wait,spaces to tabs,0,0.824,5,0.9483,True,True,False,383,345,-38,0.1244,True
ColumnFamilyStoreTest.testRemoveSuperColumn,0,async wait,tabs to spaces,0,0.824,0,0.824,False,True,True,383,383,0,0.0,True
ColumnFamilyStoreTest.testRemoveSuperColumn,0,async wait,strip indent,0,0.824,0,0.7296,False,True,True,383,326,-57,-0.0944,True
ColumnFamilyStoreTest.testRemoveSuperColumn,0,async wait,add blank lines,0,0.824,0,0.7921,False,True,True,383,385,2,-0.0318,True
ColumnFamilyStoreTest.testRemoveSuperColumn,0,async wait,remove blank lines,0,0.824,0,0.824,False,True,True,383,383,0,0.0,True
ColumnFamilyStoreTest.testRemoveSuperColumn,0,async wait,trailing newline,0,0.824,0,0.7387,False,True,True,383,384,1,-0.0853,True
ColumnFamilyStoreTest.testRemoveSuperColumn,0,async wait,trailing spaces,0,0.824,5,0.4824,True,True,False,383,405,22,-0.3415,True
ColumnFamilyStoreTest.testRemoveSuperColumn,0,async wait,CRLF endings,0,0.824,0,0.8534,False,True,True,383,404,21,0.0294,True
GiteePropertyPathNotificationExtractorTests.giteeSample,3,unordered collections,indent +2,3,0.5246,5,0.9511,True,True,False,157,169,12,0.4264,True
GiteePropertyPathNotificationExtractorTests.giteeSample,3,unordered collections,indent +4,3,0.5246,5,0.9517,True,True,False,157,183,26,0.4271,True
GiteePropertyPathNotificationExtractorTests.giteeSample,3,unordered collections,indent +8,3,0.5246,5,0.9506,True,True,False,157,211,54,0.426,True
GiteePropertyPathNotificationExtractorTests.giteeSample,3,unordered collections,spaces to tabs,3,0.5246,5,0.9469,True,True,False,157,147,-10,0.4223,True
GiteePropertyPathNotificationExtractorTests.giteeSample,3,unordered collections,tabs to spaces,3,0.5246,3,0.5246,False,True,True,157,157,0,0.0,True
GiteePropertyPathNotificationExtractorTests.giteeSample,3,unordered collections,strip indent,3,0.5246,4,0.7441,True,True,False,157,142,-15,0.2194,True
GiteePropertyPathNotificationExtractorTests.giteeSample,3,unordered collections,add blank lines,3,0.5246,3,0.4676,False,True,True,157,159,2,-0.0571,True
GiteePropertyPathNotificationExtractorTests.giteeSample,3,unordered collections,remove blank lines,3,0.5246,3,0.5246,False,True,True,157,157,0,0.0,True
GiteePropertyPathNotificationExtractorTests.giteeSample,3,unordered collections,trailing newline,3,0.5246,4,0.6835,True,True,False,157,158,1,0.1589,True
GiteePropertyPathNotificationExtractorTests.giteeSample,3,unordered collections,trailing spaces,3,0.5246,5,0.8747,True,True,False,157,165,8,0.35,True
GiteePropertyPathNotificationExtractorTests.giteeSample,3,unordered collections,CRLF endings,3,0.5246,3,0.5413,False,True,True,157,164,7,0.0167,True
SegmentGenerationWithTimeColumnTest.testMinAllowedValue,2,time,indent +2,2,0.7911,5,0.9381,True,True,False,161,181,20,0.147,True
SegmentGenerationWithTimeColumnTest.testMinAllowedValue,2,time,indent +4,2,0.7911,5,0.9446,True,True,False,161,203,42,0.1535,True
SegmentGenerationWithTimeColumnTest.testMinAllowedValue,2,time,indent +8,2,0.7911,5,0.9256,True,True,False,161,247,86,0.1345,True
SegmentGenerationWithTimeColumnTest.testMinAllowedValue,2,time,spaces to tabs,2,0.7911,5,0.9401,True,True,False,161,143,-18,0.149,True
SegmentGenerationWithTimeColumnTest.testMinAllowedValue,2,time,tabs to spaces,2,0.7911,2,0.7911,False,True,True,161,161,0,0.0,True
SegmentGenerationWithTimeColumnTest.testMinAllowedValue,2,time,strip indent,2,0.7911,2,0.7879,False,True,True,161,134,-27,-0.0032,True
SegmentGenerationWithTimeColumnTest.testMinAllowedValue,2,time,add blank lines,2,0.7911,2,0.7897,False,True,True,161,163,2,-0.0014,True
SegmentGenerationWithTimeColumnTest.testMinAllowedValue,2,time,remove blank lines,2,0.7911,2,0.7911,False,True,True,161,161,0,0.0,True
SegmentGenerationWithTimeColumnTest.testMinAllowedValue,2,time,trailing newline,2,0.7911,2,0.7912,False,True,True,161,162,1,0.0001,True
SegmentGenerationWithTimeColumnTest.testMinAllowedValue,2,time,trailing spaces,2,0.7911,2,0.711,False,True,True,161,173,12,-0.0801,True
SegmentGenerationWithTimeColumnTest.testMinAllowedValue,2,time,CRLF endings,2,0.7911,2,0.7908,False,True,True,161,172,11,-0.0003,True
TestFrameworkTestRun.testWorkerInstances,0,async wait,indent +2,0,0.9237,5,0.8978,True,True,False,512,512,0,-0.0259,True
TestFrameworkTestRun.testWorkerInstances,0,async wait,indent +4,0,0.9237,5,0.9355,True,True,False,512,512,0,0.0118,True
TestFrameworkTestRun.testWorkerInstances,0,async wait,indent +8,0,0.9237,5,0.9292,True,True,False,512,512,0,0.0055,True
TestFrameworkTestRun.testWorkerInstances,0,async wait,spaces to tabs,0,0.9237,5,0.9293,True,True,False,512,501,-11,0.0056,True
TestFrameworkTestRun.testWorkerInstances,0,async wait,tabs to spaces,0,0.9237,0,0.9237,False,True,True,512,512,0,0.0,True
TestFrameworkTestRun.testWorkerInstances,0,async wait,strip indent,0,0.9237,0,0.9205,False,True,True,512,470,-42,-0.0033,True
TestFrameworkTestRun.testWorkerInstances,0,async wait,add blank lines,0,0.9237,0,0.9207,False,True,True,512,512,0,-0.003,True
TestFrameworkTestRun.testWorkerInstances,0,async wait,remove blank lines,0,0.9237,0,0.9237,False,True,True,512,512,0,0.0,True
TestFrameworkTestRun.testWorkerInstances,0,async wait,trailing newline,0,0.9237,0,0.9237,False,True,True,512,512,0,0.0,True
TestFrameworkTestRun.testWorkerInstances,0,async wait,trailing spaces,0,0.9237,0,0.8649,False,True,True,512,512,0,-0.0588,True
TestFrameworkTestRun.testWorkerInstances,0,async wait,CRLF endings,0,0.9237,0,0.9247,False,True,True,512,512,0,0.001,True
NotifyAboutChangesTest.notifyAboutChangesConcurrently,1,concurrency,indent +2,0,0.915,5,0.8917,True,False,False,512,512,0,-0.0233,True
NotifyAboutChangesTest.notifyAboutChangesConcurrently,1,concurrency,indent +4,0,0.915,5,0.932,True,False,False,512,512,0,0.017,True
NotifyAboutChangesTest.notifyAboutChangesConcurrently,1,concurrency,indent +8,0,0.915,5,0.9136,True,False,False,512,512,0,-0.0014,True
NotifyAboutChangesTest.notifyAboutChangesConcurrently,1,concurrency,spaces to tabs,0,0.915,5,0.9411,True,False,False,512,476,-36,0.0261,True
NotifyAboutChangesTest.notifyAboutChangesConcurrently,1,concurrency,tabs to spaces,0,0.915,0,0.915,False,False,False,512,512,0,0.0,True
NotifyAboutChangesTest.notifyAboutChangesConcurrently,1,concurrency,strip indent,0,0.915,0,0.7172,False,False,False,512,410,-102,-0.1978,True
NotifyAboutChangesTest.notifyAboutChangesConcurrently,1,concurrency,add blank lines,0,0.915,0,0.5554,False,False,False,512,512,0,-0.3596,True
NotifyAboutChangesTest.notifyAboutChangesConcurrently,1,concurrency,remove blank lines,0,0.915,0,0.915,False,False,False,512,512,0,0.0,True
NotifyAboutChangesTest.notifyAboutChangesConcurrently,1,concurrency,trailing newline,0,0.915,0,0.915,False,False,False,512,512,0,0.0,True
NotifyAboutChangesTest.notifyAboutChangesConcurrently,1,concurrency,trailing spaces,0,0.915,0,0.9122,False,False,False,512,512,0,-0.0028,True
NotifyAboutChangesTest.notifyAboutChangesConcurrently,1,concurrency,CRLF endings,0,0.915,0,0.9137,False,False,False,512,512,0,-0.0013,True
GridCacheRebalancingWithAsyncClearingTest.testCorrectRebalancingCurrentlyRentingPartitions,1,concurrency,indent +2,0,0.9234,5,0.9233,True,False,False,479,512,33,-0.0001,True
GridCacheRebalancingWithAsyncClearingTest.testCorrectRebalancingCurrentlyRentingPartitions,1,concurrency,indent +4,0,0.9234,5,0.9367,True,False,False,479,512,33,0.0133,True
GridCacheRebalancingWithAsyncClearingTest.testCorrectRebalancingCurrentlyRentingPartitions,1,concurrency,indent +8,0,0.9234,5,0.928,True,False,False,479,512,33,0.0046,True
GridCacheRebalancingWithAsyncClearingTest.testCorrectRebalancingCurrentlyRentingPartitions,1,concurrency,spaces to tabs,0,0.9234,5,0.942,True,False,False,479,376,-103,0.0185,True
GridCacheRebalancingWithAsyncClearingTest.testCorrectRebalancingCurrentlyRentingPartitions,1,concurrency,tabs to spaces,0,0.9234,0,0.9234,False,False,False,479,479,0,0.0,True
GridCacheRebalancingWithAsyncClearingTest.testCorrectRebalancingCurrentlyRentingPartitions,1,concurrency,strip indent,0,0.9234,0,0.9221,False,False,False,479,333,-146,-0.0014,True
GridCacheRebalancingWithAsyncClearingTest.testCorrectRebalancingCurrentlyRentingPartitions,1,concurrency,add blank lines,0,0.9234,0,0.8992,False,False,False,479,481,2,-0.0242,True
GridCacheRebalancingWithAsyncClearingTest.testCorrectRebalancingCurrentlyRentingPartitions,1,concurrency,remove blank lines,0,0.9234,0,0.9234,False,False,False,479,479,0,0.0,True
GridCacheRebalancingWithAsyncClearingTest.testCorrectRebalancingCurrentlyRentingPartitions,1,concurrency,trailing newline,0,0.9234,0,0.9234,False,False,False,479,480,1,-0.0001,True
GridCacheRebalancingWithAsyncClearingTest.testCorrectRebalancingCurrentlyRentingPartitions,1,concurrency,trailing spaces,0,0.9234,0,0.9067,False,False,False,479,508,29,-0.0167,True
GridCacheRebalancingWithAsyncClearingTest.testCorrectRebalancingCurrentlyRentingPartitions,1,concurrency,CRLF endings,0,0.9234,0,0.9231,False,False,False,479,507,28,-0.0004,True
AntiAffinityNamespaceGroupTest.testBrokerSelectionForAntiAffinityGroup,1,concurrency,indent +2,0,0.8917,5,0.9367,True,False,False,512,512,0,0.045,True
AntiAffinityNamespaceGroupTest.testBrokerSelectionForAntiAffinityGroup,1,concurrency,indent +4,0,0.8917,5,0.9427,True,False,False,512,512,0,0.051,True
AntiAffinityNamespaceGroupTest.testBrokerSelectionForAntiAffinityGroup,1,concurrency,indent +8,0,0.8917,5,0.9253,True,False,False,512,512,0,0.0336,True
AntiAffinityNamespaceGroupTest.testBrokerSelectionForAntiAffinityGroup,1,concurrency,spaces to tabs,0,0.8917,5,0.9454,True,False,False,512,512,0,0.0536,True
AntiAffinityNamespaceGroupTest.testBrokerSelectionForAntiAffinityGroup,1,concurrency,tabs to spaces,0,0.8917,0,0.8917,False,False,False,512,512,0,0.0,True
AntiAffinityNamespaceGroupTest.testBrokerSelectionForAntiAffinityGroup,1,concurrency,strip indent,0,0.8917,0,0.8353,False,False,False,512,512,0,-0.0564,True
AntiAffinityNamespaceGroupTest.testBrokerSelectionForAntiAffinityGroup,1,concurrency,add blank lines,0,0.8917,0,0.6635,False,False,False,512,512,0,-0.2282,True
AntiAffinityNamespaceGroupTest.testBrokerSelectionForAntiAffinityGroup,1,concurrency,remove blank lines,0,0.8917,0,0.8917,False,False,False,512,512,0,0.0,True
AntiAffinityNamespaceGroupTest.testBrokerSelectionForAntiAffinityGroup,1,concurrency,trailing newline,0,0.8917,0,0.8917,False,False,False,512,512,0,0.0,True
AntiAffinityNamespaceGroupTest.testBrokerSelectionForAntiAffinityGroup,1,concurrency,trailing spaces,0,0.8917,0,0.8234,False,False,False,512,512,0,-0.0683,True
AntiAffinityNamespaceGroupTest.testBrokerSelectionForAntiAffinityGroup,1,concurrency,CRLF endings,0,0.8917,0,0.899,False,False,False,512,512,0,0.0073,True
TestPathData.testQualifiedUriContents,4,test order dependency,indent +2,4,0.7383,5,0.9521,True,True,False,112,122,10,0.2138,True
TestPathData.testQualifiedUriContents,4,test order dependency,indent +4,4,0.7383,5,0.9528,True,True,False,112,134,22,0.2145,True
TestPathData.testQualifiedUriContents,4,test order dependency,indent +8,4,0.7383,5,0.9521,True,True,False,112,158,46,0.2138,True
TestPathData.testQualifiedUriContents,4,test order dependency,spaces to tabs,4,0.7383,5,0.9439,True,True,False,112,104,-8,0.2056,True
TestPathData.testQualifiedUriContents,4,test order dependency,tabs to spaces,4,0.7383,4,0.7383,False,True,True,112,112,0,0.0,True
TestPathData.testQualifiedUriContents,4,test order dependency,strip indent,4,0.7383,4,0.8867,False,True,True,112,100,-12,0.1484,True
TestPathData.testQualifiedUriContents,4,test order dependency,add blank lines,4,0.7383,4,0.821,False,True,True,112,114,2,0.0827,True
TestPathData.testQualifiedUriContents,4,test order dependency,remove blank lines,4,0.7383,4,0.7383,False,True,True,112,112,0,0.0,True
TestPathData.testQualifiedUriContents,4,test order dependency,trailing newline,4,0.7383,4,0.8579,False,True,True,112,113,1,0.1196,True
TestPathData.testQualifiedUriContents,4,test order dependency,trailing spaces,4,0.7383,5,0.9093,True,True,False,112,119,7,0.1709,True
TestPathData.testQualifiedUriContents,4,test order dependency,CRLF endings,4,0.7383,4,0.7156,False,True,True,112,118,6,-0.0227,True
NamespacesTest.testSubscribeRate,0,async wait,indent +2,0,0.9218,5,0.9269,True,True,False,510,512,2,0.0051,True
NamespacesTest.testSubscribeRate,0,async wait,indent +4,0,0.9218,5,0.9409,True,True,False,510,512,2,0.0191,True
NamespacesTest.testSubscribeRate,0,async wait,indent +8,0,0.9218,5,0.9377,True,True,False,510,512,2,0.016,True
NamespacesTest.testSubscribeRate,0,async wait,spaces to tabs,0,0.9218,5,0.9367,True,True,False,510,468,-42,0.0149,True
NamespacesTest.testSubscribeRate,0,async wait,tabs to spaces,0,0.9218,0,0.9218,False,True,True,510,510,0,0.0,True
NamespacesTest.testSubscribeRate,0,async wait,strip indent,0,0.9218,0,0.9196,False,True,True,510,444,-66,-0.0021,True
NamespacesTest.testSubscribeRate,0,async wait,add blank lines,0,0.9218,0,0.9219,False,True,True,510,512,2,0.0001,True
NamespacesTest.testSubscribeRate,0,async wait,remove blank lines,0,0.9218,0,0.9218,False,True,True,510,510,0,0.0,True
NamespacesTest.testSubscribeRate,0,async wait,trailing newline,0,0.9218,0,0.9217,False,True,True,510,511,1,-0.0,True
NamespacesTest.testSubscribeRate,0,async wait,trailing spaces,0,0.9218,0,0.872,False,True,True,510,512,2,-0.0497,True
NamespacesTest.testSubscribeRate,0,async wait,CRLF endings,0,0.9218,0,0.9213,False,True,True,510,512,2,-0.0005,True
MappingCouchbaseConverterTests.writesAndReadsCustomFieldsConvertedClass,3,unordered collections,indent +2,3,0.6283,5,0.4674,True,True,False,512,512,0,-0.1609,True
MappingCouchbaseConverterTests.writesAndReadsCustomFieldsConvertedClass,3,unordered collections,indent +4,3,0.6283,5,0.9356,True,True,False,512,512,0,0.3073,True
MappingCouchbaseConverterTests.writesAndReadsCustomFieldsConvertedClass,3,unordered collections,indent +8,3,0.6283,5,0.9302,True,True,False,512,512,0,0.3019,True
MappingCouchbaseConverterTests.writesAndReadsCustomFieldsConvertedClass,3,unordered collections,spaces to tabs,3,0.6283,5,0.9487,True,True,False,512,512,0,0.3204,True
MappingCouchbaseConverterTests.writesAndReadsCustomFieldsConvertedClass,3,unordered collections,tabs to spaces,3,0.6283,3,0.6283,False,True,True,512,512,0,0.0,True
MappingCouchbaseConverterTests.writesAndReadsCustomFieldsConvertedClass,3,unordered collections,strip indent,3,0.6283,3,0.627,False,True,True,512,512,0,-0.0012,True
MappingCouchbaseConverterTests.writesAndReadsCustomFieldsConvertedClass,3,unordered collections,add blank lines,3,0.6283,3,0.5504,False,True,True,512,512,0,-0.0779,True
MappingCouchbaseConverterTests.writesAndReadsCustomFieldsConvertedClass,3,unordered collections,remove blank lines,3,0.6283,3,0.6283,False,True,True,512,512,0,0.0,True
MappingCouchbaseConverterTests.writesAndReadsCustomFieldsConvertedClass,3,unordered collections,trailing newline,3,0.6283,3,0.6283,False,True,True,512,512,0,0.0,True
MappingCouchbaseConverterTests.writesAndReadsCustomFieldsConvertedClass,3,unordered collections,trailing spaces,3,0.6283,0,0.3631,True,True,False,512,512,0,-0.2651,True
MappingCouchbaseConverterTests.writesAndReadsCustomFieldsConvertedClass,3,unordered collections,CRLF endings,3,0.6283,3,0.4304,False,True,True,512,512,0,-0.1978,True
testTopicLevelInactivePolicyUpdateAndClean,0,async wait,indent +2,0,0.922,5,0.9332,True,True,False,512,512,0,0.0112,True
testTopicLevelInactivePolicyUpdateAndClean,0,async wait,indent +4,0,0.922,5,0.9441,True,True,False,512,512,0,0.0221,True
testTopicLevelInactivePolicyUpdateAndClean,0,async wait,indent +8,0,0.922,5,0.9345,True,True,False,512,512,0,0.0125,True
testTopicLevelInactivePolicyUpdateAndClean,0,async wait,spaces to tabs,0,0.922,5,0.9402,True,True,False,512,512,0,0.0182,True
testTopicLevelInactivePolicyUpdateAndClean,0,async wait,tabs to spaces,0,0.922,0,0.922,False,True,True,512,512,0,0.0,True
testTopicLevelInactivePolicyUpdateAndClean,0,async wait,strip indent,0,0.922,0,0.9233,False,True,True,512,512,0,0.0013,True
testTopicLevelInactivePolicyUpdateAndClean,0,async wait,add blank lines,0,0.922,0,0.9215,False,True,True,512,512,0,-0.0005,True
testTopicLevelInactivePolicyUpdateAndClean,0,async wait,remove blank lines,0,0.922,0,0.922,False,True,True,512,512,0,0.0,True
testTopicLevelInactivePolicyUpdateAndClean,0,async wait,trailing newline,0,0.922,0,0.922,False,True,True,512,512,0,0.0,True
testTopicLevelInactivePolicyUpdateAndClean,0,async wait,trailing spaces,0,0.922,0,0.8432,False,True,True,512,512,0,-0.0787,True
testTopicLevelInactivePolicyUpdateAndClean,0,async wait,CRLF endings,0,0.922,0,0.9237,False,True,True,512,512,0,0.0018,True
ManagedLedgerTest.testMaximumRolloverTime,0,async wait,indent +2,0,0.9019,5,0.91,True,True,False,249,277,28,0.0082,True
ManagedLedgerTest.testMaximumRolloverTime,0,async wait,indent +4,0,0.9019,5,0.9351,True,True,False,249,307,58,0.0332,True
ManagedLedgerTest.testMaximumRolloverTime,0,async wait,indent +8,0,0.9019,5,0.9125,True,True,False,249,367,118,0.0106,True
ManagedLedgerTest.testMaximumRolloverTime,0,async wait,spaces to tabs,0,0.9019,5,0.9205,True,True,False,249,228,-21,0.0187,True
ManagedLedgerTest.testMaximumRolloverTime,0,async wait,tabs to spaces,0,0.9019,0,0.9019,False,True,True,249,249,0,0.0,True
ManagedLedgerTest.testMaximumRolloverTime,0,async wait,strip indent,0,0.9019,0,0.9085,False,True,True,249,215,-34,0.0066,True
ManagedLedgerTest.testMaximumRolloverTime,0,async wait,add blank lines,0,0.9019,0,0.9016,False,True,True,249,251,2,-0.0003,True
ManagedLedgerTest.testMaximumRolloverTime,0,async wait,remove blank lines,0,0.9019,0,0.9019,False,True,True,249,249,0,0.0,True
ManagedLedgerTest.testMaximumRolloverTime,0,async wait,trailing newline,0,0.9019,0,0.9029,False,True,True,249,250,1,0.001,True
ManagedLedgerTest.testMaximumRolloverTime,0,async wait,trailing spaces,0,0.9019,0,0.8916,False,True,True,249,265,16,-0.0102,True
ManagedLedgerTest.testMaximumRolloverTime,0,async wait,CRLF endings,0,0.9019,0,0.902,False,True,True,249,264,15,0.0002,True
DiscoveryServiceTest.testBrokerDiscoveryRoundRobin,0,async wait,indent +2,0,0.9126,5,0.9453,True,True,False,126,142,16,0.0327,True
DiscoveryServiceTest.testBrokerDiscoveryRoundRobin,0,async wait,indent +4,0,0.9126,5,0.9464,True,True,False,126,160,34,0.0338,True
DiscoveryServiceTest.testBrokerDiscoveryRoundRobin,0,async wait,indent +8,0,0.9126,5,0.9382,True,True,False,126,196,70,0.0256,True
DiscoveryServiceTest.testBrokerDiscoveryRoundRobin,0,async wait,spaces to tabs,0,0.9126,5,0.9438,True,True,False,126,103,-23,0.0312,True
DiscoveryServiceTest.testBrokerDiscoveryRoundRobin,0,async wait,tabs to spaces,0,0.9126,0,0.9126,False,True,True,126,126,0,0.0,True
DiscoveryServiceTest.testBrokerDiscoveryRoundRobin,0,async wait,strip indent,0,0.9126,4,0.6043,True,True,False,126,93,-33,-0.3083,True
DiscoveryServiceTest.testBrokerDiscoveryRoundRobin,0,async wait,add blank lines,0,0.9126,0,0.8831,False,True,True,126,128,2,-0.0294,True
DiscoveryServiceTest.testBrokerDiscoveryRoundRobin,0,async wait,remove blank lines,0,0.9126,0,0.9126,False,True,True,126,126,0,0.0,True
DiscoveryServiceTest.testBrokerDiscoveryRoundRobin,0,async wait,trailing newline,0,0.9126,0,0.909,False,True,True,126,127,1,-0.0036,True
DiscoveryServiceTest.testBrokerDiscoveryRoundRobin,0,async wait,trailing spaces,0,0.9126,0,0.6778,False,True,True,126,136,10,-0.2348,True
DiscoveryServiceTest.testBrokerDiscoveryRoundRobin,0,async wait,CRLF endings,0,0.9126,0,0.9153,False,True,True,126,135,9,0.0028,True
testAutomaticStartStop,0,async wait,indent +2,0,0.9142,5,0.9131,True,True,False,232,264,32,-0.0011,True
testAutomaticStartStop,0,async wait,indent +4,0,0.9142,5,0.9351,True,True,False,232,298,66,0.0209,True
testAutomaticStartStop,0,async wait,indent +8,0,0.9142,5,0.9199,True,True,False,232,366,134,0.0056,True
testAutomaticStartStop,0,async wait,spaces to tabs,0,0.9142,5,0.9318,True,True,False,232,202,-30,0.0176,True
testAutomaticStartStop,0,async wait,tabs to spaces,0,0.9142,0,0.9142,False,True,True,232,232,0,0.0,True
testAutomaticStartStop,0,async wait,strip indent,0,0.9142,0,0.9226,False,True,True,232,187,-45,0.0084,True
testAutomaticStartStop,0,async wait,add blank lines,0,0.9142,0,0.9144,False,True,True,232,234,2,0.0002,True
testAutomaticStartStop,0,async wait,remove blank lines,0,0.9142,0,0.9142,False,True,True,232,232,0,0.0,True
testAutomaticStartStop,0,async wait,trailing newline,0,0.9142,0,0.9142,False,True,True,232,233,1,-0.0,True
testAutomaticStartStop,0,async wait,trailing spaces,0,0.9142,0,0.8527,False,True,True,232,250,18,-0.0615,True
testAutomaticStartStop,0,async wait,CRLF endings,0,0.9142,0,0.9171,False,True,True,232,249,17,0.0029,True
PrometheusMetricsTest.testPerTopicStats,1,concurrency,indent +2,0,0.914,5,0.9309,True,False,False,512,512,0,0.0169,True
PrometheusMetricsTest.testPerTopicStats,1,concurrency,indent +4,0,0.914,5,0.9438,True,False,False,512,512,0,0.0298,True
PrometheusMetricsTest.testPerTopicStats,1,concurrency,indent +8,0,0.914,5,0.9378,True,False,False,512,512,0,0.0238,True
PrometheusMetricsTest.testPerTopicStats,1,concurrency,spaces to tabs,0,0.914,5,0.9444,True,False,False,512,512,0,0.0303,True
PrometheusMetricsTest.testPerTopicStats,1,concurrency,tabs to spaces,0,0.914,0,0.914,False,False,False,512,512,0,0.0,True
PrometheusMetricsTest.testPerTopicStats,1,concurrency,strip indent,0,0.914,0,0.8975,False,False,False,512,512,0,-0.0165,True
PrometheusMetricsTest.testPerTopicStats,1,concurrency,add blank lines,0,0.914,0,0.9084,False,False,False,512,512,0,-0.0056,True
PrometheusMetricsTest.testPerTopicStats,1,concurrency,remove blank lines,0,0.914,0,0.914,False,False,False,512,512,0,0.0,True
PrometheusMetricsTest.testPerTopicStats,1,concurrency,trailing newline,0,0.914,0,0.914,False,False,False,512,512,0,0.0,True
PrometheusMetricsTest.testPerTopicStats,1,concurrency,trailing spaces,0,0.914,0,0.7667,False,False,False,512,512,0,-0.1473,True
PrometheusMetricsTest.testPerTopicStats,1,concurrency,CRLF endings,0,0.914,0,0.9177,False,False,False,512,512,0,0.0036,True
TestPathData.testCwdContents,4,test order dependency,indent +2,4,0.9441,5,0.9481,True,True,False,85,95,10,0.004,True
TestPathData.testCwdContents,4,test order dependency,indent +4,4,0.9441,5,0.9507,True,True,False,85,107,22,0.0066,True
TestPathData.testCwdContents,4,test order dependency,indent +8,4,0.9441,5,0.9516,True,True,False,85,131,46,0.0075,True
TestPathData.testCwdContents,4,test order dependency,spaces to tabs,4,0.9441,5,0.9308,True,True,False,85,77,-8,-0.0133,True
TestPathData.testCwdContents,4,test order dependency,tabs to spaces,4,0.9441,4,0.9441,False,True,True,85,85,0,0.0,True
TestPathData.testCwdContents,4,test order dependency,strip indent,4,0.9441,4,0.9471,False,True,True,85,73,-12,0.003,True
TestPathData.testCwdContents,4,test order dependency,add blank lines,4,0.9441,4,0.9442,False,True,True,85,87,2,0.0001,True
TestPathData.testCwdContents,4,test order dependency,remove blank lines,4,0.9441,4,0.9441,False,True,True,85,85,0,0.0,True
TestPathData.testCwdContents,4,test order dependency,trailing newline,4,0.9441,4,0.9452,False,True,True,85,86,1,0.0011,True
TestPathData.testCwdContents,4,test order dependency,trailing spaces,4,0.9441,5,0.838,True,True,False,85,92,7,-0.1061,True
TestPathData.testCwdContents,4,test order dependency,CRLF endings,4,0.9441,4,0.9434,False,True,True,85,91,6,-0.0007,True
ProvisioningServiceTest.testCancelDeprovision,4,test order dependency,indent +2,0,0.6196,5,0.9435,True,False,False,242,262,20,0.3238,True
ProvisioningServiceTest.testCancelDeprovision,4,test order dependency,indent +4,0,0.6196,5,0.9481,True,False,False,242,284,42,0.3284,True
ProvisioningServiceTest.testCancelDeprovision,4,test order dependency,indent +8,0,0.6196,5,0.9413,True,False,False,242,328,86,0.3216,True
ProvisioningServiceTest.testCancelDeprovision,4,test order dependency,spaces to tabs,0,0.6196,5,0.9431,True,False,False,242,223,-19,0.3235,True
ProvisioningServiceTest.testCancelDeprovision,4,test order dependency,tabs to spaces,0,0.6196,0,0.6196,False,False,False,242,242,0,0.0,True
ProvisioningServiceTest.testCancelDeprovision,4,test order dependency,strip indent,0,0.6196,0,0.7383,False,False,False,242,213,-29,0.1186,True
ProvisioningServiceTest.testCancelDeprovision,4,test order dependency,add blank lines,0,0.6196,0,0.6416,False,False,False,242,244,2,0.022,True
ProvisioningServiceTest.testCancelDeprovision,4,test order dependency,remove blank lines,0,0.6196,0,0.6196,False,False,False,242,242,0,0.0,True
ProvisioningServiceTest.testCancelDeprovision,4,test order dependency,trailing newline,0,0.6196,0,0.6601,False,False,False,242,243,1,0.0405,True
ProvisioningServiceTest.testCancelDeprovision,4,test order dependency,trailing spaces,0,0.6196,0,0.516,False,False,False,242,254,12,-0.1036,True
ProvisioningServiceTest.testCancelDeprovision,4,test order dependency,CRLF endings,0,0.6196,0,0.6504,False,False,False,242,253,11,0.0308,True
testTimeWindows,2,time,indent +2,2,0.7916,5,0.9369,True,True,False,230,249,19,0.1452,True
testTimeWindows,2,time,indent +4,2,0.7916,5,0.9471,True,True,False,230,271,41,0.1555,True
testTimeWindows,2,time,indent +8,2,0.7916,5,0.9427,True,True,False,230,315,85,0.1511,True
testTimeWindows,2,time,spaces to tabs,2,0.7916,5,0.9306,True,True,False,230,214,-16,0.1389,True
testTimeWindows,2,time,tabs to spaces,2,0.7916,2,0.7916,False,True,True,230,230,0,0.0,True
testTimeWindows,2,time,strip indent,2,0.7916,2,0.792,False,True,True,230,206,-24,0.0004,True
testTimeWindows,2,time,add blank lines,2,0.7916,2,0.7935,False,True,True,230,233,3,0.0019,True
testTimeWindows,2,time,remove blank lines,2,0.7916,2,0.7916,False,True,True,230,230,0,0.0,True
testTimeWindows,2,time,trailing newline,2,0.7916,2,0.7922,False,True,True,230,231,1,0.0005,True
testTimeWindows,2,time,trailing spaces,2,0.7916,2,0.5969,False,True,True,230,242,12,-0.1948,True
testTimeWindows,2,time,CRLF endings,2,0.7916,2,0.7916,False,True,True,230,241,11,0.0,True
testGracefulClose,0,async wait,indent +2,0,0.747,5,0.928,True,True,False,349,383,34,0.1811,True
testGracefulClose,0,async wait,indent +4,0,0.747,5,0.9397,True,True,False,349,419,70,0.1927,True
testGracefulClose,0,async wait,indent +8,0,0.747,5,0.9238,True,True,False,349,491,142,0.1768,True
testGracefulClose,0,async wait,spaces to tabs,0,0.747,5,0.9428,True,True,False,349,277,-72,0.1959,True
testGracefulClose,0,async wait,tabs to spaces,0,0.747,0,0.747,False,True,True,349,349,0,0.0,True
testGracefulClose,0,async wait,strip indent,0,0.747,0,0.8429,False,True,True,349,246,-103,0.096,True
testGracefulClose,0,async wait,add blank lines,0,0.747,0,0.818,False,True,True,349,351,2,0.071,True
testGracefulClose,0,async wait,remove blank lines,0,0.747,0,0.747,False,True,True,349,349,0,0.0,True
testGracefulClose,0,async wait,trailing newline,0,0.747,0,0.7555,False,True,True,349,350,1,0.0085,True
testGracefulClose,0,async wait,trailing spaces,0,0.747,0,0.6187,False,True,True,349,368,19,-0.1282,True
testGracefulClose,0,async wait,CRLF endings,0,0.747,0,0.8114,False,True,True,349,367,18,0.0645,True
testAsyncFunction,1,concurrency,indent +2,0,0.9124,5,0.9328,True,False,False,397,445,48,0.0204,True
testAsyncFunction,1,concurrency,indent +4,0,0.9124,5,0.9362,True,False,False,397,495,98,0.0239,True
testAsyncFunction,1,concurrency,indent +8,0,0.9124,5,0.9271,True,False,False,397,512,115,0.0147,True
testAsyncFunction,1,concurrency,spaces to tabs,0,0.9124,5,0.9451,True,False,False,397,291,-106,0.0327,True
testAsyncFunction,1,concurrency,tabs to spaces,0,0.9124,0,0.9124,False,False,False,397,397,0,0.0,True
testAsyncFunction,1,concurrency,strip indent,0,0.9124,0,0.8232,False,False,False,397,248,-149,-0.0891,True
testAsyncFunction,1,concurrency,add blank lines,0,0.9124,0,0.8989,False,False,False,397,399,2,-0.0134,True
testAsyncFunction,1,concurrency,remove blank lines,0,0.9124,0,0.9124,False,False,False,397,397,0,0.0,True
testAsyncFunction,1,concurrency,trailing newline,0,0.9124,0,0.9126,False,False,False,397,398,1,0.0003,True
testAsyncFunction,1,concurrency,trailing spaces,0,0.9124,0,0.6158,False,False,False,397,423,26,-0.2965,True
testAsyncFunction,1,concurrency,CRLF endings,0,0.9124,0,0.915,False,False,False,397,422,25,0.0026,True
TestHftpFileSystem.testHftpCustomDefaultPorts,4,test order dependency,indent +2,0,0.7865,5,0.9477,True,False,False,194,216,22,0.1612,True
TestHftpFileSystem.testHftpCustomDefaultPorts,4,test order dependency,indent +4,0,0.7865,5,0.9499,True,False,False,194,240,46,0.1634,True
TestHftpFileSystem.testHftpCustomDefaultPorts,4,test order dependency,indent +8,0,0.7865,5,0.945,True,False,False,194,288,94,0.1584,True
TestHftpFileSystem.testHftpCustomDefaultPorts,4,test order dependency,spaces to tabs,0,0.7865,5,0.9462,True,False,False,194,174,-20,0.1597,True
TestHftpFileSystem.testHftpCustomDefaultPorts,4,test order dependency,tabs to spaces,0,0.7865,0,0.7865,False,False,False,194,194,0,0.0,True
TestHftpFileSystem.testHftpCustomDefaultPorts,4,test order dependency,strip indent,0,0.7865,0,0.7858,False,False,False,194,164,-30,-0.0007,True
TestHftpFileSystem.testHftpCustomDefaultPorts,4,test order dependency,add blank lines,0,0.7865,0,0.7502,False,False,False,194,196,2,-0.0364,True
TestHftpFileSystem.testHftpCustomDefaultPorts,4,test order dependency,remove blank lines,0,0.7865,0,0.7865,False,False,False,194,194,0,0.0,True
TestHftpFileSystem.testHftpCustomDefaultPorts,4,test order dependency,trailing newline,0,0.7865,0,0.6434,False,False,False,194,195,1,-0.1432,True
TestHftpFileSystem.testHftpCustomDefaultPorts,4,test order dependency,trailing spaces,0,0.7865,0,0.7172,False,False,False,194,207,13,-0.0693,True
TestHftpFileSystem.testHftpCustomDefaultPorts,4,test order dependency,CRLF endings,0,0.7865,0,0.8269,False,False,False,194,206,12,0.0404,True
testLedgerReachMaximumRolloverTime,0,async wait,indent +2,2,0.7182,5,0.9314,True,False,False,221,241,20,0.2132,True
testLedgerReachMaximumRolloverTime,0,async wait,indent +4,2,0.7182,5,0.9377,True,False,False,221,263,42,0.2195,True
testLedgerReachMaximumRolloverTime,0,async wait,indent +8,2,0.7182,5,0.889,True,False,False,221,307,86,0.1708,True
testLedgerReachMaximumRolloverTime,0,async wait,spaces to tabs,2,0.7182,5,0.9278,True,False,False,221,203,-18,0.2096,True
testLedgerReachMaximumRolloverTime,0,async wait,tabs to spaces,2,0.7182,2,0.7182,False,False,False,221,221,0,0.0,True
testLedgerReachMaximumRolloverTime,0,async wait,strip indent,2,0.7182,2,0.7458,False,False,False,221,194,-27,0.0276,True
testLedgerReachMaximumRolloverTime,0,async wait,add blank lines,2,0.7182,2,0.6767,False,False,False,221,223,2,-0.0415,True
testLedgerReachMaximumRolloverTime,0,async wait,remove blank lines,2,0.7182,2,0.7182,False,False,False,221,221,0,0.0,True
testLedgerReachMaximumRolloverTime,0,async wait,trailing newline,2,0.7182,2,0.713,False,False,False,221,222,1,-0.0052,True
testLedgerReachMaximumRolloverTime,0,async wait,trailing spaces,2,0.7182,2,0.6688,False,False,False,221,233,12,-0.0494,True
testLedgerReachMaximumRolloverTime,0,async wait,CRLF endings,2,0.7182,2,0.7032,False,False,False,221,232,11,-0.015,True
MetadataSubscriberServiceTest.testSubscriber,0,async wait,indent +2,0,0.6094,5,0.9417,True,True,False,512,512,0,0.3323,True
MetadataSubscriberServiceTest.testSubscriber,0,async wait,indent +4,0,0.6094,5,0.947,True,True,False,512,512,0,0.3376,True
MetadataSubscriberServiceTest.testSubscriber,0,async wait,indent +8,0,0.6094,5,0.9447,True,True,False,512,512,0,0.3352,True
MetadataSubscriberServiceTest.testSubscriber,0,async wait,spaces to tabs,0,0.6094,5,0.947,True,True,False,512,512,0,0.3375,True
MetadataSubscriberServiceTest.testSubscriber,0,async wait,tabs to spaces,0,0.6094,0,0.6094,False,True,True,512,512,0,0.0,True
MetadataSubscriberServiceTest.testSubscriber,0,async wait,strip indent,0,0.6094,0,0.5878,False,True,True,512,512,0,-0.0216,True
MetadataSubscriberServiceTest.testSubscriber,0,async wait,add blank lines,0,0.6094,0,0.5689,False,True,True,512,512,0,-0.0405,True
MetadataSubscriberServiceTest.testSubscriber,0,async wait,remove blank lines,0,0.6094,0,0.6094,False,True,True,512,512,0,0.0,True
MetadataSubscriberServiceTest.testSubscriber,0,async wait,trailing newline,0,0.6094,0,0.6094,False,True,True,512,512,0,0.0,True
MetadataSubscriberServiceTest.testSubscriber,0,async wait,trailing spaces,0,0.6094,5,0.5356,True,True,False,512,512,0,-0.0738,True
MetadataSubscriberServiceTest.testSubscriber,0,async wait,CRLF endings,0,0.6094,0,0.7321,False,True,True,512,512,0,0.1227,True
JSONObjectTest_readObject.test_6,3,unordered collections,indent +2,3,0.5454,5,0.9487,True,True,False,243,273,30,0.4033,True
JSONObjectTest_readObject.test_6,3,unordered collections,indent +4,3,0.5454,5,0.9497,True,True,False,243,305,62,0.4043,True
JSONObjectTest_readObject.test_6,3,unordered collections,indent +8,3,0.5454,5,0.9447,True,True,False,243,369,126,0.3993,True
JSONObjectTest_readObject.test_6,3,unordered collections,spaces to tabs,3,0.5454,5,0.9472,True,True,False,243,215,-28,0.4018,True
JSONObjectTest_readObject.test_6,3,unordered collections,tabs to spaces,3,0.5454,3,0.5454,False,True,True,243,243,0,0.0,True
JSONObjectTest_readObject.test_6,3,unordered collections,strip indent,3,0.5454,3,0.5299,False,True,True,243,201,-42,-0.0155,True
JSONObjectTest_readObject.test_6,3,unordered collections,add blank lines,3,0.5454,3,0.6172,False,True,True,243,245,2,0.0718,True
JSONObjectTest_readObject.test_6,3,unordered collections,remove blank lines,3,0.5454,3,0.5454,False,True,True,243,243,0,0.0,True
JSONObjectTest_readObject.test_6,3,unordered collections,trailing newline,3,0.5454,3,0.5724,False,True,True,243,244,1,0.027,True
JSONObjectTest_readObject.test_6,3,unordered collections,trailing spaces,3,0.5454,5,0.768,True,True,False,243,260,17,0.2226,True
JSONObjectTest_readObject.test_6,3,unordered collections,CRLF endings,3,0.5454,3,0.4649,False,True,True,243,259,16,-0.0805,True
AvroSchemaTest.testNotAllowNullSchema,3,unordered collections,indent +2,3,0.8157,5,0.9488,True,True,False,367,401,34,0.133,True
AvroSchemaTest.testNotAllowNullSchema,3,unordered collections,indent +4,3,0.8157,5,0.9503,True,True,False,367,437,70,0.1345,True
AvroSchemaTest.testNotAllowNullSchema,3,unordered collections,indent +8,3,0.8157,5,0.9468,True,True,False,367,509,142,0.131,True
AvroSchemaTest.testNotAllowNullSchema,3,unordered collections,spaces to tabs,3,0.8157,5,0.9506,True,True,False,367,305,-62,0.1349,True
AvroSchemaTest.testNotAllowNullSchema,3,unordered collections,tabs to spaces,3,0.8157,3,0.8157,False,True,True,367,367,0,0.0,True
AvroSchemaTest.testNotAllowNullSchema,3,unordered collections,strip indent,3,0.8157,3,0.7442,False,True,True,367,279,-88,-0.0716,True
AvroSchemaTest.testNotAllowNullSchema,3,unordered collections,add blank lines,3,0.8157,3,0.7346,False,True,True,367,369,2,-0.0811,True
AvroSchemaTest.testNotAllowNullSchema,3,unordered collections,remove blank lines,3,0.8157,3,0.8157,False,True,True,367,367,0,0.0,True
AvroSchemaTest.testNotAllowNullSchema,3,unordered collections,trailing newline,3,0.8157,3,0.8043,False,True,True,367,368,1,-0.0114,True
AvroSchemaTest.testNotAllowNullSchema,3,unordered collections,trailing spaces,3,0.8157,5,0.7088,True,True,False,367,386,19,-0.1069,True
AvroSchemaTest.testNotAllowNullSchema,3,unordered collections,CRLF endings,3,0.8157,3,0.7815,False,True,True,367,385,18,-0.0342,True
Issue1492.test_for_issue,3,unordered collections,indent +2,0,0.7893,5,0.9424,True,False,False,272,308,36,0.1531,True
Issue1492.test_for_issue,3,unordered collections,indent +4,0,0.7893,5,0.9466,True,False,False,272,346,74,0.1573,True
Issue1492.test_for_issue,3,unordered collections,indent +8,0,0.7893,5,0.9368,True,False,False,272,422,150,0.1476,True
Issue1492.test_for_issue,3,unordered collections,spaces to tabs,0,0.7893,5,0.9385,True,False,False,272,238,-34,0.1492,True
Issue1492.test_for_issue,3,unordered collections,tabs to spaces,0,0.7893,0,0.7893,False,False,False,272,272,0,0.0,True
Issue1492.test_for_issue,3,unordered collections,strip indent,0,0.7893,0,0.7229,False,False,False,272,221,-51,-0.0663,True
Issue1492.test_for_issue,3,unordered collections,add blank lines,0,0.7893,0,0.6813,False,False,False,272,274,2,-0.108,True
Issue1492.test_for_issue,3,unordered collections,remove blank lines,0,0.7893,0,0.7893,False,False,False,272,272,0,0.0,True
Issue1492.test_for_issue,3,unordered collections,trailing newline,0,0.7893,0,0.7075,False,False,False,272,273,1,-0.0818,True
Issue1492.test_for_issue,3,unordered collections,trailing spaces,0,0.7893,0,0.7266,False,False,False,272,292,20,-0.0626,True
Issue1492.test_for_issue,3,unordered collections,CRLF endings,0,0.7893,0,0.8432,False,False,False,272,291,19,0.0539,True
d0efffad5d2034bb07525cac9b299dac72c3045d.testCloseReason,4,test order dependency,indent +2,0,0.8803,5,0.9413,True,False,False,243,261,18,0.061,True
d0efffad5d2034bb07525cac9b299dac72c3045d.testCloseReason,4,test order dependency,indent +4,0,0.8803,5,0.9487,True,False,False,243,281,38,0.0684,True
d0efffad5d2034bb07525cac9b299dac72c3045d.testCloseReason,4,test order dependency,indent +8,0,0.8803,5,0.9471,True,False,False,243,321,78,0.0668,True
d0efffad5d2034bb07525cac9b299dac72c3045d.testCloseReason,4,test order dependency,spaces to tabs,0,0.8803,5,0.9437,True,False,False,243,227,-16,0.0634,True
d0efffad5d2034bb07525cac9b299dac72c3045d.testCloseReason,4,test order dependency,tabs to spaces,0,0.8803,0,0.8803,False,False,False,243,243,0,0.0,True
d0efffad5d2034bb07525cac9b299dac72c3045d.testCloseReason,4,test order dependency,strip indent,0,0.8803,0,0.7079,False,False,False,243,219,-24,-0.1724,True
d0efffad5d2034bb07525cac9b299dac72c3045d.testCloseReason,4,test order dependency,add blank lines,0,0.8803,0,0.8803,False,False,False,243,245,2,-0.0,True
d0efffad5d2034bb07525cac9b299dac72c3045d.testCloseReason,4,test order dependency,remove blank lines,0,0.8803,0,0.8803,False,False,False,243,243,0,0.0,True
d0efffad5d2034bb07525cac9b299dac72c3045d.testCloseReason,4,test order dependency,trailing newline,0,0.8803,0,0.8499,False,False,False,243,244,1,-0.0304,True
d0efffad5d2034bb07525cac9b299dac72c3045d.testCloseReason,4,test order dependency,trailing spaces,0,0.8803,5,0.4422,True,False,False,243,254,11,-0.4381,True
d0efffad5d2034bb07525cac9b299dac72c3045d.testCloseReason,4,test order dependency,CRLF endings,0,0.8803,0,0.8889,False,False,False,243,253,10,0.0086,True
ReplicatorTest.testReplicatorProducerName,0,async wait,indent +2,0,0.8551,5,0.9471,True,True,False,260,286,26,0.092,True
ReplicatorTest.testReplicatorProducerName,0,async wait,indent +4,0,0.8551,5,0.949,True,True,False,260,314,54,0.0939,True
ReplicatorTest.testReplicatorProducerName,0,async wait,indent +8,0,0.8551,5,0.9448,True,True,False,260,370,110,0.0897,True
ReplicatorTest.testReplicatorProducerName,0,async wait,spaces to tabs,0,0.8551,5,0.9466,True,True,False,260,233,-27,0.0915,True
ReplicatorTest.testReplicatorProducerName,0,async wait,tabs to spaces,0,0.8551,0,0.8551,False,True,True,260,260,0,0.0,True
ReplicatorTest.testReplicatorProducerName,0,async wait,strip indent,0,0.8551,4,0.7416,True,True,False,260,220,-40,-0.1135,True
ReplicatorTest.testReplicatorProducerName,0,async wait,add blank lines,0,0.8551,0,0.7966,False,True,True,260,262,2,-0.0585,True
ReplicatorTest.testReplicatorProducerName,0,async wait,remove blank lines,0,0.8551,0,0.8551,False,True,True,260,260,0,0.0,True
ReplicatorTest.testReplicatorProducerName,0,async wait,trailing newline,0,0.8551,0,0.7263,False,True,True,260,261,1,-0.1288,True
ReplicatorTest.testReplicatorProducerName,0,async wait,trailing spaces,0,0.8551,5,0.8533,True,True,False,260,275,15,-0.0018,True
ReplicatorTest.testReplicatorProducerName,0,async wait,CRLF endings,0,0.8551,0,0.8543,False,True,True,260,274,14,-0.0008,True
test_date,2,time,indent +2,2,0.7289,5,0.9307,True,True,False,480,512,32,0.2017,True
test_date,2,time,indent +4,2,0.7289,5,0.9423,True,True,False,480,512,32,0.2134,True
test_date,2,time,indent +8,2,0.7289,5,0.9364,True,True,False,480,512,32,0.2075,True
test_date,2,time,spaces to tabs,2,0.7289,5,0.9359,True,True,False,480,446,-34,0.207,True
test_date,2,time,tabs to spaces,2,0.7289,2,0.7289,False,True,True,480,480,0,0.0,True
test_date,2,time,strip indent,2,0.7289,2,0.6618,False,True,True,480,429,-51,-0.0672,True
test_date,2,time,add blank lines,2,0.7289,2,0.7159,False,True,True,480,482,2,-0.0131,True
test_date,2,time,remove blank lines,2,0.7289,2,0.7289,False,True,True,480,480,0,0.0,True
test_date,2,time,trailing newline,2,0.7289,2,0.7217,False,True,True,480,481,1,-0.0072,True
test_date,2,time,trailing spaces,2,0.7289,5,0.254,True,True,False,480,500,20,-0.4749,True
test_date,2,time,CRLF endings,2,0.7289,2,0.7211,False,True,True,480,499,19,-0.0078,True
TestSecurityUtil.testBuildDTServiceName,4,test order dependency,indent +2,4,0.3941,5,0.9464,True,True,False,154,164,10,0.5523,True
TestSecurityUtil.testBuildDTServiceName,4,test order dependency,indent +4,4,0.3941,5,0.9481,True,True,False,154,176,22,0.5541,True
TestSecurityUtil.testBuildDTServiceName,4,test order dependency,indent +8,4,0.3941,5,0.943,True,True,False,154,200,46,0.5489,True
TestSecurityUtil.testBuildDTServiceName,4,test order dependency,spaces to tabs,4,0.3941,5,0.9377,True,True,False,154,146,-8,0.5437,True
TestSecurityUtil.testBuildDTServiceName,4,test order dependency,tabs to spaces,4,0.3941,4,0.3941,False,True,True,154,154,0,0.0,True
TestSecurityUtil.testBuildDTServiceName,4,test order dependency,strip indent,4,0.3941,4,0.6982,False,True,True,154,142,-12,0.3041,True
TestSecurityUtil.testBuildDTServiceName,4,test order dependency,add blank lines,4,0.3941,4,0.4283,False,True,True,154,156,2,0.0342,True
TestSecurityUtil.testBuildDTServiceName,4,test order dependency,remove blank lines,4,0.3941,4,0.3941,False,True,True,154,154,0,0.0,True
TestSecurityUtil.testBuildDTServiceName,4,test order dependency,trailing newline,4,0.3941,4,0.6493,False,True,True,154,155,1,0.2552,True
TestSecurityUtil.testBuildDTServiceName,4,test order dependency,trailing spaces,4,0.3941,5,0.7458,True,True,False,154,161,7,0.3517,True
TestSecurityUtil.testBuildDTServiceName,4,test order dependency,CRLF endings,4,0.3941,4,0.4372,False,True,True,154,160,6,0.0431,True
SystemCacheNotConfiguredTest.test,0,async wait,indent +2,0,0.9191,5,0.9465,True,True,False,135,153,18,0.0274,True
SystemCacheNotConfiguredTest.test,0,async wait,indent +4,0,0.9191,5,0.9483,True,True,False,135,173,38,0.0292,True
SystemCacheNotConfiguredTest.test,0,async wait,indent +8,0,0.9191,5,0.9459,True,True,False,135,213,78,0.0268,True
SystemCacheNotConfiguredTest.test,0,async wait,spaces to tabs,0,0.9191,5,0.9272,True,True,False,135,120,-15,0.0081,True
SystemCacheNotConfiguredTest.test,0,async wait,tabs to spaces,0,0.9191,0,0.9191,False,True,True,135,135,0,0.0,True
SystemCacheNotConfiguredTest.test,0,async wait,strip indent,0,0.9191,0,0.9075,False,True,True,135,112,-23,-0.0116,True
SystemCacheNotConfiguredTest.test,0,async wait,add blank lines,0,0.9191,0,0.9198,False,True,True,135,137,2,0.0007,True
SystemCacheNotConfiguredTest.test,0,async wait,remove blank lines,0,0.9191,0,0.9191,False,True,True,135,135,0,0.0,True
SystemCacheNotConfiguredTest.test,0,async wait,trailing newline,0,0.9191,0,0.9038,False,True,True,135,136,1,-0.0153,True
SystemCacheNotConfiguredTest.test,0,async wait,trailing spaces,0,0.9191,5,0.4538,True,True,False,135,146,11,-0.4653,True
SystemCacheNotConfiguredTest.test,0,async wait,CRLF endings,0,0.9191,0,0.9188,False,True,True,135,145,10,-0.0003,True
TestUnderReplicatedBlocks.testSetrepIncWithUnderReplicatedBlocks,0,async wait,indent +2,0,0.9139,5,0.9428,True,True,False,447,487,40,0.0288,True
TestUnderReplicatedBlocks.testSetrepIncWithUnderReplicatedBlocks,0,async wait,indent +4,0,0.9139,5,0.945,True,True,False,447,512,65,0.031,True
TestUnderReplicatedBlocks.testSetrepIncWithUnderReplicatedBlocks,0,async wait,indent +8,0,0.9139,5,0.934,True,True,False,447,512,65,0.02,True
TestUnderReplicatedBlocks.testSetrepIncWithUnderReplicatedBlocks,0,async wait,spaces to tabs,0,0.9139,5,0.9451,True,True,False,447,375,-72,0.0312,True
TestUnderReplicatedBlocks.testSetrepIncWithUnderReplicatedBlocks,0,async wait,tabs to spaces,0,0.9139,0,0.9139,False,True,True,447,447,0,0.0,True
TestUnderReplicatedBlocks.testSetrepIncWithUnderReplicatedBlocks,0,async wait,strip indent,0,0.9139,0,0.8202,False,True,True,447,345,-102,-0.0938,True
TestUnderReplicatedBlocks.testSetrepIncWithUnderReplicatedBlocks,0,async wait,add blank lines,0,0.9139,0,0.8756,False,True,True,447,449,2,-0.0383,True
TestUnderReplicatedBlocks.testSetrepIncWithUnderReplicatedBlocks,0,async wait,remove blank lines,0,0.9139,0,0.9139,False,True,True,447,447,0,0.0,True
TestUnderReplicatedBlocks.testSetrepIncWithUnderReplicatedBlocks,0,async wait,trailing newline,0,0.9139,0,0.912,False,True,True,447,448,1,-0.0019,True
TestUnderReplicatedBlocks.testSetrepIncWithUnderReplicatedBlocks,0,async wait,trailing spaces,0,0.9139,0,0.8055,False,True,True,447,469,22,-0.1084,True
TestUnderReplicatedBlocks.testSetrepIncWithUnderReplicatedBlocks,0,async wait,CRLF endings,0,0.9139,0,0.9128,False,True,True,447,468,21,-0.0011,True
Issue1584.test_for_issue,3,unordered collections,indent +2,0,0.457,5,0.9454,True,False,False,390,434,44,0.4883,True
Issue1584.test_for_issue,3,unordered collections,indent +4,0,0.457,5,0.9473,True,False,False,390,480,90,0.4903,True
Issue1584.test_for_issue,3,unordered collections,indent +8,0,0.457,5,0.9464,True,False,False,390,512,122,0.4893,True
Issue1584.test_for_issue,3,unordered collections,spaces to tabs,0,0.457,5,0.9504,True,False,False,390,296,-94,0.4934,True
Issue1584.test_for_issue,3,unordered collections,tabs to spaces,0,0.457,0,0.457,False,False,False,390,390,0,0.0,True
Issue1584.test_for_issue,3,unordered collections,strip indent,0,0.457,4,0.6379,True,False,False,390,258,-132,0.1808,True
Issue1584.test_for_issue,3,unordered collections,add blank lines,0,0.457,5,0.8882,True,False,False,390,392,2,0.4312,True
Issue1584.test_for_issue,3,unordered collections,remove blank lines,0,0.457,0,0.457,False,False,False,390,390,0,0.0,True
Issue1584.test_for_issue,3,unordered collections,trailing newline,0,0.457,0,0.4689,False,False,False,390,391,1,0.0118,True
Issue1584.test_for_issue,3,unordered collections,trailing spaces,0,0.457,5,0.8823,True,False,False,390,414,24,0.4252,True
Issue1584.test_for_issue,3,unordered collections,CRLF endings,0,0.457,5,0.5454,True,False,False,390,413,23,0.0884,True
TestDelegationTokenForProxyUser.testWebHdfsDoAs,4,test order dependency,indent +2,0,0.8921,5,0.9382,True,False,False,512,512,0,0.046,True
TestDelegationTokenForProxyUser.testWebHdfsDoAs,4,test order dependency,indent +4,0,0.8921,5,0.9423,True,False,False,512,512,0,0.0502,True
TestDelegationTokenForProxyUser.testWebHdfsDoAs,4,test order dependency,indent +8,0,0.8921,5,0.9358,True,False,False,512,512,0,0.0437,True
TestDelegationTokenForProxyUser.testWebHdfsDoAs,4,test order dependency,spaces to tabs,0,0.8921,5,0.9455,True,False,False,512,512,0,0.0533,True
TestDelegationTokenForProxyUser.testWebHdfsDoAs,4,test order dependency,tabs to spaces,0,0.8921,0,0.8921,False,False,False,512,512,0,0.0,True
TestDelegationTokenForProxyUser.testWebHdfsDoAs,4,test order dependency,strip indent,0,0.8921,0,0.7254,False,False,False,512,512,0,-0.1668,True
TestDelegationTokenForProxyUser.testWebHdfsDoAs,4,test order dependency,add blank lines,0,0.8921,0,0.7903,False,False,False,512,512,0,-0.1019,True
TestDelegationTokenForProxyUser.testWebHdfsDoAs,4,test order dependency,remove blank lines,0,0.8921,0,0.8921,False,False,False,512,512,0,0.0,True
TestDelegationTokenForProxyUser.testWebHdfsDoAs,4,test order dependency,trailing newline,0,0.8921,0,0.8921,False,False,False,512,512,0,0.0,True
TestDelegationTokenForProxyUser.testWebHdfsDoAs,4,test order dependency,trailing spaces,0,0.8921,0,0.6864,False,False,False,512,512,0,-0.2057,True
TestDelegationTokenForProxyUser.testWebHdfsDoAs,4,test order dependency,CRLF endings,0,0.8921,0,0.9044,False,False,False,512,512,0,0.0122,True
TestMetricsSystemImpl.testInitFirstVerifyCallBacks,3,unordered collections,indent +2,0,0.9231,5,0.9153,True,False,False,512,512,0,-0.0078,True
TestMetricsSystemImpl.testInitFirstVerifyCallBacks,3,unordered collections,indent +4,0,0.9231,5,0.939,True,False,False,512,512,0,0.0159,True
TestMetricsSystemImpl.testInitFirstVerifyCallBacks,3,unordered collections,indent +8,0,0.9231,5,0.9284,True,False,False,512,512,0,0.0052,True
TestMetricsSystemImpl.testInitFirstVerifyCallBacks,3,unordered collections,spaces to tabs,0,0.9231,5,0.9229,True,False,False,512,512,0,-0.0002,True
TestMetricsSystemImpl.testInitFirstVerifyCallBacks,3,unordered collections,tabs to spaces,0,0.9231,0,0.9231,False,False,False,512,512,0,0.0,True
TestMetricsSystemImpl.testInitFirstVerifyCallBacks,3,unordered collections,strip indent,0,0.9231,0,0.9196,False,False,False,512,506,-6,-0.0035,True
TestMetricsSystemImpl.testInitFirstVerifyCallBacks,3,unordered collections,add blank lines,0,0.9231,0,0.924,False,False,False,512,512,0,0.0009,True
TestMetricsSystemImpl.testInitFirstVerifyCallBacks,3,unordered collections,remove blank lines,0,0.9231,0,0.9231,False,False,False,512,512,0,0.0,True
TestMetricsSystemImpl.testInitFirstVerifyCallBacks,3,unordered collections,trailing newline,0,0.9231,0,0.9231,False,False,False,512,512,0,0.0,True
TestMetricsSystemImpl.testInitFirstVerifyCallBacks,3,unordered collections,trailing spaces,0,0.9231,0,0.9142,False,False,False,512,512,0,-0.0089,True
TestMetricsSystemImpl.testInitFirstVerifyCallBacks,3,unordered collections,CRLF endings,0,0.9231,0,0.9233,False,False,False,512,512,0,0.0001,True
WorkflowHttpHandlerTest.testWorkflowTokenPut,0,async wait,indent +2,0,0.7473,5,0.9403,True,True,False,512,512,0,0.193,True
WorkflowHttpHandlerTest.testWorkflowTokenPut,0,async wait,indent +4,0,0.7473,5,0.9475,True,True,False,512,512,0,0.2001,True
WorkflowHttpHandlerTest.testWorkflowTokenPut,0,async wait,indent +8,0,0.7473,5,0.9421,True,True,False,512,512,0,0.1947,True
WorkflowHttpHandlerTest.testWorkflowTokenPut,0,async wait,spaces to tabs,0,0.7473,5,0.9454,True,True,False,512,512,0,0.1981,True
WorkflowHttpHandlerTest.testWorkflowTokenPut,0,async wait,tabs to spaces,0,0.7473,0,0.7473,False,True,True,512,512,0,0.0,True
WorkflowHttpHandlerTest.testWorkflowTokenPut,0,async wait,strip indent,0,0.7473,0,0.6437,False,True,True,512,512,0,-0.1036,True
WorkflowHttpHandlerTest.testWorkflowTokenPut,0,async wait,add blank lines,0,0.7473,0,0.7401,False,True,True,512,512,0,-0.0072,True
WorkflowHttpHandlerTest.testWorkflowTokenPut,0,async wait,remove blank lines,0,0.7473,0,0.7473,False,True,True,512,512,0,0.0,True
WorkflowHttpHandlerTest.testWorkflowTokenPut,0,async wait,trailing newline,0,0.7473,0,0.7473,False,True,True,512,512,0,0.0,True
WorkflowHttpHandlerTest.testWorkflowTokenPut,0,async wait,trailing spaces,0,0.7473,5,0.4718,True,True,False,512,512,0,-0.2756,True
WorkflowHttpHandlerTest.testWorkflowTokenPut,0,async wait,CRLF endings,0,0.7473,0,0.7634,False,True,True,512,512,0,0.0161,True
SortFieldTest.test_1,3,unordered collections,indent +2,3,0.8637,5,0.9513,True,True,False,180,196,16,0.0876,True
SortFieldTest.test_1,3,unordered collections,indent +4,3,0.8637,5,0.9519,True,True,False,180,214,34,0.0882,True
SortFieldTest.test_1,3,unordered collections,indent +8,3,0.8637,5,0.9501,True,True,False,180,250,70,0.0864,True
SortFieldTest.test_1,3,unordered collections,spaces to tabs,3,0.8637,5,0.947,True,True,False,180,166,-14,0.0833,True
SortFieldTest.test_1,3,unordered collections,tabs to spaces,3,0.8637,3,0.8637,False,True,True,180,180,0,0.0,True
SortFieldTest.test_1,3,unordered collections,strip indent,3,0.8637,3,0.8481,False,True,True,180,159,-21,-0.0156,True
SortFieldTest.test_1,3,unordered collections,add blank lines,3,0.8637,3,0.8595,False,True,True,180,182,2,-0.0042,True
SortFieldTest.test_1,3,unordered collections,remove blank lines,3,0.8637,3,0.8637,False,True,True,180,180,0,0.0,True
SortFieldTest.test_1,3,unordered collections,trailing newline,3,0.8637,3,0.845,False,True,True,180,181,1,-0.0187,True
SortFieldTest.test_1,3,unordered collections,trailing spaces,3,0.8637,5,0.8697,True,True,False,180,190,10,0.006,True
SortFieldTest.test_1,3,unordered collections,CRLF endings,3,0.8637,3,0.8617,False,True,True,180,189,9,-0.002,True
testWithMismatchingPending,1,concurrency,indent +2,0,0.9219,5,0.936,True,False,False,512,512,0,0.0141,True
testWithMismatchingPending,1,concurrency,indent +4,0,0.9219,5,0.9442,True,False,False,512,512,0,0.0223,True
testWithMismatchingPending,1,concurrency,indent +8,0,0.9219,5,0.9389,True,False,False,512,512,0,0.017,True
testWithMismatchingPending,1,concurrency,spaces to tabs,0,0.9219,5,0.9361,True,False,False,512,438,-74,0.0142,True
testWithMismatchingPending,1,concurrency,tabs to spaces,0,0.9219,0,0.9219,False,False,False,512,512,0,0.0,True
testWithMismatchingPending,1,concurrency,strip indent,0,0.9219,0,0.919,False,False,False,512,389,-123,-0.003,True
testWithMismatchingPending,1,concurrency,add blank lines,0,0.9219,0,0.7412,False,False,False,512,512,0,-0.1807,True
testWithMismatchingPending,1,concurrency,remove blank lines,0,0.9219,0,0.9219,False,False,False,512,512,0,0.0,True
testWithMismatchingPending,1,concurrency,trailing newline,0,0.9219,0,0.9219,False,False,False,512,512,0,0.0,True
testWithMismatchingPending,1,concurrency,trailing spaces,0,0.9219,0,0.5882,False,False,False,512,512,0,-0.3337,True
testWithMismatchingPending,1,concurrency,CRLF endings,0,0.9219,0,0.9231,False,False,False,512,512,0,0.0012,True
MessageIdTest.producerSendAsync,0,async wait,indent +2,0,0.9178,5,0.9497,True,True,False,512,512,0,0.0319,True
MessageIdTest.producerSendAsync,0,async wait,indent +4,0,0.9178,5,0.9501,True,True,False,512,512,0,0.0323,True
MessageIdTest.producerSendAsync,0,async wait,indent +8,0,0.9178,5,0.949,True,True,False,512,512,0,0.0312,True
MessageIdTest.producerSendAsync,0,async wait,spaces to tabs,0,0.9178,5,0.9444,True,True,False,512,512,0,0.0266,True
MessageIdTest.producerSendAsync,0,async wait,tabs to spaces,0,0.9178,0,0.9178,False,True,True,512,512,0,0.0,True
MessageIdTest.producerSendAsync,0,async wait,strip indent,0,0.9178,0,0.8966,False,True,True,512,512,0,-0.0212,True
MessageIdTest.producerSendAsync,0,async wait,add blank lines,0,0.9178,0,0.8804,False,True,True,512,512,0,-0.0374,True
MessageIdTest.producerSendAsync,0,async wait,remove blank lines,0,0.9178,0,0.9178,False,True,True,512,512,0,0.0,True
MessageIdTest.producerSendAsync,0,async wait,trailing newline,0,0.9178,0,0.9178,False,True,True,512,512,0,0.0,True
MessageIdTest.producerSendAsync,0,async wait,trailing spaces,0,0.9178,5,0.5967,True,True,False,512,512,0,-0.3212,True
MessageIdTest.producerSendAsync,0,async wait,CRLF endings,0,0.9178,0,0.9162,False,True,True,512,512,0,-0.0017,True
testAuthenticationFromMultipleThreadsWithCachedToken,1,concurrency,indent +2,1,0.4803,5,0.9458,True,True,False,391,428,37,0.4655,True
testAuthenticationFromMultipleThreadsWithCachedToken,1,concurrency,indent +4,1,0.4803,5,0.9478,True,True,False,391,468,77,0.4675,True
testAuthenticationFromMultipleThreadsWithCachedToken,1,concurrency,indent +8,1,0.4803,5,0.9447,True,True,False,391,512,121,0.4644,True
testAuthenticationFromMultipleThreadsWithCachedToken,1,concurrency,spaces to tabs,1,0.4803,5,0.9384,True,True,False,391,361,-30,0.4581,True
testAuthenticationFromMultipleThreadsWithCachedToken,1,concurrency,tabs to spaces,1,0.4803,1,0.4803,False,True,True,391,391,0,0.0,True
testAuthenticationFromMultipleThreadsWithCachedToken,1,concurrency,strip indent,1,0.4803,1,0.4329,False,True,True,391,344,-47,-0.0474,True
testAuthenticationFromMultipleThreadsWithCachedToken,1,concurrency,add blank lines,1,0.4803,1,0.5188,False,True,True,391,394,3,0.0385,True
testAuthenticationFromMultipleThreadsWithCachedToken,1,concurrency,remove blank lines,1,0.4803,1,0.4803,False,True,True,391,391,0,0.0,True
testAuthenticationFromMultipleThreadsWithCachedToken,1,concurrency,trailing newline,1,0.4803,1,0.4528,False,True,True,391,392,1,-0.0275,True
testAuthenticationFromMultipleThreadsWithCachedToken,1,concurrency,trailing spaces,1,0.4803,0,0.6196,True,True,False,391,412,21,0.1393,True
testAuthenticationFromMultipleThreadsWithCachedToken,1,concurrency,CRLF endings,1,0.4803,1,0.4641,False,True,True,391,411,20,-0.0161,True
MessageIdTest.testChecksumReconnection,0,async wait,indent +2,0,0.9248,5,0.904,True,True,False,512,512,0,-0.0208,True
MessageIdTest.testChecksumReconnection,0,async wait,indent +4,0,0.9248,5,0.9362,True,True,False,512,512,0,0.0114,True
MessageIdTest.testChecksumReconnection,0,async wait,indent +8,0,0.9248,5,0.9124,True,True,False,512,512,0,-0.0124,True
MessageIdTest.testChecksumReconnection,0,async wait,spaces to tabs,0,0.9248,5,0.8999,True,True,False,512,512,0,-0.0249,True
MessageIdTest.testChecksumReconnection,0,async wait,tabs to spaces,0,0.9248,0,0.9248,False,True,True,512,512,0,0.0,True
MessageIdTest.testChecksumReconnection,0,async wait,strip indent,0,0.9248,0,0.926,False,True,True,512,512,0,0.0012,True
MessageIdTest.testChecksumReconnection,0,async wait,add blank lines,0,0.9248,0,0.9238,False,True,True,512,512,0,-0.001,True
MessageIdTest.testChecksumReconnection,0,async wait,remove blank lines,0,0.9248,0,0.9248,False,True,True,512,512,0,0.0,True
MessageIdTest.testChecksumReconnection,0,async wait,trailing newline,0,0.9248,0,0.9248,False,True,True,512,512,0,0.0,True
MessageIdTest.testChecksumReconnection,0,async wait,trailing spaces,0,0.9248,0,0.9136,False,True,True,512,512,0,-0.0112,True
MessageIdTest.testChecksumReconnection,0,async wait,CRLF endings,0,0.9248,0,0.9253,False,True,True,512,512,0,0.0005,True
TestFairScheduler.testContinuousScheduling,0,async wait,indent +2,0,0.9211,5,0.9148,True,True,False,468,510,42,-0.0063,True
TestFairScheduler.testContinuousScheduling,0,async wait,indent +4,0,0.9211,5,0.9393,True,True,False,468,512,44,0.0182,True
TestFairScheduler.testContinuousScheduling,0,async wait,indent +8,0,0.9211,5,0.9364,True,True,False,468,512,44,0.0153,True
TestFairScheduler.testContinuousScheduling,0,async wait,spaces to tabs,0,0.9211,5,0.9327,True,True,False,468,428,-40,0.0116,True
TestFairScheduler.testContinuousScheduling,0,async wait,tabs to spaces,0,0.9211,0,0.9211,False,True,True,468,468,0,0.0,True
TestFairScheduler.testContinuousScheduling,0,async wait,strip indent,0,0.9211,0,0.9181,False,True,True,468,408,-60,-0.003,True
TestFairScheduler.testContinuousScheduling,0,async wait,add blank lines,0,0.9211,0,0.9204,False,True,True,468,470,2,-0.0007,True
TestFairScheduler.testContinuousScheduling,0,async wait,remove blank lines,0,0.9211,0,0.9211,False,True,True,468,468,0,0.0,True
TestFairScheduler.testContinuousScheduling,0,async wait,trailing newline,0,0.9211,0,0.9212,False,True,True,468,469,1,0.0001,True
TestFairScheduler.testContinuousScheduling,0,async wait,trailing spaces,0,0.9211,0,0.9155,False,True,True,468,491,23,-0.0056,True
TestFairScheduler.testContinuousScheduling,0,async wait,CRLF endings,0,0.9211,0,0.9235,False,True,True,468,490,22,0.0024,True
IgnitePdsThreadInterruptionTest.testInterruptsOnLFSRead,1,concurrency,indent +2,0,0.8635,5,0.9244,True,False,False,512,512,0,0.0609,True
IgnitePdsThreadInterruptionTest.testInterruptsOnLFSRead,1,concurrency,indent +4,0,0.8635,5,0.9335,True,False,False,512,512,0,0.0699,True
IgnitePdsThreadInterruptionTest.testInterruptsOnLFSRead,1,concurrency,indent +8,0,0.8635,5,0.9192,True,False,False,512,512,0,0.0556,True
IgnitePdsThreadInterruptionTest.testInterruptsOnLFSRead,1,concurrency,spaces to tabs,0,0.8635,5,0.943,True,False,False,512,512,0,0.0794,True
IgnitePdsThreadInterruptionTest.testInterruptsOnLFSRead,1,concurrency,tabs to spaces,0,0.8635,0,0.8635,False,False,False,512,512,0,0.0,True
IgnitePdsThreadInterruptionTest.testInterruptsOnLFSRead,1,concurrency,strip indent,0,0.8635,0,0.8458,False,False,False,512,452,-60,-0.0178,True
IgnitePdsThreadInterruptionTest.testInterruptsOnLFSRead,1,concurrency,add blank lines,0,0.8635,5,0.5894,True,False,False,512,512,0,-0.2741,True
IgnitePdsThreadInterruptionTest.testInterruptsOnLFSRead,1,concurrency,remove blank lines,0,0.8635,0,0.8635,False,False,False,512,512,0,0.0,True
IgnitePdsThreadInterruptionTest.testInterruptsOnLFSRead,1,concurrency,trailing newline,0,0.8635,0,0.8635,False,False,False,512,512,0,0.0,True
IgnitePdsThreadInterruptionTest.testInterruptsOnLFSRead,1,concurrency,trailing spaces,0,0.8635,0,0.8642,False,False,False,512,512,0,0.0007,True
IgnitePdsThreadInterruptionTest.testInterruptsOnLFSRead,1,concurrency,CRLF endings,0,0.8635,0,0.9065,False,False,False,512,512,0,0.0429,True
shouldTerminateWhenFutureIsCancelled,1,concurrency,indent +2,1,0.5131,5,0.9326,True,True,False,512,512,0,0.4195,True
shouldTerminateWhenFutureIsCancelled,1,concurrency,indent +4,1,0.5131,5,0.9444,True,True,False,512,512,0,0.4314,True
shouldTerminateWhenFutureIsCancelled,1,concurrency,indent +8,1,0.5131,5,0.9313,True,True,False,512,512,0,0.4182,True
shouldTerminateWhenFutureIsCancelled,1,concurrency,spaces to tabs,1,0.5131,5,0.9357,True,True,False,512,456,-56,0.4226,True
shouldTerminateWhenFutureIsCancelled,1,concurrency,tabs to spaces,1,0.5131,1,0.5131,False,True,True,512,512,0,0.0,True
shouldTerminateWhenFutureIsCancelled,1,concurrency,strip indent,1,0.5131,1,0.5295,False,True,True,512,410,-102,0.0164,True
shouldTerminateWhenFutureIsCancelled,1,concurrency,add blank lines,1,0.5131,0,0.6692,True,True,False,512,512,0,0.1561,True
shouldTerminateWhenFutureIsCancelled,1,concurrency,remove blank lines,1,0.5131,1,0.5131,False,True,True,512,512,0,0.0,True
shouldTerminateWhenFutureIsCancelled,1,concurrency,trailing newline,1,0.5131,1,0.5131,False,True,True,512,512,0,0.0,True
shouldTerminateWhenFutureIsCancelled,1,concurrency,trailing spaces,1,0.5131,0,0.5123,True,True,False,512,512,0,-0.0008,True
shouldTerminateWhenFutureIsCancelled,1,concurrency,CRLF endings,1,0.5131,1,0.4872,False,True,True,512,512,0,-0.0258,True
testForceMetadataRefreshForPatternSubscriptionDuringRebalance,1,concurrency,indent +2,0,0.8998,5,0.931,True,False,False,507,512,5,0.0312,True
testForceMetadataRefreshForPatternSubscriptionDuringRebalance,1,concurrency,indent +4,0,0.8998,5,0.9367,True,False,False,507,512,5,0.0369,True
testForceMetadataRefreshForPatternSubscriptionDuringRebalance,1,concurrency,indent +8,0,0.8998,5,0.9382,True,False,False,507,512,5,0.0384,True
testForceMetadataRefreshForPatternSubscriptionDuringRebalance,1,concurrency,spaces to tabs,0,0.8998,5,0.9363,True,False,False,507,431,-76,0.0365,True
testForceMetadataRefreshForPatternSubscriptionDuringRebalance,1,concurrency,tabs to spaces,0,0.8998,0,0.8998,False,False,False,507,507,0,0.0,True
testForceMetadataRefreshForPatternSubscriptionDuringRebalance,1,concurrency,strip indent,0,0.8998,0,0.9128,False,False,False,507,396,-111,0.013,True
testForceMetadataRefreshForPatternSubscriptionDuringRebalance,1,concurrency,add blank lines,0,0.8998,0,0.9004,False,False,False,507,509,2,0.0006,True
testForceMetadataRefreshForPatternSubscriptionDuringRebalance,1,concurrency,remove blank lines,0,0.8998,0,0.8998,False,False,False,507,507,0,0.0,True
testForceMetadataRefreshForPatternSubscriptionDuringRebalance,1,concurrency,trailing newline,0,0.8998,0,0.8996,False,False,False,507,508,1,-0.0002,True
testForceMetadataRefreshForPatternSubscriptionDuringRebalance,1,concurrency,trailing spaces,0,0.8998,0,0.8977,False,False,False,507,512,5,-0.0021,True
testForceMetadataRefreshForPatternSubscriptionDuringRebalance,1,concurrency,CRLF endings,0,0.8998,0,0.9154,False,False,False,507,512,5,0.0156,True
testTrackMetadata_rowMarkerDelete,2,time,indent +2,2,0.7492,5,0.9453,True,True,False,334,365,31,0.1961,True
testTrackMetadata_rowMarkerDelete,2,time,indent +4,2,0.7492,5,0.9465,True,True,False,334,399,65,0.1973,True
testTrackMetadata_rowMarkerDelete,2,time,indent +8,2,0.7492,5,0.9366,True,True,False,334,467,133,0.1874,True
testTrackMetadata_rowMarkerDelete,2,time,spaces to tabs,2,0.7492,5,0.939,True,True,False,334,306,-28,0.1898,True
testTrackMetadata_rowMarkerDelete,2,time,tabs to spaces,2,0.7492,2,0.7492,False,True,True,334,334,0,0.0,True
testTrackMetadata_rowMarkerDelete,2,time,strip indent,2,0.7492,2,0.721,False,True,True,334,292,-42,-0.0282,True
testTrackMetadata_rowMarkerDelete,2,time,add blank lines,2,0.7492,2,0.7281,False,True,True,334,337,3,-0.0211,True
testTrackMetadata_rowMarkerDelete,2,time,remove blank lines,2,0.7492,2,0.7492,False,True,True,334,334,0,0.0,True
testTrackMetadata_rowMarkerDelete,2,time,trailing newline,2,0.7492,2,0.7467,False,True,True,334,335,1,-0.0025,True
testTrackMetadata_rowMarkerDelete,2,time,trailing spaces,2,0.7492,0,0.3846,True,True,False,334,352,18,-0.3646,True
testTrackMetadata_rowMarkerDelete,2,time,CRLF endings,2,0.7492,2,0.7016,False,True,True,334,351,17,-0.0476,True
testTrackMetadata_rowTombstone,2,time,indent +2,2,0.741,5,0.942,True,True,False,366,399,33,0.2011,True
testTrackMetadata_rowTombstone,2,time,indent +4,2,0.741,5,0.9448,True,True,False,366,435,69,0.2038,True
testTrackMetadata_rowTombstone,2,time,indent +8,2,0.741,5,0.9343,True,True,False,366,507,141,0.1934,True
testTrackMetadata_rowTombstone,2,time,spaces to tabs,2,0.741,5,0.9376,True,True,False,366,336,-30,0.1967,True
testTrackMetadata_rowTombstone,2,time,tabs to spaces,2,0.741,2,0.741,False,True,True,366,366,0,0.0,True
testTrackMetadata_rowTombstone,2,time,strip indent,2,0.741,2,0.7761,False,True,True,366,321,-45,0.0352,True
testTrackMetadata_rowTombstone,2,time,add blank lines,2,0.741,2,0.7556,False,True,True,366,369,3,0.0147,True
testTrackMetadata_rowTombstone,2,time,remove blank lines,2,0.741,2,0.741,False,True,True,366,366,0,0.0,True
testTrackMetadata_rowTombstone,2,time,trailing newline,2,0.741,2,0.7217,False,True,True,366,367,1,-0.0192,True
testTrackMetadata_rowTombstone,2,time,trailing spaces,2,0.741,0,0.3781,True,True,False,366,385,19,-0.3629,True
testTrackMetadata_rowTombstone,2,time,CRLF endings,2,0.741,2,0.7255,False,True,True,366,384,18,-0.0155,True
TestWritableName.testSetName,4,test order dependency,indent +2,4,0.9255,5,0.9512,True,True,False,85,95,10,0.0256,True
TestWritableName.testSetName,4,test order dependency,indent +4,4,0.9255,5,0.9519,True,True,False,85,107,22,0.0263,True
TestWritableName.testSetName,4,test order dependency,indent +8,4,0.9255,5,0.9518,True,True,False,85,131,46,0.0263,True
TestWritableName.testSetName,4,test order dependency,spaces to tabs,4,0.9255,5,0.9423,True,True,False,85,77,-8,0.0168,True
TestWritableName.testSetName,4,test order dependency,tabs to spaces,4,0.9255,4,0.9255,False,True,True,85,85,0,0.0,True
TestWritableName.testSetName,4,test order dependency,strip indent,4,0.9255,4,0.9381,False,True,True,85,73,-12,0.0126,True
TestWritableName.testSetName,4,test order dependency,add blank lines,4,0.9255,4,0.921,False,True,True,85,87,2,-0.0045,True
TestWritableName.testSetName,4,test order dependency,remove blank lines,4,0.9255,4,0.9255,False,True,True,85,85,0,0.0,True
TestWritableName.testSetName,4,test order dependency,trailing newline,4,0.9255,4,0.9311,False,True,True,85,86,1,0.0056,True
TestWritableName.testSetName,4,test order dependency,trailing spaces,4,0.9255,5,0.9286,True,True,False,85,92,7,0.003,True
TestWritableName.testSetName,4,test order dependency,CRLF endings,4,0.9255,4,0.9157,False,True,True,85,91,6,-0.0098,True
KafkaLookupExtractorFactoryTest.testStartStop,1,concurrency,indent +2,0,0.9138,5,0.907,True,False,False,512,512,0,-0.0068,True
KafkaLookupExtractorFactoryTest.testStartStop,1,concurrency,indent +4,0,0.9138,5,0.9236,True,False,False,512,512,0,0.0098,True
KafkaLookupExtractorFactoryTest.testStartStop,1,concurrency,indent +8,0,0.9138,5,0.9139,True,False,False,512,512,0,0.0001,True
KafkaLookupExtractorFactoryTest.testStartStop,1,concurrency,spaces to tabs,0,0.9138,5,0.9414,True,False,False,512,512,0,0.0276,True
KafkaLookupExtractorFactoryTest.testStartStop,1,concurrency,tabs to spaces,0,0.9138,0,0.9138,False,False,False,512,512,0,0.0,True
KafkaLookupExtractorFactoryTest.testStartStop,1,concurrency,strip indent,0,0.9138,0,0.8701,False,False,False,512,512,0,-0.0437,True
KafkaLookupExtractorFactoryTest.testStartStop,1,concurrency,add blank lines,0,0.9138,5,0.5226,True,False,False,512,512,0,-0.3912,True
KafkaLookupExtractorFactoryTest.testStartStop,1,concurrency,remove blank lines,0,0.9138,0,0.9138,False,False,False,512,512,0,0.0,True
KafkaLookupExtractorFactoryTest.testStartStop,1,concurrency,trailing newline,0,0.9138,0,0.9138,False,False,False,512,512,0,0.0,True
KafkaLookupExtractorFactoryTest.testStartStop,1,concurrency,trailing spaces,0,0.9138,0,0.7667,False,False,False,512,512,0,-0.147,True
KafkaLookupExtractorFactoryTest.testStartStop,1,concurrency,CRLF endings,0,0.9138,0,0.9007,False,False,False,512,512,0,-0.0131,True
TestPeerCache.testAddAndRetrieve,4,test order dependency,indent +2,0,0.9141,5,0.9392,True,False,False,190,214,24,0.0251,True
TestPeerCache.testAddAndRetrieve,4,test order dependency,indent +4,0,0.9141,5,0.9461,True,False,False,190,240,50,0.032,True
TestPeerCache.testAddAndRetrieve,4,test order dependency,indent +8,0,0.9141,5,0.9355,True,False,False,190,292,102,0.0214,True
TestPeerCache.testAddAndRetrieve,4,test order dependency,spaces to tabs,0,0.9141,5,0.9421,True,False,False,190,169,-21,0.028,True
TestPeerCache.testAddAndRetrieve,4,test order dependency,tabs to spaces,0,0.9141,0,0.9141,False,False,False,190,190,0,0.0,True
TestPeerCache.testAddAndRetrieve,4,test order dependency,strip indent,0,0.9141,0,0.8483,False,False,False,190,158,-32,-0.0658,True
TestPeerCache.testAddAndRetrieve,4,test order dependency,add blank lines,0,0.9141,0,0.9077,False,False,False,190,192,2,-0.0064,True
TestPeerCache.testAddAndRetrieve,4,test order dependency,remove blank lines,0,0.9141,0,0.9141,False,False,False,190,190,0,0.0,True
TestPeerCache.testAddAndRetrieve,4,test order dependency,trailing newline,0,0.9141,0,0.9063,False,False,False,190,191,1,-0.0078,True
TestPeerCache.testAddAndRetrieve,4,test order dependency,trailing spaces,0,0.9141,0,0.6388,False,False,False,190,204,14,-0.2753,True
TestPeerCache.testAddAndRetrieve,4,test order dependency,CRLF endings,0,0.9141,0,0.9134,False,False,False,190,203,13,-0.0007,True
MetadataHttpHandlerTestRun.testSystemMetadataRetrieval,0,async wait,indent +2,2,0.6997,5,0.945,True,False,False,512,512,0,0.2453,True
MetadataHttpHandlerTestRun.testSystemMetadataRetrieval,0,async wait,indent +4,2,0.6997,5,0.9463,True,False,False,512,512,0,0.2466,True
MetadataHttpHandlerTestRun.testSystemMetadataRetrieval,0,async wait,indent +8,2,0.6997,5,0.9429,True,False,False,512,512,0,0.2432,True
MetadataHttpHandlerTestRun.testSystemMetadataRetrieval,0,async wait,spaces to tabs,2,0.6997,5,0.9432,True,False,False,512,512,0,0.2435,True
MetadataHttpHandlerTestRun.testSystemMetadataRetrieval,0,async wait,tabs to spaces,2,0.6997,2,0.6997,False,False,False,512,512,0,0.0,True
MetadataHttpHandlerTestRun.testSystemMetadataRetrieval,0,async wait,strip indent,2,0.6997,2,0.696,False,False,False,512,512,0,-0.0037,True
MetadataHttpHandlerTestRun.testSystemMetadataRetrieval,0,async wait,add blank lines,2,0.6997,2,0.7012,False,False,False,512,512,0,0.0015,True
MetadataHttpHandlerTestRun.testSystemMetadataRetrieval,0,async wait,remove blank lines,2,0.6997,2,0.6997,False,False,False,512,512,0,0.0,True
MetadataHttpHandlerTestRun.testSystemMetadataRetrieval,0,async wait,trailing newline,2,0.6997,2,0.6997,False,False,False,512,512,0,0.0,True
MetadataHttpHandlerTestRun.testSystemMetadataRetrieval,0,async wait,trailing spaces,2,0.6997,5,0.3439,True,False,False,512,512,0,-0.3558,True
MetadataHttpHandlerTestRun.testSystemMetadataRetrieval,0,async wait,CRLF endings,2,0.6997,2,0.7072,False,False,False,512,512,0,0.0076,True
TestDFSIO.testRead,4,test order dependency,indent +2,2,0.7879,5,0.9342,True,False,False,99,111,12,0.1463,True
TestDFSIO.testRead,4,test order dependency,indent +4,2,0.7879,5,0.941,True,False,False,99,125,26,0.1531,True
TestDFSIO.testRead,4,test order dependency,indent +8,2,0.7879,5,0.9305,True,False,False,99,153,54,0.1427,True
TestDFSIO.testRead,4,test order dependency,spaces to tabs,2,0.7879,5,0.9016,True,False,False,99,89,-10,0.1137,True
TestDFSIO.testRead,4,test order dependency,tabs to spaces,2,0.7879,2,0.7879,False,False,False,99,99,0,0.0,True
TestDFSIO.testRead,4,test order dependency,strip indent,2,0.7879,2,0.7836,False,False,False,99,84,-15,-0.0043,True
TestDFSIO.testRead,4,test order dependency,add blank lines,2,0.7879,2,0.7851,False,False,False,99,101,2,-0.0027,True
TestDFSIO.testRead,4,test order dependency,remove blank lines,2,0.7879,2,0.7879,False,False,False,99,99,0,0.0,True
TestDFSIO.testRead,4,test order dependency,trailing newline,2,0.7879,2,0.7682,False,False,False,99,100,1,-0.0196,True
TestDFSIO.testRead,4,test order dependency,trailing spaces,2,0.7879,2,0.7611,False,False,False,99,107,8,-0.0267,True
TestDFSIO.testRead,4,test order dependency,CRLF endings,2,0.7879,2,0.7867,False,False,False,99,106,7,-0.0012,True
MappingCouchbaseConverterTests.writesAndReadsClassContainingCustomConvertedObjects,3,unordered collections,indent +2,3,0.6531,5,0.6604,True,True,False,512,512,0,0.0073,True
MappingCouchbaseConverterTests.writesAndReadsClassContainingCustomConvertedObjects,3,unordered collections,indent +4,3,0.6531,5,0.9365,True,True,False,512,512,0,0.2834,True
MappingCouchbaseConverterTests.writesAndReadsClassContainingCustomConvertedObjects,3,unordered collections,indent +8,3,0.6531,5,0.922,True,True,False,512,512,0,0.2689,True
MappingCouchbaseConverterTests.writesAndReadsClassContainingCustomConvertedObjects,3,unordered collections,spaces to tabs,3,0.6531,5,0.9488,True,True,False,512,512,0,0.2956,True
MappingCouchbaseConverterTests.writesAndReadsClassContainingCustomConvertedObjects,3,unordered collections,tabs to spaces,3,0.6531,3,0.6531,False,True,True,512,512,0,0.0,True
MappingCouchbaseConverterTests.writesAndReadsClassContainingCustomConvertedObjects,3,unordered collections,strip indent,3,0.6531,3,0.54,False,True,True,512,512,0,-0.1132,True
MappingCouchbaseConverterTests.writesAndReadsClassContainingCustomConvertedObjects,3,unordered collections,add blank lines,3,0.6531,3,0.5859,False,True,True,512,512,0,-0.0672,True
MappingCouchbaseConverterTests.writesAndReadsClassContainingCustomConvertedObjects,3,unordered collections,remove blank lines,3,0.6531,3,0.6531,False,True,True,512,512,0,0.0,True
MappingCouchbaseConverterTests.writesAndReadsClassContainingCustomConvertedObjects,3,unordered collections,trailing newline,3,0.6531,3,0.6531,False,True,True,512,512,0,0.0,True
MappingCouchbaseConverterTests.writesAndReadsClassContainingCustomConvertedObjects,3,unordered collections,trailing spaces,3,0.6531,0,0.4092,True,True,False,512,512,0,-0.2439,True
MappingCouchbaseConverterTests.writesAndReadsClassContainingCustomConvertedObjects,3,unordered collections,CRLF endings,3,0.6531,3,0.4286,False,True,True,512,512,0,-0.2245,True
TestHftpFileSystem.testHftpCustomUriPortWithDefaultPorts,4,test order dependency,indent +2,0,0.705,5,0.9501,True,False,False,209,227,18,0.2452,True
TestHftpFileSystem.testHftpCustomUriPortWithDefaultPorts,4,test order dependency,indent +4,0,0.705,5,0.9507,True,False,False,209,247,38,0.2458,True
TestHftpFileSystem.testHftpCustomUriPortWithDefaultPorts,4,test order dependency,indent +8,0,0.705,5,0.9472,True,False,False,209,287,78,0.2423,True
TestHftpFileSystem.testHftpCustomUriPortWithDefaultPorts,4,test order dependency,spaces to tabs,0,0.705,5,0.9474,True,False,False,209,193,-16,0.2425,True
TestHftpFileSystem.testHftpCustomUriPortWithDefaultPorts,4,test order dependency,tabs to spaces,0,0.705,0,0.705,False,False,False,209,209,0,0.0,True
TestHftpFileSystem.testHftpCustomUriPortWithDefaultPorts,4,test order dependency,strip indent,0,0.705,4,0.4807,True,False,True,209,185,-24,-0.2243,True
TestHftpFileSystem.testHftpCustomUriPortWithDefaultPorts,4,test order dependency,add blank lines,0,0.705,0,0.645,False,False,False,209,211,2,-0.0599,True
TestHftpFileSystem.testHftpCustomUriPortWithDefaultPorts,4,test order dependency,remove blank lines,0,0.705,0,0.705,False,False,False,209,209,0,0.0,True
TestHftpFileSystem.testHftpCustomUriPortWithDefaultPorts,4,test order dependency,trailing newline,0,0.705,0,0.4621,False,False,False,209,210,1,-0.2429,True
TestHftpFileSystem.testHftpCustomUriPortWithDefaultPorts,4,test order dependency,trailing spaces,0,0.705,5,0.3968,True,False,False,209,220,11,-0.3082,True
TestHftpFileSystem.testHftpCustomUriPortWithDefaultPorts,4,test order dependency,CRLF endings,0,0.705,0,0.6885,False,False,False,209,219,10,-0.0165,True
TestFrameworkTestRun.testAppWithServices,1,concurrency,indent +2,0,0.9229,5,0.9201,True,False,False,512,512,0,-0.0028,True
TestFrameworkTestRun.testAppWithServices,1,concurrency,indent +4,0,0.9229,5,0.9401,True,False,False,512,512,0,0.0171,True
TestFrameworkTestRun.testAppWithServices,1,concurrency,indent +8,0,0.9229,5,0.9334,True,False,False,512,512,0,0.0105,True
TestFrameworkTestRun.testAppWithServices,1,concurrency,spaces to tabs,0,0.9229,5,0.9336,True,False,False,512,512,0,0.0107,True
TestFrameworkTestRun.testAppWithServices,1,concurrency,tabs to spaces,0,0.9229,0,0.9229,False,False,False,512,512,0,0.0,True
TestFrameworkTestRun.testAppWithServices,1,concurrency,strip indent,0,0.9229,0,0.9229,False,False,False,512,512,0,-0.0001,True
TestFrameworkTestRun.testAppWithServices,1,concurrency,add blank lines,0,0.9229,0,0.9224,False,False,False,512,512,0,-0.0005,True
TestFrameworkTestRun.testAppWithServices,1,concurrency,remove blank lines,0,0.9229,0,0.9229,False,False,False,512,512,0,0.0,True
TestFrameworkTestRun.testAppWithServices,1,concurrency,trailing newline,0,0.9229,0,0.9229,False,False,False,512,512,0,0.0,True
TestFrameworkTestRun.testAppWithServices,1,concurrency,trailing spaces,0,0.9229,0,0.8038,False,False,False,512,512,0,-0.1192,True
TestFrameworkTestRun.testAppWithServices,1,concurrency,CRLF endings,0,0.9229,0,0.9223,False,False,False,512,512,0,-0.0007,True
AbstractJavaCodegenTest.testAdditionalModelTypeAnnotationsSemiColon,3,unordered collections,indent +2,4,0.7471,5,0.9503,True,False,False,200,220,20,0.2032,True
AbstractJavaCodegenTest.testAdditionalModelTypeAnnotationsSemiColon,3,unordered collections,indent +4,4,0.7471,5,0.9512,True,False,False,200,242,42,0.2041,True
AbstractJavaCodegenTest.testAdditionalModelTypeAnnotationsSemiColon,3,unordered collections,indent +8,4,0.7471,5,0.9487,True,False,False,200,286,86,0.2016,True
AbstractJavaCodegenTest.testAdditionalModelTypeAnnotationsSemiColon,3,unordered collections,spaces to tabs,4,0.7471,5,0.9461,True,False,False,200,184,-16,0.199,True
AbstractJavaCodegenTest.testAdditionalModelTypeAnnotationsSemiColon,3,unordered collections,tabs to spaces,4,0.7471,4,0.7471,False,False,False,200,200,0,0.0,True
AbstractJavaCodegenTest.testAdditionalModelTypeAnnotationsSemiColon,3,unordered collections,strip indent,4,0.7471,4,0.9073,False,False,False,200,175,-25,0.1603,True
AbstractJavaCodegenTest.testAdditionalModelTypeAnnotationsSemiColon,3,unordered collections,add blank lines,4,0.7471,4,0.7592,False,False,False,200,202,2,0.0122,True
AbstractJavaCodegenTest.testAdditionalModelTypeAnnotationsSemiColon,3,unordered collections,remove blank lines,4,0.7471,4,0.7471,False,False,False,200,200,0,0.0,True
AbstractJavaCodegenTest.testAdditionalModelTypeAnnotationsSemiColon,3,unordered collections,trailing newline,4,0.7471,4,0.8824,False,False,False,200,201,1,0.1353,True
AbstractJavaCodegenTest.testAdditionalModelTypeAnnotationsSemiColon,3,unordered collections,trailing spaces,4,0.7471,5,0.8279,True,False,False,200,212,12,0.0809,True
AbstractJavaCodegenTest.testAdditionalModelTypeAnnotationsSemiColon,3,unordered collections,CRLF endings,4,0.7471,4,0.7617,False,False,False,200,211,11,0.0146,True
CreateAppEngineStandardWtpProjectTest.testNoTestClassesInDeploymentAssembly,0,async wait,indent +2,4,0.4775,5,0.9471,True,False,False,331,369,38,0.4696,True
CreateAppEngineStandardWtpProjectTest.testNoTestClassesInDeploymentAssembly,0,async wait,indent +4,4,0.4775,5,0.9485,True,False,False,331,413,82,0.4711,True
CreateAppEngineStandardWtpProjectTest.testNoTestClassesInDeploymentAssembly,0,async wait,indent +8,4,0.4775,5,0.9438,True,False,False,331,501,170,0.4663,True
CreateAppEngineStandardWtpProjectTest.testNoTestClassesInDeploymentAssembly,0,async wait,spaces to tabs,4,0.4775,5,0.9464,True,False,False,331,281,-50,0.4689,True
CreateAppEngineStandardWtpProjectTest.testNoTestClassesInDeploymentAssembly,0,async wait,tabs to spaces,4,0.4775,4,0.4775,False,False,False,331,331,0,0.0,True
CreateAppEngineStandardWtpProjectTest.testNoTestClassesInDeploymentAssembly,0,async wait,strip indent,4,0.4775,4,0.9103,False,False,False,331,258,-73,0.4328,True
CreateAppEngineStandardWtpProjectTest.testNoTestClassesInDeploymentAssembly,0,async wait,add blank lines,4,0.4775,4,0.5502,False,False,False,331,336,5,0.0727,True
CreateAppEngineStandardWtpProjectTest.testNoTestClassesInDeploymentAssembly,0,async wait,remove blank lines,4,0.4775,4,0.4775,False,False,False,331,331,0,0.0,True
CreateAppEngineStandardWtpProjectTest.testNoTestClassesInDeploymentAssembly,0,async wait,trailing newline,4,0.4775,4,0.8273,False,False,False,331,332,1,0.3498,True
CreateAppEngineStandardWtpProjectTest.testNoTestClassesInDeploymentAssembly,0,async wait,trailing spaces,4,0.4775,5,0.7464,True,False,False,331,354,23,0.2689,True
CreateAppEngineStandardWtpProjectTest.testNoTestClassesInDeploymentAssembly,0,async wait,CRLF endings,4,0.4775,0,0.5616,True,False,True,331,353,22,0.0841,True
MetricsQueryTestRun.testingUserServiceGaugeMetrics,0,async wait,indent +2,0,0.9207,5,0.9259,True,True,False,278,310,32,0.0052,True
MetricsQueryTestRun.testingUserServiceGaugeMetrics,0,async wait,indent +4,0,0.9207,5,0.9381,True,True,False,278,344,66,0.0174,True
MetricsQueryTestRun.testingUserServiceGaugeMetrics,0,async wait,indent +8,0,0.9207,5,0.9211,True,True,False,278,412,134,0.0004,True
MetricsQueryTestRun.testingUserServiceGaugeMetrics,0,async wait,spaces to tabs,0,0.9207,5,0.9388,True,True,False,278,254,-24,0.0181,True
MetricsQueryTestRun.testingUserServiceGaugeMetrics,0,async wait,tabs to spaces,0,0.9207,0,0.9207,False,True,True,278,278,0,0.0,True
MetricsQueryTestRun.testingUserServiceGaugeMetrics,0,async wait,strip indent,0,0.9207,0,0.8813,False,True,True,278,239,-39,-0.0394,True
MetricsQueryTestRun.testingUserServiceGaugeMetrics,0,async wait,add blank lines,0,0.9207,0,0.9169,False,True,True,278,280,2,-0.0038,True
MetricsQueryTestRun.testingUserServiceGaugeMetrics,0,async wait,remove blank lines,0,0.9207,0,0.9207,False,True,True,278,278,0,0.0,True
MetricsQueryTestRun.testingUserServiceGaugeMetrics,0,async wait,trailing newline,0,0.9207,0,0.9189,False,True,True,278,279,1,-0.0018,True
MetricsQueryTestRun.testingUserServiceGaugeMetrics,0,async wait,trailing spaces,0,0.9207,0,0.8779,False,True,True,278,296,18,-0.0428,True
MetricsQueryTestRun.testingUserServiceGaugeMetrics,0,async wait,CRLF endings,0,0.9207,0,0.9227,False,True,True,278,295,17,0.002,True
TestPeerCache.testExpiry,4,test order dependency,indent +2,0,0.7824,5,0.9311,True,False,False,386,430,44,0.1487,True
TestPeerCache.testExpiry,4,test order dependency,indent +4,0,0.7824,5,0.9397,True,False,False,386,476,90,0.1572,True
TestPeerCache.testExpiry,4,test order dependency,indent +8,0,0.7824,5,0.9345,True,False,False,386,512,126,0.1521,True
TestPeerCache.testExpiry,4,test order dependency,spaces to tabs,0,0.7824,5,0.9413,True,False,False,386,327,-59,0.1588,True
TestPeerCache.testExpiry,4,test order dependency,tabs to spaces,0,0.7824,0,0.7824,False,False,False,386,386,0,0.0,True
TestPeerCache.testExpiry,4,test order dependency,strip indent,0,0.7824,0,0.7657,False,False,False,386,300,-86,-0.0167,True
TestPeerCache.testExpiry,4,test order dependency,add blank lines,0,0.7824,0,0.8237,False,False,False,386,388,2,0.0412,True
TestPeerCache.testExpiry,4,test order dependency,remove blank lines,0,0.7824,0,0.7824,False,False,False,386,386,0,0.0,True
TestPeerCache.testExpiry,4,test order dependency,trailing newline,0,0.7824,0,0.7894,False,False,False,386,387,1,0.0069,True
TestPeerCache.testExpiry,4,test order dependency,trailing spaces,0,0.7824,0,0.7186,False,False,False,386,410,24,-0.0638,True
TestPeerCache.testExpiry,4,test order dependency,CRLF endings,0,0.7824,0,0.7999,False,False,False,386,409,23,0.0174,True
XmlValidatorTest.testValidate_badXml,0,async wait,indent +2,4,0.8897,5,0.9492,True,False,False,178,196,18,0.0596,True
XmlValidatorTest.testValidate_badXml,0,async wait,indent +4,4,0.8897,5,0.9505,True,False,False,178,216,38,0.0608,True
XmlValidatorTest.testValidate_badXml,0,async wait,indent +8,4,0.8897,5,0.9469,True,False,False,178,256,78,0.0573,True
XmlValidatorTest.testValidate_badXml,0,async wait,spaces to tabs,4,0.8897,5,0.9433,True,False,False,178,162,-16,0.0536,True
XmlValidatorTest.testValidate_badXml,0,async wait,tabs to spaces,4,0.8897,4,0.8897,False,False,False,178,178,0,0.0,True
XmlValidatorTest.testValidate_badXml,0,async wait,strip indent,4,0.8897,4,0.9158,False,False,False,178,154,-24,0.0262,True
XmlValidatorTest.testValidate_badXml,0,async wait,add blank lines,4,0.8897,4,0.8783,False,False,False,178,180,2,-0.0113,True
XmlValidatorTest.testValidate_badXml,0,async wait,remove blank lines,4,0.8897,4,0.8897,False,False,False,178,178,0,0.0,True
XmlValidatorTest.testValidate_badXml,0,async wait,trailing newline,4,0.8897,4,0.9157,False,False,False,178,179,1,0.026,True
XmlValidatorTest.testValidate_badXml,0,async wait,trailing spaces,4,0.8897,5,0.7253,True,False,False,178,189,11,-0.1644,True
XmlValidatorTest.testValidate_badXml,0,async wait,CRLF endings,4,0.8897,4,0.8649,False,False,False,178,188,10,-0.0247,True
TestSecurityUtil.testBuildTokenServiceSockAddr,4,test order dependency,indent +2,0,0.6384,5,0.9486,True,False,False,152,160,8,0.3101,True
TestSecurityUtil.testBuildTokenServiceSockAddr,4,test order dependency,indent +4,0,0.6384,5,0.951,True,False,False,152,170,18,0.3126,True
TestSecurityUtil.testBuildTokenServiceSockAddr,4,test order dependency,indent +8,0,0.6384,5,0.9482,True,False,False,152,190,38,0.3097,True
TestSecurityUtil.testBuildTokenServiceSockAddr,4,test order dependency,spaces to tabs,0,0.6384,5,0.935,True,False,False,152,146,-6,0.2965,True
TestSecurityUtil.testBuildTokenServiceSockAddr,4,test order dependency,tabs to spaces,0,0.6384,0,0.6384,False,False,False,152,152,0,0.0,True
TestSecurityUtil.testBuildTokenServiceSockAddr,4,test order dependency,strip indent,0,0.6384,0,0.4459,False,False,False,152,143,-9,-0.1925,True
TestSecurityUtil.testBuildTokenServiceSockAddr,4,test order dependency,add blank lines,0,0.6384,0,0.5692,False,False,False,152,154,2,-0.0692,True
TestSecurityUtil.testBuildTokenServiceSockAddr,4,test order dependency,remove blank lines,0,0.6384,0,0.6384,False,False,False,152,152,0,0.0,True
TestSecurityUtil.testBuildTokenServiceSockAddr,4,test order dependency,trailing newline,0,0.6384,0,0.4426,False,False,False,152,153,1,-0.1958,True
TestSecurityUtil.testBuildTokenServiceSockAddr,4,test order dependency,trailing spaces,0,0.6384,5,0.6848,True,False,False,152,158,6,0.0464,True
TestSecurityUtil.testBuildTokenServiceSockAddr,4,test order dependency,CRLF endings,0,0.6384,0,0.6355,False,False,False,152,157,5,-0.0029,True
TestDFSIO.testWrite,4,test order dependency,indent +2,2,0.7888,5,0.9348,True,False,False,100,112,12,0.1459,True
TestDFSIO.testWrite,4,test order dependency,indent +4,2,0.7888,5,0.9418,True,False,False,100,126,26,0.153,True
TestDFSIO.testWrite,4,test order dependency,indent +8,2,0.7888,5,0.9354,True,False,False,100,154,54,0.1466,True
TestDFSIO.testWrite,4,test order dependency,spaces to tabs,2,0.7888,5,0.9069,True,False,False,100,90,-10,0.118,True
TestDFSIO.testWrite,4,test order dependency,tabs to spaces,2,0.7888,2,0.7888,False,False,False,100,100,0,0.0,True
TestDFSIO.testWrite,4,test order dependency,strip indent,2,0.7888,2,0.7866,False,False,False,100,85,-15,-0.0022,True
TestDFSIO.testWrite,4,test order dependency,add blank lines,2,0.7888,2,0.7855,False,False,False,100,102,2,-0.0033,True
TestDFSIO.testWrite,4,test order dependency,remove blank lines,2,0.7888,2,0.7888,False,False,False,100,100,0,0.0,True
TestDFSIO.testWrite,4,test order dependency,trailing newline,2,0.7888,2,0.7814,False,False,False,100,101,1,-0.0075,True
TestDFSIO.testWrite,4,test order dependency,trailing spaces,2,0.7888,2,0.7558,False,False,False,100,108,8,-0.0331,True
TestDFSIO.testWrite,4,test order dependency,CRLF endings,2,0.7888,2,0.7883,False,False,False,100,107,7,-0.0005,True
socketTest,0,async wait,indent +2,0,0.9154,5,0.9243,True,True,False,512,512,0,0.0089,True
socketTest,0,async wait,indent +4,0,0.9154,5,0.933,True,True,False,512,512,0,0.0176,True
socketTest,0,async wait,indent +8,0,0.9154,5,0.9339,True,True,False,512,512,0,0.0185,True
socketTest,0,async wait,spaces to tabs,0,0.9154,5,0.9402,True,True,False,512,411,-101,0.0249,True
socketTest,0,async wait,tabs to spaces,0,0.9154,0,0.9154,False,True,True,512,512,0,0.0,True
socketTest,0,async wait,strip indent,0,0.9154,0,0.9195,False,True,True,512,359,-153,0.0041,True
socketTest,0,async wait,add blank lines,0,0.9154,0,0.9144,False,True,True,512,512,0,-0.0009,True
socketTest,0,async wait,remove blank lines,0,0.9154,0,0.9154,False,True,True,512,512,0,0.0,True
socketTest,0,async wait,trailing newline,0,0.9154,0,0.9154,False,True,True,512,512,0,0.0,True
socketTest,0,async wait,trailing spaces,0,0.9154,0,0.8916,False,True,True,512,512,0,-0.0238,True
socketTest,0,async wait,CRLF endings,0,0.9154,0,0.9162,False,True,True,512,512,0,0.0008,True
ConfigClientPropertiesTests.vanilla,5,non-flaky,indent +2,5,0.95,5,0.9512,False,True,True,142,157,15,0.0012,True
ConfigClientPropertiesTests.vanilla,5,non-flaky,indent +4,5,0.95,5,0.951,False,True,True,142,173,31,0.001,True
ConfigClientPropertiesTests.vanilla,5,non-flaky,indent +8,5,0.95,5,0.9508,False,True,True,142,205,63,0.0008,True
ConfigClientPropertiesTests.vanilla,5,non-flaky,spaces to tabs,5,0.95,5,0.9501,False,True,True,142,141,-1,0.0001,True
ConfigClientPropertiesTests.vanilla,5,non-flaky,tabs to spaces,5,0.95,5,0.9514,False,True,True,142,177,35,0.0014,True
ConfigClientPropertiesTests.vanilla,5,non-flaky,strip indent,5,0.95,3,0.4639,True,True,False,142,126,-16,-0.4861,True
ConfigClientPropertiesTests.vanilla,5,non-flaky,add blank lines,5,0.95,5,0.9503,False,True,True,142,141,-1,0.0003,True
ConfigClientPropertiesTests.vanilla,5,non-flaky,remove blank lines,5,0.95,5,0.9501,False,True,True,142,141,-1,0.0001,True
ConfigClientPropertiesTests.vanilla,5,non-flaky,trailing newline,5,0.95,5,0.9501,False,True,True,142,142,0,0.0001,True
ConfigClientPropertiesTests.vanilla,5,non-flaky,trailing spaces,5,0.95,5,0.9511,False,True,True,142,150,8,0.0011,True
ConfigClientPropertiesTests.vanilla,5,non-flaky,CRLF endings,5,0.95,5,0.9511,False,True,True,142,151,9,0.0011,True
PluginUtilsTest.testPluginUrlsWithZips,5,non-flaky,indent +2,5,0.9523,5,0.9516,False,True,True,262,289,27,-0.0007,True
PluginUtilsTest.testPluginUrlsWithZips,5,non-flaky,indent +4,5,0.9523,5,0.9515,False,True,True,262,315,53,-0.0008,True
PluginUtilsTest.testPluginUrlsWithZips,5,non-flaky,indent +8,5,0.9523,5,0.9512,False,True,True,262,367,105,-0.0011,True
PluginUtilsTest.testPluginUrlsWithZips,5,non-flaky,spaces to tabs,5,0.9523,5,0.9511,False,True,True,262,204,-58,-0.0013,True
PluginUtilsTest.testPluginUrlsWithZips,5,non-flaky,tabs to spaces,5,0.9523,5,0.9519,False,True,True,262,261,-1,-0.0004,True
PluginUtilsTest.testPluginUrlsWithZips,5,non-flaky,strip indent,5,0.9523,3,0.5303,True,True,False,262,183,-79,-0.422,True
PluginUtilsTest.testPluginUrlsWithZips,5,non-flaky,add blank lines,5,0.9523,5,0.952,False,True,True,262,263,1,-0.0003,True
PluginUtilsTest.testPluginUrlsWithZips,5,non-flaky,remove blank lines,5,0.9523,5,0.9518,False,True,True,262,261,-1,-0.0005,True
PluginUtilsTest.testPluginUrlsWithZips,5,non-flaky,trailing newline,5,0.9523,5,0.952,False,True,True,262,262,0,-0.0003,True
PluginUtilsTest.testPluginUrlsWithZips,5,non-flaky,trailing spaces,5,0.9523,5,0.9514,False,True,True,262,277,15,-0.0009,True
PluginUtilsTest.testPluginUrlsWithZips,5,non-flaky,CRLF endings,5,0.9523,5,0.9524,False,True,True,262,278,16,0.0001,True
KeyStoreTextEncryptorLocatorTests.testDifferentKeyAndSecret,5,non-flaky,indent +2,5,0.9511,5,0.9527,False,True,True,118,131,13,0.0016,True
KeyStoreTextEncryptorLocatorTests.testDifferentKeyAndSecret,5,non-flaky,indent +4,5,0.9511,5,0.9527,False,True,True,118,145,27,0.0016,True
KeyStoreTextEncryptorLocatorTests.testDifferentKeyAndSecret,5,non-flaky,indent +8,5,0.9511,5,0.9522,False,True,True,118,173,55,0.0011,True
KeyStoreTextEncryptorLocatorTests.testDifferentKeyAndSecret,5,non-flaky,spaces to tabs,5,0.9511,5,0.9513,False,True,True,118,117,-1,0.0002,True
KeyStoreTextEncryptorLocatorTests.testDifferentKeyAndSecret,5,non-flaky,tabs to spaces,5,0.9511,5,0.9521,False,True,True,118,148,30,0.001,True
KeyStoreTextEncryptorLocatorTests.testDifferentKeyAndSecret,5,non-flaky,strip indent,5,0.9511,3,0.7023,True,True,False,118,104,-14,-0.2488,True
KeyStoreTextEncryptorLocatorTests.testDifferentKeyAndSecret,5,non-flaky,add blank lines,5,0.9511,5,0.9512,False,True,True,118,117,-1,0.0001,True
KeyStoreTextEncryptorLocatorTests.testDifferentKeyAndSecret,5,non-flaky,remove blank lines,5,0.9511,5,0.9513,False,True,True,118,117,-1,0.0002,True
KeyStoreTextEncryptorLocatorTests.testDifferentKeyAndSecret,5,non-flaky,trailing newline,5,0.9511,5,0.9512,False,True,True,118,118,0,0.0001,True
KeyStoreTextEncryptorLocatorTests.testDifferentKeyAndSecret,5,non-flaky,trailing spaces,5,0.9511,5,0.9518,False,True,True,118,125,7,0.0007,True
KeyStoreTextEncryptorLocatorTests.testDifferentKeyAndSecret,5,non-flaky,CRLF endings,5,0.9511,5,0.9516,False,True,True,118,126,8,0.0005,True
QueryTest.querySingleLimit,5,non-flaky,indent +2,5,0.9513,5,0.9507,False,True,True,320,355,35,-0.0006,True
QueryTest.querySingleLimit,5,non-flaky,indent +4,5,0.9513,5,0.9505,False,True,True,320,389,69,-0.0007,True
QueryTest.querySingleLimit,5,non-flaky,indent +8,5,0.9513,5,0.9491,False,True,True,320,457,137,-0.0022,True
QueryTest.querySingleLimit,5,non-flaky,spaces to tabs,5,0.9513,5,0.9505,False,True,True,320,182,-138,-0.0008,True
QueryTest.querySingleLimit,5,non-flaky,tabs to spaces,5,0.9513,5,0.9509,False,True,True,320,319,-1,-0.0004,True
QueryTest.querySingleLimit,5,non-flaky,strip indent,5,0.9513,0,0.8445,True,True,False,320,133,-187,-0.1067,True
QueryTest.querySingleLimit,5,non-flaky,add blank lines,5,0.9513,5,0.9508,False,True,True,320,321,1,-0.0004,True
QueryTest.querySingleLimit,5,non-flaky,remove blank lines,5,0.9513,5,0.9509,False,True,True,320,319,-1,-0.0004,True
QueryTest.querySingleLimit,5,non-flaky,trailing newline,5,0.9513,5,0.951,False,True,True,320,320,0,-0.0003,True
QueryTest.querySingleLimit,5,non-flaky,trailing spaces,5,0.9513,5,0.9494,False,True,True,320,339,19,-0.0019,True
QueryTest.querySingleLimit,5,non-flaky,CRLF endings,5,0.9513,5,0.9511,False,True,True,320,340,20,-0.0002,True
RxQueryTest.queryOneExistedObjectTableUpdate,5,non-flaky,indent +2,5,0.9488,5,0.9481,False,True,True,512,512,0,-0.0008,True
RxQueryTest.queryOneExistedObjectTableUpdate,5,non-flaky,indent +4,5,0.9488,5,0.9482,False,True,True,512,512,0,-0.0006,True
RxQueryTest.queryOneExistedObjectTableUpdate,5,non-flaky,indent +8,5,0.9488,5,0.9428,False,True,True,512,512,0,-0.006,True
RxQueryTest.queryOneExistedObjectTableUpdate,5,non-flaky,spaces to tabs,5,0.9488,5,0.9468,False,True,True,512,350,-162,-0.0021,True
RxQueryTest.queryOneExistedObjectTableUpdate,5,non-flaky,tabs to spaces,5,0.9488,5,0.9488,False,True,True,512,512,0,0.0,True
RxQueryTest.queryOneExistedObjectTableUpdate,5,non-flaky,strip indent,5,0.9488,1,0.5313,True,True,False,512,280,-232,-0.4175,True
RxQueryTest.queryOneExistedObjectTableUpdate,5,non-flaky,add blank lines,5,0.9488,5,0.949,False,True,True,512,512,0,0.0002,True
RxQueryTest.queryOneExistedObjectTableUpdate,5,non-flaky,remove blank lines,5,0.9488,5,0.9487,False,True,True,512,512,0,-0.0002,True
RxQueryTest.queryOneExistedObjectTableUpdate,5,non-flaky,trailing newline,5,0.9488,5,0.9488,False,True,True,512,512,0,0.0,True
RxQueryTest.queryOneExistedObjectTableUpdate,5,non-flaky,trailing spaces,5,0.9488,5,0.9474,False,True,True,512,512,0,-0.0015,True
RxQueryTest.queryOneExistedObjectTableUpdate,5,non-flaky,CRLF endings,5,0.9488,5,0.9478,False,True,True,512,512,0,-0.0011,True
TextUtilsTest.testParseDate,5,non-flaky,indent +2,5,0.9514,5,0.9519,False,True,True,46,53,7,0.0005,True
TextUtilsTest.testParseDate,5,non-flaky,indent +4,5,0.9514,5,0.9519,False,True,True,46,61,15,0.0005,True
TextUtilsTest.testParseDate,5,non-flaky,indent +8,5,0.9514,5,0.9513,False,True,True,46,77,31,-0.0,True
TextUtilsTest.testParseDate,5,non-flaky,spaces to tabs,5,0.9514,5,0.9485,False,True,True,46,33,-13,-0.0028,True
TextUtilsTest.testParseDate,5,non-flaky,tabs to spaces,5,0.9514,5,0.9518,False,True,True,46,45,-1,0.0004,True
TextUtilsTest.testParseDate,5,non-flaky,strip indent,5,0.9514,4,0.9067,True,True,False,46,27,-19,-0.0447,True
TextUtilsTest.testParseDate,5,non-flaky,add blank lines,5,0.9514,5,0.9513,False,True,True,46,45,-1,-0.0001,True
TextUtilsTest.testParseDate,5,non-flaky,remove blank lines,5,0.9514,5,0.9518,False,True,True,46,45,-1,0.0004,True
TextUtilsTest.testParseDate,5,non-flaky,trailing newline,5,0.9514,5,0.9517,False,True,True,46,46,0,0.0003,True
TextUtilsTest.testParseDate,5,non-flaky,trailing spaces,5,0.9514,5,0.951,False,True,True,46,50,4,-0.0004,True
TextUtilsTest.testParseDate,5,non-flaky,CRLF endings,5,0.9514,5,0.9516,False,True,True,46,51,5,0.0002,True
Issue285Test.nestedTypeValidation,5,non-flaky,indent +2,5,0.9519,5,0.9514,False,True,True,182,201,19,-0.0005,True
Issue285Test.nestedTypeValidation,5,non-flaky,indent +4,5,0.9519,5,0.951,False,True,True,182,219,37,-0.0009,True
Issue285Test.nestedTypeValidation,5,non-flaky,indent +8,5,0.9519,5,0.9506,False,True,True,182,255,73,-0.0013,True
Issue285Test.nestedTypeValidation,5,non-flaky,spaces to tabs,5,0.9519,5,0.9487,False,True,True,182,150,-32,-0.0032,True
Issue285Test.nestedTypeValidation,5,non-flaky,tabs to spaces,5,0.9519,5,0.9517,False,True,True,182,181,-1,-0.0002,True
Issue285Test.nestedTypeValidation,5,non-flaky,strip indent,5,0.9519,4,0.8307,True,True,False,182,139,-43,-0.1211,True
Issue285Test.nestedTypeValidation,5,non-flaky,add blank lines,5,0.9519,5,0.9513,False,True,True,182,183,1,-0.0006,True
Issue285Test.nestedTypeValidation,5,non-flaky,remove blank lines,5,0.9519,5,0.9518,False,True,True,182,181,-1,-0.0,True
Issue285Test.nestedTypeValidation,5,non-flaky,trailing newline,5,0.9519,5,0.9517,False,True,True,182,182,0,-0.0002,True
Issue285Test.nestedTypeValidation,5,non-flaky,trailing spaces,5,0.9519,5,0.952,False,True,True,182,193,11,0.0001,True
Issue285Test.nestedTypeValidation,5,non-flaky,CRLF endings,5,0.9519,5,0.9521,False,True,True,182,194,12,0.0003,True
Issue451Test.shouldWalkAnyOfPropertiesWithWithPayload,5,non-flaky,indent +2,5,0.952,5,0.9519,False,True,True,104,113,9,-0.0001,True
Issue451Test.shouldWalkAnyOfPropertiesWithWithPayload,5,non-flaky,indent +4,5,0.952,5,0.9516,False,True,True,104,123,19,-0.0004,True
Issue451Test.shouldWalkAnyOfPropertiesWithWithPayload,5,non-flaky,indent +8,5,0.952,5,0.9509,False,True,True,104,143,39,-0.0012,True
Issue451Test.shouldWalkAnyOfPropertiesWithWithPayload,5,non-flaky,spaces to tabs,5,0.952,5,0.9482,False,True,True,104,77,-27,-0.0038,True
Issue451Test.shouldWalkAnyOfPropertiesWithWithPayload,5,non-flaky,tabs to spaces,5,0.952,5,0.9521,False,True,True,104,103,-1,0.0,True
Issue451Test.shouldWalkAnyOfPropertiesWithWithPayload,5,non-flaky,strip indent,5,0.952,4,0.8533,True,True,False,104,66,-38,-0.0988,True
Issue451Test.shouldWalkAnyOfPropertiesWithWithPayload,5,non-flaky,add blank lines,5,0.952,5,0.9515,False,True,True,104,103,-1,-0.0005,True
Issue451Test.shouldWalkAnyOfPropertiesWithWithPayload,5,non-flaky,remove blank lines,5,0.952,5,0.9521,False,True,True,104,103,-1,0.0,True
Issue451Test.shouldWalkAnyOfPropertiesWithWithPayload,5,non-flaky,trailing newline,5,0.952,5,0.9521,False,True,True,104,104,0,0.0,True
Issue451Test.shouldWalkAnyOfPropertiesWithWithPayload,5,non-flaky,trailing spaces,5,0.952,5,0.9522,False,True,True,104,109,5,0.0002,True
Issue451Test.shouldWalkAnyOfPropertiesWithWithPayload,5,non-flaky,CRLF endings,5,0.952,5,0.9524,False,True,True,104,110,6,0.0004,True
Issue456Test.shouldWorkT3,5,non-flaky,indent +2,5,0.9526,5,0.9519,False,True,True,225,244,19,-0.0007,True
Issue456Test.shouldWorkT3,5,non-flaky,indent +4,5,0.9526,5,0.9514,False,True,True,225,264,39,-0.0012,True
Issue456Test.shouldWorkT3,5,non-flaky,indent +8,5,0.9526,5,0.9506,False,True,True,225,304,79,-0.002,True
Issue456Test.shouldWorkT3,5,non-flaky,spaces to tabs,5,0.9526,5,0.9508,False,True,True,225,178,-47,-0.0018,True
Issue456Test.shouldWorkT3,5,non-flaky,tabs to spaces,5,0.9526,5,0.9523,False,True,True,225,224,-1,-0.0003,True
Issue456Test.shouldWorkT3,5,non-flaky,strip indent,5,0.9526,3,0.5018,True,True,False,225,159,-66,-0.4508,True
Issue456Test.shouldWorkT3,5,non-flaky,add blank lines,5,0.9526,5,0.9517,False,True,True,225,224,-1,-0.0009,True
Issue456Test.shouldWorkT3,5,non-flaky,remove blank lines,5,0.9526,5,0.9523,False,True,True,225,224,-1,-0.0003,True
Issue456Test.shouldWorkT3,5,non-flaky,trailing newline,5,0.9526,5,0.9524,False,True,True,225,225,0,-0.0002,True
Issue456Test.shouldWorkT3,5,non-flaky,trailing spaces,5,0.9526,5,0.9515,False,True,True,225,235,10,-0.0011,True
Issue456Test.shouldWorkT3,5,non-flaky,CRLF endings,5,0.9526,5,0.9524,False,True,True,225,236,11,-0.0002,True
TransformationConfigTest.testEmbeddedConfigFlatten,5,non-flaky,indent +2,5,0.9523,5,0.9523,False,True,True,217,239,22,0.0,True
TransformationConfigTest.testEmbeddedConfigFlatten,5,non-flaky,indent +4,5,0.9523,5,0.9521,False,True,True,217,261,44,-0.0003,True
TransformationConfigTest.testEmbeddedConfigFlatten,5,non-flaky,indent +8,5,0.9523,5,0.9517,False,True,True,217,305,88,-0.0007,True
TransformationConfigTest.testEmbeddedConfigFlatten,5,non-flaky,spaces to tabs,5,0.9523,5,0.9505,False,True,True,217,170,-47,-0.0018,True
TransformationConfigTest.testEmbeddedConfigFlatten,5,non-flaky,tabs to spaces,5,0.9523,5,0.9524,False,True,True,217,216,-1,0.0001,True
TransformationConfigTest.testEmbeddedConfigFlatten,5,non-flaky,strip indent,5,0.9523,4,0.8137,True,True,False,217,152,-65,-0.1387,True
TransformationConfigTest.testEmbeddedConfigFlatten,5,non-flaky,add blank lines,5,0.9523,5,0.9521,False,True,True,217,217,0,-0.0002,True
TransformationConfigTest.testEmbeddedConfigFlatten,5,non-flaky,remove blank lines,5,0.9523,5,0.9524,False,True,True,217,216,-1,0.0001,True
TransformationConfigTest.testEmbeddedConfigFlatten,5,non-flaky,trailing newline,5,0.9523,5,0.9524,False,True,True,217,217,0,0.0001,True
TransformationConfigTest.testEmbeddedConfigFlatten,5,non-flaky,trailing spaces,5,0.9523,5,0.9522,False,True,True,217,229,12,-0.0002,True
TransformationConfigTest.testEmbeddedConfigFlatten,5,non-flaky,CRLF endings,5,0.9523,5,0.9525,False,True,True,217,230,13,0.0001,True
StressSettingsTest.isSerializable,5,non-flaky,indent +2,5,0.9521,5,0.952,False,True,True,134,149,15,-0.0001,True
StressSettingsTest.isSerializable,5,non-flaky,indent +4,5,0.9521,5,0.9518,False,True,True,134,165,31,-0.0003,True
StressSettingsTest.isSerializable,5,non-flaky,indent +8,5,0.9521,5,0.9508,False,True,True,134,197,63,-0.0013,True
StressSettingsTest.isSerializable,5,non-flaky,spaces to tabs,5,0.9521,5,0.9501,False,True,True,134,101,-33,-0.002,True
StressSettingsTest.isSerializable,5,non-flaky,tabs to spaces,5,0.9521,5,0.9521,False,True,True,134,133,-1,-0.0,True
StressSettingsTest.isSerializable,5,non-flaky,strip indent,5,0.9521,4,0.9088,True,True,False,134,87,-47,-0.0433,True
StressSettingsTest.isSerializable,5,non-flaky,add blank lines,5,0.9521,5,0.9517,False,True,True,134,133,-1,-0.0004,True
StressSettingsTest.isSerializable,5,non-flaky,remove blank lines,5,0.9521,5,0.9521,False,True,True,134,133,-1,-0.0,True
StressSettingsTest.isSerializable,5,non-flaky,trailing newline,5,0.9521,5,0.9521,False,True,True,134,134,0,-0.0,True
StressSettingsTest.isSerializable,5,non-flaky,trailing spaces,5,0.9521,5,0.9522,False,True,True,134,142,8,0.0,True
StressSettingsTest.isSerializable,5,non-flaky,CRLF endings,5,0.9521,5,0.9522,False,True,True,134,143,9,0.0001,True
TimelyTcpIT.testPutMultiple,5,non-flaky,indent +2,5,0.9501,5,0.9501,False,True,True,512,512,0,0.0,True
TimelyTcpIT.testPutMultiple,5,non-flaky,indent +4,5,0.9501,5,0.9502,False,True,True,512,512,0,0.0001,True
TimelyTcpIT.testPutMultiple,5,non-flaky,indent +8,5,0.9501,5,0.9494,False,True,True,512,512,0,-0.0007,True
TimelyTcpIT.testPutMultiple,5,non-flaky,spaces to tabs,5,0.9501,5,0.9475,False,True,True,512,512,0,-0.0025,True
TimelyTcpIT.testPutMultiple,5,non-flaky,tabs to spaces,5,0.9501,5,0.9501,False,True,True,512,512,0,0.0,True
TimelyTcpIT.testPutMultiple,5,non-flaky,strip indent,5,0.9501,0,0.9111,True,True,False,512,512,0,-0.039,True
TimelyTcpIT.testPutMultiple,5,non-flaky,add blank lines,5,0.9501,5,0.9499,False,True,True,512,512,0,-0.0002,True
TimelyTcpIT.testPutMultiple,5,non-flaky,remove blank lines,5,0.9501,5,0.9501,False,True,True,512,512,0,0.0001,True
TimelyTcpIT.testPutMultiple,5,non-flaky,trailing newline,5,0.9501,5,0.9501,False,True,True,512,512,0,0.0,True
TimelyTcpIT.testPutMultiple,5,non-flaky,trailing spaces,5,0.9501,5,0.9501,False,True,True,512,512,0,-0.0,True
TimelyTcpIT.testPutMultiple,5,non-flaky,CRLF endings,5,0.9501,5,0.9504,False,True,True,512,512,0,0.0003,True
BaseConnectorSmokeTest.testPredicate,5,non-flaky,indent +2,5,0.9532,5,0.9529,False,True,True,107,118,11,-0.0003,True
BaseConnectorSmokeTest.testPredicate,5,non-flaky,indent +4,5,0.9532,5,0.9527,False,True,True,107,130,23,-0.0005,True
BaseConnectorSmokeTest.testPredicate,5,non-flaky,indent +8,5,0.9532,5,0.9517,False,True,True,107,154,47,-0.0015,True
BaseConnectorSmokeTest.testPredicate,5,non-flaky,spaces to tabs,5,0.9532,5,0.9514,False,True,True,107,83,-24,-0.0018,True
BaseConnectorSmokeTest.testPredicate,5,non-flaky,tabs to spaces,5,0.9532,5,0.9532,False,True,True,107,106,-1,0.0,True
BaseConnectorSmokeTest.testPredicate,5,non-flaky,strip indent,5,0.9532,4,0.5043,True,True,False,107,73,-34,-0.4489,True
BaseConnectorSmokeTest.testPredicate,5,non-flaky,add blank lines,5,0.9532,5,0.9529,False,True,True,107,106,-1,-0.0003,True
BaseConnectorSmokeTest.testPredicate,5,non-flaky,remove blank lines,5,0.9532,5,0.9532,False,True,True,107,106,-1,0.0,True
BaseConnectorSmokeTest.testPredicate,5,non-flaky,trailing newline,5,0.9532,5,0.9532,False,True,True,107,107,0,0.0,True
BaseConnectorSmokeTest.testPredicate,5,non-flaky,trailing spaces,5,0.9532,5,0.9529,False,True,True,107,113,6,-0.0003,True
BaseConnectorSmokeTest.testPredicate,5,non-flaky,CRLF endings,5,0.9532,5,0.953,False,True,True,107,114,7,-0.0002,True
AbstractAtlasDbKeyValueServiceTest.testGetRowsWhenMultipleVersions,5,non-flaky,indent +2,5,0.9522,5,0.9513,False,True,True,435,475,40,-0.0009,True
AbstractAtlasDbKeyValueServiceTest.testGetRowsWhenMultipleVersions,5,non-flaky,indent +4,5,0.9522,5,0.9512,False,True,True,435,512,77,-0.001,True
AbstractAtlasDbKeyValueServiceTest.testGetRowsWhenMultipleVersions,5,non-flaky,indent +8,5,0.9522,5,0.9504,False,True,True,435,512,77,-0.0018,True
AbstractAtlasDbKeyValueServiceTest.testGetRowsWhenMultipleVersions,5,non-flaky,spaces to tabs,5,0.9522,5,0.9518,False,True,True,435,299,-136,-0.0004,True
AbstractAtlasDbKeyValueServiceTest.testGetRowsWhenMultipleVersions,5,non-flaky,tabs to spaces,5,0.9522,5,0.9518,False,True,True,435,434,-1,-0.0004,True
AbstractAtlasDbKeyValueServiceTest.testGetRowsWhenMultipleVersions,5,non-flaky,strip indent,5,0.9522,3,0.7949,True,True,False,435,247,-188,-0.1573,True
AbstractAtlasDbKeyValueServiceTest.testGetRowsWhenMultipleVersions,5,non-flaky,add blank lines,5,0.9522,5,0.9523,False,True,True,435,435,0,0.0002,True
AbstractAtlasDbKeyValueServiceTest.testGetRowsWhenMultipleVersions,5,non-flaky,remove blank lines,5,0.9522,5,0.9517,False,True,True,435,434,-1,-0.0005,True
AbstractAtlasDbKeyValueServiceTest.testGetRowsWhenMultipleVersions,5,non-flaky,trailing newline,5,0.9522,5,0.9518,False,True,True,435,435,0,-0.0003,True
AbstractAtlasDbKeyValueServiceTest.testGetRowsWhenMultipleVersions,5,non-flaky,trailing spaces,5,0.9522,5,0.9512,False,True,True,435,456,21,-0.001,True
AbstractAtlasDbKeyValueServiceTest.testGetRowsWhenMultipleVersions,5,non-flaky,CRLF endings,5,0.9522,5,0.9517,False,True,True,435,457,22,-0.0005,True
HttpStringTestCase.testSerialization,5,non-flaky,indent +2,5,0.9521,5,0.9514,False,True,True,188,210,22,-0.0007,True
HttpStringTestCase.testSerialization,5,non-flaky,indent +4,5,0.9521,5,0.951,False,True,True,188,232,44,-0.0011,True
HttpStringTestCase.testSerialization,5,non-flaky,indent +8,5,0.9521,5,0.9502,False,True,True,188,276,88,-0.0019,True
HttpStringTestCase.testSerialization,5,non-flaky,spaces to tabs,5,0.9521,5,0.95,False,True,True,188,140,-48,-0.002,True
HttpStringTestCase.testSerialization,5,non-flaky,tabs to spaces,5,0.9521,5,0.9515,False,True,True,188,187,-1,-0.0005,True
HttpStringTestCase.testSerialization,5,non-flaky,strip indent,5,0.9521,4,0.668,True,True,False,188,122,-66,-0.2841,True
HttpStringTestCase.testSerialization,5,non-flaky,add blank lines,5,0.9521,5,0.9513,False,True,True,188,188,0,-0.0008,True
HttpStringTestCase.testSerialization,5,non-flaky,remove blank lines,5,0.9521,5,0.9515,False,True,True,188,187,-1,-0.0006,True
HttpStringTestCase.testSerialization,5,non-flaky,trailing newline,5,0.9521,5,0.9517,False,True,True,188,188,0,-0.0004,True
HttpStringTestCase.testSerialization,5,non-flaky,trailing spaces,5,0.9521,5,0.9504,False,True,True,188,200,12,-0.0016,True
HttpStringTestCase.testSerialization,5,non-flaky,CRLF endings,5,0.9521,5,0.952,False,True,True,188,201,13,-0.0,True
WorkerSourceTaskTest.testSendRecordsProducerCallbackFail,5,non-flaky,indent +2,5,0.9517,5,0.951,False,True,True,234,263,29,-0.0006,True
WorkerSourceTaskTest.testSendRecordsProducerCallbackFail,5,non-flaky,indent +4,5,0.9517,5,0.951,False,True,True,234,289,55,-0.0007,True
WorkerSourceTaskTest.testSendRecordsProducerCallbackFail,5,non-flaky,indent +8,5,0.9517,5,0.951,False,True,True,234,341,107,-0.0007,True
WorkerSourceTaskTest.testSendRecordsProducerCallbackFail,5,non-flaky,spaces to tabs,5,0.9517,5,0.948,False,True,True,234,193,-41,-0.0037,True
WorkerSourceTaskTest.testSendRecordsProducerCallbackFail,5,non-flaky,tabs to spaces,5,0.9517,5,0.9515,False,True,True,234,233,-1,-0.0002,True
WorkerSourceTaskTest.testSendRecordsProducerCallbackFail,5,non-flaky,strip indent,5,0.9517,0,0.552,True,True,False,234,180,-54,-0.3997,True
WorkerSourceTaskTest.testSendRecordsProducerCallbackFail,5,non-flaky,add blank lines,5,0.9517,5,0.9516,False,True,True,234,237,3,-0.0001,True
WorkerSourceTaskTest.testSendRecordsProducerCallbackFail,5,non-flaky,remove blank lines,5,0.9517,5,0.9514,False,True,True,234,233,-1,-0.0002,True
WorkerSourceTaskTest.testSendRecordsProducerCallbackFail,5,non-flaky,trailing newline,5,0.9517,5,0.9515,False,True,True,234,234,0,-0.0002,True
WorkerSourceTaskTest.testSendRecordsProducerCallbackFail,5,non-flaky,trailing spaces,5,0.9517,5,0.9508,False,True,True,234,251,17,-0.0009,True
WorkerSourceTaskTest.testSendRecordsProducerCallbackFail,5,non-flaky,CRLF endings,5,0.9517,5,0.9516,False,True,True,234,252,18,-0.0,True
RateBasedBackPressureTest.testWindowSizeMustBeBiggerEqualThanTen,5,non-flaky,indent +2,5,0.9507,5,0.9504,False,True,True,103,110,7,-0.0003,True
RateBasedBackPressureTest.testWindowSizeMustBeBiggerEqualThanTen,5,non-flaky,indent +4,5,0.9507,5,0.9506,False,True,True,103,118,15,-0.0001,True
RateBasedBackPressureTest.testWindowSizeMustBeBiggerEqualThanTen,5,non-flaky,indent +8,5,0.9507,5,0.9507,False,True,True,103,134,31,0.0,True
RateBasedBackPressureTest.testWindowSizeMustBeBiggerEqualThanTen,5,non-flaky,spaces to tabs,5,0.9507,5,0.9482,False,True,True,103,89,-14,-0.0025,True
RateBasedBackPressureTest.testWindowSizeMustBeBiggerEqualThanTen,5,non-flaky,tabs to spaces,5,0.9507,5,0.9502,False,True,True,103,102,-1,-0.0004,True
RateBasedBackPressureTest.testWindowSizeMustBeBiggerEqualThanTen,5,non-flaky,strip indent,5,0.9507,3,0.7039,True,True,False,103,83,-20,-0.2468,True
RateBasedBackPressureTest.testWindowSizeMustBeBiggerEqualThanTen,5,non-flaky,add blank lines,5,0.9507,5,0.9498,False,True,True,103,102,-1,-0.0008,True
RateBasedBackPressureTest.testWindowSizeMustBeBiggerEqualThanTen,5,non-flaky,remove blank lines,5,0.9507,5,0.9502,False,True,True,103,102,-1,-0.0004,True
RateBasedBackPressureTest.testWindowSizeMustBeBiggerEqualThanTen,5,non-flaky,trailing newline,5,0.9507,5,0.9503,False,True,True,103,103,0,-0.0003,True
RateBasedBackPressureTest.testWindowSizeMustBeBiggerEqualThanTen,5,non-flaky,trailing spaces,5,0.9507,5,0.9508,False,True,True,103,107,4,0.0002,True
RateBasedBackPressureTest.testWindowSizeMustBeBiggerEqualThanTen,5,non-flaky,CRLF endings,5,0.9507,5,0.9508,False,True,True,103,108,5,0.0001,True
AbstractTestIntegrationSmokeTest.testShowSchemas,5,non-flaky,indent +2,5,0.9519,5,0.9519,False,True,True,142,161,19,0.0001,True
AbstractTestIntegrationSmokeTest.testShowSchemas,5,non-flaky,indent +4,5,0.9519,5,0.9516,False,True,True,142,179,37,-0.0003,True
AbstractTestIntegrationSmokeTest.testShowSchemas,5,non-flaky,indent +8,5,0.9519,5,0.9508,False,True,True,142,215,73,-0.0011,True
AbstractTestIntegrationSmokeTest.testShowSchemas,5,non-flaky,spaces to tabs,5,0.9519,5,0.9487,False,True,True,142,107,-35,-0.0031,True
AbstractTestIntegrationSmokeTest.testShowSchemas,5,non-flaky,tabs to spaces,5,0.9519,5,0.9519,False,True,True,142,141,-1,-0.0,True
AbstractTestIntegrationSmokeTest.testShowSchemas,5,non-flaky,strip indent,5,0.9519,4,0.9359,True,True,False,142,95,-47,-0.016,True
AbstractTestIntegrationSmokeTest.testShowSchemas,5,non-flaky,add blank lines,5,0.9519,5,0.9515,False,True,True,142,143,1,-0.0004,True
AbstractTestIntegrationSmokeTest.testShowSchemas,5,non-flaky,remove blank lines,5,0.9519,5,0.952,False,True,True,142,141,-1,0.0001,True
AbstractTestIntegrationSmokeTest.testShowSchemas,5,non-flaky,trailing newline,5,0.9519,5,0.9519,False,True,True,142,142,0,-0.0,True
AbstractTestIntegrationSmokeTest.testShowSchemas,5,non-flaky,trailing spaces,5,0.9519,5,0.952,False,True,True,142,153,11,0.0001,True
AbstractTestIntegrationSmokeTest.testShowSchemas,5,non-flaky,CRLF endings,5,0.9519,5,0.9523,False,True,True,142,154,12,0.0004,True
BaseConnectorTest.testSelectAll,5,non-flaky,indent +2,5,0.9518,5,0.9519,False,True,True,44,51,7,0.0001,True
BaseConnectorTest.testSelectAll,5,non-flaky,indent +4,5,0.9518,5,0.9517,False,True,True,44,59,15,-0.0001,True
BaseConnectorTest.testSelectAll,5,non-flaky,indent +8,5,0.9518,5,0.951,False,True,True,44,75,31,-0.0008,True
BaseConnectorTest.testSelectAll,5,non-flaky,spaces to tabs,5,0.9518,5,0.9495,False,True,True,44,30,-14,-0.0023,True
BaseConnectorTest.testSelectAll,5,non-flaky,tabs to spaces,5,0.9518,5,0.9518,False,True,True,44,43,-1,0.0,True
BaseConnectorTest.testSelectAll,5,non-flaky,strip indent,5,0.9518,4,0.904,True,True,False,44,24,-20,-0.0478,True
BaseConnectorTest.testSelectAll,5,non-flaky,add blank lines,5,0.9518,5,0.9517,False,True,True,44,43,-1,-0.0001,True
BaseConnectorTest.testSelectAll,5,non-flaky,remove blank lines,5,0.9518,5,0.9518,False,True,True,44,43,-1,0.0,True
BaseConnectorTest.testSelectAll,5,non-flaky,trailing newline,5,0.9518,5,0.9518,False,True,True,44,44,0,0.0,True
BaseConnectorTest.testSelectAll,5,non-flaky,trailing spaces,5,0.9518,5,0.9512,False,True,True,44,48,4,-0.0006,True
BaseConnectorTest.testSelectAll,5,non-flaky,CRLF endings,5,0.9518,5,0.9519,False,True,True,44,49,5,0.0001,True
AnnotatedEndpointTest.testGenericMessageHandling,5,non-flaky,indent +2,5,0.9516,5,0.9508,False,True,True,394,439,45,-0.0008,True
AnnotatedEndpointTest.testGenericMessageHandling,5,non-flaky,indent +4,5,0.9516,5,0.9508,False,True,True,394,481,87,-0.0009,True
AnnotatedEndpointTest.testGenericMessageHandling,5,non-flaky,indent +8,5,0.9516,5,0.9508,False,True,True,394,512,118,-0.0009,True
AnnotatedEndpointTest.testGenericMessageHandling,5,non-flaky,spaces to tabs,5,0.9516,5,0.9485,False,True,True,394,312,-82,-0.0032,True
AnnotatedEndpointTest.testGenericMessageHandling,5,non-flaky,tabs to spaces,5,0.9516,5,0.9513,False,True,True,394,393,-1,-0.0003,True
AnnotatedEndpointTest.testGenericMessageHandling,5,non-flaky,strip indent,5,0.9516,0,0.752,True,True,False,394,283,-111,-0.1996,True
AnnotatedEndpointTest.testGenericMessageHandling,5,non-flaky,add blank lines,5,0.9516,5,0.9511,False,True,True,394,397,3,-0.0005,True
AnnotatedEndpointTest.testGenericMessageHandling,5,non-flaky,remove blank lines,5,0.9516,5,0.9511,False,True,True,394,393,-1,-0.0006,True
AnnotatedEndpointTest.testGenericMessageHandling,5,non-flaky,trailing newline,5,0.9516,5,0.9514,False,True,True,394,394,0,-0.0003,True
AnnotatedEndpointTest.testGenericMessageHandling,5,non-flaky,trailing spaces,5,0.9516,5,0.949,False,True,True,394,419,25,-0.0027,True
AnnotatedEndpointTest.testGenericMessageHandling,5,non-flaky,CRLF endings,5,0.9516,5,0.9515,False,True,True,394,420,26,-0.0002,True
BucketNameValidatorTest.testValidation_nonStringInput,5,non-flaky,indent +2,5,0.9491,5,0.9515,False,True,True,79,88,9,0.0023,True
BucketNameValidatorTest.testValidation_nonStringInput,5,non-flaky,indent +4,5,0.9491,5,0.9514,False,True,True,79,98,19,0.0023,True
BucketNameValidatorTest.testValidation_nonStringInput,5,non-flaky,indent +8,5,0.9491,5,0.9513,False,True,True,79,118,39,0.0022,True
BucketNameValidatorTest.testValidation_nonStringInput,5,non-flaky,spaces to tabs,5,0.9491,5,0.9458,False,True,True,79,72,-7,-0.0033,True
BucketNameValidatorTest.testValidation_nonStringInput,5,non-flaky,tabs to spaces,5,0.9491,5,0.9494,False,True,True,79,78,-1,0.0003,True
BucketNameValidatorTest.testValidation_nonStringInput,5,non-flaky,strip indent,5,0.9491,4,0.9363,True,True,False,79,66,-13,-0.0128,True
BucketNameValidatorTest.testValidation_nonStringInput,5,non-flaky,add blank lines,5,0.9491,5,0.9497,False,True,True,79,78,-1,0.0006,True
BucketNameValidatorTest.testValidation_nonStringInput,5,non-flaky,remove blank lines,5,0.9491,5,0.9494,False,True,True,79,78,-1,0.0003,True
BucketNameValidatorTest.testValidation_nonStringInput,5,non-flaky,trailing newline,5,0.9491,5,0.9494,False,True,True,79,79,0,0.0003,True
BucketNameValidatorTest.testValidation_nonStringInput,5,non-flaky,trailing spaces,5,0.9491,5,0.9508,False,True,True,79,84,5,0.0017,True
BucketNameValidatorTest.testValidation_nonStringInput,5,non-flaky,CRLF endings,5,0.9491,5,0.9501,False,True,True,79,85,6,0.0009,True
RxQueryTest.insertEmission,5,non-flaky,indent +2,5,0.9512,5,0.9503,False,True,True,366,427,61,-0.001,True
RxQueryTest.insertEmission,5,non-flaky,indent +4,5,0.9512,5,0.9505,False,True,True,366,481,115,-0.0007,True
RxQueryTest.insertEmission,5,non-flaky,indent +8,5,0.9512,5,0.95,False,True,True,366,512,146,-0.0012,True
RxQueryTest.insertEmission,5,non-flaky,spaces to tabs,5,0.9512,5,0.9502,False,True,True,366,278,-88,-0.0011,True
RxQueryTest.insertEmission,5,non-flaky,tabs to spaces,5,0.9512,5,0.951,False,True,True,366,365,-1,-0.0003,True
RxQueryTest.insertEmission,5,non-flaky,strip indent,5,0.9512,0,0.761,True,True,False,366,249,-117,-0.1902,True
RxQueryTest.insertEmission,5,non-flaky,add blank lines,5,0.9512,5,0.9513,False,True,True,366,373,7,0.0,True
RxQueryTest.insertEmission,5,non-flaky,remove blank lines,5,0.9512,5,0.9507,False,True,True,366,365,-1,-0.0005,True
RxQueryTest.insertEmission,5,non-flaky,trailing newline,5,0.9512,5,0.951,False,True,True,366,366,0,-0.0002,True
RxQueryTest.insertEmission,5,non-flaky,trailing spaces,5,0.9512,5,0.9494,False,True,True,366,401,35,-0.0018,True
RxQueryTest.insertEmission,5,non-flaky,CRLF endings,5,0.9512,5,0.9505,False,True,True,366,402,36,-0.0007,True
RealtimeToOfflineSegmentsMinionClusterIntegrationTest.testQueryExceptions,5,non-flaky,indent +2,5,0.9467,5,0.9497,False,True,True,24,27,3,0.003,True
RealtimeToOfflineSegmentsMinionClusterIntegrationTest.testQueryExceptions,5,non-flaky,indent +4,5,0.9467,5,0.9501,False,True,True,24,31,7,0.0034,True
RealtimeToOfflineSegmentsMinionClusterIntegrationTest.testQueryExceptions,5,non-flaky,indent +8,5,0.9467,5,0.9505,False,True,True,24,39,15,0.0038,True
RealtimeToOfflineSegmentsMinionClusterIntegrationTest.testQueryExceptions,5,non-flaky,spaces to tabs,5,0.9467,5,0.947,False,True,True,24,23,-1,0.0004,True
RealtimeToOfflineSegmentsMinionClusterIntegrationTest.testQueryExceptions,5,non-flaky,tabs to spaces,5,0.9467,5,0.947,False,True,True,24,23,-1,0.0004,True
RealtimeToOfflineSegmentsMinionClusterIntegrationTest.testQueryExceptions,5,non-flaky,strip indent,5,0.9467,4,0.7551,True,True,False,24,20,-4,-0.1916,True
RealtimeToOfflineSegmentsMinionClusterIntegrationTest.testQueryExceptions,5,non-flaky,add blank lines,5,0.9467,5,0.9463,False,True,True,24,23,-1,-0.0004,True
RealtimeToOfflineSegmentsMinionClusterIntegrationTest.testQueryExceptions,5,non-flaky,remove blank lines,5,0.9467,5,0.947,False,True,True,24,23,-1,0.0004,True
RealtimeToOfflineSegmentsMinionClusterIntegrationTest.testQueryExceptions,5,non-flaky,trailing newline,5,0.9467,5,0.9467,False,True,True,24,24,0,0.0001,True
RealtimeToOfflineSegmentsMinionClusterIntegrationTest.testQueryExceptions,5,non-flaky,trailing spaces,5,0.9467,5,0.9489,False,True,True,24,26,2,0.0022,True
RealtimeToOfflineSegmentsMinionClusterIntegrationTest.testQueryExceptions,5,non-flaky,CRLF endings,5,0.9467,5,0.9471,False,True,True,24,27,3,0.0004,True
TokenSequenceMatcherITest.testTokenSequenceMatcher9,5,non-flaky,indent +2,5,0.9532,5,0.953,False,True,True,512,512,0,-0.0001,True
TokenSequenceMatcherITest.testTokenSequenceMatcher9,5,non-flaky,indent +4,5,0.9532,5,0.9524,False,True,True,512,512,0,-0.0008,True
TokenSequenceMatcherITest.testTokenSequenceMatcher9,5,non-flaky,indent +8,5,0.9532,5,0.9517,False,True,True,512,512,0,-0.0015,True
TokenSequenceMatcherITest.testTokenSequenceMatcher9,5,non-flaky,spaces to tabs,5,0.9532,5,0.952,False,True,True,512,466,-46,-0.0012,True
TokenSequenceMatcherITest.testTokenSequenceMatcher9,5,non-flaky,tabs to spaces,5,0.9532,5,0.9531,False,True,True,512,511,-1,-0.0001,True
TokenSequenceMatcherITest.testTokenSequenceMatcher9,5,non-flaky,strip indent,5,0.9532,4,0.6598,True,True,False,512,444,-68,-0.2933,True
TokenSequenceMatcherITest.testTokenSequenceMatcher9,5,non-flaky,add blank lines,5,0.9532,5,0.953,False,True,True,512,512,0,-0.0002,True
TokenSequenceMatcherITest.testTokenSequenceMatcher9,5,non-flaky,remove blank lines,5,0.9532,5,0.9529,False,True,True,512,511,-1,-0.0002,True
TokenSequenceMatcherITest.testTokenSequenceMatcher9,5,non-flaky,trailing newline,5,0.9532,5,0.9531,False,True,True,512,512,0,-0.0001,True
TokenSequenceMatcherITest.testTokenSequenceMatcher9,5,non-flaky,trailing spaces,5,0.9532,5,0.9526,False,True,True,512,512,0,-0.0006,True
TokenSequenceMatcherITest.testTokenSequenceMatcher9,5,non-flaky,CRLF endings,5,0.9532,5,0.9523,False,True,True,512,512,0,-0.0008,True
TextUtilsTest.testPropertiesToXML,5,non-flaky,indent +2,5,0.9523,5,0.952,False,True,True,450,492,42,-0.0003,True
TextUtilsTest.testPropertiesToXML,5,non-flaky,indent +4,5,0.9523,5,0.9516,False,True,True,450,512,62,-0.0007,True
TextUtilsTest.testPropertiesToXML,5,non-flaky,indent +8,5,0.9523,5,0.9507,False,True,True,450,512,62,-0.0016,True
TextUtilsTest.testPropertiesToXML,5,non-flaky,spaces to tabs,5,0.9523,5,0.9515,False,True,True,450,358,-92,-0.0008,True
TextUtilsTest.testPropertiesToXML,5,non-flaky,tabs to spaces,5,0.9523,5,0.952,False,True,True,450,449,-1,-0.0003,True
TextUtilsTest.testPropertiesToXML,5,non-flaky,strip indent,5,0.9523,3,0.6012,True,True,False,450,321,-129,-0.3511,True
TextUtilsTest.testPropertiesToXML,5,non-flaky,add blank lines,5,0.9523,5,0.9519,False,True,True,450,450,0,-0.0004,True
TextUtilsTest.testPropertiesToXML,5,non-flaky,remove blank lines,5,0.9523,5,0.952,False,True,True,450,449,-1,-0.0003,True
TextUtilsTest.testPropertiesToXML,5,non-flaky,trailing newline,5,0.9523,5,0.952,False,True,True,450,450,0,-0.0003,True
TextUtilsTest.testPropertiesToXML,5,non-flaky,trailing spaces,5,0.9523,5,0.9517,False,True,True,450,472,22,-0.0006,True
TextUtilsTest.testPropertiesToXML,5,non-flaky,CRLF endings,5,0.9523,5,0.9527,False,True,True,450,473,23,0.0004,True
LongSumAveragerTest.testComputeResult,5,non-flaky,indent +2,5,0.9532,5,0.9525,False,True,True,372,423,51,-0.0007,True
LongSumAveragerTest.testComputeResult,5,non-flaky,indent +4,5,0.9532,5,0.9521,False,True,True,372,469,97,-0.0011,True
LongSumAveragerTest.testComputeResult,5,non-flaky,indent +8,5,0.9532,5,0.9518,False,True,True,372,512,140,-0.0014,True
LongSumAveragerTest.testComputeResult,5,non-flaky,spaces to tabs,5,0.9532,5,0.9509,False,True,True,372,350,-22,-0.0023,True
LongSumAveragerTest.testComputeResult,5,non-flaky,tabs to spaces,5,0.9532,5,0.9529,False,True,True,372,371,-1,-0.0003,True
LongSumAveragerTest.testComputeResult,5,non-flaky,strip indent,5,0.9532,3,0.8646,True,True,False,372,338,-34,-0.0886,True
LongSumAveragerTest.testComputeResult,5,non-flaky,add blank lines,5,0.9532,5,0.9529,False,True,True,372,377,5,-0.0003,True
LongSumAveragerTest.testComputeResult,5,non-flaky,remove blank lines,5,0.9532,5,0.9527,False,True,True,372,371,-1,-0.0005,True
LongSumAveragerTest.testComputeResult,5,non-flaky,trailing newline,5,0.9532,5,0.953,False,True,True,372,372,0,-0.0002,True
LongSumAveragerTest.testComputeResult,5,non-flaky,trailing spaces,5,0.9532,5,0.9522,False,True,True,372,401,29,-0.001,True
LongSumAveragerTest.testComputeResult,5,non-flaky,CRLF endings,5,0.9532,5,0.9526,False,True,True,372,402,30,-0.0006,True
RealtimeKinesisIntegrationTest.testCountRecords,5,non-flaky,indent +2,5,0.9522,5,0.9515,False,True,True,106,120,14,-0.0007,True
RealtimeKinesisIntegrationTest.testCountRecords,5,non-flaky,indent +4,5,0.9522,5,0.9512,False,True,True,106,134,28,-0.001,True
RealtimeKinesisIntegrationTest.testCountRecords,5,non-flaky,indent +8,5,0.9522,5,0.9505,False,True,True,106,162,56,-0.0017,True
RealtimeKinesisIntegrationTest.testCountRecords,5,non-flaky,spaces to tabs,5,0.9522,5,0.95,False,True,True,106,88,-18,-0.0022,True
RealtimeKinesisIntegrationTest.testCountRecords,5,non-flaky,tabs to spaces,5,0.9522,5,0.9517,False,True,True,106,105,-1,-0.0006,True
RealtimeKinesisIntegrationTest.testCountRecords,5,non-flaky,strip indent,5,0.9522,0,0.7511,True,True,False,106,79,-27,-0.2011,True
RealtimeKinesisIntegrationTest.testCountRecords,5,non-flaky,add blank lines,5,0.9522,5,0.9519,False,True,True,106,106,0,-0.0003,True
RealtimeKinesisIntegrationTest.testCountRecords,5,non-flaky,remove blank lines,5,0.9522,5,0.9516,False,True,True,106,105,-1,-0.0006,True
RealtimeKinesisIntegrationTest.testCountRecords,5,non-flaky,trailing newline,5,0.9522,5,0.952,False,True,True,106,106,0,-0.0003,True
RealtimeKinesisIntegrationTest.testCountRecords,5,non-flaky,trailing spaces,5,0.9522,5,0.9512,False,True,True,106,114,8,-0.001,True
RealtimeKinesisIntegrationTest.testCountRecords,5,non-flaky,CRLF endings,5,0.9522,5,0.9522,False,True,True,106,115,9,-0.0,True
PulsarDatabaseHistoryTest.shouldStartWithEmptyTopicAndStoreDataAndRecoverAllState,5,non-flaky,indent +2,5,0.951,5,0.9515,False,True,True,67,74,7,0.0004,True
PulsarDatabaseHistoryTest.shouldStartWithEmptyTopicAndStoreDataAndRecoverAllState,5,non-flaky,indent +4,5,0.951,5,0.9516,False,True,True,67,82,15,0.0006,True
PulsarDatabaseHistoryTest.shouldStartWithEmptyTopicAndStoreDataAndRecoverAllState,5,non-flaky,indent +8,5,0.951,5,0.9513,False,True,True,67,98,31,0.0002,True
PulsarDatabaseHistoryTest.shouldStartWithEmptyTopicAndStoreDataAndRecoverAllState,5,non-flaky,spaces to tabs,5,0.951,5,0.945,False,True,True,67,50,-17,-0.006,True
PulsarDatabaseHistoryTest.shouldStartWithEmptyTopicAndStoreDataAndRecoverAllState,5,non-flaky,tabs to spaces,5,0.951,5,0.9516,False,True,True,67,66,-1,0.0005,True
PulsarDatabaseHistoryTest.shouldStartWithEmptyTopicAndStoreDataAndRecoverAllState,5,non-flaky,strip indent,5,0.951,4,0.9281,True,True,False,67,43,-24,-0.023,True
PulsarDatabaseHistoryTest.shouldStartWithEmptyTopicAndStoreDataAndRecoverAllState,5,non-flaky,add blank lines,5,0.951,5,0.951,False,True,True,67,66,-1,-0.0,True
PulsarDatabaseHistoryTest.shouldStartWithEmptyTopicAndStoreDataAndRecoverAllState,5,non-flaky,remove blank lines,5,0.951,5,0.9516,False,True,True,67,66,-1,0.0005,True
PulsarDatabaseHistoryTest.shouldStartWithEmptyTopicAndStoreDataAndRecoverAllState,5,non-flaky,trailing newline,5,0.951,5,0.9515,False,True,True,67,67,0,0.0005,True
PulsarDatabaseHistoryTest.shouldStartWithEmptyTopicAndStoreDataAndRecoverAllState,5,non-flaky,trailing spaces,5,0.951,5,0.9518,False,True,True,67,71,4,0.0008,True
PulsarDatabaseHistoryTest.shouldStartWithEmptyTopicAndStoreDataAndRecoverAllState,5,non-flaky,CRLF endings,5,0.951,5,0.9511,False,True,True,67,72,5,0.0001,True
TestKafkaCheckpointManager.testReadCheckpointPriority,5,non-flaky,indent +2,5,0.9513,5,0.9517,False,True,True,297,322,25,0.0003,True
TestKafkaCheckpointManager.testReadCheckpointPriority,5,non-flaky,indent +4,5,0.9513,5,0.9517,False,True,True,297,348,51,0.0004,True
TestKafkaCheckpointManager.testReadCheckpointPriority,5,non-flaky,indent +8,5,0.9513,5,0.9516,False,True,True,297,400,103,0.0003,True
TestKafkaCheckpointManager.testReadCheckpointPriority,5,non-flaky,spaces to tabs,5,0.9513,5,0.9472,False,True,True,297,267,-30,-0.0041,True
TestKafkaCheckpointManager.testReadCheckpointPriority,5,non-flaky,tabs to spaces,5,0.9513,5,0.9511,False,True,True,297,296,-1,-0.0002,True
TestKafkaCheckpointManager.testReadCheckpointPriority,5,non-flaky,strip indent,5,0.9513,4,0.7457,True,True,False,297,250,-47,-0.2056,True
TestKafkaCheckpointManager.testReadCheckpointPriority,5,non-flaky,add blank lines,5,0.9513,5,0.9522,False,True,True,297,296,-1,0.0009,True
TestKafkaCheckpointManager.testReadCheckpointPriority,5,non-flaky,remove blank lines,5,0.9513,5,0.9511,False,True,True,297,296,-1,-0.0002,True
TestKafkaCheckpointManager.testReadCheckpointPriority,5,non-flaky,trailing newline,5,0.9513,5,0.9512,False,True,True,297,297,0,-0.0001,True
TestKafkaCheckpointManager.testReadCheckpointPriority,5,non-flaky,trailing spaces,5,0.9513,5,0.9512,False,True,True,297,310,13,-0.0001,True
TestKafkaCheckpointManager.testReadCheckpointPriority,5,non-flaky,CRLF endings,5,0.9513,5,0.9515,False,True,True,297,311,14,0.0002,True
AppEngineApplicationQueryJobTest.testRun_projectHasApplication,5,non-flaky,indent +2,5,0.952,5,0.9516,False,True,True,179,209,30,-0.0004,True
AppEngineApplicationQueryJobTest.testRun_projectHasApplication,5,non-flaky,indent +4,5,0.952,5,0.9513,False,True,True,179,237,58,-0.0007,True
AppEngineApplicationQueryJobTest.testRun_projectHasApplication,5,non-flaky,indent +8,5,0.952,5,0.9505,False,True,True,179,293,114,-0.0015,True
AppEngineApplicationQueryJobTest.testRun_projectHasApplication,5,non-flaky,spaces to tabs,5,0.952,5,0.9487,False,True,True,179,162,-17,-0.0033,True
AppEngineApplicationQueryJobTest.testRun_projectHasApplication,5,non-flaky,tabs to spaces,5,0.952,5,0.9518,False,True,True,179,178,-1,-0.0002,True
AppEngineApplicationQueryJobTest.testRun_projectHasApplication,5,non-flaky,strip indent,5,0.952,0,0.5084,True,True,False,179,153,-26,-0.4437,True
AppEngineApplicationQueryJobTest.testRun_projectHasApplication,5,non-flaky,add blank lines,5,0.952,5,0.9524,False,True,True,179,181,2,0.0004,True
AppEngineApplicationQueryJobTest.testRun_projectHasApplication,5,non-flaky,remove blank lines,5,0.952,5,0.9516,False,True,True,179,178,-1,-0.0004,True
AppEngineApplicationQueryJobTest.testRun_projectHasApplication,5,non-flaky,trailing newline,5,0.952,5,0.9519,False,True,True,179,179,0,-0.0001,True
AppEngineApplicationQueryJobTest.testRun_projectHasApplication,5,non-flaky,trailing spaces,5,0.952,5,0.9509,False,True,True,179,196,17,-0.0011,True
AppEngineApplicationQueryJobTest.testRun_projectHasApplication,5,non-flaky,CRLF endings,5,0.952,5,0.9512,False,True,True,179,197,18,-0.0008,True
MetricParserTest.testParseWithEscapedCharacters,5,non-flaky,indent +2,5,0.9522,5,0.9518,False,True,True,272,299,27,-0.0004,True
MetricParserTest.testParseWithEscapedCharacters,5,non-flaky,indent +4,5,0.9522,5,0.9516,False,True,True,272,325,53,-0.0006,True
MetricParserTest.testParseWithEscapedCharacters,5,non-flaky,indent +8,5,0.9522,5,0.9509,False,True,True,272,377,105,-0.0013,True
MetricParserTest.testParseWithEscapedCharacters,5,non-flaky,spaces to tabs,5,0.9522,5,0.9514,False,True,True,272,220,-52,-0.0007,True
MetricParserTest.testParseWithEscapedCharacters,5,non-flaky,tabs to spaces,5,0.9522,5,0.9517,False,True,True,272,271,-1,-0.0005,True
MetricParserTest.testParseWithEscapedCharacters,5,non-flaky,strip indent,5,0.9522,3,0.8586,True,True,False,272,201,-71,-0.0935,True
MetricParserTest.testParseWithEscapedCharacters,5,non-flaky,add blank lines,5,0.9522,5,0.9514,False,True,True,272,273,1,-0.0008,True
MetricParserTest.testParseWithEscapedCharacters,5,non-flaky,remove blank lines,5,0.9522,5,0.9518,False,True,True,272,271,-1,-0.0003,True
MetricParserTest.testParseWithEscapedCharacters,5,non-flaky,trailing newline,5,0.9522,5,0.9518,False,True,True,272,272,0,-0.0003,True
MetricParserTest.testParseWithEscapedCharacters,5,non-flaky,trailing spaces,5,0.9522,5,0.9516,False,True,True,272,287,15,-0.0006,True
MetricParserTest.testParseWithEscapedCharacters,5,non-flaky,CRLF endings,5,0.9522,5,0.9527,False,True,True,272,288,16,0.0005,True
TestLocalStoreMonitor.shouldDoNothingWhenTheJobIsRunning,5,non-flaky,indent +2,5,0.9516,5,0.9513,False,True,True,130,143,13,-0.0002,True
TestLocalStoreMonitor.shouldDoNothingWhenTheJobIsRunning,5,non-flaky,indent +4,5,0.9516,5,0.951,False,True,True,130,157,27,-0.0005,True
TestLocalStoreMonitor.shouldDoNothingWhenTheJobIsRunning,5,non-flaky,indent +8,5,0.9516,5,0.9508,False,True,True,130,185,55,-0.0007,True
TestLocalStoreMonitor.shouldDoNothingWhenTheJobIsRunning,5,non-flaky,spaces to tabs,5,0.9516,5,0.9483,False,True,True,130,120,-10,-0.0032,True
TestLocalStoreMonitor.shouldDoNothingWhenTheJobIsRunning,5,non-flaky,tabs to spaces,5,0.9516,5,0.951,False,True,True,130,129,-1,-0.0006,True
TestLocalStoreMonitor.shouldDoNothingWhenTheJobIsRunning,5,non-flaky,strip indent,5,0.9516,0,0.8283,True,True,False,130,112,-18,-0.1232,True
TestLocalStoreMonitor.shouldDoNothingWhenTheJobIsRunning,5,non-flaky,add blank lines,5,0.9516,5,0.9514,False,True,True,130,129,-1,-0.0001,True
TestLocalStoreMonitor.shouldDoNothingWhenTheJobIsRunning,5,non-flaky,remove blank lines,5,0.9516,5,0.951,False,True,True,130,129,-1,-0.0006,True
TestLocalStoreMonitor.shouldDoNothingWhenTheJobIsRunning,5,non-flaky,trailing newline,5,0.9516,5,0.9513,False,True,True,130,130,0,-0.0003,True
TestLocalStoreMonitor.shouldDoNothingWhenTheJobIsRunning,5,non-flaky,trailing spaces,5,0.9516,5,0.9511,False,True,True,130,137,7,-0.0004,True
TestLocalStoreMonitor.shouldDoNothingWhenTheJobIsRunning,5,non-flaky,CRLF endings,5,0.9516,5,0.9517,False,True,True,130,138,8,0.0002,True
FastJsonpHttpMessageConverter4Case2Test.isInjectComponent,5,non-flaky,indent +2,5,0.9491,5,0.9499,False,True,True,51,56,5,0.0007,True
FastJsonpHttpMessageConverter4Case2Test.isInjectComponent,5,non-flaky,indent +4,5,0.9491,5,0.9504,False,True,True,51,62,11,0.0013,True
FastJsonpHttpMessageConverter4Case2Test.isInjectComponent,5,non-flaky,indent +8,5,0.9491,5,0.9503,False,True,True,51,74,23,0.0012,True
FastJsonpHttpMessageConverter4Case2Test.isInjectComponent,5,non-flaky,spaces to tabs,5,0.9491,5,0.9387,False,True,True,51,39,-12,-0.0104,True
FastJsonpHttpMessageConverter4Case2Test.isInjectComponent,5,non-flaky,tabs to spaces,5,0.9491,5,0.9496,False,True,True,51,50,-1,0.0005,True
FastJsonpHttpMessageConverter4Case2Test.isInjectComponent,5,non-flaky,strip indent,5,0.9491,4,0.942,True,True,False,51,34,-17,-0.0071,True
FastJsonpHttpMessageConverter4Case2Test.isInjectComponent,5,non-flaky,add blank lines,5,0.9491,5,0.9492,False,True,True,51,50,-1,0.0001,True
FastJsonpHttpMessageConverter4Case2Test.isInjectComponent,5,non-flaky,remove blank lines,5,0.9491,5,0.9496,False,True,True,51,50,-1,0.0005,True
FastJsonpHttpMessageConverter4Case2Test.isInjectComponent,5,non-flaky,trailing newline,5,0.9491,5,0.9496,False,True,True,51,51,0,0.0005,True
FastJsonpHttpMessageConverter4Case2Test.isInjectComponent,5,non-flaky,trailing spaces,5,0.9491,5,0.9487,False,True,True,51,54,3,-0.0004,True
FastJsonpHttpMessageConverter4Case2Test.isInjectComponent,5,non-flaky,CRLF endings,5,0.9491,5,0.9492,False,True,True,51,55,4,0.0,True
InterceptorTest.onRequest,5,non-flaky,indent +2,5,0.9507,5,0.9498,False,True,True,151,160,9,-0.0009,True
InterceptorTest.onRequest,5,non-flaky,indent +4,5,0.9507,5,0.9498,False,True,True,151,170,19,-0.0009,True
InterceptorTest.onRequest,5,non-flaky,indent +8,5,0.9507,5,0.9493,False,True,True,151,190,39,-0.0014,True
InterceptorTest.onRequest,5,non-flaky,spaces to tabs,5,0.9507,5,0.9504,False,True,True,151,81,-70,-0.0003,True
InterceptorTest.onRequest,5,non-flaky,tabs to spaces,5,0.9507,5,0.9499,False,True,True,151,150,-1,-0.0008,True
InterceptorTest.onRequest,5,non-flaky,strip indent,5,0.9507,4,0.6005,True,True,False,151,56,-95,-0.3502,True
InterceptorTest.onRequest,5,non-flaky,add blank lines,5,0.9507,5,0.9497,False,True,True,151,150,-1,-0.001,True
InterceptorTest.onRequest,5,non-flaky,remove blank lines,5,0.9507,5,0.9499,False,True,True,151,150,-1,-0.0008,True
InterceptorTest.onRequest,5,non-flaky,trailing newline,5,0.9507,5,0.9501,False,True,True,151,151,0,-0.0006,True
InterceptorTest.onRequest,5,non-flaky,trailing spaces,5,0.9507,5,0.9501,False,True,True,151,156,5,-0.0006,True
InterceptorTest.onRequest,5,non-flaky,CRLF endings,5,0.9507,5,0.9505,False,True,True,151,157,6,-0.0002,True
QueryTest.queryWithRawQueryAndArguments,5,non-flaky,indent +2,5,0.9512,5,0.9505,False,True,True,455,506,51,-0.0007,True
QueryTest.queryWithRawQueryAndArguments,5,non-flaky,indent +4,5,0.9512,5,0.9502,False,True,True,455,512,57,-0.001,True
QueryTest.queryWithRawQueryAndArguments,5,non-flaky,indent +8,5,0.9512,5,0.9496,False,True,True,455,512,57,-0.0016,True
QueryTest.queryWithRawQueryAndArguments,5,non-flaky,spaces to tabs,5,0.9512,5,0.9506,False,True,True,455,286,-169,-0.0005,True
QueryTest.queryWithRawQueryAndArguments,5,non-flaky,tabs to spaces,5,0.9512,5,0.9508,False,True,True,455,454,-1,-0.0003,True
QueryTest.queryWithRawQueryAndArguments,5,non-flaky,strip indent,5,0.9512,0,0.5482,True,True,False,455,227,-228,-0.403,True
QueryTest.queryWithRawQueryAndArguments,5,non-flaky,add blank lines,5,0.9512,5,0.9507,False,True,True,455,458,3,-0.0004,True
QueryTest.queryWithRawQueryAndArguments,5,non-flaky,remove blank lines,5,0.9512,5,0.9509,False,True,True,455,454,-1,-0.0003,True
QueryTest.queryWithRawQueryAndArguments,5,non-flaky,trailing newline,5,0.9512,5,0.9509,False,True,True,455,455,0,-0.0003,True
QueryTest.queryWithRawQueryAndArguments,5,non-flaky,trailing spaces,5,0.9512,5,0.9498,False,True,True,455,483,28,-0.0014,True
QueryTest.queryWithRawQueryAndArguments,5,non-flaky,CRLF endings,5,0.9512,5,0.9514,False,True,True,455,484,29,0.0002,True
MetaKeySetTest.testContents,5,non-flaky,indent +2,5,0.9527,5,0.9521,False,True,True,465,498,33,-0.0005,True
MetaKeySetTest.testContents,5,non-flaky,indent +4,5,0.9527,5,0.952,False,True,True,465,512,47,-0.0006,True
MetaKeySetTest.testContents,5,non-flaky,indent +8,5,0.9527,5,0.9519,False,True,True,465,512,47,-0.0007,True
MetaKeySetTest.testContents,5,non-flaky,spaces to tabs,5,0.9527,5,0.9519,False,True,True,465,383,-82,-0.0008,True
MetaKeySetTest.testContents,5,non-flaky,tabs to spaces,5,0.9527,5,0.9524,False,True,True,465,464,-1,-0.0003,True
MetaKeySetTest.testContents,5,non-flaky,strip indent,5,0.9527,3,0.8115,True,True,False,465,350,-115,-0.1412,True
MetaKeySetTest.testContents,5,non-flaky,add blank lines,5,0.9527,5,0.9523,False,True,True,465,464,-1,-0.0004,True
MetaKeySetTest.testContents,5,non-flaky,remove blank lines,5,0.9527,5,0.9524,False,True,True,465,464,-1,-0.0003,True
MetaKeySetTest.testContents,5,non-flaky,trailing newline,5,0.9527,5,0.9524,False,True,True,465,465,0,-0.0002,True
MetaKeySetTest.testContents,5,non-flaky,trailing spaces,5,0.9527,5,0.952,False,True,True,465,482,17,-0.0007,True
MetaKeySetTest.testContents,5,non-flaky,CRLF endings,5,0.9527,5,0.9527,False,True,True,465,483,18,0.0,True
RocksDbKeyValueServiceTest.testCreateTables,5,non-flaky,indent +2,5,0.952,5,0.9519,False,True,True,95,104,9,-0.0001,True
RocksDbKeyValueServiceTest.testCreateTables,5,non-flaky,indent +4,5,0.952,5,0.9517,False,True,True,95,114,19,-0.0003,True
RocksDbKeyValueServiceTest.testCreateTables,5,non-flaky,indent +8,5,0.952,5,0.9512,False,True,True,95,134,39,-0.0007,True
RocksDbKeyValueServiceTest.testCreateTables,5,non-flaky,spaces to tabs,5,0.952,5,0.9509,False,True,True,95,73,-22,-0.0011,True
RocksDbKeyValueServiceTest.testCreateTables,5,non-flaky,tabs to spaces,5,0.952,5,0.952,False,True,True,95,94,-1,-0.0,True
RocksDbKeyValueServiceTest.testCreateTables,5,non-flaky,strip indent,5,0.952,4,0.3763,True,True,False,95,64,-31,-0.5756,True
RocksDbKeyValueServiceTest.testCreateTables,5,non-flaky,add blank lines,5,0.952,5,0.9517,False,True,True,95,94,-1,-0.0003,True
RocksDbKeyValueServiceTest.testCreateTables,5,non-flaky,remove blank lines,5,0.952,5,0.952,False,True,True,95,94,-1,-0.0,True
RocksDbKeyValueServiceTest.testCreateTables,5,non-flaky,trailing newline,5,0.952,5,0.952,False,True,True,95,95,0,-0.0,True
RocksDbKeyValueServiceTest.testCreateTables,5,non-flaky,trailing spaces,5,0.952,5,0.9519,False,True,True,95,100,5,-0.0001,True
RocksDbKeyValueServiceTest.testCreateTables,5,non-flaky,CRLF endings,5,0.952,5,0.9519,False,True,True,95,101,6,-0.0,True
TestKafkaSystemAdminJava.testStartpointTimestampVisitorShouldResolveToCorrectOffset,5,non-flaky,indent +2,5,0.9528,5,0.9518,False,True,True,350,392,42,-0.001,True
TestKafkaSystemAdminJava.testStartpointTimestampVisitorShouldResolveToCorrectOffset,5,non-flaky,indent +4,5,0.9528,5,0.9515,False,True,True,350,430,80,-0.0013,True
TestKafkaSystemAdminJava.testStartpointTimestampVisitorShouldResolveToCorrectOffset,5,non-flaky,indent +8,5,0.9528,5,0.9508,False,True,True,350,506,156,-0.002,True
TestKafkaSystemAdminJava.testStartpointTimestampVisitorShouldResolveToCorrectOffset,5,non-flaky,spaces to tabs,5,0.9528,5,0.9505,False,True,True,350,325,-25,-0.0023,True
TestKafkaSystemAdminJava.testStartpointTimestampVisitorShouldResolveToCorrectOffset,5,non-flaky,tabs to spaces,5,0.9528,5,0.9526,False,True,True,350,349,-1,-0.0002,True
TestKafkaSystemAdminJava.testStartpointTimestampVisitorShouldResolveToCorrectOffset,5,non-flaky,strip indent,5,0.9528,3,0.2919,True,True,False,350,314,-36,-0.6609,True
TestKafkaSystemAdminJava.testStartpointTimestampVisitorShouldResolveToCorrectOffset,5,non-flaky,add blank lines,5,0.9528,5,0.9523,False,True,True,350,354,4,-0.0005,True
TestKafkaSystemAdminJava.testStartpointTimestampVisitorShouldResolveToCorrectOffset,5,non-flaky,remove blank lines,5,0.9528,5,0.9526,False,True,True,350,349,-1,-0.0002,True
TestKafkaSystemAdminJava.testStartpointTimestampVisitorShouldResolveToCorrectOffset,5,non-flaky,trailing newline,5,0.9528,5,0.9527,False,True,True,350,350,0,-0.0001,True
TestKafkaSystemAdminJava.testStartpointTimestampVisitorShouldResolveToCorrectOffset,5,non-flaky,trailing spaces,5,0.9528,5,0.9518,False,True,True,350,374,24,-0.001,True
TestKafkaSystemAdminJava.testStartpointTimestampVisitorShouldResolveToCorrectOffset,5,non-flaky,CRLF endings,5,0.9528,5,0.9524,False,True,True,350,375,25,-0.0004,True
ChineseSerializationITest.testChineseSerialization,5,non-flaky,indent +2,5,0.9528,5,0.952,False,True,True,512,512,0,-0.0008,True
ChineseSerializationITest.testChineseSerialization,5,non-flaky,indent +4,5,0.9528,5,0.9515,False,True,True,512,512,0,-0.0012,True
ChineseSerializationITest.testChineseSerialization,5,non-flaky,indent +8,5,0.9528,5,0.9509,False,True,True,512,512,0,-0.0019,True
ChineseSerializationITest.testChineseSerialization,5,non-flaky,spaces to tabs,5,0.9528,5,0.9521,False,True,True,512,512,0,-0.0007,True
ChineseSerializationITest.testChineseSerialization,5,non-flaky,tabs to spaces,5,0.9528,5,0.9528,False,True,True,512,512,0,0.0001,True
ChineseSerializationITest.testChineseSerialization,5,non-flaky,strip indent,5,0.9528,4,0.7493,True,True,False,512,512,0,-0.2035,True
ChineseSerializationITest.testChineseSerialization,5,non-flaky,add blank lines,5,0.9528,5,0.9523,False,True,True,512,512,0,-0.0004,True
ChineseSerializationITest.testChineseSerialization,5,non-flaky,remove blank lines,5,0.9528,5,0.9529,False,True,True,512,512,0,0.0001,True
ChineseSerializationITest.testChineseSerialization,5,non-flaky,trailing newline,5,0.9528,5,0.9528,False,True,True,512,512,0,0.0,True
ChineseSerializationITest.testChineseSerialization,5,non-flaky,trailing spaces,5,0.9528,5,0.9527,False,True,True,512,512,0,-0.0001,True
ChineseSerializationITest.testChineseSerialization,5,non-flaky,CRLF endings,5,0.9528,5,0.9529,False,True,True,512,512,0,0.0002,True
StartAndStopLatchTest.shouldReturnFalseWhenAwaitingForDependentLatchToComplete,5,non-flaky,indent +2,5,0.949,5,0.949,False,True,True,224,248,24,-0.0,True
StartAndStopLatchTest.shouldReturnFalseWhenAwaitingForDependentLatchToComplete,5,non-flaky,indent +4,5,0.949,5,0.9492,False,True,True,224,272,48,0.0002,True
StartAndStopLatchTest.shouldReturnFalseWhenAwaitingForDependentLatchToComplete,5,non-flaky,indent +8,5,0.949,5,0.9492,False,True,True,224,320,96,0.0003,True
StartAndStopLatchTest.shouldReturnFalseWhenAwaitingForDependentLatchToComplete,5,non-flaky,spaces to tabs,5,0.949,5,0.9465,False,True,True,224,175,-49,-0.0025,True
StartAndStopLatchTest.shouldReturnFalseWhenAwaitingForDependentLatchToComplete,5,non-flaky,tabs to spaces,5,0.949,5,0.9487,False,True,True,224,223,-1,-0.0002,True
StartAndStopLatchTest.shouldReturnFalseWhenAwaitingForDependentLatchToComplete,5,non-flaky,strip indent,5,0.949,0,0.6767,True,True,False,224,155,-69,-0.2723,True
StartAndStopLatchTest.shouldReturnFalseWhenAwaitingForDependentLatchToComplete,5,non-flaky,add blank lines,5,0.949,5,0.9483,False,True,True,224,224,0,-0.0006,True
StartAndStopLatchTest.shouldReturnFalseWhenAwaitingForDependentLatchToComplete,5,non-flaky,remove blank lines,5,0.949,5,0.9487,False,True,True,224,223,-1,-0.0002,True
StartAndStopLatchTest.shouldReturnFalseWhenAwaitingForDependentLatchToComplete,5,non-flaky,trailing newline,5,0.949,5,0.9487,False,True,True,224,224,0,-0.0003,True
StartAndStopLatchTest.shouldReturnFalseWhenAwaitingForDependentLatchToComplete,5,non-flaky,trailing spaces,5,0.949,5,0.9483,False,True,True,224,237,13,-0.0006,True
StartAndStopLatchTest.shouldReturnFalseWhenAwaitingForDependentLatchToComplete,5,non-flaky,CRLF endings,5,0.949,5,0.9489,False,True,True,224,238,14,-0.0001,True
CouchbaseTemplateQueryIntegrationTests.beforeEach,5,non-flaky,indent +2,5,0.9474,5,0.9509,False,True,True,195,217,22,0.0035,True
CouchbaseTemplateQueryIntegrationTests.beforeEach,5,non-flaky,indent +4,5,0.9474,5,0.9518,False,True,True,195,239,44,0.0044,True
CouchbaseTemplateQueryIntegrationTests.beforeEach,5,non-flaky,indent +8,5,0.9474,5,0.9518,False,True,True,195,283,88,0.0045,True
CouchbaseTemplateQueryIntegrationTests.beforeEach,5,non-flaky,spaces to tabs,5,0.9474,5,0.9477,False,True,True,195,194,-1,0.0003,True
CouchbaseTemplateQueryIntegrationTests.beforeEach,5,non-flaky,tabs to spaces,5,0.9474,5,0.9521,False,True,True,195,238,43,0.0047,True
CouchbaseTemplateQueryIntegrationTests.beforeEach,5,non-flaky,strip indent,5,0.9474,4,0.6544,True,True,False,195,176,-19,-0.2929,True
CouchbaseTemplateQueryIntegrationTests.beforeEach,5,non-flaky,add blank lines,5,0.9474,5,0.9486,False,True,True,195,195,0,0.0013,True
CouchbaseTemplateQueryIntegrationTests.beforeEach,5,non-flaky,remove blank lines,5,0.9474,5,0.9476,False,True,True,195,194,-1,0.0002,True
CouchbaseTemplateQueryIntegrationTests.beforeEach,5,non-flaky,trailing newline,5,0.9474,5,0.9478,False,True,True,195,195,0,0.0004,True
CouchbaseTemplateQueryIntegrationTests.beforeEach,5,non-flaky,trailing spaces,5,0.9474,5,0.9498,False,True,True,195,207,12,0.0024,True
CouchbaseTemplateQueryIntegrationTests.beforeEach,5,non-flaky,CRLF endings,5,0.9474,5,0.9487,False,True,True,195,208,13,0.0013,True
N1qlQueryCreatorTests.beforeEach,5,non-flaky,indent +2,5,0.9459,5,0.9503,False,True,True,62,71,9,0.0044,True
N1qlQueryCreatorTests.beforeEach,5,non-flaky,indent +4,5,0.9459,5,0.9516,False,True,True,62,81,19,0.0057,True
N1qlQueryCreatorTests.beforeEach,5,non-flaky,indent +8,5,0.9459,5,0.9518,False,True,True,62,101,39,0.0059,True
N1qlQueryCreatorTests.beforeEach,5,non-flaky,spaces to tabs,5,0.9459,5,0.947,False,True,True,62,61,-1,0.0012,True
N1qlQueryCreatorTests.beforeEach,5,non-flaky,tabs to spaces,5,0.9459,5,0.9512,False,True,True,62,79,17,0.0053,True
N1qlQueryCreatorTests.beforeEach,5,non-flaky,strip indent,5,0.9459,4,0.9159,True,True,False,62,52,-10,-0.03,True
N1qlQueryCreatorTests.beforeEach,5,non-flaky,add blank lines,5,0.9459,5,0.9483,False,True,True,62,61,-1,0.0024,True
N1qlQueryCreatorTests.beforeEach,5,non-flaky,remove blank lines,5,0.9459,5,0.947,False,True,True,62,61,-1,0.0012,True
N1qlQueryCreatorTests.beforeEach,5,non-flaky,trailing newline,5,0.9459,5,0.9469,False,True,True,62,62,0,0.001,True
N1qlQueryCreatorTests.beforeEach,5,non-flaky,trailing spaces,5,0.9459,5,0.9488,False,True,True,62,67,5,0.0029,True
N1qlQueryCreatorTests.beforeEach,5,non-flaky,CRLF endings,5,0.9459,5,0.9475,False,True,True,62,68,6,0.0016,True
TextUtilsTest.testMaximalPrefix,5,non-flaky,indent +2,5,0.9525,5,0.9516,False,True,True,391,437,46,-0.0009,True
TextUtilsTest.testMaximalPrefix,5,non-flaky,indent +4,5,0.9525,5,0.9512,False,True,True,391,481,90,-0.0013,True
TextUtilsTest.testMaximalPrefix,5,non-flaky,indent +8,5,0.9525,5,0.9507,False,True,True,391,512,121,-0.0018,True
TextUtilsTest.testMaximalPrefix,5,non-flaky,spaces to tabs,5,0.9525,5,0.9517,False,True,True,391,299,-92,-0.0008,True
TextUtilsTest.testMaximalPrefix,5,non-flaky,tabs to spaces,5,0.9525,5,0.9521,False,True,True,391,390,-1,-0.0003,True
TextUtilsTest.testMaximalPrefix,5,non-flaky,strip indent,5,0.9525,3,0.8583,True,True,False,391,265,-126,-0.0942,True
TextUtilsTest.testMaximalPrefix,5,non-flaky,add blank lines,5,0.9525,5,0.9521,False,True,True,391,393,2,-0.0003,True
TextUtilsTest.testMaximalPrefix,5,non-flaky,remove blank lines,5,0.9525,5,0.9521,False,True,True,391,390,-1,-0.0004,True
TextUtilsTest.testMaximalPrefix,5,non-flaky,trailing newline,5,0.9525,5,0.9522,False,True,True,391,391,0,-0.0002,True
TextUtilsTest.testMaximalPrefix,5,non-flaky,trailing spaces,5,0.9525,5,0.9519,False,True,True,391,416,25,-0.0005,True
TextUtilsTest.testMaximalPrefix,5,non-flaky,CRLF endings,5,0.9525,5,0.9527,False,True,True,391,417,26,0.0002,True
DeployPropertyPageTest.testCorrectPanelIsShownForFacetedProject,5,non-flaky,indent +2,5,0.9522,5,0.9515,False,True,True,310,349,39,-0.0007,True
DeployPropertyPageTest.testCorrectPanelIsShownForFacetedProject,5,non-flaky,indent +4,5,0.9522,5,0.9512,False,True,True,310,389,79,-0.0011,True
DeployPropertyPageTest.testCorrectPanelIsShownForFacetedProject,5,non-flaky,indent +8,5,0.9522,5,0.9509,False,True,True,310,469,159,-0.0013,True
DeployPropertyPageTest.testCorrectPanelIsShownForFacetedProject,5,non-flaky,spaces to tabs,5,0.9522,5,0.9508,False,True,True,310,251,-59,-0.0014,True
DeployPropertyPageTest.testCorrectPanelIsShownForFacetedProject,5,non-flaky,tabs to spaces,5,0.9522,5,0.9519,False,True,True,310,309,-1,-0.0003,True
DeployPropertyPageTest.testCorrectPanelIsShownForFacetedProject,5,non-flaky,strip indent,5,0.9522,4,0.8939,True,True,False,310,218,-92,-0.0584,True
DeployPropertyPageTest.testCorrectPanelIsShownForFacetedProject,5,non-flaky,add blank lines,5,0.9522,5,0.9525,False,True,True,310,309,-1,0.0003,True
DeployPropertyPageTest.testCorrectPanelIsShownForFacetedProject,5,non-flaky,remove blank lines,5,0.9522,5,0.9519,False,True,True,310,309,-1,-0.0003,True
DeployPropertyPageTest.testCorrectPanelIsShownForFacetedProject,5,non-flaky,trailing newline,5,0.9522,5,0.952,False,True,True,310,310,0,-0.0003,True
DeployPropertyPageTest.testCorrectPanelIsShownForFacetedProject,5,non-flaky,trailing spaces,5,0.9522,5,0.9513,False,True,True,310,330,20,-0.0009,True
DeployPropertyPageTest.testCorrectPanelIsShownForFacetedProject,5,non-flaky,CRLF endings,5,0.9522,5,0.9519,False,True,True,310,331,21,-0.0003,True
AjpClientTestCase.run,5,non-flaky,indent +2,5,0.9503,5,0.9501,False,True,True,416,450,34,-0.0002,True
AjpClientTestCase.run,5,non-flaky,indent +4,5,0.9503,5,0.9497,False,True,True,416,484,68,-0.0005,True
AjpClientTestCase.run,5,non-flaky,indent +8,5,0.9503,5,0.9494,False,True,True,416,512,96,-0.0008,True
AjpClientTestCase.run,5,non-flaky,spaces to tabs,5,0.9503,5,0.9487,False,True,True,416,261,-155,-0.0016,True
AjpClientTestCase.run,5,non-flaky,tabs to spaces,5,0.9503,5,0.9501,False,True,True,416,415,-1,-0.0002,True
AjpClientTestCase.run,5,non-flaky,strip indent,5,0.9503,0,0.9056,True,True,False,416,205,-211,-0.0446,True
AjpClientTestCase.run,5,non-flaky,add blank lines,5,0.9503,5,0.9496,False,True,True,416,416,0,-0.0006,True
AjpClientTestCase.run,5,non-flaky,remove blank lines,5,0.9503,5,0.9501,False,True,True,416,415,-1,-0.0002,True
AjpClientTestCase.run,5,non-flaky,trailing newline,5,0.9503,5,0.9501,False,True,True,416,416,0,-0.0002,True
AjpClientTestCase.run,5,non-flaky,trailing spaces,5,0.9503,5,0.9476,False,True,True,416,434,18,-0.0027,True
AjpClientTestCase.run,5,non-flaky,CRLF endings,5,0.9503,5,0.9501,False,True,True,416,435,19,-0.0001,True
InterceptorTest.getNumberOfResultsWithQuery,5,non-flaky,indent +2,5,0.951,5,0.9504,False,True,True,223,244,21,-0.0006,True
InterceptorTest.getNumberOfResultsWithQuery,5,non-flaky,indent +4,5,0.951,5,0.9505,False,True,True,223,266,43,-0.0006,True
InterceptorTest.getNumberOfResultsWithQuery,5,non-flaky,indent +8,5,0.951,5,0.9498,False,True,True,223,310,87,-0.0013,True
InterceptorTest.getNumberOfResultsWithQuery,5,non-flaky,spaces to tabs,5,0.951,5,0.9503,False,True,True,223,117,-106,-0.0008,True
InterceptorTest.getNumberOfResultsWithQuery,5,non-flaky,tabs to spaces,5,0.951,5,0.9507,False,True,True,223,222,-1,-0.0004,True
InterceptorTest.getNumberOfResultsWithQuery,5,non-flaky,strip indent,5,0.951,0,0.7795,True,True,False,223,78,-145,-0.1715,True
InterceptorTest.getNumberOfResultsWithQuery,5,non-flaky,add blank lines,5,0.951,5,0.9501,False,True,True,223,222,-1,-0.0009,True
InterceptorTest.getNumberOfResultsWithQuery,5,non-flaky,remove blank lines,5,0.951,5,0.9507,False,True,True,223,222,-1,-0.0004,True
InterceptorTest.getNumberOfResultsWithQuery,5,non-flaky,trailing newline,5,0.951,5,0.9507,False,True,True,223,223,0,-0.0003,True
InterceptorTest.getNumberOfResultsWithQuery,5,non-flaky,trailing spaces,5,0.951,5,0.9491,False,True,True,223,234,11,-0.0019,True
InterceptorTest.getNumberOfResultsWithQuery,5,non-flaky,CRLF endings,5,0.951,5,0.951,False,True,True,223,235,12,-0.0001,True
EncryptionControllerTests.shouldThrowExceptionOnDecryptInvalidData,5,non-flaky,indent +2,5,0.9487,5,0.9513,False,True,True,88,97,9,0.0026,True
EncryptionControllerTests.shouldThrowExceptionOnDecryptInvalidData,5,non-flaky,indent +4,5,0.9487,5,0.9516,False,True,True,88,107,19,0.0029,True
EncryptionControllerTests.shouldThrowExceptionOnDecryptInvalidData,5,non-flaky,indent +8,5,0.9487,5,0.952,False,True,True,88,127,39,0.0033,True
EncryptionControllerTests.shouldThrowExceptionOnDecryptInvalidData,5,non-flaky,spaces to tabs,5,0.9487,5,0.9493,False,True,True,88,87,-1,0.0006,True
EncryptionControllerTests.shouldThrowExceptionOnDecryptInvalidData,5,non-flaky,tabs to spaces,5,0.9487,5,0.9517,False,True,True,88,114,26,0.003,True
EncryptionControllerTests.shouldThrowExceptionOnDecryptInvalidData,5,non-flaky,strip indent,5,0.9487,4,0.9137,True,True,False,88,76,-12,-0.0351,True
EncryptionControllerTests.shouldThrowExceptionOnDecryptInvalidData,5,non-flaky,add blank lines,5,0.9487,5,0.9492,False,True,True,88,87,-1,0.0005,True
EncryptionControllerTests.shouldThrowExceptionOnDecryptInvalidData,5,non-flaky,remove blank lines,5,0.9487,5,0.9493,False,True,True,88,87,-1,0.0006,True
EncryptionControllerTests.shouldThrowExceptionOnDecryptInvalidData,5,non-flaky,trailing newline,5,0.9487,5,0.9492,False,True,True,88,88,0,0.0005,True
EncryptionControllerTests.shouldThrowExceptionOnDecryptInvalidData,5,non-flaky,trailing spaces,5,0.9487,5,0.9506,False,True,True,88,93,5,0.0018,True
EncryptionControllerTests.shouldThrowExceptionOnDecryptInvalidData,5,non-flaky,CRLF endings,5,0.9487,5,0.9493,False,True,True,88,94,6,0.0006,True
RocksDbKeyValueServiceTest.testMetadata,5,non-flaky,indent +2,5,0.9521,5,0.9519,False,True,True,94,103,9,-0.0002,True
RocksDbKeyValueServiceTest.testMetadata,5,non-flaky,indent +4,5,0.9521,5,0.9517,False,True,True,94,113,19,-0.0004,True
RocksDbKeyValueServiceTest.testMetadata,5,non-flaky,indent +8,5,0.9521,5,0.9511,False,True,True,94,133,39,-0.001,True
RocksDbKeyValueServiceTest.testMetadata,5,non-flaky,spaces to tabs,5,0.9521,5,0.9512,False,True,True,94,72,-22,-0.0009,True
RocksDbKeyValueServiceTest.testMetadata,5,non-flaky,tabs to spaces,5,0.9521,5,0.9521,False,True,True,94,93,-1,0.0,True
RocksDbKeyValueServiceTest.testMetadata,5,non-flaky,strip indent,5,0.9521,3,0.3371,True,True,False,94,63,-31,-0.615,True
RocksDbKeyValueServiceTest.testMetadata,5,non-flaky,add blank lines,5,0.9521,5,0.9518,False,True,True,94,93,-1,-0.0002,True
RocksDbKeyValueServiceTest.testMetadata,5,non-flaky,remove blank lines,5,0.9521,5,0.9521,False,True,True,94,93,-1,0.0,True
RocksDbKeyValueServiceTest.testMetadata,5,non-flaky,trailing newline,5,0.9521,5,0.952,False,True,True,94,94,0,-0.0,True
RocksDbKeyValueServiceTest.testMetadata,5,non-flaky,trailing spaces,5,0.9521,5,0.952,False,True,True,94,99,5,-0.0001,True
RocksDbKeyValueServiceTest.testMetadata,5,non-flaky,CRLF endings,5,0.9521,5,0.9521,False,True,True,94,100,6,-0.0,True
AbstractTransactionTest.testRangePagingBatchesReverse,5,non-flaky,indent +2,5,0.9525,5,0.9519,False,True,True,274,300,26,-0.0006,True
AbstractTransactionTest.testRangePagingBatchesReverse,5,non-flaky,indent +4,5,0.9525,5,0.9513,False,True,True,274,326,52,-0.0012,True
AbstractTransactionTest.testRangePagingBatchesReverse,5,non-flaky,indent +8,5,0.9525,5,0.9509,False,True,True,274,378,104,-0.0016,True
AbstractTransactionTest.testRangePagingBatchesReverse,5,non-flaky,spaces to tabs,5,0.9525,5,0.9514,False,True,True,274,211,-63,-0.0011,True
AbstractTransactionTest.testRangePagingBatchesReverse,5,non-flaky,tabs to spaces,5,0.9525,5,0.9522,False,True,True,274,273,-1,-0.0003,True
AbstractTransactionTest.testRangePagingBatchesReverse,5,non-flaky,strip indent,5,0.9525,4,0.5194,True,True,False,274,187,-87,-0.433,True
AbstractTransactionTest.testRangePagingBatchesReverse,5,non-flaky,add blank lines,5,0.9525,5,0.9517,False,True,True,274,274,0,-0.0008,True
AbstractTransactionTest.testRangePagingBatchesReverse,5,non-flaky,remove blank lines,5,0.9525,5,0.9522,False,True,True,274,273,-1,-0.0003,True
AbstractTransactionTest.testRangePagingBatchesReverse,5,non-flaky,trailing newline,5,0.9525,5,0.9523,False,True,True,274,274,0,-0.0002,True
AbstractTransactionTest.testRangePagingBatchesReverse,5,non-flaky,trailing spaces,5,0.9525,5,0.9515,False,True,True,274,288,14,-0.0009,True
AbstractTransactionTest.testRangePagingBatchesReverse,5,non-flaky,CRLF endings,5,0.9525,5,0.9523,False,True,True,274,289,15,-0.0002,True
TokenAuthIntegTests.testExpiredTokensDeletedAfterExpiration,5,non-flaky,indent +2,5,0.951,5,0.9508,False,True,True,512,512,0,-0.0001,True
TokenAuthIntegTests.testExpiredTokensDeletedAfterExpiration,5,non-flaky,indent +4,5,0.951,5,0.9505,False,True,True,512,512,0,-0.0004,True
TokenAuthIntegTests.testExpiredTokensDeletedAfterExpiration,5,non-flaky,indent +8,5,0.951,5,0.9501,False,True,True,512,512,0,-0.0009,True
TokenAuthIntegTests.testExpiredTokensDeletedAfterExpiration,5,non-flaky,spaces to tabs,5,0.951,5,0.9504,False,True,True,512,512,0,-0.0006,True
TokenAuthIntegTests.testExpiredTokensDeletedAfterExpiration,5,non-flaky,tabs to spaces,5,0.951,5,0.951,False,True,True,512,512,0,0.0,True
TokenAuthIntegTests.testExpiredTokensDeletedAfterExpiration,5,non-flaky,strip indent,5,0.951,0,0.5809,True,True,False,512,512,0,-0.37,True
TokenAuthIntegTests.testExpiredTokensDeletedAfterExpiration,5,non-flaky,add blank lines,5,0.951,5,0.9509,False,True,True,512,512,0,-0.0001,True
TokenAuthIntegTests.testExpiredTokensDeletedAfterExpiration,5,non-flaky,remove blank lines,5,0.951,5,0.9509,False,True,True,512,512,0,-0.0,True
TokenAuthIntegTests.testExpiredTokensDeletedAfterExpiration,5,non-flaky,trailing newline,5,0.951,5,0.951,False,True,True,512,512,0,0.0,True
TokenAuthIntegTests.testExpiredTokensDeletedAfterExpiration,5,non-flaky,trailing spaces,5,0.951,5,0.9506,False,True,True,512,512,0,-0.0004,True
TokenAuthIntegTests.testExpiredTokensDeletedAfterExpiration,5,non-flaky,CRLF endings,5,0.951,5,0.951,False,True,True,512,512,0,0.0,True
TestViewfsWithNfs3.testNumExports,5,non-flaky,indent +2,5,0.9511,5,0.9518,False,True,True,60,67,7,0.0007,True
TestViewfsWithNfs3.testNumExports,5,non-flaky,indent +4,5,0.9511,5,0.9518,False,True,True,60,75,15,0.0007,True
TestViewfsWithNfs3.testNumExports,5,non-flaky,indent +8,5,0.9511,5,0.9516,False,True,True,60,91,31,0.0005,True
TestViewfsWithNfs3.testNumExports,5,non-flaky,spaces to tabs,5,0.9511,5,0.9486,False,True,True,60,52,-8,-0.0025,True
TestViewfsWithNfs3.testNumExports,5,non-flaky,tabs to spaces,5,0.9511,5,0.9512,False,True,True,60,59,-1,0.0001,True
TestViewfsWithNfs3.testNumExports,5,non-flaky,strip indent,5,0.9511,4,0.8991,True,True,False,60,46,-14,-0.052,True
TestViewfsWithNfs3.testNumExports,5,non-flaky,add blank lines,5,0.9511,5,0.9514,False,True,True,60,59,-1,0.0003,True
TestViewfsWithNfs3.testNumExports,5,non-flaky,remove blank lines,5,0.9511,5,0.9512,False,True,True,60,59,-1,0.0001,True
TestViewfsWithNfs3.testNumExports,5,non-flaky,trailing newline,5,0.9511,5,0.9513,False,True,True,60,60,0,0.0002,True
TestViewfsWithNfs3.testNumExports,5,non-flaky,trailing spaces,5,0.9511,5,0.9511,False,True,True,60,64,4,0.0,True
TestViewfsWithNfs3.testNumExports,5,non-flaky,CRLF endings,5,0.9511,5,0.9513,False,True,True,60,65,5,0.0002,True
SmtpRequestEncoderTest.testEncodeDataAndContent,5,non-flaky,indent +2,5,0.9517,5,0.9514,False,True,True,275,297,22,-0.0003,True
SmtpRequestEncoderTest.testEncodeDataAndContent,5,non-flaky,indent +4,5,0.9517,5,0.9513,False,True,True,275,319,44,-0.0004,True
SmtpRequestEncoderTest.testEncodeDataAndContent,5,non-flaky,indent +8,5,0.9517,5,0.9511,False,True,True,275,363,88,-0.0006,True
SmtpRequestEncoderTest.testEncodeDataAndContent,5,non-flaky,spaces to tabs,5,0.9517,5,0.9475,False,True,True,275,216,-59,-0.0042,True
SmtpRequestEncoderTest.testEncodeDataAndContent,5,non-flaky,tabs to spaces,5,0.9517,5,0.9514,False,True,True,275,274,-1,-0.0003,True
SmtpRequestEncoderTest.testEncodeDataAndContent,5,non-flaky,strip indent,5,0.9517,4,0.632,True,True,False,275,194,-81,-0.3197,True
SmtpRequestEncoderTest.testEncodeDataAndContent,5,non-flaky,add blank lines,5,0.9517,5,0.9514,False,True,True,275,275,0,-0.0003,True
SmtpRequestEncoderTest.testEncodeDataAndContent,5,non-flaky,remove blank lines,5,0.9517,5,0.9514,False,True,True,275,274,-1,-0.0004,True
SmtpRequestEncoderTest.testEncodeDataAndContent,5,non-flaky,trailing newline,5,0.9517,5,0.9515,False,True,True,275,275,0,-0.0002,True
SmtpRequestEncoderTest.testEncodeDataAndContent,5,non-flaky,trailing spaces,5,0.9517,5,0.9509,False,True,True,275,287,12,-0.0008,True
SmtpRequestEncoderTest.testEncodeDataAndContent,5,non-flaky,CRLF endings,5,0.9517,5,0.9515,False,True,True,275,288,13,-0.0002,True
FileMetadataTest.testFileMetadataReadWriteAcrossFormats,5,non-flaky,indent +2,5,0.9495,5,0.9498,False,True,True,512,512,0,0.0003,True
FileMetadataTest.testFileMetadataReadWriteAcrossFormats,5,non-flaky,indent +4,5,0.9495,5,0.9499,False,True,True,512,512,0,0.0005,True
FileMetadataTest.testFileMetadataReadWriteAcrossFormats,5,non-flaky,indent +8,5,0.9495,5,0.9501,False,True,True,512,512,0,0.0007,True
FileMetadataTest.testFileMetadataReadWriteAcrossFormats,5,non-flaky,spaces to tabs,5,0.9495,5,0.9492,False,True,True,512,512,0,-0.0003,True
FileMetadataTest.testFileMetadataReadWriteAcrossFormats,5,non-flaky,tabs to spaces,5,0.9495,5,0.9495,False,True,True,512,512,0,0.0,True
FileMetadataTest.testFileMetadataReadWriteAcrossFormats,5,non-flaky,strip indent,5,0.9495,2,0.7767,True,True,False,512,512,0,-0.1727,True
FileMetadataTest.testFileMetadataReadWriteAcrossFormats,5,non-flaky,add blank lines,5,0.9495,5,0.9497,False,True,True,512,512,0,0.0003,True
FileMetadataTest.testFileMetadataReadWriteAcrossFormats,5,non-flaky,remove blank lines,5,0.9495,5,0.9494,False,True,True,512,512,0,-0.0,True
FileMetadataTest.testFileMetadataReadWriteAcrossFormats,5,non-flaky,trailing newline,5,0.9495,5,0.9495,False,True,True,512,512,0,0.0,True
FileMetadataTest.testFileMetadataReadWriteAcrossFormats,5,non-flaky,trailing spaces,5,0.9495,5,0.9494,False,True,True,512,512,0,-0.0,True
FileMetadataTest.testFileMetadataReadWriteAcrossFormats,5,non-flaky,CRLF endings,5,0.9495,5,0.9491,False,True,True,512,512,0,-0.0004,True
StringN1qlQueryCreatorTests.beforeEach,5,non-flaky,indent +2,5,0.9434,5,0.9496,False,True,True,98,109,11,0.0062,True
StringN1qlQueryCreatorTests.beforeEach,5,non-flaky,indent +4,5,0.9434,5,0.9511,False,True,True,98,121,23,0.0077,True
StringN1qlQueryCreatorTests.beforeEach,5,non-flaky,indent +8,5,0.9434,5,0.9516,False,True,True,98,145,47,0.0082,True
StringN1qlQueryCreatorTests.beforeEach,5,non-flaky,spaces to tabs,5,0.9434,5,0.9445,False,True,True,98,97,-1,0.0012,True
StringN1qlQueryCreatorTests.beforeEach,5,non-flaky,tabs to spaces,5,0.9434,5,0.951,False,True,True,98,120,22,0.0077,True
StringN1qlQueryCreatorTests.beforeEach,5,non-flaky,strip indent,5,0.9434,4,0.9445,True,True,False,98,86,-12,0.0012,True
StringN1qlQueryCreatorTests.beforeEach,5,non-flaky,add blank lines,5,0.9434,5,0.9464,False,True,True,98,97,-1,0.0031,True
StringN1qlQueryCreatorTests.beforeEach,5,non-flaky,remove blank lines,5,0.9434,5,0.9445,False,True,True,98,97,-1,0.0012,True
StringN1qlQueryCreatorTests.beforeEach,5,non-flaky,trailing newline,5,0.9434,5,0.9445,False,True,True,98,98,0,0.0011,True
StringN1qlQueryCreatorTests.beforeEach,5,non-flaky,trailing spaces,5,0.9434,5,0.9483,False,True,True,98,104,6,0.0049,True
StringN1qlQueryCreatorTests.beforeEach,5,non-flaky,CRLF endings,5,0.9434,5,0.9458,False,True,True,98,105,7,0.0025,True
OfflineClusterIntegrationTest.testDistinctCountHll,5,non-flaky,indent +2,5,0.9524,5,0.9524,False,True,True,512,512,0,-0.0,True
OfflineClusterIntegrationTest.testDistinctCountHll,5,non-flaky,indent +4,5,0.9524,5,0.952,False,True,True,512,512,0,-0.0004,True
OfflineClusterIntegrationTest.testDistinctCountHll,5,non-flaky,indent +8,5,0.9524,5,0.9516,False,True,True,512,512,0,-0.0008,True
OfflineClusterIntegrationTest.testDistinctCountHll,5,non-flaky,spaces to tabs,5,0.9524,5,0.9509,False,True,True,512,481,-31,-0.0015,True
OfflineClusterIntegrationTest.testDistinctCountHll,5,non-flaky,tabs to spaces,5,0.9524,5,0.9524,False,True,True,512,512,0,0.0,True
OfflineClusterIntegrationTest.testDistinctCountHll,5,non-flaky,strip indent,5,0.9524,3,0.4316,True,True,False,512,454,-58,-0.5208,True
OfflineClusterIntegrationTest.testDistinctCountHll,5,non-flaky,add blank lines,5,0.9524,5,0.9528,False,True,True,512,512,0,0.0004,True
OfflineClusterIntegrationTest.testDistinctCountHll,5,non-flaky,remove blank lines,5,0.9524,5,0.9521,False,True,True,512,512,0,-0.0003,True
OfflineClusterIntegrationTest.testDistinctCountHll,5,non-flaky,trailing newline,5,0.9524,5,0.9524,False,True,True,512,512,0,0.0,True
OfflineClusterIntegrationTest.testDistinctCountHll,5,non-flaky,trailing spaces,5,0.9524,5,0.9518,False,True,True,512,512,0,-0.0006,True
OfflineClusterIntegrationTest.testDistinctCountHll,5,non-flaky,CRLF endings,5,0.9524,5,0.9516,False,True,True,512,512,0,-0.0009,True
SmtpResponseDecoderTest.testDecodeTwoLineResponse,5,non-flaky,indent +2,5,0.9516,5,0.951,False,True,True,232,261,29,-0.0006,True
SmtpResponseDecoderTest.testDecodeTwoLineResponse,5,non-flaky,indent +4,5,0.9516,5,0.9507,False,True,True,232,289,57,-0.0009,True
SmtpResponseDecoderTest.testDecodeTwoLineResponse,5,non-flaky,indent +8,5,0.9516,5,0.9507,False,True,True,232,345,113,-0.0009,True
SmtpResponseDecoderTest.testDecodeTwoLineResponse,5,non-flaky,spaces to tabs,5,0.9516,5,0.9498,False,True,True,232,175,-57,-0.0018,True
SmtpResponseDecoderTest.testDecodeTwoLineResponse,5,non-flaky,tabs to spaces,5,0.9516,5,0.9512,False,True,True,232,231,-1,-0.0004,True
SmtpResponseDecoderTest.testDecodeTwoLineResponse,5,non-flaky,strip indent,5,0.9516,0,0.8851,True,True,False,232,154,-78,-0.0665,True
SmtpResponseDecoderTest.testDecodeTwoLineResponse,5,non-flaky,add blank lines,5,0.9516,5,0.9514,False,True,True,232,233,1,-0.0002,True
SmtpResponseDecoderTest.testDecodeTwoLineResponse,5,non-flaky,remove blank lines,5,0.9516,5,0.9512,False,True,True,232,231,-1,-0.0004,True
SmtpResponseDecoderTest.testDecodeTwoLineResponse,5,non-flaky,trailing newline,5,0.9516,5,0.9512,False,True,True,232,232,0,-0.0004,True
SmtpResponseDecoderTest.testDecodeTwoLineResponse,5,non-flaky,trailing spaces,5,0.9516,5,0.9506,False,True,True,232,248,16,-0.001,True
SmtpResponseDecoderTest.testDecodeTwoLineResponse,5,non-flaky,CRLF endings,5,0.9516,5,0.9515,False,True,True,232,249,17,-0.0001,True
NettyRouterPipelineTest.channelRead,5,non-flaky,indent +2,5,0.9511,5,0.9507,False,True,True,399,441,42,-0.0005,True
NettyRouterPipelineTest.channelRead,5,non-flaky,indent +4,5,0.9511,5,0.9506,False,True,True,399,483,84,-0.0005,True
NettyRouterPipelineTest.channelRead,5,non-flaky,indent +8,5,0.9511,5,0.9503,False,True,True,399,512,113,-0.0008,True
NettyRouterPipelineTest.channelRead,5,non-flaky,spaces to tabs,5,0.9511,5,0.9501,False,True,True,399,287,-112,-0.001,True
NettyRouterPipelineTest.channelRead,5,non-flaky,tabs to spaces,5,0.9511,5,0.9507,False,True,True,399,398,-1,-0.0004,True
NettyRouterPipelineTest.channelRead,5,non-flaky,strip indent,5,0.9511,0,0.5958,True,True,False,399,242,-157,-0.3553,True
NettyRouterPipelineTest.channelRead,5,non-flaky,add blank lines,5,0.9511,5,0.9512,False,True,True,399,399,0,0.0001,True
NettyRouterPipelineTest.channelRead,5,non-flaky,remove blank lines,5,0.9511,5,0.9506,False,True,True,399,398,-1,-0.0005,True
NettyRouterPipelineTest.channelRead,5,non-flaky,trailing newline,5,0.9511,5,0.9507,False,True,True,399,399,0,-0.0004,True
NettyRouterPipelineTest.channelRead,5,non-flaky,trailing spaces,5,0.9511,5,0.9489,False,True,True,399,421,22,-0.0023,True
NettyRouterPipelineTest.channelRead,5,non-flaky,CRLF endings,5,0.9511,5,0.9508,False,True,True,399,422,23,-0.0003,True
QueryTest.queryLimitOffsetQuantity,5,non-flaky,indent +2,5,0.9515,5,0.9508,False,True,True,485,512,27,-0.0007,True
QueryTest.queryLimitOffsetQuantity,5,non-flaky,indent +4,5,0.9515,5,0.9504,False,True,True,485,512,27,-0.001,True
QueryTest.queryLimitOffsetQuantity,5,non-flaky,indent +8,5,0.9515,5,0.9498,False,True,True,485,512,27,-0.0017,True
QueryTest.queryLimitOffsetQuantity,5,non-flaky,spaces to tabs,5,0.9515,5,0.9506,False,True,True,485,298,-187,-0.0009,True
QueryTest.queryLimitOffsetQuantity,5,non-flaky,tabs to spaces,5,0.9515,5,0.9511,False,True,True,485,484,-1,-0.0003,True
QueryTest.queryLimitOffsetQuantity,5,non-flaky,strip indent,5,0.9515,0,0.452,True,True,False,485,232,-253,-0.4995,True
QueryTest.queryLimitOffsetQuantity,5,non-flaky,add blank lines,5,0.9515,5,0.951,False,True,True,485,488,3,-0.0005,True
QueryTest.queryLimitOffsetQuantity,5,non-flaky,remove blank lines,5,0.9515,5,0.9511,False,True,True,485,484,-1,-0.0004,True
QueryTest.queryLimitOffsetQuantity,5,non-flaky,trailing newline,5,0.9515,5,0.9511,False,True,True,485,485,0,-0.0003,True
QueryTest.queryLimitOffsetQuantity,5,non-flaky,trailing spaces,5,0.9515,5,0.9507,False,True,True,485,512,27,-0.0007,True
QueryTest.queryLimitOffsetQuantity,5,non-flaky,CRLF endings,5,0.9515,5,0.9513,False,True,True,485,512,27,-0.0002,True
TokenSequenceMatcherITest.testTokenSequenceOptimizeOrString,5,non-flaky,indent +2,5,0.9524,5,0.9529,False,True,True,512,512,0,0.0005,True
TokenSequenceMatcherITest.testTokenSequenceOptimizeOrString,5,non-flaky,indent +4,5,0.9524,5,0.9527,False,True,True,512,512,0,0.0003,True
TokenSequenceMatcherITest.testTokenSequenceOptimizeOrString,5,non-flaky,indent +8,5,0.9524,5,0.9525,False,True,True,512,512,0,0.0001,True
TokenSequenceMatcherITest.testTokenSequenceOptimizeOrString,5,non-flaky,spaces to tabs,5,0.9524,5,0.9495,False,True,True,512,512,0,-0.0029,True
TokenSequenceMatcherITest.testTokenSequenceOptimizeOrString,5,non-flaky,tabs to spaces,5,0.9524,5,0.9524,False,True,True,512,512,0,0.0,True
TokenSequenceMatcherITest.testTokenSequenceOptimizeOrString,5,non-flaky,strip indent,5,0.9524,3,0.6021,True,True,False,512,512,0,-0.3503,True
TokenSequenceMatcherITest.testTokenSequenceOptimizeOrString,5,non-flaky,add blank lines,5,0.9524,5,0.9522,False,True,True,512,512,0,-0.0002,True
TokenSequenceMatcherITest.testTokenSequenceOptimizeOrString,5,non-flaky,remove blank lines,5,0.9524,5,0.9525,False,True,True,512,512,0,0.0001,True
TokenSequenceMatcherITest.testTokenSequenceOptimizeOrString,5,non-flaky,trailing newline,5,0.9524,5,0.9524,False,True,True,512,512,0,0.0,True
TokenSequenceMatcherITest.testTokenSequenceOptimizeOrString,5,non-flaky,trailing spaces,5,0.9524,5,0.9527,False,True,True,512,512,0,0.0003,True
TokenSequenceMatcherITest.testTokenSequenceOptimizeOrString,5,non-flaky,CRLF endings,5,0.9524,5,0.9526,False,True,True,512,512,0,0.0002,True
CouchbaseTemplateQueryCollectionIntegrationTests.findByQueryOther,5,non-flaky,indent +2,5,0.9506,5,0.9511,False,True,True,230,255,25,0.0004,True
CouchbaseTemplateQueryCollectionIntegrationTests.findByQueryOther,5,non-flaky,indent +4,5,0.9506,5,0.9511,False,True,True,230,281,51,0.0005,True
CouchbaseTemplateQueryCollectionIntegrationTests.findByQueryOther,5,non-flaky,indent +8,5,0.9506,5,0.9508,False,True,True,230,333,103,0.0002,True
CouchbaseTemplateQueryCollectionIntegrationTests.findByQueryOther,5,non-flaky,spaces to tabs,5,0.9506,5,0.9504,False,True,True,230,229,-1,-0.0003,True
CouchbaseTemplateQueryCollectionIntegrationTests.findByQueryOther,5,non-flaky,tabs to spaces,5,0.9506,5,0.9512,False,True,True,230,321,91,0.0006,True
CouchbaseTemplateQueryCollectionIntegrationTests.findByQueryOther,5,non-flaky,strip indent,5,0.9506,0,0.5345,True,True,False,230,193,-37,-0.4161,True
CouchbaseTemplateQueryCollectionIntegrationTests.findByQueryOther,5,non-flaky,add blank lines,5,0.9506,5,0.9503,False,True,True,230,229,-1,-0.0004,True
CouchbaseTemplateQueryCollectionIntegrationTests.findByQueryOther,5,non-flaky,remove blank lines,5,0.9506,5,0.9504,False,True,True,230,229,-1,-0.0003,True
CouchbaseTemplateQueryCollectionIntegrationTests.findByQueryOther,5,non-flaky,trailing newline,5,0.9506,5,0.9504,False,True,True,230,230,0,-0.0002,True
CouchbaseTemplateQueryCollectionIntegrationTests.findByQueryOther,5,non-flaky,trailing spaces,5,0.9506,5,0.9508,False,True,True,230,243,13,0.0001,True
CouchbaseTemplateQueryCollectionIntegrationTests.findByQueryOther,5,non-flaky,CRLF endings,5,0.9506,5,0.951,False,True,True,230,244,14,0.0004,True
WorkerSourceTaskTest.testCommitFailure,5,non-flaky,indent +2,5,0.9501,5,0.9498,False,True,True,512,512,0,-0.0002,True
WorkerSourceTaskTest.testCommitFailure,5,non-flaky,indent +4,5,0.9501,5,0.95,False,True,True,512,512,0,-0.0001,True
WorkerSourceTaskTest.testCommitFailure,5,non-flaky,indent +8,5,0.9501,5,0.9497,False,True,True,512,512,0,-0.0004,True
WorkerSourceTaskTest.testCommitFailure,5,non-flaky,spaces to tabs,5,0.9501,5,0.9437,False,True,True,512,402,-110,-0.0064,True
WorkerSourceTaskTest.testCommitFailure,5,non-flaky,tabs to spaces,5,0.9501,5,0.9501,False,True,True,512,512,0,0.0,True
WorkerSourceTaskTest.testCommitFailure,5,non-flaky,strip indent,5,0.9501,0,0.9257,True,True,False,512,350,-162,-0.0244,True
WorkerSourceTaskTest.testCommitFailure,5,non-flaky,add blank lines,5,0.9501,5,0.9501,False,True,True,512,512,0,0.0001,True
WorkerSourceTaskTest.testCommitFailure,5,non-flaky,remove blank lines,5,0.9501,5,0.9498,False,True,True,512,512,0,-0.0003,True
WorkerSourceTaskTest.testCommitFailure,5,non-flaky,trailing newline,5,0.9501,5,0.9501,False,True,True,512,512,0,0.0,True
WorkerSourceTaskTest.testCommitFailure,5,non-flaky,trailing spaces,5,0.9501,5,0.949,False,True,True,512,512,0,-0.001,True
WorkerSourceTaskTest.testCommitFailure,5,non-flaky,CRLF endings,5,0.9501,5,0.9492,False,True,True,512,512,0,-0.0008,True
AbstractTestIntegrationSmokeTest.testJoinWithEmptySides,5,non-flaky,indent +2,5,0.9533,5,0.9527,False,True,True,284,303,19,-0.0006,True
AbstractTestIntegrationSmokeTest.testJoinWithEmptySides,5,non-flaky,indent +4,5,0.9533,5,0.9522,False,True,True,284,323,39,-0.0011,True
AbstractTestIntegrationSmokeTest.testJoinWithEmptySides,5,non-flaky,indent +8,5,0.9533,5,0.9517,False,True,True,284,363,79,-0.0016,True
AbstractTestIntegrationSmokeTest.testJoinWithEmptySides,5,non-flaky,spaces to tabs,5,0.9533,5,0.95,False,True,True,284,240,-44,-0.0033,True
AbstractTestIntegrationSmokeTest.testJoinWithEmptySides,5,non-flaky,tabs to spaces,5,0.9533,5,0.953,False,True,True,284,283,-1,-0.0003,True
AbstractTestIntegrationSmokeTest.testJoinWithEmptySides,5,non-flaky,strip indent,5,0.9533,3,0.4949,True,True,False,284,222,-62,-0.4584,True
AbstractTestIntegrationSmokeTest.testJoinWithEmptySides,5,non-flaky,add blank lines,5,0.9533,5,0.9525,False,True,True,284,283,-1,-0.0008,True
AbstractTestIntegrationSmokeTest.testJoinWithEmptySides,5,non-flaky,remove blank lines,5,0.9533,5,0.953,False,True,True,284,283,-1,-0.0003,True
AbstractTestIntegrationSmokeTest.testJoinWithEmptySides,5,non-flaky,trailing newline,5,0.9533,5,0.953,False,True,True,284,284,0,-0.0002,True
AbstractTestIntegrationSmokeTest.testJoinWithEmptySides,5,non-flaky,trailing spaces,5,0.9533,5,0.9522,False,True,True,284,294,10,-0.0011,True
AbstractTestIntegrationSmokeTest.testJoinWithEmptySides,5,non-flaky,CRLF endings,5,0.9533,5,0.9532,False,True,True,284,295,11,-0.0001,True
TestClientAccessPrivilege.testClientAccessPrivilegeForRemove,5,non-flaky,indent +2,5,0.9493,5,0.9489,False,True,True,382,446,64,-0.0004,True
TestClientAccessPrivilege.testClientAccessPrivilegeForRemove,5,non-flaky,indent +4,5,0.9493,5,0.95,False,True,True,382,504,122,0.0007,True
TestClientAccessPrivilege.testClientAccessPrivilegeForRemove,5,non-flaky,indent +8,5,0.9493,5,0.9501,False,True,True,382,512,130,0.0008,True
TestClientAccessPrivilege.testClientAccessPrivilegeForRemove,5,non-flaky,spaces to tabs,5,0.9493,5,0.9457,False,True,True,382,335,-47,-0.0035,True
TestClientAccessPrivilege.testClientAccessPrivilegeForRemove,5,non-flaky,tabs to spaces,5,0.9493,5,0.9486,False,True,True,382,381,-1,-0.0007,True
TestClientAccessPrivilege.testClientAccessPrivilegeForRemove,5,non-flaky,strip indent,5,0.9493,0,0.897,True,True,False,382,317,-65,-0.0523,True
TestClientAccessPrivilege.testClientAccessPrivilegeForRemove,5,non-flaky,add blank lines,5,0.9493,5,0.95,False,True,True,382,388,6,0.0008,True
TestClientAccessPrivilege.testClientAccessPrivilegeForRemove,5,non-flaky,remove blank lines,5,0.9493,5,0.9475,False,True,True,382,381,-1,-0.0018,True
TestClientAccessPrivilege.testClientAccessPrivilegeForRemove,5,non-flaky,trailing newline,5,0.9493,5,0.9487,False,True,True,382,382,0,-0.0006,True
TestClientAccessPrivilege.testClientAccessPrivilegeForRemove,5,non-flaky,trailing spaces,5,0.9493,5,0.9459,False,True,True,382,418,36,-0.0034,True
TestClientAccessPrivilege.testClientAccessPrivilegeForRemove,5,non-flaky,CRLF endings,5,0.9493,5,0.9471,False,True,True,382,419,37,-0.0021,True
DiscoveryClientConfigServiceBootstrapConfigurationTests.shouldRetryAndFailWithExceptionGetConfigServerInstanceFromDiscoveryClient,5,non-flaky,indent +2,5,0.9486,5,0.9497,False,True,True,138,161,23,0.0011,True
DiscoveryClientConfigServiceBootstrapConfigurationTests.shouldRetryAndFailWithExceptionGetConfigServerInstanceFromDiscoveryClient,5,non-flaky,indent +4,5,0.9486,5,0.95,False,True,True,138,183,45,0.0014,True
DiscoveryClientConfigServiceBootstrapConfigurationTests.shouldRetryAndFailWithExceptionGetConfigServerInstanceFromDiscoveryClient,5,non-flaky,indent +8,5,0.9486,5,0.9502,False,True,True,138,227,89,0.0017,True
DiscoveryClientConfigServiceBootstrapConfigurationTests.shouldRetryAndFailWithExceptionGetConfigServerInstanceFromDiscoveryClient,5,non-flaky,spaces to tabs,5,0.9486,5,0.9487,False,True,True,138,137,-1,0.0001,True
DiscoveryClientConfigServiceBootstrapConfigurationTests.shouldRetryAndFailWithExceptionGetConfigServerInstanceFromDiscoveryClient,5,non-flaky,tabs to spaces,5,0.9486,5,0.9508,False,True,True,138,197,59,0.0023,True
DiscoveryClientConfigServiceBootstrapConfigurationTests.shouldRetryAndFailWithExceptionGetConfigServerInstanceFromDiscoveryClient,5,non-flaky,strip indent,5,0.9486,0,0.8679,True,True,False,138,115,-23,-0.0807,True
DiscoveryClientConfigServiceBootstrapConfigurationTests.shouldRetryAndFailWithExceptionGetConfigServerInstanceFromDiscoveryClient,5,non-flaky,add blank lines,5,0.9486,5,0.9493,False,True,True,138,139,1,0.0007,True
DiscoveryClientConfigServiceBootstrapConfigurationTests.shouldRetryAndFailWithExceptionGetConfigServerInstanceFromDiscoveryClient,5,non-flaky,remove blank lines,5,0.9486,5,0.9486,False,True,True,138,137,-1,0.0001,True
DiscoveryClientConfigServiceBootstrapConfigurationTests.shouldRetryAndFailWithExceptionGetConfigServerInstanceFromDiscoveryClient,5,non-flaky,trailing newline,5,0.9486,5,0.9487,False,True,True,138,138,0,0.0001,True
DiscoveryClientConfigServiceBootstrapConfigurationTests.shouldRetryAndFailWithExceptionGetConfigServerInstanceFromDiscoveryClient,5,non-flaky,trailing spaces,5,0.9486,5,0.9498,False,True,True,138,151,13,0.0013,True
DiscoveryClientConfigServiceBootstrapConfigurationTests.shouldRetryAndFailWithExceptionGetConfigServerInstanceFromDiscoveryClient,5,non-flaky,CRLF endings,5,0.9486,5,0.9498,False,True,True,138,152,14,0.0012,True
RowBucketIterableTest.testMultipleMissingDaysMultipleRowAtTheEnd,5,non-flaky,indent +2,5,0.9513,5,0.9511,False,True,True,512,512,0,-0.0003,True
RowBucketIterableTest.testMultipleMissingDaysMultipleRowAtTheEnd,5,non-flaky,indent +4,5,0.9513,5,0.951,False,True,True,512,512,0,-0.0004,True
RowBucketIterableTest.testMultipleMissingDaysMultipleRowAtTheEnd,5,non-flaky,indent +8,5,0.9513,5,0.9512,False,True,True,512,512,0,-0.0002,True
RowBucketIterableTest.testMultipleMissingDaysMultipleRowAtTheEnd,5,non-flaky,spaces to tabs,5,0.9513,5,0.9513,False,True,True,512,507,-5,-0.0001,True
RowBucketIterableTest.testMultipleMissingDaysMultipleRowAtTheEnd,5,non-flaky,tabs to spaces,5,0.9513,5,0.9513,False,True,True,512,512,0,0.0,True
RowBucketIterableTest.testMultipleMissingDaysMultipleRowAtTheEnd,5,non-flaky,strip indent,5,0.9513,3,0.8254,True,True,False,512,482,-30,-0.1259,True
RowBucketIterableTest.testMultipleMissingDaysMultipleRowAtTheEnd,5,non-flaky,add blank lines,5,0.9513,5,0.9512,False,True,True,512,512,0,-0.0001,True
RowBucketIterableTest.testMultipleMissingDaysMultipleRowAtTheEnd,5,non-flaky,remove blank lines,5,0.9513,5,0.9512,False,True,True,512,512,0,-0.0002,True
RowBucketIterableTest.testMultipleMissingDaysMultipleRowAtTheEnd,5,non-flaky,trailing newline,5,0.9513,5,0.9513,False,True,True,512,512,0,0.0,True
RowBucketIterableTest.testMultipleMissingDaysMultipleRowAtTheEnd,5,non-flaky,trailing spaces,5,0.9513,5,0.9507,False,True,True,512,512,0,-0.0007,True
RowBucketIterableTest.testMultipleMissingDaysMultipleRowAtTheEnd,5,non-flaky,CRLF endings,5,0.9513,5,0.9509,False,True,True,512,512,0,-0.0004,True
LLCRealtimeClusterIntegrationTest.testSegmentFlushSize,5,non-flaky,indent +2,5,0.953,5,0.9526,False,True,True,182,199,17,-0.0004,True
LLCRealtimeClusterIntegrationTest.testSegmentFlushSize,5,non-flaky,indent +4,5,0.953,5,0.952,False,True,True,182,217,35,-0.0011,True
LLCRealtimeClusterIntegrationTest.testSegmentFlushSize,5,non-flaky,indent +8,5,0.953,5,0.9514,False,True,True,182,253,71,-0.0017,True
LLCRealtimeClusterIntegrationTest.testSegmentFlushSize,5,non-flaky,spaces to tabs,5,0.953,5,0.9517,False,True,True,182,159,-23,-0.0013,True
LLCRealtimeClusterIntegrationTest.testSegmentFlushSize,5,non-flaky,tabs to spaces,5,0.953,5,0.953,False,True,True,182,181,-1,-0.0,True
LLCRealtimeClusterIntegrationTest.testSegmentFlushSize,5,non-flaky,strip indent,5,0.953,4,0.696,True,True,False,182,145,-37,-0.257,True
LLCRealtimeClusterIntegrationTest.testSegmentFlushSize,5,non-flaky,add blank lines,5,0.953,5,0.9529,False,True,True,182,181,-1,-0.0001,True
LLCRealtimeClusterIntegrationTest.testSegmentFlushSize,5,non-flaky,remove blank lines,5,0.953,5,0.953,False,True,True,182,181,-1,-0.0,True
LLCRealtimeClusterIntegrationTest.testSegmentFlushSize,5,non-flaky,trailing newline,5,0.953,5,0.953,False,True,True,182,182,0,-0.0,True
LLCRealtimeClusterIntegrationTest.testSegmentFlushSize,5,non-flaky,trailing spaces,5,0.953,5,0.9522,False,True,True,182,191,9,-0.0008,True
LLCRealtimeClusterIntegrationTest.testSegmentFlushSize,5,non-flaky,CRLF endings,5,0.953,5,0.953,False,True,True,182,192,10,0.0,True
FastJsonViewTest.test5,5,non-flaky,indent +2,5,0.9521,5,0.9512,False,True,True,242,253,11,-0.001,True
FastJsonViewTest.test5,5,non-flaky,indent +4,5,0.9521,5,0.9511,False,True,True,242,265,23,-0.001,True
FastJsonViewTest.test5,5,non-flaky,indent +8,5,0.9521,5,0.9502,False,True,True,242,289,47,-0.002,True
FastJsonViewTest.test5,5,non-flaky,spaces to tabs,5,0.9521,5,0.949,False,True,True,242,192,-50,-0.0031,True
FastJsonViewTest.test5,5,non-flaky,tabs to spaces,5,0.9521,5,0.9515,False,True,True,242,241,-1,-0.0007,True
FastJsonViewTest.test5,5,non-flaky,strip indent,5,0.9521,0,0.7646,True,True,False,242,173,-69,-0.1875,True
FastJsonViewTest.test5,5,non-flaky,add blank lines,5,0.9521,5,0.9513,False,True,True,242,241,-1,-0.0008,True
FastJsonViewTest.test5,5,non-flaky,remove blank lines,5,0.9521,5,0.9515,False,True,True,242,241,-1,-0.0007,True
FastJsonViewTest.test5,5,non-flaky,trailing newline,5,0.9521,5,0.9516,False,True,True,242,242,0,-0.0005,True
FastJsonViewTest.test5,5,non-flaky,trailing spaces,5,0.9521,5,0.9508,False,True,True,242,248,6,-0.0013,True
FastJsonViewTest.test5,5,non-flaky,CRLF endings,5,0.9521,5,0.9519,False,True,True,242,249,7,-0.0003,True
BigEndianCompositeByteBufTest.testInternalNioBufferAfterRelease,5,non-flaky,indent +2,5,0.9499,5,0.9506,False,True,True,56,61,5,0.0007,True
BigEndianCompositeByteBufTest.testInternalNioBufferAfterRelease,5,non-flaky,indent +4,5,0.9499,5,0.9508,False,True,True,56,67,11,0.001,True
BigEndianCompositeByteBufTest.testInternalNioBufferAfterRelease,5,non-flaky,indent +8,5,0.9499,5,0.9509,False,True,True,56,79,23,0.001,True
BigEndianCompositeByteBufTest.testInternalNioBufferAfterRelease,5,non-flaky,spaces to tabs,5,0.9499,5,0.9415,False,True,True,56,44,-12,-0.0083,True
BigEndianCompositeByteBufTest.testInternalNioBufferAfterRelease,5,non-flaky,tabs to spaces,5,0.9499,5,0.95,False,True,True,56,55,-1,0.0002,True
BigEndianCompositeByteBufTest.testInternalNioBufferAfterRelease,5,non-flaky,strip indent,5,0.9499,4,0.9468,True,True,False,56,39,-17,-0.003,True
BigEndianCompositeByteBufTest.testInternalNioBufferAfterRelease,5,non-flaky,add blank lines,5,0.9499,5,0.9502,False,True,True,56,55,-1,0.0003,True
BigEndianCompositeByteBufTest.testInternalNioBufferAfterRelease,5,non-flaky,remove blank lines,5,0.9499,5,0.95,False,True,True,56,55,-1,0.0002,True
BigEndianCompositeByteBufTest.testInternalNioBufferAfterRelease,5,non-flaky,trailing newline,5,0.9499,5,0.95,False,True,True,56,56,0,0.0001,True
BigEndianCompositeByteBufTest.testInternalNioBufferAfterRelease,5,non-flaky,trailing spaces,5,0.9499,5,0.9505,False,True,True,56,59,3,0.0006,True
BigEndianCompositeByteBufTest.testInternalNioBufferAfterRelease,5,non-flaky,CRLF endings,5,0.9499,5,0.9499,False,True,True,56,60,4,0.0001,True
JSONScannerTest.checkTime9,5,non-flaky,indent +2,5,0.9527,5,0.9529,False,True,True,512,512,0,0.0002,True
JSONScannerTest.checkTime9,5,non-flaky,indent +4,5,0.9527,5,0.9525,False,True,True,512,512,0,-0.0002,True
JSONScannerTest.checkTime9,5,non-flaky,indent +8,5,0.9527,5,0.9519,False,True,True,512,512,0,-0.0007,True
JSONScannerTest.checkTime9,5,non-flaky,spaces to tabs,5,0.9527,5,0.9508,False,True,True,512,482,-30,-0.0019,True
JSONScannerTest.checkTime9,5,non-flaky,tabs to spaces,5,0.9527,5,0.9527,False,True,True,512,512,0,0.0,True
JSONScannerTest.checkTime9,5,non-flaky,strip indent,5,0.9527,4,0.4,True,True,False,512,451,-61,-0.5527,True
JSONScannerTest.checkTime9,5,non-flaky,add blank lines,5,0.9527,5,0.9532,False,True,True,512,512,0,0.0005,True
JSONScannerTest.checkTime9,5,non-flaky,remove blank lines,5,0.9527,5,0.9525,False,True,True,512,512,0,-0.0001,True
JSONScannerTest.checkTime9,5,non-flaky,trailing newline,5,0.9527,5,0.9527,False,True,True,512,512,0,0.0,True
JSONScannerTest.checkTime9,5,non-flaky,trailing spaces,5,0.9527,5,0.9528,False,True,True,512,512,0,0.0001,True
JSONScannerTest.checkTime9,5,non-flaky,CRLF endings,5,0.9527,5,0.9523,False,True,True,512,512,0,-0.0004,True
XmlItemTest.nameNumberTest,5,non-flaky,indent +2,5,0.9509,5,0.9514,False,True,True,39,44,5,0.0004,True
XmlItemTest.nameNumberTest,5,non-flaky,indent +4,5,0.9509,5,0.951,False,True,True,39,50,11,0.0001,True
XmlItemTest.nameNumberTest,5,non-flaky,indent +8,5,0.9509,5,0.9507,False,True,True,39,62,23,-0.0002,True
XmlItemTest.nameNumberTest,5,non-flaky,spaces to tabs,5,0.9509,5,0.9477,False,True,True,39,27,-12,-0.0033,True
XmlItemTest.nameNumberTest,5,non-flaky,tabs to spaces,5,0.9509,5,0.9512,False,True,True,39,38,-1,0.0002,True
XmlItemTest.nameNumberTest,5,non-flaky,strip indent,5,0.9509,4,0.7757,True,True,False,39,22,-17,-0.1753,True
XmlItemTest.nameNumberTest,5,non-flaky,add blank lines,5,0.9509,5,0.9508,False,True,True,39,38,-1,-0.0001,True
XmlItemTest.nameNumberTest,5,non-flaky,remove blank lines,5,0.9509,5,0.9512,False,True,True,39,38,-1,0.0002,True
XmlItemTest.nameNumberTest,5,non-flaky,trailing newline,5,0.9509,5,0.9511,False,True,True,39,39,0,0.0002,True
XmlItemTest.nameNumberTest,5,non-flaky,trailing spaces,5,0.9509,5,0.951,False,True,True,39,42,3,0.0,True
XmlItemTest.nameNumberTest,5,non-flaky,CRLF endings,5,0.9509,5,0.951,False,True,True,39,43,4,0.0001,True
ConnectorClientPolicyIntegrationTest.testCreateWithAllowedOverridesForAllPolicy,5,non-flaky,indent +2,5,0.9508,5,0.9508,False,True,True,138,149,11,0.0001,True
ConnectorClientPolicyIntegrationTest.testCreateWithAllowedOverridesForAllPolicy,5,non-flaky,indent +4,5,0.9508,5,0.951,False,True,True,138,161,23,0.0003,True
ConnectorClientPolicyIntegrationTest.testCreateWithAllowedOverridesForAllPolicy,5,non-flaky,indent +8,5,0.9508,5,0.9506,False,True,True,138,185,47,-0.0002,True
ConnectorClientPolicyIntegrationTest.testCreateWithAllowedOverridesForAllPolicy,5,non-flaky,spaces to tabs,5,0.9508,5,0.9424,False,True,True,138,112,-26,-0.0083,True
ConnectorClientPolicyIntegrationTest.testCreateWithAllowedOverridesForAllPolicy,5,non-flaky,tabs to spaces,5,0.9508,5,0.951,False,True,True,138,137,-1,0.0002,True
ConnectorClientPolicyIntegrationTest.testCreateWithAllowedOverridesForAllPolicy,5,non-flaky,strip indent,5,0.9508,4,0.9366,True,True,False,138,101,-37,-0.0141,True
ConnectorClientPolicyIntegrationTest.testCreateWithAllowedOverridesForAllPolicy,5,non-flaky,add blank lines,5,0.9508,5,0.9506,False,True,True,138,137,-1,-0.0002,True
ConnectorClientPolicyIntegrationTest.testCreateWithAllowedOverridesForAllPolicy,5,non-flaky,remove blank lines,5,0.9508,5,0.951,False,True,True,138,137,-1,0.0002,True
ConnectorClientPolicyIntegrationTest.testCreateWithAllowedOverridesForAllPolicy,5,non-flaky,trailing newline,5,0.9508,5,0.951,False,True,True,138,138,0,0.0003,True
ConnectorClientPolicyIntegrationTest.testCreateWithAllowedOverridesForAllPolicy,5,non-flaky,trailing spaces,5,0.9508,5,0.9513,False,True,True,138,144,6,0.0005,True
ConnectorClientPolicyIntegrationTest.testCreateWithAllowedOverridesForAllPolicy,5,non-flaky,CRLF endings,5,0.9508,5,0.9511,False,True,True,138,145,7,0.0004,True
BaseDynamicPartitionPruningTest.testJoinLargeBuildSideRangeDynamicFiltering,5,non-flaky,indent +2,5,0.9518,5,0.9517,False,True,True,512,512,0,-0.0,True
BaseDynamicPartitionPruningTest.testJoinLargeBuildSideRangeDynamicFiltering,5,non-flaky,indent +4,5,0.9518,5,0.9517,False,True,True,512,512,0,-0.0001,True
BaseDynamicPartitionPruningTest.testJoinLargeBuildSideRangeDynamicFiltering,5,non-flaky,indent +8,5,0.9518,5,0.9513,False,True,True,512,512,0,-0.0004,True
BaseDynamicPartitionPruningTest.testJoinLargeBuildSideRangeDynamicFiltering,5,non-flaky,spaces to tabs,5,0.9518,5,0.951,False,True,True,512,449,-63,-0.0008,True
BaseDynamicPartitionPruningTest.testJoinLargeBuildSideRangeDynamicFiltering,5,non-flaky,tabs to spaces,5,0.9518,5,0.9518,False,True,True,512,512,0,0.0,True
BaseDynamicPartitionPruningTest.testJoinLargeBuildSideRangeDynamicFiltering,5,non-flaky,strip indent,5,0.9518,0,0.53,True,True,False,512,398,-114,-0.4218,True
BaseDynamicPartitionPruningTest.testJoinLargeBuildSideRangeDynamicFiltering,5,non-flaky,add blank lines,5,0.9518,5,0.9518,False,True,True,512,512,0,0.0,True
BaseDynamicPartitionPruningTest.testJoinLargeBuildSideRangeDynamicFiltering,5,non-flaky,remove blank lines,5,0.9518,5,0.9517,False,True,True,512,512,0,-0.0,True
BaseDynamicPartitionPruningTest.testJoinLargeBuildSideRangeDynamicFiltering,5,non-flaky,trailing newline,5,0.9518,5,0.9518,False,True,True,512,512,0,0.0,True
BaseDynamicPartitionPruningTest.testJoinLargeBuildSideRangeDynamicFiltering,5,non-flaky,trailing spaces,5,0.9518,5,0.9515,False,True,True,512,512,0,-0.0002,True
BaseDynamicPartitionPruningTest.testJoinLargeBuildSideRangeDynamicFiltering,5,non-flaky,CRLF endings,5,0.9518,5,0.952,False,True,True,512,512,0,0.0002,True
RowBucketIterableTest.testMultipleMissingDays,5,non-flaky,indent +2,5,0.9519,5,0.9505,False,True,True,462,512,50,-0.0014,True
RowBucketIterableTest.testMultipleMissingDays,5,non-flaky,indent +4,5,0.9519,5,0.9507,False,True,True,462,512,50,-0.0012,True
RowBucketIterableTest.testMultipleMissingDays,5,non-flaky,indent +8,5,0.9519,5,0.9508,False,True,True,462,512,50,-0.0011,True
RowBucketIterableTest.testMultipleMissingDays,5,non-flaky,spaces to tabs,5,0.9519,5,0.9512,False,True,True,462,415,-47,-0.0007,True
RowBucketIterableTest.testMultipleMissingDays,5,non-flaky,tabs to spaces,5,0.9519,5,0.9512,False,True,True,462,461,-1,-0.0007,True
RowBucketIterableTest.testMultipleMissingDays,5,non-flaky,strip indent,5,0.9519,3,0.8386,True,True,False,462,394,-68,-0.1133,True
RowBucketIterableTest.testMultipleMissingDays,5,non-flaky,add blank lines,5,0.9519,5,0.9513,False,True,True,462,468,6,-0.0006,True
RowBucketIterableTest.testMultipleMissingDays,5,non-flaky,remove blank lines,5,0.9519,5,0.9511,False,True,True,462,461,-1,-0.0008,True
RowBucketIterableTest.testMultipleMissingDays,5,non-flaky,trailing newline,5,0.9519,5,0.9514,False,True,True,462,462,0,-0.0005,True
RowBucketIterableTest.testMultipleMissingDays,5,non-flaky,trailing spaces,5,0.9519,5,0.95,False,True,True,462,503,41,-0.0019,True
RowBucketIterableTest.testMultipleMissingDays,5,non-flaky,CRLF endings,5,0.9519,5,0.9508,False,True,True,462,504,42,-0.0011,True
ConfigServicePropertySourceLocatorTests.shouldThrowExceptionWhenNegativeReadTimeoutSet,5,non-flaky,indent +2,5,0.9443,5,0.9506,False,True,True,137,152,15,0.0062,True
ConfigServicePropertySourceLocatorTests.shouldThrowExceptionWhenNegativeReadTimeoutSet,5,non-flaky,indent +4,5,0.9443,5,0.9509,False,True,True,137,168,31,0.0066,True
ConfigServicePropertySourceLocatorTests.shouldThrowExceptionWhenNegativeReadTimeoutSet,5,non-flaky,indent +8,5,0.9443,5,0.9508,False,True,True,137,200,63,0.0065,True
ConfigServicePropertySourceLocatorTests.shouldThrowExceptionWhenNegativeReadTimeoutSet,5,non-flaky,spaces to tabs,5,0.9443,5,0.9453,False,True,True,137,136,-1,0.001,True
ConfigServicePropertySourceLocatorTests.shouldThrowExceptionWhenNegativeReadTimeoutSet,5,non-flaky,tabs to spaces,5,0.9443,5,0.9513,False,True,True,137,171,34,0.0069,True
ConfigServicePropertySourceLocatorTests.shouldThrowExceptionWhenNegativeReadTimeoutSet,5,non-flaky,strip indent,5,0.9443,4,0.9278,True,True,False,137,121,-16,-0.0165,True
ConfigServicePropertySourceLocatorTests.shouldThrowExceptionWhenNegativeReadTimeoutSet,5,non-flaky,add blank lines,5,0.9443,5,0.9468,False,True,True,137,136,-1,0.0025,True
ConfigServicePropertySourceLocatorTests.shouldThrowExceptionWhenNegativeReadTimeoutSet,5,non-flaky,remove blank lines,5,0.9443,5,0.9453,False,True,True,137,136,-1,0.001,True
ConfigServicePropertySourceLocatorTests.shouldThrowExceptionWhenNegativeReadTimeoutSet,5,non-flaky,trailing newline,5,0.9443,5,0.9454,False,True,True,137,137,0,0.001,True
ConfigServicePropertySourceLocatorTests.shouldThrowExceptionWhenNegativeReadTimeoutSet,5,non-flaky,trailing spaces,5,0.9443,5,0.9493,False,True,True,137,145,8,0.005,True
ConfigServicePropertySourceLocatorTests.shouldThrowExceptionWhenNegativeReadTimeoutSet,5,non-flaky,CRLF endings,5,0.9443,5,0.9476,False,True,True,137,146,9,0.0033,True
TestRpcProgramNfs3.testRemove,5,non-flaky,indent +2,5,0.9492,5,0.9493,False,True,True,387,432,45,0.0,True
TestRpcProgramNfs3.testRemove,5,non-flaky,indent +4,5,0.9492,5,0.95,False,True,True,387,476,89,0.0007,True
TestRpcProgramNfs3.testRemove,5,non-flaky,indent +8,5,0.9492,5,0.95,False,True,True,387,512,125,0.0007,True
TestRpcProgramNfs3.testRemove,5,non-flaky,spaces to tabs,5,0.9492,5,0.9465,False,True,True,387,335,-52,-0.0028,True
TestRpcProgramNfs3.testRemove,5,non-flaky,tabs to spaces,5,0.9492,5,0.9485,False,True,True,387,386,-1,-0.0008,True
TestRpcProgramNfs3.testRemove,5,non-flaky,strip indent,5,0.9492,0,0.8506,True,True,False,387,311,-76,-0.0987,True
TestRpcProgramNfs3.testRemove,5,non-flaky,add blank lines,5,0.9492,5,0.9499,False,True,True,387,388,1,0.0007,True
TestRpcProgramNfs3.testRemove,5,non-flaky,remove blank lines,5,0.9492,5,0.9481,False,True,True,387,386,-1,-0.0011,True
TestRpcProgramNfs3.testRemove,5,non-flaky,trailing newline,5,0.9492,5,0.9485,False,True,True,387,387,0,-0.0008,True
TestRpcProgramNfs3.testRemove,5,non-flaky,trailing spaces,5,0.9492,5,0.947,False,True,True,387,411,24,-0.0023,True
TestRpcProgramNfs3.testRemove,5,non-flaky,CRLF endings,5,0.9492,5,0.9482,False,True,True,387,412,25,-0.001,True
EmptyByteBufTest.testIsReadable,5,non-flaky,indent +2,5,0.9514,5,0.9515,False,True,True,94,103,9,0.0,True
EmptyByteBufTest.testIsReadable,5,non-flaky,indent +4,5,0.9514,5,0.9515,False,True,True,94,113,19,0.0,True
EmptyByteBufTest.testIsReadable,5,non-flaky,indent +8,5,0.9514,5,0.9509,False,True,True,94,133,39,-0.0005,True
EmptyByteBufTest.testIsReadable,5,non-flaky,spaces to tabs,5,0.9514,5,0.9491,False,True,True,94,72,-22,-0.0023,True
EmptyByteBufTest.testIsReadable,5,non-flaky,tabs to spaces,5,0.9514,5,0.9516,False,True,True,94,93,-1,0.0002,True
EmptyByteBufTest.testIsReadable,5,non-flaky,strip indent,5,0.9514,4,0.9143,True,True,False,94,63,-31,-0.0371,True
EmptyByteBufTest.testIsReadable,5,non-flaky,add blank lines,5,0.9514,5,0.9515,False,True,True,94,93,-1,0.0001,True
EmptyByteBufTest.testIsReadable,5,non-flaky,remove blank lines,5,0.9514,5,0.9516,False,True,True,94,93,-1,0.0002,True
EmptyByteBufTest.testIsReadable,5,non-flaky,trailing newline,5,0.9514,5,0.9516,False,True,True,94,94,0,0.0002,True
EmptyByteBufTest.testIsReadable,5,non-flaky,trailing spaces,5,0.9514,5,0.9517,False,True,True,94,99,5,0.0002,True
EmptyByteBufTest.testIsReadable,5,non-flaky,CRLF endings,5,0.9514,5,0.9516,False,True,True,94,100,6,0.0002,True
BaseConnectorTest.testExplainAnalyzeVerbose,5,non-flaky,indent +2,5,0.9524,5,0.9524,False,True,True,153,164,11,0.0,True
BaseConnectorTest.testExplainAnalyzeVerbose,5,non-flaky,indent +4,5,0.9524,5,0.9522,False,True,True,153,176,23,-0.0002,True
BaseConnectorTest.testExplainAnalyzeVerbose,5,non-flaky,indent +8,5,0.9524,5,0.9519,False,True,True,153,200,47,-0.0005,True
BaseConnectorTest.testExplainAnalyzeVerbose,5,non-flaky,spaces to tabs,5,0.9524,5,0.9479,False,True,True,153,129,-24,-0.0045,True
BaseConnectorTest.testExplainAnalyzeVerbose,5,non-flaky,tabs to spaces,5,0.9524,5,0.9524,False,True,True,153,152,-1,-0.0,True
BaseConnectorTest.testExplainAnalyzeVerbose,5,non-flaky,strip indent,5,0.9524,4,0.6216,True,True,False,153,119,-34,-0.3308,True
BaseConnectorTest.testExplainAnalyzeVerbose,5,non-flaky,add blank lines,5,0.9524,5,0.9525,False,True,True,153,152,-1,0.0002,True
BaseConnectorTest.testExplainAnalyzeVerbose,5,non-flaky,remove blank lines,5,0.9524,5,0.9524,False,True,True,153,152,-1,-0.0,True
BaseConnectorTest.testExplainAnalyzeVerbose,5,non-flaky,trailing newline,5,0.9524,5,0.9524,False,True,True,153,153,0,0.0,True
BaseConnectorTest.testExplainAnalyzeVerbose,5,non-flaky,trailing spaces,5,0.9524,5,0.9522,False,True,True,153,159,6,-0.0002,True
BaseConnectorTest.testExplainAnalyzeVerbose,5,non-flaky,CRLF endings,5,0.9524,5,0.9525,False,True,True,153,160,7,0.0001,True
ConfigServicePropertySourceLocatorTests.sunnyDayWithLabelThatContainsASlash,5,non-flaky,indent +2,5,0.9494,5,0.9509,False,True,True,155,172,17,0.0015,True
ConfigServicePropertySourceLocatorTests.sunnyDayWithLabelThatContainsASlash,5,non-flaky,indent +4,5,0.9494,5,0.9516,False,True,True,155,190,35,0.0022,True
ConfigServicePropertySourceLocatorTests.sunnyDayWithLabelThatContainsASlash,5,non-flaky,indent +8,5,0.9494,5,0.9509,False,True,True,155,226,71,0.0016,True
ConfigServicePropertySourceLocatorTests.sunnyDayWithLabelThatContainsASlash,5,non-flaky,spaces to tabs,5,0.9494,5,0.9496,False,True,True,155,154,-1,0.0002,True
ConfigServicePropertySourceLocatorTests.sunnyDayWithLabelThatContainsASlash,5,non-flaky,tabs to spaces,5,0.9494,5,0.9519,False,True,True,155,206,51,0.0025,True
ConfigServicePropertySourceLocatorTests.sunnyDayWithLabelThatContainsASlash,5,non-flaky,strip indent,5,0.9494,4,0.8186,True,True,False,155,133,-22,-0.1307,True
ConfigServicePropertySourceLocatorTests.sunnyDayWithLabelThatContainsASlash,5,non-flaky,add blank lines,5,0.9494,5,0.9499,False,True,True,155,154,-1,0.0005,True
ConfigServicePropertySourceLocatorTests.sunnyDayWithLabelThatContainsASlash,5,non-flaky,remove blank lines,5,0.9494,5,0.9496,False,True,True,155,154,-1,0.0002,True
ConfigServicePropertySourceLocatorTests.sunnyDayWithLabelThatContainsASlash,5,non-flaky,trailing newline,5,0.9494,5,0.9497,False,True,True,155,155,0,0.0003,True
ConfigServicePropertySourceLocatorTests.sunnyDayWithLabelThatContainsASlash,5,non-flaky,trailing spaces,5,0.9494,5,0.9502,False,True,True,155,164,9,0.0008,True
ConfigServicePropertySourceLocatorTests.sunnyDayWithLabelThatContainsASlash,5,non-flaky,CRLF endings,5,0.9494,5,0.9502,False,True,True,155,165,10,0.0008,True
DownsampleIteratorTest.simpleGetOneSample,5,non-flaky,indent +2,5,0.9508,5,0.9508,False,True,True,378,413,35,-0.0,True
DownsampleIteratorTest.simpleGetOneSample,5,non-flaky,indent +4,5,0.9508,5,0.9506,False,True,True,378,449,71,-0.0001,True
DownsampleIteratorTest.simpleGetOneSample,5,non-flaky,indent +8,5,0.9508,5,0.9499,False,True,True,378,512,134,-0.0009,True
DownsampleIteratorTest.simpleGetOneSample,5,non-flaky,spaces to tabs,5,0.9508,5,0.9505,False,True,True,378,252,-126,-0.0003,True
DownsampleIteratorTest.simpleGetOneSample,5,non-flaky,tabs to spaces,5,0.9508,5,0.9505,False,True,True,378,377,-1,-0.0003,True
DownsampleIteratorTest.simpleGetOneSample,5,non-flaky,strip indent,5,0.9508,3,0.6717,True,True,False,378,204,-174,-0.279,True
DownsampleIteratorTest.simpleGetOneSample,5,non-flaky,add blank lines,5,0.9508,5,0.9504,False,True,True,378,377,-1,-0.0004,True
DownsampleIteratorTest.simpleGetOneSample,5,non-flaky,remove blank lines,5,0.9508,5,0.9505,False,True,True,378,377,-1,-0.0003,True
DownsampleIteratorTest.simpleGetOneSample,5,non-flaky,trailing newline,5,0.9508,5,0.9505,False,True,True,378,378,0,-0.0002,True
DownsampleIteratorTest.simpleGetOneSample,5,non-flaky,trailing spaces,5,0.9508,5,0.9506,False,True,True,378,396,18,-0.0001,True
DownsampleIteratorTest.simpleGetOneSample,5,non-flaky,CRLF endings,5,0.9508,5,0.9509,False,True,True,378,397,19,0.0001,True
PetApiTest.getPetByIdTest,5,non-flaky,indent +2,5,0.9522,5,0.9518,False,True,True,108,123,15,-0.0004,True
PetApiTest.getPetByIdTest,5,non-flaky,indent +4,5,0.9522,5,0.9514,False,True,True,108,139,31,-0.0008,True
PetApiTest.getPetByIdTest,5,non-flaky,indent +8,5,0.9522,5,0.9504,False,True,True,108,171,63,-0.0018,True
PetApiTest.getPetByIdTest,5,non-flaky,spaces to tabs,5,0.9522,5,0.9505,False,True,True,108,69,-39,-0.0018,True
PetApiTest.getPetByIdTest,5,non-flaky,tabs to spaces,5,0.9522,5,0.9521,False,True,True,108,107,-1,-0.0001,True
PetApiTest.getPetByIdTest,5,non-flaky,strip indent,5,0.9522,5,0.6443,False,True,True,108,53,-55,-0.3079,True
PetApiTest.getPetByIdTest,5,non-flaky,add blank lines,5,0.9522,5,0.9521,False,True,True,108,107,-1,-0.0002,True
PetApiTest.getPetByIdTest,5,non-flaky,remove blank lines,5,0.9522,5,0.9522,False,True,True,108,89,-19,-0.0001,True
PetApiTest.getPetByIdTest,5,non-flaky,trailing newline,5,0.9522,5,0.9521,False,True,True,108,108,0,-0.0001,True
PetApiTest.getPetByIdTest,5,non-flaky,trailing spaces,5,0.9522,5,0.9507,False,True,True,108,116,8,-0.0016,True
PetApiTest.getPetByIdTest,5,non-flaky,CRLF endings,5,0.9522,5,0.952,False,True,True,108,117,9,-0.0003,True
CookiesTestCase.testRequestCookieDomainPathVersion,5,non-flaky,indent +2,5,0.9528,5,0.9522,False,True,True,332,363,31,-0.0006,True
CookiesTestCase.testRequestCookieDomainPathVersion,5,non-flaky,indent +4,5,0.9528,5,0.952,False,True,True,332,393,61,-0.0008,True
CookiesTestCase.testRequestCookieDomainPathVersion,5,non-flaky,indent +8,5,0.9528,5,0.9516,False,True,True,332,453,121,-0.0013,True
CookiesTestCase.testRequestCookieDomainPathVersion,5,non-flaky,spaces to tabs,5,0.9528,5,0.9519,False,True,True,332,265,-67,-0.0009,True
CookiesTestCase.testRequestCookieDomainPathVersion,5,non-flaky,tabs to spaces,5,0.9528,5,0.9525,False,True,True,332,331,-1,-0.0003,True
CookiesTestCase.testRequestCookieDomainPathVersion,5,non-flaky,strip indent,5,0.9528,3,0.8511,True,True,False,332,240,-92,-0.1018,True
CookiesTestCase.testRequestCookieDomainPathVersion,5,non-flaky,add blank lines,5,0.9528,5,0.9524,False,True,True,332,333,1,-0.0004,True
CookiesTestCase.testRequestCookieDomainPathVersion,5,non-flaky,remove blank lines,5,0.9528,5,0.9526,False,True,True,332,331,-1,-0.0003,True
CookiesTestCase.testRequestCookieDomainPathVersion,5,non-flaky,trailing newline,5,0.9528,5,0.9527,False,True,True,332,332,0,-0.0002,True
CookiesTestCase.testRequestCookieDomainPathVersion,5,non-flaky,trailing spaces,5,0.9528,5,0.9518,False,True,True,332,349,17,-0.001,True
CookiesTestCase.testRequestCookieDomainPathVersion,5,non-flaky,CRLF endings,5,0.9528,5,0.953,False,True,True,332,350,18,0.0002,True
BucketNameValidatorTest.testValidation_startWithDot,5,non-flaky,indent +2,5,0.9448,5,0.9487,False,True,True,52,57,5,0.0039,True
BucketNameValidatorTest.testValidation_startWithDot,5,non-flaky,indent +4,5,0.9448,5,0.9496,False,True,True,52,63,11,0.0048,True
BucketNameValidatorTest.testValidation_startWithDot,5,non-flaky,indent +8,5,0.9448,5,0.9509,False,True,True,52,75,23,0.0061,True
BucketNameValidatorTest.testValidation_startWithDot,5,non-flaky,spaces to tabs,5,0.9448,5,0.9396,False,True,True,52,49,-3,-0.0052,True
BucketNameValidatorTest.testValidation_startWithDot,5,non-flaky,tabs to spaces,5,0.9448,5,0.9443,False,True,True,52,51,-1,-0.0006,True
BucketNameValidatorTest.testValidation_startWithDot,5,non-flaky,strip indent,5,0.9448,4,0.9456,True,True,False,52,45,-7,0.0007,True
BucketNameValidatorTest.testValidation_startWithDot,5,non-flaky,add blank lines,5,0.9448,5,0.9436,False,True,True,52,51,-1,-0.0012,True
BucketNameValidatorTest.testValidation_startWithDot,5,non-flaky,remove blank lines,5,0.9448,5,0.9443,False,True,True,52,51,-1,-0.0006,True
BucketNameValidatorTest.testValidation_startWithDot,5,non-flaky,trailing newline,5,0.9448,5,0.9442,False,True,True,52,52,0,-0.0006,True
BucketNameValidatorTest.testValidation_startWithDot,5,non-flaky,trailing spaces,5,0.9448,5,0.9475,False,True,True,52,55,3,0.0026,True
BucketNameValidatorTest.testValidation_startWithDot,5,non-flaky,CRLF endings,5,0.9448,5,0.9457,False,True,True,52,56,4,0.0009,True
BaseConnectorTest.testShowCreateInformationSchema,5,non-flaky,indent +2,5,0.9522,5,0.952,False,True,True,126,137,11,-0.0002,True
BaseConnectorTest.testShowCreateInformationSchema,5,non-flaky,indent +4,5,0.9522,5,0.952,False,True,True,126,149,23,-0.0002,True
BaseConnectorTest.testShowCreateInformationSchema,5,non-flaky,indent +8,5,0.9522,5,0.9513,False,True,True,126,173,47,-0.0008,True
BaseConnectorTest.testShowCreateInformationSchema,5,non-flaky,spaces to tabs,5,0.9522,5,0.9492,False,True,True,126,90,-36,-0.003,True
BaseConnectorTest.testShowCreateInformationSchema,5,non-flaky,tabs to spaces,5,0.9522,5,0.9521,False,True,True,126,125,-1,-0.0001,True
BaseConnectorTest.testShowCreateInformationSchema,5,non-flaky,strip indent,5,0.9522,4,0.9286,True,True,False,126,76,-50,-0.0236,True
BaseConnectorTest.testShowCreateInformationSchema,5,non-flaky,add blank lines,5,0.9522,5,0.9519,False,True,True,126,125,-1,-0.0003,True
BaseConnectorTest.testShowCreateInformationSchema,5,non-flaky,remove blank lines,5,0.9522,5,0.9521,False,True,True,126,125,-1,-0.0001,True
BaseConnectorTest.testShowCreateInformationSchema,5,non-flaky,trailing newline,5,0.9522,5,0.9521,False,True,True,126,126,0,-0.0001,True
BaseConnectorTest.testShowCreateInformationSchema,5,non-flaky,trailing spaces,5,0.9522,5,0.9523,False,True,True,126,132,6,0.0001,True
BaseConnectorTest.testShowCreateInformationSchema,5,non-flaky,CRLF endings,5,0.9522,5,0.9522,False,True,True,126,133,7,0.0,True
RocksDbKeyValueServiceTest.testCreate,5,non-flaky,indent +2,5,0.9526,5,0.9523,False,True,True,192,207,15,-0.0003,True
RocksDbKeyValueServiceTest.testCreate,5,non-flaky,indent +4,5,0.9526,5,0.9522,False,True,True,192,223,31,-0.0004,True
RocksDbKeyValueServiceTest.testCreate,5,non-flaky,indent +8,5,0.9526,5,0.9514,False,True,True,192,255,63,-0.0012,True
RocksDbKeyValueServiceTest.testCreate,5,non-flaky,spaces to tabs,5,0.9526,5,0.95,False,True,True,192,149,-43,-0.0026,True
RocksDbKeyValueServiceTest.testCreate,5,non-flaky,tabs to spaces,5,0.9526,5,0.9525,False,True,True,192,191,-1,-0.0001,True
RocksDbKeyValueServiceTest.testCreate,5,non-flaky,strip indent,5,0.9526,4,0.8403,True,True,False,192,132,-60,-0.1124,True
RocksDbKeyValueServiceTest.testCreate,5,non-flaky,add blank lines,5,0.9526,5,0.9524,False,True,True,192,191,-1,-0.0003,True
RocksDbKeyValueServiceTest.testCreate,5,non-flaky,remove blank lines,5,0.9526,5,0.9525,False,True,True,192,191,-1,-0.0001,True
RocksDbKeyValueServiceTest.testCreate,5,non-flaky,trailing newline,5,0.9526,5,0.9526,False,True,True,192,192,0,-0.0001,True
RocksDbKeyValueServiceTest.testCreate,5,non-flaky,trailing spaces,5,0.9526,5,0.952,False,True,True,192,200,8,-0.0007,True
RocksDbKeyValueServiceTest.testCreate,5,non-flaky,CRLF endings,5,0.9526,5,0.9525,False,True,True,192,201,9,-0.0001,True
JsonWalkTest.testWalkWithDifferentListeners,5,non-flaky,indent +2,5,0.9517,5,0.9517,False,True,True,512,512,0,-0.0,True
JsonWalkTest.testWalkWithDifferentListeners,5,non-flaky,indent +4,5,0.9517,5,0.9514,False,True,True,512,512,0,-0.0004,True
JsonWalkTest.testWalkWithDifferentListeners,5,non-flaky,indent +8,5,0.9517,5,0.9513,False,True,True,512,512,0,-0.0005,True
JsonWalkTest.testWalkWithDifferentListeners,5,non-flaky,spaces to tabs,5,0.9517,5,0.9502,False,True,True,512,512,0,-0.0015,True
JsonWalkTest.testWalkWithDifferentListeners,5,non-flaky,tabs to spaces,5,0.9517,5,0.9517,False,True,True,512,512,0,0.0,True
JsonWalkTest.testWalkWithDifferentListeners,5,non-flaky,strip indent,5,0.9517,4,0.4184,True,True,False,512,512,0,-0.5334,True
JsonWalkTest.testWalkWithDifferentListeners,5,non-flaky,add blank lines,5,0.9517,5,0.9519,False,True,True,512,512,0,0.0001,True
JsonWalkTest.testWalkWithDifferentListeners,5,non-flaky,remove blank lines,5,0.9517,5,0.9517,False,True,True,512,512,0,0.0,True
JsonWalkTest.testWalkWithDifferentListeners,5,non-flaky,trailing newline,5,0.9517,5,0.9517,False,True,True,512,512,0,0.0,True
JsonWalkTest.testWalkWithDifferentListeners,5,non-flaky,trailing spaces,5,0.9517,5,0.9513,False,True,True,512,512,0,-0.0004,True
JsonWalkTest.testWalkWithDifferentListeners,5,non-flaky,CRLF endings,5,0.9517,5,0.9519,False,True,True,512,512,0,0.0002,True
ReactiveCouchbaseRepositoryQueryCollectionIntegrationTests.testScopeCollectionAnnotation,5,non-flaky,indent +2,5,0.9506,5,0.9518,False,True,True,380,421,41,0.0012,True
ReactiveCouchbaseRepositoryQueryCollectionIntegrationTests.testScopeCollectionAnnotation,5,non-flaky,indent +4,5,0.9506,5,0.952,False,True,True,380,463,83,0.0015,True
ReactiveCouchbaseRepositoryQueryCollectionIntegrationTests.testScopeCollectionAnnotation,5,non-flaky,indent +8,5,0.9506,5,0.9513,False,True,True,380,512,132,0.0007,True
ReactiveCouchbaseRepositoryQueryCollectionIntegrationTests.testScopeCollectionAnnotation,5,non-flaky,spaces to tabs,5,0.9506,5,0.9504,False,True,True,380,379,-1,-0.0001,True
ReactiveCouchbaseRepositoryQueryCollectionIntegrationTests.testScopeCollectionAnnotation,5,non-flaky,tabs to spaces,5,0.9506,5,0.9514,False,True,True,380,512,132,0.0009,True
ReactiveCouchbaseRepositoryQueryCollectionIntegrationTests.testScopeCollectionAnnotation,5,non-flaky,strip indent,5,0.9506,4,0.7162,True,True,False,380,275,-105,-0.2344,True
ReactiveCouchbaseRepositoryQueryCollectionIntegrationTests.testScopeCollectionAnnotation,5,non-flaky,add blank lines,5,0.9506,5,0.9504,False,True,True,380,379,-1,-0.0002,True
ReactiveCouchbaseRepositoryQueryCollectionIntegrationTests.testScopeCollectionAnnotation,5,non-flaky,remove blank lines,5,0.9506,5,0.9504,False,True,True,380,379,-1,-0.0001,True
ReactiveCouchbaseRepositoryQueryCollectionIntegrationTests.testScopeCollectionAnnotation,5,non-flaky,trailing newline,5,0.9506,5,0.9504,False,True,True,380,380,0,-0.0002,True
ReactiveCouchbaseRepositoryQueryCollectionIntegrationTests.testScopeCollectionAnnotation,5,non-flaky,trailing spaces,5,0.9506,5,0.9512,False,True,True,380,401,21,0.0006,True
ReactiveCouchbaseRepositoryQueryCollectionIntegrationTests.testScopeCollectionAnnotation,5,non-flaky,CRLF endings,5,0.9506,5,0.9507,False,True,True,380,402,22,0.0001,True
MaterializedViewSupervisorSpecTest.testSuspendResuume,5,non-flaky,indent +2,5,0.9503,5,0.9509,False,True,True,512,512,0,0.0007,True
MaterializedViewSupervisorSpecTest.testSuspendResuume,5,non-flaky,indent +4,5,0.9503,5,0.9505,False,True,True,512,512,0,0.0003,True
MaterializedViewSupervisorSpecTest.testSuspendResuume,5,non-flaky,indent +8,5,0.9503,5,0.9506,False,True,True,512,512,0,0.0004,True
MaterializedViewSupervisorSpecTest.testSuspendResuume,5,non-flaky,spaces to tabs,5,0.9503,5,0.9511,False,True,True,512,512,0,0.0009,True
MaterializedViewSupervisorSpecTest.testSuspendResuume,5,non-flaky,tabs to spaces,5,0.9503,5,0.9503,False,True,True,512,512,0,0.0,True
MaterializedViewSupervisorSpecTest.testSuspendResuume,5,non-flaky,strip indent,5,0.9503,3,0.4724,True,True,False,512,512,0,-0.4779,True
MaterializedViewSupervisorSpecTest.testSuspendResuume,5,non-flaky,add blank lines,5,0.9503,5,0.9497,False,True,True,512,512,0,-0.0006,True
MaterializedViewSupervisorSpecTest.testSuspendResuume,5,non-flaky,remove blank lines,5,0.9503,5,0.9503,False,True,True,512,512,0,0.0,True
MaterializedViewSupervisorSpecTest.testSuspendResuume,5,non-flaky,trailing newline,5,0.9503,5,0.9503,False,True,True,512,512,0,0.0,True
MaterializedViewSupervisorSpecTest.testSuspendResuume,5,non-flaky,trailing spaces,5,0.9503,5,0.9504,False,True,True,512,512,0,0.0002,True
MaterializedViewSupervisorSpecTest.testSuspendResuume,5,non-flaky,CRLF endings,5,0.9503,5,0.9506,False,True,True,512,512,0,0.0004,True
TokenSequenceMatcherITest.testTokenSequenceMatcherBeginEnd,5,non-flaky,indent +2,5,0.9527,5,0.9514,False,True,True,460,512,52,-0.0013,True
TokenSequenceMatcherITest.testTokenSequenceMatcherBeginEnd,5,non-flaky,indent +4,5,0.9527,5,0.9515,False,True,True,460,512,52,-0.0011,True
TokenSequenceMatcherITest.testTokenSequenceMatcherBeginEnd,5,non-flaky,indent +8,5,0.9527,5,0.9511,False,True,True,460,512,52,-0.0016,True
TokenSequenceMatcherITest.testTokenSequenceMatcherBeginEnd,5,non-flaky,spaces to tabs,5,0.9527,5,0.9518,False,True,True,460,400,-60,-0.0008,True
TokenSequenceMatcherITest.testTokenSequenceMatcherBeginEnd,5,non-flaky,tabs to spaces,5,0.9527,5,0.9524,False,True,True,460,459,-1,-0.0002,True
TokenSequenceMatcherITest.testTokenSequenceMatcherBeginEnd,5,non-flaky,strip indent,5,0.9527,4,0.4808,True,True,False,460,378,-82,-0.4719,True
TokenSequenceMatcherITest.testTokenSequenceMatcherBeginEnd,5,non-flaky,add blank lines,5,0.9527,5,0.9523,False,True,True,460,470,10,-0.0003,True
TokenSequenceMatcherITest.testTokenSequenceMatcherBeginEnd,5,non-flaky,remove blank lines,5,0.9527,5,0.9523,False,True,True,460,459,-1,-0.0004,True
TokenSequenceMatcherITest.testTokenSequenceMatcherBeginEnd,5,non-flaky,trailing newline,5,0.9527,5,0.9525,False,True,True,460,460,0,-0.0002,True
TokenSequenceMatcherITest.testTokenSequenceMatcherBeginEnd,5,non-flaky,trailing spaces,5,0.9527,5,0.9508,False,True,True,460,512,52,-0.0019,True
TokenSequenceMatcherITest.testTokenSequenceMatcherBeginEnd,5,non-flaky,CRLF endings,5,0.9527,5,0.9513,False,True,True,460,512,52,-0.0013,True
UpsertTableSegmentUploadIntegrationTest.testSegmentAssignment,5,non-flaky,indent +2,5,0.9511,5,0.9519,False,True,True,170,191,21,0.0008,True
UpsertTableSegmentUploadIntegrationTest.testSegmentAssignment,5,non-flaky,indent +4,5,0.9511,5,0.9517,False,True,True,170,213,43,0.0006,True
UpsertTableSegmentUploadIntegrationTest.testSegmentAssignment,5,non-flaky,indent +8,5,0.9511,5,0.9508,False,True,True,170,257,87,-0.0003,True
UpsertTableSegmentUploadIntegrationTest.testSegmentAssignment,5,non-flaky,spaces to tabs,5,0.9511,5,0.9485,False,True,True,170,153,-17,-0.0027,True
UpsertTableSegmentUploadIntegrationTest.testSegmentAssignment,5,non-flaky,tabs to spaces,5,0.9511,5,0.9511,False,True,True,170,169,-1,-0.0,True
UpsertTableSegmentUploadIntegrationTest.testSegmentAssignment,5,non-flaky,strip indent,5,0.9511,4,0.9022,True,True,False,170,141,-29,-0.049,True
UpsertTableSegmentUploadIntegrationTest.testSegmentAssignment,5,non-flaky,add blank lines,5,0.9511,5,0.9519,False,True,True,170,169,-1,0.0007,True
UpsertTableSegmentUploadIntegrationTest.testSegmentAssignment,5,non-flaky,remove blank lines,5,0.9511,5,0.9511,False,True,True,170,169,-1,-0.0,True
UpsertTableSegmentUploadIntegrationTest.testSegmentAssignment,5,non-flaky,trailing newline,5,0.9511,5,0.9512,False,True,True,170,170,0,0.0001,True
UpsertTableSegmentUploadIntegrationTest.testSegmentAssignment,5,non-flaky,trailing spaces,5,0.9511,5,0.9505,False,True,True,170,181,11,-0.0006,True
UpsertTableSegmentUploadIntegrationTest.testSegmentAssignment,5,non-flaky,CRLF endings,5,0.9511,5,0.9513,False,True,True,170,182,12,0.0001,True
AsyncStreamingInputPlusTest.consumeUntil_SingleBuffer_AllBytes_HappyPath,5,non-flaky,indent +2,5,0.9497,5,0.9504,False,True,True,61,68,7,0.0007,True
AsyncStreamingInputPlusTest.consumeUntil_SingleBuffer_AllBytes_HappyPath,5,non-flaky,indent +4,5,0.9497,5,0.9506,False,True,True,61,76,15,0.0009,True
AsyncStreamingInputPlusTest.consumeUntil_SingleBuffer_AllBytes_HappyPath,5,non-flaky,indent +8,5,0.9497,5,0.9509,False,True,True,61,92,31,0.0013,True
AsyncStreamingInputPlusTest.consumeUntil_SingleBuffer_AllBytes_HappyPath,5,non-flaky,spaces to tabs,5,0.9497,5,0.9402,False,True,True,61,48,-13,-0.0095,True
AsyncStreamingInputPlusTest.consumeUntil_SingleBuffer_AllBytes_HappyPath,5,non-flaky,tabs to spaces,5,0.9497,5,0.9497,False,True,True,61,60,-1,0.0,True
AsyncStreamingInputPlusTest.consumeUntil_SingleBuffer_AllBytes_HappyPath,5,non-flaky,strip indent,5,0.9497,4,0.9507,True,True,False,61,42,-19,0.001,True
AsyncStreamingInputPlusTest.consumeUntil_SingleBuffer_AllBytes_HappyPath,5,non-flaky,add blank lines,5,0.9497,5,0.9492,False,True,True,61,60,-1,-0.0004,True
AsyncStreamingInputPlusTest.consumeUntil_SingleBuffer_AllBytes_HappyPath,5,non-flaky,remove blank lines,5,0.9497,5,0.9497,False,True,True,61,60,-1,0.0,True
AsyncStreamingInputPlusTest.consumeUntil_SingleBuffer_AllBytes_HappyPath,5,non-flaky,trailing newline,5,0.9497,5,0.9497,False,True,True,61,61,0,0.0,True
AsyncStreamingInputPlusTest.consumeUntil_SingleBuffer_AllBytes_HappyPath,5,non-flaky,trailing spaces,5,0.9497,5,0.9506,False,True,True,61,65,4,0.0009,True
AsyncStreamingInputPlusTest.consumeUntil_SingleBuffer_AllBytes_HappyPath,5,non-flaky,CRLF endings,5,0.9497,5,0.9499,False,True,True,61,66,5,0.0002,True
TokenSequenceMatcherITest.testTokenSequenceMatcher8,5,non-flaky,indent +2,5,0.9525,5,0.9521,False,True,True,444,512,68,-0.0004,True
TokenSequenceMatcherITest.testTokenSequenceMatcher8,5,non-flaky,indent +4,5,0.9525,5,0.9516,False,True,True,444,512,68,-0.0009,True
TokenSequenceMatcherITest.testTokenSequenceMatcher8,5,non-flaky,indent +8,5,0.9525,5,0.9514,False,True,True,444,512,68,-0.0011,True
TokenSequenceMatcherITest.testTokenSequenceMatcher8,5,non-flaky,spaces to tabs,5,0.9525,5,0.9518,False,True,True,444,396,-48,-0.0007,True
TokenSequenceMatcherITest.testTokenSequenceMatcher8,5,non-flaky,tabs to spaces,5,0.9525,5,0.9523,False,True,True,444,443,-1,-0.0002,True
TokenSequenceMatcherITest.testTokenSequenceMatcher8,5,non-flaky,strip indent,5,0.9525,3,0.6145,True,True,False,444,376,-68,-0.338,True
TokenSequenceMatcherITest.testTokenSequenceMatcher8,5,non-flaky,add blank lines,5,0.9525,5,0.9524,False,True,True,444,450,6,-0.0001,True
TokenSequenceMatcherITest.testTokenSequenceMatcher8,5,non-flaky,remove blank lines,5,0.9525,5,0.9521,False,True,True,444,443,-1,-0.0004,True
TokenSequenceMatcherITest.testTokenSequenceMatcher8,5,non-flaky,trailing newline,5,0.9525,5,0.9524,False,True,True,444,444,0,-0.0001,True
TokenSequenceMatcherITest.testTokenSequenceMatcher8,5,non-flaky,trailing spaces,5,0.9525,5,0.9511,False,True,True,444,484,40,-0.0014,True
TokenSequenceMatcherITest.testTokenSequenceMatcher8,5,non-flaky,CRLF endings,5,0.9525,5,0.9516,False,True,True,444,485,41,-0.0009,True
UpdateByQueryBasicTests.testBasics,5,non-flaky,indent +2,5,0.9501,5,0.9502,False,True,True,512,512,0,0.0001,True
UpdateByQueryBasicTests.testBasics,5,non-flaky,indent +4,5,0.9501,5,0.9489,False,True,True,512,512,0,-0.0012,True
UpdateByQueryBasicTests.testBasics,5,non-flaky,indent +8,5,0.9501,5,0.9444,False,True,True,512,512,0,-0.0057,True
UpdateByQueryBasicTests.testBasics,5,non-flaky,spaces to tabs,5,0.9501,5,0.9487,False,True,True,512,512,0,-0.0014,True
UpdateByQueryBasicTests.testBasics,5,non-flaky,tabs to spaces,5,0.9501,5,0.9501,False,True,True,512,512,0,0.0,True
UpdateByQueryBasicTests.testBasics,5,non-flaky,strip indent,5,0.9501,4,0.3559,True,True,False,512,512,0,-0.5943,True
UpdateByQueryBasicTests.testBasics,5,non-flaky,add blank lines,5,0.9501,5,0.9485,False,True,True,512,512,0,-0.0016,True
UpdateByQueryBasicTests.testBasics,5,non-flaky,remove blank lines,5,0.9501,5,0.9501,False,True,True,512,512,0,-0.0,True
UpdateByQueryBasicTests.testBasics,5,non-flaky,trailing newline,5,0.9501,5,0.9501,False,True,True,512,512,0,0.0,True
UpdateByQueryBasicTests.testBasics,5,non-flaky,trailing spaces,5,0.9501,5,0.9502,False,True,True,512,512,0,0.0,True
UpdateByQueryBasicTests.testBasics,5,non-flaky,CRLF endings,5,0.9501,5,0.9501,False,True,True,512,512,0,-0.0,True
LongRunningProcessPingTaskTest.testCallProcessNotFound,5,non-flaky,indent +2,5,0.9521,5,0.9512,False,True,True,177,206,29,-0.0009,True
LongRunningProcessPingTaskTest.testCallProcessNotFound,5,non-flaky,indent +4,5,0.9521,5,0.9508,False,True,True,177,232,55,-0.0014,True
LongRunningProcessPingTaskTest.testCallProcessNotFound,5,non-flaky,indent +8,5,0.9521,5,0.9503,False,True,True,177,284,107,-0.0018,True
LongRunningProcessPingTaskTest.testCallProcessNotFound,5,non-flaky,spaces to tabs,5,0.9521,5,0.9506,False,True,True,177,135,-42,-0.0015,True
LongRunningProcessPingTaskTest.testCallProcessNotFound,5,non-flaky,tabs to spaces,5,0.9521,5,0.9517,False,True,True,177,176,-1,-0.0004,True
LongRunningProcessPingTaskTest.testCallProcessNotFound,5,non-flaky,strip indent,5,0.9521,0,0.6352,True,True,False,177,122,-55,-0.3169,True
LongRunningProcessPingTaskTest.testCallProcessNotFound,5,non-flaky,add blank lines,5,0.9521,5,0.9517,False,True,True,177,180,3,-0.0004,True
LongRunningProcessPingTaskTest.testCallProcessNotFound,5,non-flaky,remove blank lines,5,0.9521,5,0.9517,False,True,True,177,176,-1,-0.0004,True
LongRunningProcessPingTaskTest.testCallProcessNotFound,5,non-flaky,trailing newline,5,0.9521,5,0.9519,False,True,True,177,177,0,-0.0003,True
LongRunningProcessPingTaskTest.testCallProcessNotFound,5,non-flaky,trailing spaces,5,0.9521,5,0.9506,False,True,True,177,194,17,-0.0015,True
LongRunningProcessPingTaskTest.testCallProcessNotFound,5,non-flaky,CRLF endings,5,0.9521,5,0.9521,False,True,True,177,195,18,-0.0,True
TimeSeriesGroupingIteratorTest.testManySparseTimeSeries,5,non-flaky,indent +2,5,0.9495,5,0.9496,False,True,True,512,512,0,0.0001,True
TimeSeriesGroupingIteratorTest.testManySparseTimeSeries,5,non-flaky,indent +4,5,0.9495,5,0.9494,False,True,True,512,512,0,-0.0001,True
TimeSeriesGroupingIteratorTest.testManySparseTimeSeries,5,non-flaky,indent +8,5,0.9495,5,0.949,False,True,True,512,512,0,-0.0005,True
TimeSeriesGroupingIteratorTest.testManySparseTimeSeries,5,non-flaky,spaces to tabs,5,0.9495,5,0.9493,False,True,True,512,512,0,-0.0002,True
TimeSeriesGroupingIteratorTest.testManySparseTimeSeries,5,non-flaky,tabs to spaces,5,0.9495,5,0.9495,False,True,True,512,512,0,0.0,True
TimeSeriesGroupingIteratorTest.testManySparseTimeSeries,5,non-flaky,strip indent,5,0.9495,2,0.7339,True,True,False,512,512,0,-0.2156,True
TimeSeriesGroupingIteratorTest.testManySparseTimeSeries,5,non-flaky,add blank lines,5,0.9495,5,0.9494,False,True,True,512,512,0,-0.0001,True
TimeSeriesGroupingIteratorTest.testManySparseTimeSeries,5,non-flaky,remove blank lines,5,0.9495,5,0.9495,False,True,True,512,512,0,0.0,True
TimeSeriesGroupingIteratorTest.testManySparseTimeSeries,5,non-flaky,trailing newline,5,0.9495,5,0.9495,False,True,True,512,512,0,0.0,True
TimeSeriesGroupingIteratorTest.testManySparseTimeSeries,5,non-flaky,trailing spaces,5,0.9495,5,0.9495,False,True,True,512,512,0,0.0,True
TimeSeriesGroupingIteratorTest.testManySparseTimeSeries,5,non-flaky,CRLF endings,5,0.9495,5,0.9496,False,True,True,512,512,0,0.0001,True
RepositoryIntegrationTests.returnsParticularRevisionForAnEntity,5,non-flaky,indent +2,5,0.952,5,0.9517,False,True,True,301,365,64,-0.0003,True
RepositoryIntegrationTests.returnsParticularRevisionForAnEntity,5,non-flaky,indent +4,5,0.952,5,0.9515,False,True,True,301,421,120,-0.0005,True
RepositoryIntegrationTests.returnsParticularRevisionForAnEntity,5,non-flaky,indent +8,5,0.952,5,0.9511,False,True,True,301,512,211,-0.001,True
RepositoryIntegrationTests.returnsParticularRevisionForAnEntity,5,non-flaky,spaces to tabs,5,0.952,5,0.9519,False,True,True,301,300,-1,-0.0001,True
RepositoryIntegrationTests.returnsParticularRevisionForAnEntity,5,non-flaky,tabs to spaces,5,0.952,5,0.9519,False,True,True,301,396,95,-0.0001,True
RepositoryIntegrationTests.returnsParticularRevisionForAnEntity,5,non-flaky,strip indent,5,0.952,3,0.7972,True,True,False,301,270,-31,-0.1549,True
RepositoryIntegrationTests.returnsParticularRevisionForAnEntity,5,non-flaky,add blank lines,5,0.952,5,0.9517,False,True,True,301,309,8,-0.0004,True
RepositoryIntegrationTests.returnsParticularRevisionForAnEntity,5,non-flaky,remove blank lines,5,0.952,5,0.9519,False,True,True,301,300,-1,-0.0002,True
RepositoryIntegrationTests.returnsParticularRevisionForAnEntity,5,non-flaky,trailing newline,5,0.952,5,0.9519,False,True,True,301,301,0,-0.0001,True
RepositoryIntegrationTests.returnsParticularRevisionForAnEntity,5,non-flaky,trailing spaces,5,0.952,5,0.9517,False,True,True,301,338,37,-0.0003,True
RepositoryIntegrationTests.returnsParticularRevisionForAnEntity,5,non-flaky,CRLF endings,5,0.952,5,0.9519,False,True,True,301,339,38,-0.0001,True
RobinHoodBackwardShiftHashMapTest.testClearAllWithControlMap,5,non-flaky,indent +2,5,0.9508,5,0.9511,False,True,True,69,79,10,0.0003,True
RobinHoodBackwardShiftHashMapTest.testClearAllWithControlMap,5,non-flaky,indent +4,5,0.9508,5,0.9512,False,True,True,69,89,20,0.0003,True
RobinHoodBackwardShiftHashMapTest.testClearAllWithControlMap,5,non-flaky,indent +8,5,0.9508,5,0.951,False,True,True,69,109,40,0.0002,True
RobinHoodBackwardShiftHashMapTest.testClearAllWithControlMap,5,non-flaky,spaces to tabs,5,0.9508,5,0.9451,False,True,True,69,52,-17,-0.0057,True
RobinHoodBackwardShiftHashMapTest.testClearAllWithControlMap,5,non-flaky,tabs to spaces,5,0.9508,5,0.951,False,True,True,69,68,-1,0.0002,True
RobinHoodBackwardShiftHashMapTest.testClearAllWithControlMap,5,non-flaky,strip indent,5,0.9508,4,0.9069,True,True,False,69,46,-23,-0.0439,True
RobinHoodBackwardShiftHashMapTest.testClearAllWithControlMap,5,non-flaky,add blank lines,5,0.9508,5,0.9506,False,True,True,69,69,0,-0.0002,True
RobinHoodBackwardShiftHashMapTest.testClearAllWithControlMap,5,non-flaky,remove blank lines,5,0.9508,5,0.951,False,True,True,69,68,-1,0.0002,True
RobinHoodBackwardShiftHashMapTest.testClearAllWithControlMap,5,non-flaky,trailing newline,5,0.9508,5,0.951,False,True,True,69,69,0,0.0002,True
RobinHoodBackwardShiftHashMapTest.testClearAllWithControlMap,5,non-flaky,trailing spaces,5,0.9508,5,0.9497,False,True,True,69,75,6,-0.0011,True
RobinHoodBackwardShiftHashMapTest.testClearAllWithControlMap,5,non-flaky,CRLF endings,5,0.9508,5,0.9509,False,True,True,69,76,7,0.0001,True
CouchbaseRepositoryQueryCollectionIntegrationTests.afterEach,5,non-flaky,indent +2,5,0.9485,5,0.9507,False,True,True,52,63,11,0.0022,True
CouchbaseRepositoryQueryCollectionIntegrationTests.afterEach,5,non-flaky,indent +4,5,0.9485,5,0.9516,False,True,True,52,75,23,0.0031,True
CouchbaseRepositoryQueryCollectionIntegrationTests.afterEach,5,non-flaky,indent +8,5,0.9485,5,0.9514,False,True,True,52,99,47,0.0029,True
CouchbaseRepositoryQueryCollectionIntegrationTests.afterEach,5,non-flaky,spaces to tabs,5,0.9485,5,0.9487,False,True,True,52,51,-1,0.0002,True
CouchbaseRepositoryQueryCollectionIntegrationTests.afterEach,5,non-flaky,tabs to spaces,5,0.9485,5,0.9515,False,True,True,52,77,25,0.003,True
CouchbaseRepositoryQueryCollectionIntegrationTests.afterEach,5,non-flaky,strip indent,5,0.9485,4,0.503,True,True,False,52,40,-12,-0.4455,True
CouchbaseRepositoryQueryCollectionIntegrationTests.afterEach,5,non-flaky,add blank lines,5,0.9485,5,0.9489,False,True,True,52,51,-1,0.0004,True
CouchbaseRepositoryQueryCollectionIntegrationTests.afterEach,5,non-flaky,remove blank lines,5,0.9485,5,0.9487,False,True,True,52,51,-1,0.0002,True
CouchbaseRepositoryQueryCollectionIntegrationTests.afterEach,5,non-flaky,trailing newline,5,0.9485,5,0.9487,False,True,True,52,52,0,0.0003,True
CouchbaseRepositoryQueryCollectionIntegrationTests.afterEach,5,non-flaky,trailing spaces,5,0.9485,5,0.9498,False,True,True,52,58,6,0.0013,True
CouchbaseRepositoryQueryCollectionIntegrationTests.afterEach,5,non-flaky,CRLF endings,5,0.9485,5,0.9491,False,True,True,52,59,7,0.0006,True
RocksDbKeyValueServiceTest.testReadBeforeTime,5,non-flaky,indent +2,5,0.952,5,0.9516,False,True,True,138,149,11,-0.0004,True
RocksDbKeyValueServiceTest.testReadBeforeTime,5,non-flaky,indent +4,5,0.952,5,0.9514,False,True,True,138,161,23,-0.0007,True
RocksDbKeyValueServiceTest.testReadBeforeTime,5,non-flaky,indent +8,5,0.952,5,0.9507,False,True,True,138,185,47,-0.0014,True
RocksDbKeyValueServiceTest.testReadBeforeTime,5,non-flaky,spaces to tabs,5,0.952,5,0.95,False,True,True,138,111,-27,-0.002,True
RocksDbKeyValueServiceTest.testReadBeforeTime,5,non-flaky,tabs to spaces,5,0.952,5,0.9519,False,True,True,138,137,-1,-0.0002,True
RocksDbKeyValueServiceTest.testReadBeforeTime,5,non-flaky,strip indent,5,0.952,4,0.629,True,True,False,138,100,-38,-0.323,True
RocksDbKeyValueServiceTest.testReadBeforeTime,5,non-flaky,add blank lines,5,0.952,5,0.9515,False,True,True,138,137,-1,-0.0006,True
RocksDbKeyValueServiceTest.testReadBeforeTime,5,non-flaky,remove blank lines,5,0.952,5,0.9519,False,True,True,138,137,-1,-0.0002,True
RocksDbKeyValueServiceTest.testReadBeforeTime,5,non-flaky,trailing newline,5,0.952,5,0.952,False,True,True,138,138,0,-0.0001,True
RocksDbKeyValueServiceTest.testReadBeforeTime,5,non-flaky,trailing spaces,5,0.952,5,0.9516,False,True,True,138,144,6,-0.0004,True
RocksDbKeyValueServiceTest.testReadBeforeTime,5,non-flaky,CRLF endings,5,0.952,5,0.9521,False,True,True,138,145,7,0.0,True
OpenUriSelectionListenerTest.testWidgetSelected_MalformedURL,5,non-flaky,indent +2,5,0.9446,5,0.9496,False,True,True,118,132,14,0.005,True
OpenUriSelectionListenerTest.testWidgetSelected_MalformedURL,5,non-flaky,indent +4,5,0.9446,5,0.9506,False,True,True,118,146,28,0.006,True
OpenUriSelectionListenerTest.testWidgetSelected_MalformedURL,5,non-flaky,indent +8,5,0.9446,5,0.951,False,True,True,118,174,56,0.0064,True
OpenUriSelectionListenerTest.testWidgetSelected_MalformedURL,5,non-flaky,spaces to tabs,5,0.9446,5,0.937,False,True,True,118,111,-7,-0.0077,True
OpenUriSelectionListenerTest.testWidgetSelected_MalformedURL,5,non-flaky,tabs to spaces,5,0.9446,5,0.9455,False,True,True,118,117,-1,0.0008,True
OpenUriSelectionListenerTest.testWidgetSelected_MalformedURL,5,non-flaky,strip indent,5,0.9446,4,0.9348,True,True,False,118,105,-13,-0.0098,True
OpenUriSelectionListenerTest.testWidgetSelected_MalformedURL,5,non-flaky,add blank lines,5,0.9446,5,0.9473,False,True,True,118,118,0,0.0027,True
OpenUriSelectionListenerTest.testWidgetSelected_MalformedURL,5,non-flaky,remove blank lines,5,0.9446,5,0.9449,False,True,True,118,117,-1,0.0003,True
OpenUriSelectionListenerTest.testWidgetSelected_MalformedURL,5,non-flaky,trailing newline,5,0.9446,5,0.9457,False,True,True,118,118,0,0.0011,True
OpenUriSelectionListenerTest.testWidgetSelected_MalformedURL,5,non-flaky,trailing spaces,5,0.9446,5,0.9476,False,True,True,118,126,8,0.003,True
OpenUriSelectionListenerTest.testWidgetSelected_MalformedURL,5,non-flaky,CRLF endings,5,0.9446,5,0.9462,False,True,True,118,127,9,0.0015,True
AbstractTestIntegrationSmokeTest.testShowCreateTable,5,non-flaky,indent +2,5,0.9522,5,0.9524,False,True,True,489,512,23,0.0003,True
AbstractTestIntegrationSmokeTest.testShowCreateTable,5,non-flaky,indent +4,5,0.9522,5,0.9523,False,True,True,489,512,23,0.0001,True
AbstractTestIntegrationSmokeTest.testShowCreateTable,5,non-flaky,indent +8,5,0.9522,5,0.9518,False,True,True,489,512,23,-0.0004,True
AbstractTestIntegrationSmokeTest.testShowCreateTable,5,non-flaky,spaces to tabs,5,0.9522,5,0.9514,False,True,True,489,282,-207,-0.0007,True
AbstractTestIntegrationSmokeTest.testShowCreateTable,5,non-flaky,tabs to spaces,5,0.9522,5,0.952,False,True,True,489,488,-1,-0.0002,True
AbstractTestIntegrationSmokeTest.testShowCreateTable,5,non-flaky,strip indent,5,0.9522,3,0.8143,True,True,False,489,208,-281,-0.1379,True
AbstractTestIntegrationSmokeTest.testShowCreateTable,5,non-flaky,add blank lines,5,0.9522,5,0.9518,False,True,True,489,488,-1,-0.0003,True
AbstractTestIntegrationSmokeTest.testShowCreateTable,5,non-flaky,remove blank lines,5,0.9522,5,0.952,False,True,True,489,488,-1,-0.0002,True
AbstractTestIntegrationSmokeTest.testShowCreateTable,5,non-flaky,trailing newline,5,0.9522,5,0.952,False,True,True,489,489,0,-0.0002,True
AbstractTestIntegrationSmokeTest.testShowCreateTable,5,non-flaky,trailing spaces,5,0.9522,5,0.952,False,True,True,489,505,16,-0.0002,True
AbstractTestIntegrationSmokeTest.testShowCreateTable,5,non-flaky,CRLF endings,5,0.9522,5,0.9523,False,True,True,489,506,17,0.0002,True
MultiResultLoggerTest.delegatesToInitialPrintStream,5,non-flaky,indent +2,5,0.9519,5,0.9512,False,True,True,137,158,21,-0.0007,True
MultiResultLoggerTest.delegatesToInitialPrintStream,5,non-flaky,indent +4,5,0.9519,5,0.9509,False,True,True,137,178,41,-0.001,True
MultiResultLoggerTest.delegatesToInitialPrintStream,5,non-flaky,indent +8,5,0.9519,5,0.9504,False,True,True,137,218,81,-0.0016,True
MultiResultLoggerTest.delegatesToInitialPrintStream,5,non-flaky,spaces to tabs,5,0.9519,5,0.9486,False,True,True,137,103,-34,-0.0033,True
MultiResultLoggerTest.delegatesToInitialPrintStream,5,non-flaky,tabs to spaces,5,0.9519,5,0.9516,False,True,True,137,136,-1,-0.0003,True
MultiResultLoggerTest.delegatesToInitialPrintStream,5,non-flaky,strip indent,5,0.9519,4,0.874,True,True,False,137,91,-46,-0.0779,True
MultiResultLoggerTest.delegatesToInitialPrintStream,5,non-flaky,add blank lines,5,0.9519,5,0.9514,False,True,True,137,138,1,-0.0005,True
MultiResultLoggerTest.delegatesToInitialPrintStream,5,non-flaky,remove blank lines,5,0.9519,5,0.9516,False,True,True,137,136,-1,-0.0003,True
MultiResultLoggerTest.delegatesToInitialPrintStream,5,non-flaky,trailing newline,5,0.9519,5,0.9517,False,True,True,137,137,0,-0.0003,True
MultiResultLoggerTest.delegatesToInitialPrintStream,5,non-flaky,trailing spaces,5,0.9519,5,0.9512,False,True,True,137,149,12,-0.0007,True
MultiResultLoggerTest.delegatesToInitialPrintStream,5,non-flaky,CRLF endings,5,0.9519,5,0.9519,False,True,True,137,150,13,-0.0,True
RollingLocationLogAppenderTest.testRollingLocationLogAppender,5,non-flaky,indent +2,5,0.9514,5,0.9508,False,True,True,512,512,0,-0.0006,True
RollingLocationLogAppenderTest.testRollingLocationLogAppender,5,non-flaky,indent +4,5,0.9514,5,0.9506,False,True,True,512,512,0,-0.0008,True
RollingLocationLogAppenderTest.testRollingLocationLogAppender,5,non-flaky,indent +8,5,0.9514,5,0.9498,False,True,True,512,512,0,-0.0016,True
RollingLocationLogAppenderTest.testRollingLocationLogAppender,5,non-flaky,spaces to tabs,5,0.9514,5,0.9483,False,True,True,512,512,0,-0.0031,True
RollingLocationLogAppenderTest.testRollingLocationLogAppender,5,non-flaky,tabs to spaces,5,0.9514,5,0.9514,False,True,True,512,512,0,0.0,True
RollingLocationLogAppenderTest.testRollingLocationLogAppender,5,non-flaky,strip indent,5,0.9514,4,0.8992,True,True,False,512,512,0,-0.0522,True
RollingLocationLogAppenderTest.testRollingLocationLogAppender,5,non-flaky,add blank lines,5,0.9514,5,0.9514,False,True,True,512,512,0,-0.0,True
RollingLocationLogAppenderTest.testRollingLocationLogAppender,5,non-flaky,remove blank lines,5,0.9514,5,0.9513,False,True,True,512,512,0,-0.0001,True
RollingLocationLogAppenderTest.testRollingLocationLogAppender,5,non-flaky,trailing newline,5,0.9514,5,0.9514,False,True,True,512,512,0,0.0,True
RollingLocationLogAppenderTest.testRollingLocationLogAppender,5,non-flaky,trailing spaces,5,0.9514,5,0.9513,False,True,True,512,512,0,-0.0001,True
RollingLocationLogAppenderTest.testRollingLocationLogAppender,5,non-flaky,CRLF endings,5,0.9514,5,0.9513,False,True,True,512,512,0,-0.0001,True
ExecSQLTest.shouldReturnQueryInGetData,5,non-flaky,indent +2,5,0.9517,5,0.9511,False,True,True,213,235,22,-0.0006,True
ExecSQLTest.shouldReturnQueryInGetData,5,non-flaky,indent +4,5,0.9517,5,0.9509,False,True,True,213,257,44,-0.0008,True
ExecSQLTest.shouldReturnQueryInGetData,5,non-flaky,indent +8,5,0.9517,5,0.9501,False,True,True,213,301,88,-0.0017,True
ExecSQLTest.shouldReturnQueryInGetData,5,non-flaky,spaces to tabs,5,0.9517,5,0.9504,False,True,True,213,136,-77,-0.0014,True
ExecSQLTest.shouldReturnQueryInGetData,5,non-flaky,tabs to spaces,5,0.9517,5,0.9514,False,True,True,213,212,-1,-0.0003,True
ExecSQLTest.shouldReturnQueryInGetData,5,non-flaky,strip indent,5,0.9517,0,0.7019,True,True,False,213,108,-105,-0.2498,True
ExecSQLTest.shouldReturnQueryInGetData,5,non-flaky,add blank lines,5,0.9517,5,0.9511,False,True,True,213,213,0,-0.0006,True
ExecSQLTest.shouldReturnQueryInGetData,5,non-flaky,remove blank lines,5,0.9517,5,0.9514,False,True,True,213,212,-1,-0.0003,True
ExecSQLTest.shouldReturnQueryInGetData,5,non-flaky,trailing newline,5,0.9517,5,0.9515,False,True,True,213,213,0,-0.0002,True
ExecSQLTest.shouldReturnQueryInGetData,5,non-flaky,trailing spaces,5,0.9517,5,0.9499,False,True,True,213,225,12,-0.0018,True
ExecSQLTest.shouldReturnQueryInGetData,5,non-flaky,CRLF endings,5,0.9517,5,0.9518,False,True,True,213,226,13,0.0001,True
OuterEnumTest.testOuterEnum,5,non-flaky,indent +2,5,0.9508,5,0.951,False,True,True,42,47,5,0.0002,True
OuterEnumTest.testOuterEnum,5,non-flaky,indent +4,5,0.9508,5,0.9514,False,True,True,42,53,11,0.0006,True
OuterEnumTest.testOuterEnum,5,non-flaky,indent +8,5,0.9508,5,0.951,False,True,True,42,65,23,0.0002,True
OuterEnumTest.testOuterEnum,5,non-flaky,spaces to tabs,5,0.9508,5,0.9471,False,True,True,42,30,-12,-0.0038,True
OuterEnumTest.testOuterEnum,5,non-flaky,tabs to spaces,5,0.9508,5,0.9512,False,True,True,42,41,-1,0.0004,True
OuterEnumTest.testOuterEnum,5,non-flaky,strip indent,5,0.9508,4,0.3876,True,True,False,42,25,-17,-0.5632,True
OuterEnumTest.testOuterEnum,5,non-flaky,add blank lines,5,0.9508,5,0.9506,False,True,True,42,41,-1,-0.0002,True
OuterEnumTest.testOuterEnum,5,non-flaky,remove blank lines,5,0.9508,5,0.9512,False,True,True,42,41,-1,0.0004,True
OuterEnumTest.testOuterEnum,5,non-flaky,trailing newline,5,0.9508,5,0.9512,False,True,True,42,42,0,0.0004,True
OuterEnumTest.testOuterEnum,5,non-flaky,trailing spaces,5,0.9508,5,0.951,False,True,True,42,45,3,0.0001,True
OuterEnumTest.testOuterEnum,5,non-flaky,CRLF endings,5,0.9508,5,0.951,False,True,True,42,46,4,0.0001,True
AbstractTransactionTest.testEmptyValue,5,non-flaky,indent +2,5,0.9531,5,0.9522,False,True,True,278,309,31,-0.0009,True
AbstractTransactionTest.testEmptyValue,5,non-flaky,indent +4,5,0.9531,5,0.9522,False,True,True,278,339,61,-0.0009,True
AbstractTransactionTest.testEmptyValue,5,non-flaky,indent +8,5,0.9531,5,0.9511,False,True,True,278,399,121,-0.002,True
AbstractTransactionTest.testEmptyValue,5,non-flaky,spaces to tabs,5,0.9531,5,0.9522,False,True,True,278,217,-61,-0.0009,True
AbstractTransactionTest.testEmptyValue,5,non-flaky,tabs to spaces,5,0.9531,5,0.9527,False,True,True,278,277,-1,-0.0004,True
AbstractTransactionTest.testEmptyValue,5,non-flaky,strip indent,5,0.9531,3,0.8606,True,True,False,278,194,-84,-0.0926,True
AbstractTransactionTest.testEmptyValue,5,non-flaky,add blank lines,5,0.9531,5,0.9527,False,True,True,278,279,1,-0.0004,True
AbstractTransactionTest.testEmptyValue,5,non-flaky,remove blank lines,5,0.9531,5,0.9527,False,True,True,278,277,-1,-0.0004,True
AbstractTransactionTest.testEmptyValue,5,non-flaky,trailing newline,5,0.9531,5,0.9528,False,True,True,278,278,0,-0.0003,True
AbstractTransactionTest.testEmptyValue,5,non-flaky,trailing spaces,5,0.9531,5,0.9519,False,True,True,278,295,17,-0.0013,True
AbstractTransactionTest.testEmptyValue,5,non-flaky,CRLF endings,5,0.9531,5,0.9531,False,True,True,278,296,18,-0.0,True
TestFcHdfsSetUMask.testMkdirWithExistingDirClear,5,non-flaky,indent +2,5,0.9395,5,0.9473,False,True,True,58,63,5,0.0078,True
TestFcHdfsSetUMask.testMkdirWithExistingDirClear,5,non-flaky,indent +4,5,0.9395,5,0.9486,False,True,True,58,69,11,0.0091,True
TestFcHdfsSetUMask.testMkdirWithExistingDirClear,5,non-flaky,indent +8,5,0.9395,5,0.9505,False,True,True,58,81,23,0.011,True
TestFcHdfsSetUMask.testMkdirWithExistingDirClear,5,non-flaky,spaces to tabs,5,0.9395,5,0.9346,False,True,True,58,55,-3,-0.0049,True
TestFcHdfsSetUMask.testMkdirWithExistingDirClear,5,non-flaky,tabs to spaces,5,0.9395,5,0.9398,False,True,True,58,57,-1,0.0003,True
TestFcHdfsSetUMask.testMkdirWithExistingDirClear,5,non-flaky,strip indent,5,0.9395,4,0.946,True,True,False,58,51,-7,0.0065,True
TestFcHdfsSetUMask.testMkdirWithExistingDirClear,5,non-flaky,add blank lines,5,0.9395,5,0.9403,False,True,True,58,57,-1,0.0008,True
TestFcHdfsSetUMask.testMkdirWithExistingDirClear,5,non-flaky,remove blank lines,5,0.9395,5,0.9398,False,True,True,58,57,-1,0.0003,True
TestFcHdfsSetUMask.testMkdirWithExistingDirClear,5,non-flaky,trailing newline,5,0.9395,5,0.9407,False,True,True,58,58,0,0.0012,True
TestFcHdfsSetUMask.testMkdirWithExistingDirClear,5,non-flaky,trailing spaces,5,0.9395,5,0.9438,False,True,True,58,61,3,0.0043,True
TestFcHdfsSetUMask.testMkdirWithExistingDirClear,5,non-flaky,CRLF endings,5,0.9395,5,0.9415,False,True,True,58,62,4,0.002,True
MetricHistogramTest.testMin,5,non-flaky,indent +2,5,0.9518,5,0.9517,False,True,True,54,59,5,-0.0001,True
MetricHistogramTest.testMin,5,non-flaky,indent +4,5,0.9518,5,0.9518,False,True,True,54,65,11,-0.0,True
MetricHistogramTest.testMin,5,non-flaky,indent +8,5,0.9518,5,0.9512,False,True,True,54,77,23,-0.0007,True
MetricHistogramTest.testMin,5,non-flaky,spaces to tabs,5,0.9518,5,0.9495,False,True,True,54,42,-12,-0.0023,True
MetricHistogramTest.testMin,5,non-flaky,tabs to spaces,5,0.9518,5,0.9519,False,True,True,54,53,-1,0.0,True
MetricHistogramTest.testMin,5,non-flaky,strip indent,5,0.9518,3,0.5994,True,True,False,54,37,-17,-0.3524,True
MetricHistogramTest.testMin,5,non-flaky,add blank lines,5,0.9518,5,0.9512,False,True,True,54,53,-1,-0.0006,True
MetricHistogramTest.testMin,5,non-flaky,remove blank lines,5,0.9518,5,0.9519,False,True,True,54,53,-1,0.0,True
MetricHistogramTest.testMin,5,non-flaky,trailing newline,5,0.9518,5,0.9518,False,True,True,54,54,0,0.0,True
MetricHistogramTest.testMin,5,non-flaky,trailing spaces,5,0.9518,5,0.9519,False,True,True,54,57,3,0.0001,True
MetricHistogramTest.testMin,5,non-flaky,CRLF endings,5,0.9518,5,0.9514,False,True,True,54,58,4,-0.0004,True
MasterDisruptionIT.testFailWithMinimumMasterNodesConfigured,5,non-flaky,indent +2,5,0.9502,5,0.9486,False,True,True,512,512,0,-0.0015,True
MasterDisruptionIT.testFailWithMinimumMasterNodesConfigured,5,non-flaky,indent +4,5,0.9502,5,0.9471,False,True,True,512,512,0,-0.003,True
MasterDisruptionIT.testFailWithMinimumMasterNodesConfigured,5,non-flaky,indent +8,5,0.9502,5,0.9439,False,True,True,512,512,0,-0.0062,True
MasterDisruptionIT.testFailWithMinimumMasterNodesConfigured,5,non-flaky,spaces to tabs,5,0.9502,5,0.9496,False,True,True,512,473,-39,-0.0005,True
MasterDisruptionIT.testFailWithMinimumMasterNodesConfigured,5,non-flaky,tabs to spaces,5,0.9502,5,0.9502,False,True,True,512,512,0,0.0,True
MasterDisruptionIT.testFailWithMinimumMasterNodesConfigured,5,non-flaky,strip indent,5,0.9502,0,0.5316,True,True,False,512,423,-89,-0.4185,True
MasterDisruptionIT.testFailWithMinimumMasterNodesConfigured,5,non-flaky,add blank lines,5,0.9502,5,0.9495,False,True,True,512,512,0,-0.0006,True
MasterDisruptionIT.testFailWithMinimumMasterNodesConfigured,5,non-flaky,remove blank lines,5,0.9502,5,0.9498,False,True,True,512,512,0,-0.0004,True
MasterDisruptionIT.testFailWithMinimumMasterNodesConfigured,5,non-flaky,trailing newline,5,0.9502,5,0.9502,False,True,True,512,512,0,0.0,True
MasterDisruptionIT.testFailWithMinimumMasterNodesConfigured,5,non-flaky,trailing spaces,5,0.9502,5,0.9491,False,True,True,512,512,0,-0.0011,True
MasterDisruptionIT.testFailWithMinimumMasterNodesConfigured,5,non-flaky,CRLF endings,5,0.9502,5,0.9489,False,True,True,512,512,0,-0.0012,True
JSONScannerTest.checkTime13,5,non-flaky,indent +2,5,0.9524,5,0.9527,False,True,True,512,512,0,0.0004,True
JSONScannerTest.checkTime13,5,non-flaky,indent +4,5,0.9524,5,0.9525,False,True,True,512,512,0,0.0001,True
JSONScannerTest.checkTime13,5,non-flaky,indent +8,5,0.9524,5,0.9519,False,True,True,512,512,0,-0.0005,True
JSONScannerTest.checkTime13,5,non-flaky,spaces to tabs,5,0.9524,5,0.9508,False,True,True,512,479,-33,-0.0016,True
JSONScannerTest.checkTime13,5,non-flaky,tabs to spaces,5,0.9524,5,0.9524,False,True,True,512,512,0,0.0,True
JSONScannerTest.checkTime13,5,non-flaky,strip indent,5,0.9524,4,0.4248,True,True,False,512,448,-64,-0.5276,True
JSONScannerTest.checkTime13,5,non-flaky,add blank lines,5,0.9524,5,0.9532,False,True,True,512,512,0,0.0009,True
JSONScannerTest.checkTime13,5,non-flaky,remove blank lines,5,0.9524,5,0.9523,False,True,True,512,512,0,-0.0001,True
JSONScannerTest.checkTime13,5,non-flaky,trailing newline,5,0.9524,5,0.9524,False,True,True,512,512,0,0.0,True
JSONScannerTest.checkTime13,5,non-flaky,trailing spaces,5,0.9524,5,0.9527,False,True,True,512,512,0,0.0003,True
JSONScannerTest.checkTime13,5,non-flaky,CRLF endings,5,0.9524,5,0.9522,False,True,True,512,512,0,-0.0002,True
BaseConnectorSmokeTest.testLimit,5,non-flaky,indent +2,5,0.9521,5,0.9521,False,True,True,46,53,7,0.0,True
BaseConnectorSmokeTest.testLimit,5,non-flaky,indent +4,5,0.9521,5,0.9521,False,True,True,46,61,15,-0.0,True
BaseConnectorSmokeTest.testLimit,5,non-flaky,indent +8,5,0.9521,5,0.9512,False,True,True,46,77,31,-0.0009,True
BaseConnectorSmokeTest.testLimit,5,non-flaky,spaces to tabs,5,0.9521,5,0.95,False,True,True,46,32,-14,-0.0021,True
BaseConnectorSmokeTest.testLimit,5,non-flaky,tabs to spaces,5,0.9521,5,0.9523,False,True,True,46,45,-1,0.0002,True
BaseConnectorSmokeTest.testLimit,5,non-flaky,strip indent,5,0.9521,4,0.892,True,True,False,46,26,-20,-0.0601,True
BaseConnectorSmokeTest.testLimit,5,non-flaky,add blank lines,5,0.9521,5,0.9521,False,True,True,46,45,-1,0.0,True
BaseConnectorSmokeTest.testLimit,5,non-flaky,remove blank lines,5,0.9521,5,0.9523,False,True,True,46,45,-1,0.0002,True
BaseConnectorSmokeTest.testLimit,5,non-flaky,trailing newline,5,0.9521,5,0.9522,False,True,True,46,46,0,0.0001,True
BaseConnectorSmokeTest.testLimit,5,non-flaky,trailing spaces,5,0.9521,5,0.9515,False,True,True,46,50,4,-0.0006,True
BaseConnectorSmokeTest.testLimit,5,non-flaky,CRLF endings,5,0.9521,5,0.9519,False,True,True,46,51,5,-0.0002,True
ProtobufAnnotationSerializerSlowITest.testOpenie,5,non-flaky,indent +2,5,0.9441,5,0.9484,False,True,True,49,54,5,0.0043,True
ProtobufAnnotationSerializerSlowITest.testOpenie,5,non-flaky,indent +4,5,0.9441,5,0.9492,False,True,True,49,60,11,0.0051,True
ProtobufAnnotationSerializerSlowITest.testOpenie,5,non-flaky,indent +8,5,0.9441,5,0.9502,False,True,True,49,72,23,0.0061,True
ProtobufAnnotationSerializerSlowITest.testOpenie,5,non-flaky,spaces to tabs,5,0.9441,5,0.9408,False,True,True,49,46,-3,-0.0033,True
ProtobufAnnotationSerializerSlowITest.testOpenie,5,non-flaky,tabs to spaces,5,0.9441,5,0.9442,False,True,True,49,48,-1,0.0001,True
ProtobufAnnotationSerializerSlowITest.testOpenie,5,non-flaky,strip indent,5,0.9441,4,0.9394,True,True,False,49,42,-7,-0.0047,True
ProtobufAnnotationSerializerSlowITest.testOpenie,5,non-flaky,add blank lines,5,0.9441,5,0.9425,False,True,True,49,48,-1,-0.0016,True
ProtobufAnnotationSerializerSlowITest.testOpenie,5,non-flaky,remove blank lines,5,0.9441,5,0.9442,False,True,True,49,48,-1,0.0001,True
ProtobufAnnotationSerializerSlowITest.testOpenie,5,non-flaky,trailing newline,5,0.9441,5,0.9448,False,True,True,49,49,0,0.0007,True
ProtobufAnnotationSerializerSlowITest.testOpenie,5,non-flaky,trailing spaces,5,0.9441,5,0.9468,False,True,True,49,52,3,0.0027,True
ProtobufAnnotationSerializerSlowITest.testOpenie,5,non-flaky,CRLF endings,5,0.9441,5,0.9463,False,True,True,49,53,4,0.0022,True
PostAveragerAggregatorCalculatorTest.testApply,5,non-flaky,indent +2,5,0.9528,5,0.9518,False,True,True,102,121,19,-0.0011,True
PostAveragerAggregatorCalculatorTest.testApply,5,non-flaky,indent +4,5,0.9528,5,0.9515,False,True,True,102,139,37,-0.0014,True
PostAveragerAggregatorCalculatorTest.testApply,5,non-flaky,indent +8,5,0.9528,5,0.9513,False,True,True,102,175,73,-0.0016,True
PostAveragerAggregatorCalculatorTest.testApply,5,non-flaky,spaces to tabs,5,0.9528,5,0.9512,False,True,True,102,93,-9,-0.0017,True
PostAveragerAggregatorCalculatorTest.testApply,5,non-flaky,tabs to spaces,5,0.9528,5,0.9524,False,True,True,102,101,-1,-0.0004,True
PostAveragerAggregatorCalculatorTest.testApply,5,non-flaky,strip indent,5,0.9528,3,0.7766,True,True,False,102,87,-15,-0.1763,True
PostAveragerAggregatorCalculatorTest.testApply,5,non-flaky,add blank lines,5,0.9528,5,0.9523,False,True,True,102,103,1,-0.0005,True
PostAveragerAggregatorCalculatorTest.testApply,5,non-flaky,remove blank lines,5,0.9528,5,0.9523,False,True,True,102,101,-1,-0.0006,True
PostAveragerAggregatorCalculatorTest.testApply,5,non-flaky,trailing newline,5,0.9528,5,0.9524,False,True,True,102,102,0,-0.0004,True
PostAveragerAggregatorCalculatorTest.testApply,5,non-flaky,trailing spaces,5,0.9528,5,0.9518,False,True,True,102,113,11,-0.0011,True
PostAveragerAggregatorCalculatorTest.testApply,5,non-flaky,CRLF endings,5,0.9528,5,0.9522,False,True,True,102,114,12,-0.0006,True
XmlItemTest.prefixArrayTest,5,non-flaky,indent +2,5,0.9503,5,0.9509,False,True,True,39,44,5,0.0005,True
XmlItemTest.prefixArrayTest,5,non-flaky,indent +4,5,0.9503,5,0.9505,False,True,True,39,50,11,0.0002,True
XmlItemTest.prefixArrayTest,5,non-flaky,indent +8,5,0.9503,5,0.9503,False,True,True,39,62,23,-0.0001,True
XmlItemTest.prefixArrayTest,5,non-flaky,spaces to tabs,5,0.9503,5,0.9472,False,True,True,39,27,-12,-0.0032,True
XmlItemTest.prefixArrayTest,5,non-flaky,tabs to spaces,5,0.9503,5,0.9506,False,True,True,39,38,-1,0.0003,True
XmlItemTest.prefixArrayTest,5,non-flaky,strip indent,5,0.9503,4,0.8668,True,True,False,39,22,-17,-0.0835,True
XmlItemTest.prefixArrayTest,5,non-flaky,add blank lines,5,0.9503,5,0.9504,False,True,True,39,38,-1,0.0001,True
XmlItemTest.prefixArrayTest,5,non-flaky,remove blank lines,5,0.9503,5,0.9506,False,True,True,39,38,-1,0.0003,True
XmlItemTest.prefixArrayTest,5,non-flaky,trailing newline,5,0.9503,5,0.9506,False,True,True,39,39,0,0.0003,True
XmlItemTest.prefixArrayTest,5,non-flaky,trailing spaces,5,0.9503,5,0.9506,False,True,True,39,42,3,0.0003,True
XmlItemTest.prefixArrayTest,5,non-flaky,CRLF endings,5,0.9503,5,0.9506,False,True,True,39,43,4,0.0003,True
V4JsonSchemaTest.testMultipleOfValidator,5,non-flaky,indent +2,5,0.9509,5,0.951,False,True,True,48,53,5,0.0002,True
V4JsonSchemaTest.testMultipleOfValidator,5,non-flaky,indent +4,5,0.9509,5,0.9511,False,True,True,48,59,11,0.0002,True
V4JsonSchemaTest.testMultipleOfValidator,5,non-flaky,indent +8,5,0.9509,5,0.9509,False,True,True,48,71,23,0.0,True
V4JsonSchemaTest.testMultipleOfValidator,5,non-flaky,spaces to tabs,5,0.9509,5,0.9454,False,True,True,48,36,-12,-0.0055,True
V4JsonSchemaTest.testMultipleOfValidator,5,non-flaky,tabs to spaces,5,0.9509,5,0.9511,False,True,True,48,47,-1,0.0003,True
V4JsonSchemaTest.testMultipleOfValidator,5,non-flaky,strip indent,5,0.9509,4,0.9364,True,True,False,48,31,-17,-0.0144,True
V4JsonSchemaTest.testMultipleOfValidator,5,non-flaky,add blank lines,5,0.9509,5,0.9507,False,True,True,48,47,-1,-0.0002,True
V4JsonSchemaTest.testMultipleOfValidator,5,non-flaky,remove blank lines,5,0.9509,5,0.9511,False,True,True,48,47,-1,0.0003,True
V4JsonSchemaTest.testMultipleOfValidator,5,non-flaky,trailing newline,5,0.9509,5,0.951,False,True,True,48,48,0,0.0002,True
V4JsonSchemaTest.testMultipleOfValidator,5,non-flaky,trailing spaces,5,0.9509,5,0.9511,False,True,True,48,51,3,0.0003,True
V4JsonSchemaTest.testMultipleOfValidator,5,non-flaky,CRLF endings,5,0.9509,5,0.9507,False,True,True,48,52,4,-0.0001,True
CouchbaseRepositoryKeyValueIntegrationTests.getConnectionString,5,non-flaky,indent +2,5,0.9493,5,0.951,False,True,True,28,33,5,0.0017,True
CouchbaseRepositoryKeyValueIntegrationTests.getConnectionString,5,non-flaky,indent +4,5,0.9493,5,0.9516,False,True,True,28,39,11,0.0024,True
CouchbaseRepositoryKeyValueIntegrationTests.getConnectionString,5,non-flaky,indent +8,5,0.9493,5,0.9517,False,True,True,28,51,23,0.0024,True
CouchbaseRepositoryKeyValueIntegrationTests.getConnectionString,5,non-flaky,spaces to tabs,5,0.9493,5,0.9497,False,True,True,28,27,-1,0.0004,True
CouchbaseRepositoryKeyValueIntegrationTests.getConnectionString,5,non-flaky,tabs to spaces,5,0.9493,5,0.9513,False,True,True,28,47,19,0.002,True
CouchbaseRepositoryKeyValueIntegrationTests.getConnectionString,5,non-flaky,strip indent,5,0.9493,4,0.7943,True,True,False,28,19,-9,-0.1549,True
CouchbaseRepositoryKeyValueIntegrationTests.getConnectionString,5,non-flaky,add blank lines,5,0.9493,5,0.9497,False,True,True,28,27,-1,0.0005,True
CouchbaseRepositoryKeyValueIntegrationTests.getConnectionString,5,non-flaky,remove blank lines,5,0.9493,5,0.9497,False,True,True,28,27,-1,0.0004,True
CouchbaseRepositoryKeyValueIntegrationTests.getConnectionString,5,non-flaky,trailing newline,5,0.9493,5,0.9498,False,True,True,28,28,0,0.0006,True
CouchbaseRepositoryKeyValueIntegrationTests.getConnectionString,5,non-flaky,trailing spaces,5,0.9493,5,0.9508,False,True,True,28,31,3,0.0015,True
CouchbaseRepositoryKeyValueIntegrationTests.getConnectionString,5,non-flaky,CRLF endings,5,0.9493,5,0.95,False,True,True,28,32,4,0.0007,True
RobinHoodBackwardShiftHashMapTest.testPutRemoveOnSamePlaces,5,non-flaky,indent +2,5,0.9508,5,0.9501,False,True,True,323,356,33,-0.0006,True
RobinHoodBackwardShiftHashMapTest.testPutRemoveOnSamePlaces,5,non-flaky,indent +4,5,0.9508,5,0.9502,False,True,True,323,388,65,-0.0005,True
RobinHoodBackwardShiftHashMapTest.testPutRemoveOnSamePlaces,5,non-flaky,indent +8,5,0.9508,5,0.95,False,True,True,323,452,129,-0.0007,True
RobinHoodBackwardShiftHashMapTest.testPutRemoveOnSamePlaces,5,non-flaky,spaces to tabs,5,0.9508,5,0.9501,False,True,True,323,181,-142,-0.0006,True
RobinHoodBackwardShiftHashMapTest.testPutRemoveOnSamePlaces,5,non-flaky,tabs to spaces,5,0.9508,5,0.9504,False,True,True,323,322,-1,-0.0004,True
RobinHoodBackwardShiftHashMapTest.testPutRemoveOnSamePlaces,5,non-flaky,strip indent,5,0.9508,0,0.8726,True,True,False,323,131,-192,-0.0782,True
RobinHoodBackwardShiftHashMapTest.testPutRemoveOnSamePlaces,5,non-flaky,add blank lines,5,0.9508,5,0.95,False,True,True,323,324,1,-0.0007,True
RobinHoodBackwardShiftHashMapTest.testPutRemoveOnSamePlaces,5,non-flaky,remove blank lines,5,0.9508,5,0.9505,False,True,True,323,322,-1,-0.0003,True
RobinHoodBackwardShiftHashMapTest.testPutRemoveOnSamePlaces,5,non-flaky,trailing newline,5,0.9508,5,0.9504,False,True,True,323,323,0,-0.0003,True
RobinHoodBackwardShiftHashMapTest.testPutRemoveOnSamePlaces,5,non-flaky,trailing spaces,5,0.9508,5,0.95,False,True,True,323,341,18,-0.0007,True
RobinHoodBackwardShiftHashMapTest.testPutRemoveOnSamePlaces,5,non-flaky,CRLF endings,5,0.9508,5,0.9506,False,True,True,323,342,19,-0.0001,True
IgniteKarafFeaturesInstallationTest.testAllBundlesActiveAndFeaturesInstalled,5,non-flaky,indent +2,5,0.9509,5,0.9507,False,True,True,512,512,0,-0.0002,True
IgniteKarafFeaturesInstallationTest.testAllBundlesActiveAndFeaturesInstalled,5,non-flaky,indent +4,5,0.9509,5,0.9507,False,True,True,512,512,0,-0.0002,True
IgniteKarafFeaturesInstallationTest.testAllBundlesActiveAndFeaturesInstalled,5,non-flaky,indent +8,5,0.9509,5,0.9505,False,True,True,512,512,0,-0.0004,True
IgniteKarafFeaturesInstallationTest.testAllBundlesActiveAndFeaturesInstalled,5,non-flaky,spaces to tabs,5,0.9509,5,0.9503,False,True,True,512,389,-123,-0.0006,True
IgniteKarafFeaturesInstallationTest.testAllBundlesActiveAndFeaturesInstalled,5,non-flaky,tabs to spaces,5,0.9509,5,0.9509,False,True,True,512,512,0,0.0,True
IgniteKarafFeaturesInstallationTest.testAllBundlesActiveAndFeaturesInstalled,5,non-flaky,strip indent,5,0.9509,4,0.7796,True,True,False,512,338,-174,-0.1713,True
IgniteKarafFeaturesInstallationTest.testAllBundlesActiveAndFeaturesInstalled,5,non-flaky,add blank lines,5,0.9509,5,0.9508,False,True,True,512,512,0,-0.0001,True
IgniteKarafFeaturesInstallationTest.testAllBundlesActiveAndFeaturesInstalled,5,non-flaky,remove blank lines,5,0.9509,5,0.9508,False,True,True,512,512,0,-0.0001,True
IgniteKarafFeaturesInstallationTest.testAllBundlesActiveAndFeaturesInstalled,5,non-flaky,trailing newline,5,0.9509,5,0.9509,False,True,True,512,512,0,0.0,True
IgniteKarafFeaturesInstallationTest.testAllBundlesActiveAndFeaturesInstalled,5,non-flaky,trailing spaces,5,0.9509,5,0.9509,False,True,True,512,512,0,0.0,True
IgniteKarafFeaturesInstallationTest.testAllBundlesActiveAndFeaturesInstalled,5,non-flaky,CRLF endings,5,0.9509,5,0.9516,False,True,True,512,512,0,0.0007,True
XmlItemTest.wrappedArrayTest,5,non-flaky,indent +2,5,0.9508,5,0.9512,False,True,True,39,44,5,0.0004,True
XmlItemTest.wrappedArrayTest,5,non-flaky,indent +4,5,0.9508,5,0.9508,False,True,True,39,50,11,-0.0,True
XmlItemTest.wrappedArrayTest,5,non-flaky,indent +8,5,0.9508,5,0.9502,False,True,True,39,62,23,-0.0006,True
XmlItemTest.wrappedArrayTest,5,non-flaky,spaces to tabs,5,0.9508,5,0.9475,False,True,True,39,27,-12,-0.0033,True
XmlItemTest.wrappedArrayTest,5,non-flaky,tabs to spaces,5,0.9508,5,0.9511,False,True,True,39,38,-1,0.0003,True
XmlItemTest.wrappedArrayTest,5,non-flaky,strip indent,5,0.9508,4,0.7997,True,True,False,39,22,-17,-0.1511,True
XmlItemTest.wrappedArrayTest,5,non-flaky,add blank lines,5,0.9508,5,0.951,False,True,True,39,38,-1,0.0001,True
XmlItemTest.wrappedArrayTest,5,non-flaky,remove blank lines,5,0.9508,5,0.9511,False,True,True,39,38,-1,0.0003,True
XmlItemTest.wrappedArrayTest,5,non-flaky,trailing newline,5,0.9508,5,0.9511,False,True,True,39,39,0,0.0003,True
XmlItemTest.wrappedArrayTest,5,non-flaky,trailing spaces,5,0.9508,5,0.9508,False,True,True,39,42,3,-0.0,True
XmlItemTest.wrappedArrayTest,5,non-flaky,CRLF endings,5,0.9508,5,0.9509,False,True,True,39,43,4,0.0001,True
InsertQueryTest.affectsTagsCollectionAllowsNull,5,non-flaky,indent +2,5,0.9522,5,0.9517,False,True,True,171,189,18,-0.0005,True
InsertQueryTest.affectsTagsCollectionAllowsNull,5,non-flaky,indent +4,5,0.9522,5,0.9515,False,True,True,171,207,36,-0.0007,True
InsertQueryTest.affectsTagsCollectionAllowsNull,5,non-flaky,indent +8,5,0.9522,5,0.9505,False,True,True,171,243,72,-0.0017,True
InsertQueryTest.affectsTagsCollectionAllowsNull,5,non-flaky,spaces to tabs,5,0.9522,5,0.9511,False,True,True,171,110,-61,-0.0011,True
InsertQueryTest.affectsTagsCollectionAllowsNull,5,non-flaky,tabs to spaces,5,0.9522,5,0.9518,False,True,True,171,170,-1,-0.0004,True
InsertQueryTest.affectsTagsCollectionAllowsNull,5,non-flaky,strip indent,5,0.9522,4,0.5783,True,True,False,171,88,-83,-0.374,True
InsertQueryTest.affectsTagsCollectionAllowsNull,5,non-flaky,add blank lines,5,0.9522,5,0.9515,False,True,True,171,171,0,-0.0007,True
InsertQueryTest.affectsTagsCollectionAllowsNull,5,non-flaky,remove blank lines,5,0.9522,5,0.9518,False,True,True,171,170,-1,-0.0004,True
InsertQueryTest.affectsTagsCollectionAllowsNull,5,non-flaky,trailing newline,5,0.9522,5,0.9518,False,True,True,171,171,0,-0.0004,True
InsertQueryTest.affectsTagsCollectionAllowsNull,5,non-flaky,trailing spaces,5,0.9522,5,0.952,False,True,True,171,181,10,-0.0002,True
InsertQueryTest.affectsTagsCollectionAllowsNull,5,non-flaky,CRLF endings,5,0.9522,5,0.9522,False,True,True,171,182,11,0.0,True
AbstractAtlasDbKeyValueServiceTest.testPutWithTimestamps,5,non-flaky,indent +2,5,0.9517,5,0.951,False,True,True,362,389,27,-0.0007,True
AbstractAtlasDbKeyValueServiceTest.testPutWithTimestamps,5,non-flaky,indent +4,5,0.9517,5,0.9508,False,True,True,362,417,55,-0.0009,True
AbstractAtlasDbKeyValueServiceTest.testPutWithTimestamps,5,non-flaky,indent +8,5,0.9517,5,0.9505,False,True,True,362,473,111,-0.0013,True
AbstractAtlasDbKeyValueServiceTest.testPutWithTimestamps,5,non-flaky,spaces to tabs,5,0.9517,5,0.9514,False,True,True,362,271,-91,-0.0003,True
AbstractAtlasDbKeyValueServiceTest.testPutWithTimestamps,5,non-flaky,tabs to spaces,5,0.9517,5,0.9511,False,True,True,362,361,-1,-0.0006,True
AbstractAtlasDbKeyValueServiceTest.testPutWithTimestamps,5,non-flaky,strip indent,5,0.9517,3,0.7691,True,True,False,362,236,-126,-0.1827,True
AbstractAtlasDbKeyValueServiceTest.testPutWithTimestamps,5,non-flaky,add blank lines,5,0.9517,5,0.9513,False,True,True,362,361,-1,-0.0004,True
AbstractAtlasDbKeyValueServiceTest.testPutWithTimestamps,5,non-flaky,remove blank lines,5,0.9517,5,0.9511,False,True,True,362,361,-1,-0.0006,True
AbstractAtlasDbKeyValueServiceTest.testPutWithTimestamps,5,non-flaky,trailing newline,5,0.9517,5,0.9513,False,True,True,362,362,0,-0.0004,True
AbstractAtlasDbKeyValueServiceTest.testPutWithTimestamps,5,non-flaky,trailing spaces,5,0.9517,5,0.9505,False,True,True,362,376,14,-0.0013,True
AbstractAtlasDbKeyValueServiceTest.testPutWithTimestamps,5,non-flaky,CRLF endings,5,0.9517,5,0.9515,False,True,True,362,377,15,-0.0002,True
IgniteDataFrameSelfTest.testCatalogExample,5,non-flaky,indent +2,5,0.9501,5,0.9506,False,True,True,47,52,5,0.0005,True
IgniteDataFrameSelfTest.testCatalogExample,5,non-flaky,indent +4,5,0.9501,5,0.9506,False,True,True,47,58,11,0.0005,True
IgniteDataFrameSelfTest.testCatalogExample,5,non-flaky,indent +8,5,0.9501,5,0.9507,False,True,True,47,70,23,0.0006,True
IgniteDataFrameSelfTest.testCatalogExample,5,non-flaky,spaces to tabs,5,0.9501,5,0.9448,False,True,True,47,35,-12,-0.0052,True
IgniteDataFrameSelfTest.testCatalogExample,5,non-flaky,tabs to spaces,5,0.9501,5,0.9505,False,True,True,47,46,-1,0.0004,True
IgniteDataFrameSelfTest.testCatalogExample,5,non-flaky,strip indent,5,0.9501,4,0.9424,True,True,False,47,30,-17,-0.0077,True
IgniteDataFrameSelfTest.testCatalogExample,5,non-flaky,add blank lines,5,0.9501,5,0.9502,False,True,True,47,46,-1,0.0001,True
IgniteDataFrameSelfTest.testCatalogExample,5,non-flaky,remove blank lines,5,0.9501,5,0.9505,False,True,True,47,46,-1,0.0004,True
IgniteDataFrameSelfTest.testCatalogExample,5,non-flaky,trailing newline,5,0.9501,5,0.9504,False,True,True,47,47,0,0.0003,True
IgniteDataFrameSelfTest.testCatalogExample,5,non-flaky,trailing spaces,5,0.9501,5,0.9505,False,True,True,47,50,3,0.0005,True
IgniteDataFrameSelfTest.testCatalogExample,5,non-flaky,CRLF endings,5,0.9501,5,0.9501,False,True,True,47,51,4,0.0001,True
SubstringMapTestCase.testSubstringMap,5,non-flaky,indent +2,5,0.9506,5,0.9506,False,True,True,512,512,0,0.0,True
SubstringMapTestCase.testSubstringMap,5,non-flaky,indent +4,5,0.9506,5,0.9504,False,True,True,512,512,0,-0.0002,True
SubstringMapTestCase.testSubstringMap,5,non-flaky,indent +8,5,0.9506,5,0.9501,False,True,True,512,512,0,-0.0005,True
SubstringMapTestCase.testSubstringMap,5,non-flaky,spaces to tabs,5,0.9506,5,0.9505,False,True,True,512,512,0,-0.0001,True
SubstringMapTestCase.testSubstringMap,5,non-flaky,tabs to spaces,5,0.9506,5,0.9506,False,True,True,512,512,0,0.0,True
SubstringMapTestCase.testSubstringMap,5,non-flaky,strip indent,5,0.9506,3,0.6978,True,True,False,512,512,0,-0.2527,True
SubstringMapTestCase.testSubstringMap,5,non-flaky,add blank lines,5,0.9506,5,0.9505,False,True,True,512,512,0,-0.0001,True
SubstringMapTestCase.testSubstringMap,5,non-flaky,remove blank lines,5,0.9506,5,0.9508,False,True,True,512,512,0,0.0002,True
SubstringMapTestCase.testSubstringMap,5,non-flaky,trailing newline,5,0.9506,5,0.9506,False,True,True,512,512,0,0.0,True
SubstringMapTestCase.testSubstringMap,5,non-flaky,trailing spaces,5,0.9506,5,0.9507,False,True,True,512,512,0,0.0001,True
SubstringMapTestCase.testSubstringMap,5,non-flaky,CRLF endings,5,0.9506,5,0.9512,False,True,True,512,512,0,0.0007,True
RequirementsCorrectSlowITest.testMentionRegression,5,non-flaky,indent +2,5,0.9461,5,0.9496,False,True,True,37,42,5,0.0036,True
RequirementsCorrectSlowITest.testMentionRegression,5,non-flaky,indent +4,5,0.9461,5,0.9503,False,True,True,37,48,11,0.0042,True
RequirementsCorrectSlowITest.testMentionRegression,5,non-flaky,indent +8,5,0.9461,5,0.9502,False,True,True,37,60,23,0.0041,True
RequirementsCorrectSlowITest.testMentionRegression,5,non-flaky,spaces to tabs,5,0.9461,5,0.9435,False,True,True,37,34,-3,-0.0025,True
RequirementsCorrectSlowITest.testMentionRegression,5,non-flaky,tabs to spaces,5,0.9461,5,0.9465,False,True,True,37,36,-1,0.0004,True
RequirementsCorrectSlowITest.testMentionRegression,5,non-flaky,strip indent,5,0.9461,4,0.9272,True,True,False,37,30,-7,-0.0188,True
RequirementsCorrectSlowITest.testMentionRegression,5,non-flaky,add blank lines,5,0.9461,5,0.946,False,True,True,37,36,-1,-0.0001,True
RequirementsCorrectSlowITest.testMentionRegression,5,non-flaky,remove blank lines,5,0.9461,5,0.9465,False,True,True,37,36,-1,0.0004,True
RequirementsCorrectSlowITest.testMentionRegression,5,non-flaky,trailing newline,5,0.9461,5,0.9467,False,True,True,37,37,0,0.0006,True
RequirementsCorrectSlowITest.testMentionRegression,5,non-flaky,trailing spaces,5,0.9461,5,0.9486,False,True,True,37,40,3,0.0026,True
RequirementsCorrectSlowITest.testMentionRegression,5,non-flaky,CRLF endings,5,0.9461,5,0.9474,False,True,True,37,41,4,0.0013,True
AbstractTestIntegrationSmokeTest.testTableSampleWithFiltering,5,non-flaky,indent +2,5,0.9533,5,0.9526,False,True,True,288,310,22,-0.0006,True
AbstractTestIntegrationSmokeTest.testTableSampleWithFiltering,5,non-flaky,indent +4,5,0.9533,5,0.9523,False,True,True,288,332,44,-0.0009,True
AbstractTestIntegrationSmokeTest.testTableSampleWithFiltering,5,non-flaky,indent +8,5,0.9533,5,0.9516,False,True,True,288,376,88,-0.0017,True
AbstractTestIntegrationSmokeTest.testTableSampleWithFiltering,5,non-flaky,spaces to tabs,5,0.9533,5,0.9514,False,True,True,288,244,-44,-0.0019,True
AbstractTestIntegrationSmokeTest.testTableSampleWithFiltering,5,non-flaky,tabs to spaces,5,0.9533,5,0.9531,False,True,True,288,287,-1,-0.0002,True
AbstractTestIntegrationSmokeTest.testTableSampleWithFiltering,5,non-flaky,strip indent,5,0.9533,3,0.5109,True,True,False,288,227,-61,-0.4424,True
AbstractTestIntegrationSmokeTest.testTableSampleWithFiltering,5,non-flaky,add blank lines,5,0.9533,5,0.9527,False,True,True,288,288,0,-0.0005,True
AbstractTestIntegrationSmokeTest.testTableSampleWithFiltering,5,non-flaky,remove blank lines,5,0.9533,5,0.9531,False,True,True,288,287,-1,-0.0001,True
AbstractTestIntegrationSmokeTest.testTableSampleWithFiltering,5,non-flaky,trailing newline,5,0.9533,5,0.9531,False,True,True,288,288,0,-0.0002,True
AbstractTestIntegrationSmokeTest.testTableSampleWithFiltering,5,non-flaky,trailing spaces,5,0.9533,5,0.9523,False,True,True,288,300,12,-0.0009,True
AbstractTestIntegrationSmokeTest.testTableSampleWithFiltering,5,non-flaky,CRLF endings,5,0.9533,5,0.9533,False,True,True,288,301,13,-0.0,True
MaximumValidatorTest.negativeInteger,5,non-flaky,indent +2,5,0.9527,5,0.9517,False,True,True,408,440,32,-0.0009,True
MaximumValidatorTest.negativeInteger,5,non-flaky,indent +4,5,0.9527,5,0.9517,False,True,True,408,472,64,-0.001,True
MaximumValidatorTest.negativeInteger,5,non-flaky,indent +8,5,0.9527,5,0.9507,False,True,True,408,512,104,-0.002,True
MaximumValidatorTest.negativeInteger,5,non-flaky,spaces to tabs,5,0.9527,5,0.9529,False,True,True,408,306,-102,0.0003,True
MaximumValidatorTest.negativeInteger,5,non-flaky,tabs to spaces,5,0.9527,5,0.9522,False,True,True,408,407,-1,-0.0005,True
MaximumValidatorTest.negativeInteger,5,non-flaky,strip indent,5,0.9527,3,0.8418,True,True,False,408,269,-139,-0.1109,True
MaximumValidatorTest.negativeInteger,5,non-flaky,add blank lines,5,0.9527,5,0.9525,False,True,True,408,410,2,-0.0002,True
MaximumValidatorTest.negativeInteger,5,non-flaky,remove blank lines,5,0.9527,5,0.952,False,True,True,408,407,-1,-0.0007,True
MaximumValidatorTest.negativeInteger,5,non-flaky,trailing newline,5,0.9527,5,0.9524,False,True,True,408,408,0,-0.0003,True
MaximumValidatorTest.negativeInteger,5,non-flaky,trailing spaces,5,0.9527,5,0.9511,False,True,True,408,426,18,-0.0016,True
MaximumValidatorTest.negativeInteger,5,non-flaky,CRLF endings,5,0.9527,5,0.9529,False,True,True,408,427,19,0.0002,True
OuterCompositeTest.myNumberTest,5,non-flaky,indent +2,5,0.9504,5,0.951,False,True,True,39,44,5,0.0006,True
OuterCompositeTest.myNumberTest,5,non-flaky,indent +4,5,0.9504,5,0.9508,False,True,True,39,50,11,0.0005,True
OuterCompositeTest.myNumberTest,5,non-flaky,indent +8,5,0.9504,5,0.9507,False,True,True,39,62,23,0.0003,True
OuterCompositeTest.myNumberTest,5,non-flaky,spaces to tabs,5,0.9504,5,0.948,False,True,True,39,27,-12,-0.0023,True
OuterCompositeTest.myNumberTest,5,non-flaky,tabs to spaces,5,0.9504,5,0.9508,False,True,True,39,38,-1,0.0005,True
OuterCompositeTest.myNumberTest,5,non-flaky,strip indent,5,0.9504,4,0.7154,True,True,False,39,22,-17,-0.2349,True
OuterCompositeTest.myNumberTest,5,non-flaky,add blank lines,5,0.9504,5,0.9506,False,True,True,39,38,-1,0.0002,True
OuterCompositeTest.myNumberTest,5,non-flaky,remove blank lines,5,0.9504,5,0.9508,False,True,True,39,38,-1,0.0005,True
OuterCompositeTest.myNumberTest,5,non-flaky,trailing newline,5,0.9504,5,0.9508,False,True,True,39,39,0,0.0005,True
OuterCompositeTest.myNumberTest,5,non-flaky,trailing spaces,5,0.9504,5,0.9508,False,True,True,39,42,3,0.0005,True
OuterCompositeTest.myNumberTest,5,non-flaky,CRLF endings,5,0.9504,5,0.9506,False,True,True,39,43,4,0.0003,True
AnnotatedEndpointTest.testRequestUri,5,non-flaky,indent +2,5,0.9515,5,0.9509,False,True,True,226,246,20,-0.0006,True
AnnotatedEndpointTest.testRequestUri,5,non-flaky,indent +4,5,0.9515,5,0.9511,False,True,True,226,266,40,-0.0004,True
AnnotatedEndpointTest.testRequestUri,5,non-flaky,indent +8,5,0.9515,5,0.9505,False,True,True,226,306,80,-0.001,True
AnnotatedEndpointTest.testRequestUri,5,non-flaky,spaces to tabs,5,0.9515,5,0.9467,False,True,True,226,185,-41,-0.0048,True
AnnotatedEndpointTest.testRequestUri,5,non-flaky,tabs to spaces,5,0.9515,5,0.9511,False,True,True,226,225,-1,-0.0004,True
AnnotatedEndpointTest.testRequestUri,5,non-flaky,strip indent,5,0.9515,0,0.8907,True,True,False,226,169,-57,-0.0608,True
AnnotatedEndpointTest.testRequestUri,5,non-flaky,add blank lines,5,0.9515,5,0.9512,False,True,True,226,226,0,-0.0003,True
AnnotatedEndpointTest.testRequestUri,5,non-flaky,remove blank lines,5,0.9515,5,0.951,False,True,True,226,225,-1,-0.0005,True
AnnotatedEndpointTest.testRequestUri,5,non-flaky,trailing newline,5,0.9515,5,0.9512,False,True,True,226,226,0,-0.0003,True
AnnotatedEndpointTest.testRequestUri,5,non-flaky,trailing spaces,5,0.9515,5,0.9502,False,True,True,226,237,11,-0.0013,True
AnnotatedEndpointTest.testRequestUri,5,non-flaky,CRLF endings,5,0.9515,5,0.9514,False,True,True,226,238,12,-0.0001,True
NameTest.snakeCaseTest,5,non-flaky,indent +2,5,0.9509,5,0.9513,False,True,True,39,44,5,0.0004,True
NameTest.snakeCaseTest,5,non-flaky,indent +4,5,0.9509,5,0.9509,False,True,True,39,50,11,0.0001,True
NameTest.snakeCaseTest,5,non-flaky,indent +8,5,0.9509,5,0.9506,False,True,True,39,62,23,-0.0003,True
NameTest.snakeCaseTest,5,non-flaky,spaces to tabs,5,0.9509,5,0.9478,False,True,True,39,27,-12,-0.0031,True
NameTest.snakeCaseTest,5,non-flaky,tabs to spaces,5,0.9509,5,0.9511,False,True,True,39,38,-1,0.0003,True
NameTest.snakeCaseTest,5,non-flaky,strip indent,5,0.9509,4,0.6667,True,True,False,39,22,-17,-0.2842,True
NameTest.snakeCaseTest,5,non-flaky,add blank lines,5,0.9509,5,0.9509,False,True,True,39,38,-1,0.0,True
NameTest.snakeCaseTest,5,non-flaky,remove blank lines,5,0.9509,5,0.9511,False,True,True,39,38,-1,0.0003,True
NameTest.snakeCaseTest,5,non-flaky,trailing newline,5,0.9509,5,0.9511,False,True,True,39,39,0,0.0002,True
NameTest.snakeCaseTest,5,non-flaky,trailing spaces,5,0.9509,5,0.951,False,True,True,39,42,3,0.0001,True
NameTest.snakeCaseTest,5,non-flaky,CRLF endings,5,0.9509,5,0.951,False,True,True,39,43,4,0.0001,True
PluginsTest.newHeaderConverterShouldConfigureWithPluginClassLoader,5,non-flaky,indent +2,5,0.9518,5,0.9502,False,True,True,389,428,39,-0.0016,True
PluginsTest.newHeaderConverterShouldConfigureWithPluginClassLoader,5,non-flaky,indent +4,5,0.9518,5,0.9511,False,True,True,389,466,77,-0.0006,True
PluginsTest.newHeaderConverterShouldConfigureWithPluginClassLoader,5,non-flaky,indent +8,5,0.9518,5,0.9511,False,True,True,389,512,123,-0.0006,True
PluginsTest.newHeaderConverterShouldConfigureWithPluginClassLoader,5,non-flaky,spaces to tabs,5,0.9518,5,0.9486,False,True,True,389,300,-89,-0.0032,True
PluginsTest.newHeaderConverterShouldConfigureWithPluginClassLoader,5,non-flaky,tabs to spaces,5,0.9518,5,0.9514,False,True,True,389,388,-1,-0.0004,True
PluginsTest.newHeaderConverterShouldConfigureWithPluginClassLoader,5,non-flaky,strip indent,5,0.9518,4,0.9187,True,True,False,389,266,-123,-0.0331,True
PluginsTest.newHeaderConverterShouldConfigureWithPluginClassLoader,5,non-flaky,add blank lines,5,0.9518,5,0.9515,False,True,True,389,390,1,-0.0003,True
PluginsTest.newHeaderConverterShouldConfigureWithPluginClassLoader,5,non-flaky,remove blank lines,5,0.9518,5,0.9514,False,True,True,389,388,-1,-0.0004,True
PluginsTest.newHeaderConverterShouldConfigureWithPluginClassLoader,5,non-flaky,trailing newline,5,0.9518,5,0.9515,False,True,True,389,389,0,-0.0003,True
PluginsTest.newHeaderConverterShouldConfigureWithPluginClassLoader,5,non-flaky,trailing spaces,5,0.9518,5,0.9509,False,True,True,389,410,21,-0.0009,True
PluginsTest.newHeaderConverterShouldConfigureWithPluginClassLoader,5,non-flaky,CRLF endings,5,0.9518,5,0.9517,False,True,True,389,411,22,-0.0001,True
ProtobufAnnotationSerializerSlowITest.testGetPossibleAnnotators,5,non-flaky,indent +2,5,0.9516,5,0.9528,False,True,True,54,61,7,0.0012,True
ProtobufAnnotationSerializerSlowITest.testGetPossibleAnnotators,5,non-flaky,indent +4,5,0.9516,5,0.9524,False,True,True,54,69,15,0.0008,True
ProtobufAnnotationSerializerSlowITest.testGetPossibleAnnotators,5,non-flaky,indent +8,5,0.9516,5,0.9515,False,True,True,54,85,31,-0.0001,True
ProtobufAnnotationSerializerSlowITest.testGetPossibleAnnotators,5,non-flaky,spaces to tabs,5,0.9516,5,0.9502,False,True,True,54,49,-5,-0.0014,True
ProtobufAnnotationSerializerSlowITest.testGetPossibleAnnotators,5,non-flaky,tabs to spaces,5,0.9516,5,0.952,False,True,True,54,53,-1,0.0004,True
ProtobufAnnotationSerializerSlowITest.testGetPossibleAnnotators,5,non-flaky,strip indent,5,0.9516,3,0.5454,True,True,False,54,44,-10,-0.4062,True
ProtobufAnnotationSerializerSlowITest.testGetPossibleAnnotators,5,non-flaky,add blank lines,5,0.9516,5,0.9519,False,True,True,54,53,-1,0.0003,True
ProtobufAnnotationSerializerSlowITest.testGetPossibleAnnotators,5,non-flaky,remove blank lines,5,0.9516,5,0.952,False,True,True,54,53,-1,0.0004,True
ProtobufAnnotationSerializerSlowITest.testGetPossibleAnnotators,5,non-flaky,trailing newline,5,0.9516,5,0.952,False,True,True,54,54,0,0.0004,True
ProtobufAnnotationSerializerSlowITest.testGetPossibleAnnotators,5,non-flaky,trailing spaces,5,0.9516,5,0.9522,False,True,True,54,58,4,0.0006,True
ProtobufAnnotationSerializerSlowITest.testGetPossibleAnnotators,5,non-flaky,CRLF endings,5,0.9516,5,0.9518,False,True,True,54,59,5,0.0002,True
ByteBufUtilTest.decodeHexDumpWithInvalidChar,5,non-flaky,indent +2,5,0.9507,5,0.9513,False,True,True,62,67,5,0.0006,True
ByteBufUtilTest.decodeHexDumpWithInvalidChar,5,non-flaky,indent +4,5,0.9507,5,0.9515,False,True,True,62,73,11,0.0008,True
ByteBufUtilTest.decodeHexDumpWithInvalidChar,5,non-flaky,indent +8,5,0.9507,5,0.9511,False,True,True,62,85,23,0.0004,True
ByteBufUtilTest.decodeHexDumpWithInvalidChar,5,non-flaky,spaces to tabs,5,0.9507,5,0.9449,False,True,True,62,50,-12,-0.0058,True
ByteBufUtilTest.decodeHexDumpWithInvalidChar,5,non-flaky,tabs to spaces,5,0.9507,5,0.9508,False,True,True,62,61,-1,0.0001,True
ByteBufUtilTest.decodeHexDumpWithInvalidChar,5,non-flaky,strip indent,5,0.9507,4,0.928,True,True,False,62,45,-17,-0.0227,True
ByteBufUtilTest.decodeHexDumpWithInvalidChar,5,non-flaky,add blank lines,5,0.9507,5,0.951,False,True,True,62,61,-1,0.0003,True
ByteBufUtilTest.decodeHexDumpWithInvalidChar,5,non-flaky,remove blank lines,5,0.9507,5,0.9508,False,True,True,62,61,-1,0.0001,True
ByteBufUtilTest.decodeHexDumpWithInvalidChar,5,non-flaky,trailing newline,5,0.9507,5,0.9508,False,True,True,62,62,0,0.0001,True
ByteBufUtilTest.decodeHexDumpWithInvalidChar,5,non-flaky,trailing spaces,5,0.9507,5,0.9515,False,True,True,62,65,3,0.0008,True
ByteBufUtilTest.decodeHexDumpWithInvalidChar,5,non-flaky,CRLF endings,5,0.9507,5,0.9508,False,True,True,62,66,4,0.0001,True
SuggestResponseTest.testSuggestResponse,5,non-flaky,indent +2,5,0.9522,5,0.9517,False,True,True,146,159,13,-0.0005,True
SuggestResponseTest.testSuggestResponse,5,non-flaky,indent +4,5,0.9522,5,0.9515,False,True,True,146,173,27,-0.0008,True
SuggestResponseTest.testSuggestResponse,5,non-flaky,indent +8,5,0.9522,5,0.9506,False,True,True,146,201,55,-0.0016,True
SuggestResponseTest.testSuggestResponse,5,non-flaky,spaces to tabs,5,0.9522,5,0.9504,False,True,True,146,114,-32,-0.0019,True
SuggestResponseTest.testSuggestResponse,5,non-flaky,tabs to spaces,5,0.9522,5,0.9519,False,True,True,146,145,-1,-0.0003,True
SuggestResponseTest.testSuggestResponse,5,non-flaky,strip indent,5,0.9522,3,0.6849,True,True,False,146,101,-45,-0.2673,True
SuggestResponseTest.testSuggestResponse,5,non-flaky,add blank lines,5,0.9522,5,0.9516,False,True,True,146,145,-1,-0.0007,True
SuggestResponseTest.testSuggestResponse,5,non-flaky,remove blank lines,5,0.9522,5,0.9519,False,True,True,146,145,-1,-0.0003,True
SuggestResponseTest.testSuggestResponse,5,non-flaky,trailing newline,5,0.9522,5,0.952,False,True,True,146,146,0,-0.0003,True
SuggestResponseTest.testSuggestResponse,5,non-flaky,trailing spaces,5,0.9522,5,0.952,False,True,True,146,153,7,-0.0003,True
SuggestResponseTest.testSuggestResponse,5,non-flaky,CRLF endings,5,0.9522,5,0.9522,False,True,True,146,154,8,-0.0,True
GitSkipSslValidationCredentialsProviderTest.testSupportsUnrelatedCredentialItemTypes,5,non-flaky,indent +2,5,0.9501,5,0.9524,False,True,True,124,145,21,0.0023,True
GitSkipSslValidationCredentialsProviderTest.testSupportsUnrelatedCredentialItemTypes,5,non-flaky,indent +4,5,0.9501,5,0.9522,False,True,True,124,165,41,0.0021,True
GitSkipSslValidationCredentialsProviderTest.testSupportsUnrelatedCredentialItemTypes,5,non-flaky,indent +8,5,0.9501,5,0.9518,False,True,True,124,205,81,0.0017,True
GitSkipSslValidationCredentialsProviderTest.testSupportsUnrelatedCredentialItemTypes,5,non-flaky,spaces to tabs,5,0.9501,5,0.9502,False,True,True,124,123,-1,0.0001,True
GitSkipSslValidationCredentialsProviderTest.testSupportsUnrelatedCredentialItemTypes,5,non-flaky,tabs to spaces,5,0.9501,5,0.952,False,True,True,124,176,52,0.0019,True
GitSkipSslValidationCredentialsProviderTest.testSupportsUnrelatedCredentialItemTypes,5,non-flaky,strip indent,5,0.9501,4,0.8962,True,True,False,124,104,-20,-0.054,True
GitSkipSslValidationCredentialsProviderTest.testSupportsUnrelatedCredentialItemTypes,5,non-flaky,add blank lines,5,0.9501,5,0.9501,False,True,True,124,125,1,-0.0001,True
GitSkipSslValidationCredentialsProviderTest.testSupportsUnrelatedCredentialItemTypes,5,non-flaky,remove blank lines,5,0.9501,5,0.9504,False,True,True,124,123,-1,0.0002,True
GitSkipSslValidationCredentialsProviderTest.testSupportsUnrelatedCredentialItemTypes,5,non-flaky,trailing newline,5,0.9501,5,0.9501,False,True,True,124,124,0,-0.0,True
GitSkipSslValidationCredentialsProviderTest.testSupportsUnrelatedCredentialItemTypes,5,non-flaky,trailing spaces,5,0.9501,5,0.9513,False,True,True,124,136,12,0.0012,True
GitSkipSslValidationCredentialsProviderTest.testSupportsUnrelatedCredentialItemTypes,5,non-flaky,CRLF endings,5,0.9501,5,0.951,False,True,True,124,137,13,0.0009,True
RareClusterStateIT.execute,5,non-flaky,indent +2,5,0.9498,5,0.949,False,True,True,512,512,0,-0.0008,True
RareClusterStateIT.execute,5,non-flaky,indent +4,5,0.9498,5,0.949,False,True,True,512,512,0,-0.0008,True
RareClusterStateIT.execute,5,non-flaky,indent +8,5,0.9498,5,0.9475,False,True,True,512,512,0,-0.0024,True
RareClusterStateIT.execute,5,non-flaky,spaces to tabs,5,0.9498,5,0.9491,False,True,True,512,512,0,-0.0007,True
RareClusterStateIT.execute,5,non-flaky,tabs to spaces,5,0.9498,5,0.9498,False,True,True,512,512,0,0.0,True
RareClusterStateIT.execute,5,non-flaky,strip indent,5,0.9498,0,0.8982,True,True,False,512,506,-6,-0.0516,True
RareClusterStateIT.execute,5,non-flaky,add blank lines,5,0.9498,5,0.9492,False,True,True,512,512,0,-0.0007,True
RareClusterStateIT.execute,5,non-flaky,remove blank lines,5,0.9498,5,0.9497,False,True,True,512,512,0,-0.0001,True
RareClusterStateIT.execute,5,non-flaky,trailing newline,5,0.9498,5,0.9498,False,True,True,512,512,0,0.0,True
RareClusterStateIT.execute,5,non-flaky,trailing spaces,5,0.9498,5,0.9491,False,True,True,512,512,0,-0.0007,True
RareClusterStateIT.execute,5,non-flaky,CRLF endings,5,0.9498,5,0.9497,False,True,True,512,512,0,-0.0001,True
BaseDynamicPartitionPruningTest.testSemiJoinLargeBuildSideRangeDynamicFiltering,5,non-flaky,indent +2,5,0.9518,5,0.9518,False,True,True,512,512,0,-0.0,True
BaseDynamicPartitionPruningTest.testSemiJoinLargeBuildSideRangeDynamicFiltering,5,non-flaky,indent +4,5,0.9518,5,0.9516,False,True,True,512,512,0,-0.0002,True
BaseDynamicPartitionPruningTest.testSemiJoinLargeBuildSideRangeDynamicFiltering,5,non-flaky,indent +8,5,0.9518,5,0.9512,False,True,True,512,512,0,-0.0006,True
BaseDynamicPartitionPruningTest.testSemiJoinLargeBuildSideRangeDynamicFiltering,5,non-flaky,spaces to tabs,5,0.9518,5,0.9511,False,True,True,512,445,-67,-0.0007,True
BaseDynamicPartitionPruningTest.testSemiJoinLargeBuildSideRangeDynamicFiltering,5,non-flaky,tabs to spaces,5,0.9518,5,0.9518,False,True,True,512,512,0,0.0,True
BaseDynamicPartitionPruningTest.testSemiJoinLargeBuildSideRangeDynamicFiltering,5,non-flaky,strip indent,5,0.9518,0,0.5213,True,True,False,512,394,-118,-0.4305,True
BaseDynamicPartitionPruningTest.testSemiJoinLargeBuildSideRangeDynamicFiltering,5,non-flaky,add blank lines,5,0.9518,5,0.9518,False,True,True,512,512,0,0.0001,True
BaseDynamicPartitionPruningTest.testSemiJoinLargeBuildSideRangeDynamicFiltering,5,non-flaky,remove blank lines,5,0.9518,5,0.9518,False,True,True,512,512,0,-0.0,True
BaseDynamicPartitionPruningTest.testSemiJoinLargeBuildSideRangeDynamicFiltering,5,non-flaky,trailing newline,5,0.9518,5,0.9518,False,True,True,512,512,0,0.0,True
BaseDynamicPartitionPruningTest.testSemiJoinLargeBuildSideRangeDynamicFiltering,5,non-flaky,trailing spaces,5,0.9518,5,0.9515,False,True,True,512,512,0,-0.0003,True
BaseDynamicPartitionPruningTest.testSemiJoinLargeBuildSideRangeDynamicFiltering,5,non-flaky,CRLF endings,5,0.9518,5,0.9519,False,True,True,512,512,0,0.0001,True
FQLReplayTest.testCompareRowsDifferentColumnCount,5,non-flaky,indent +2,5,0.9526,5,0.9524,False,True,True,343,372,29,-0.0002,True
FQLReplayTest.testCompareRowsDifferentColumnCount,5,non-flaky,indent +4,5,0.9526,5,0.9519,False,True,True,343,402,59,-0.0006,True
FQLReplayTest.testCompareRowsDifferentColumnCount,5,non-flaky,indent +8,5,0.9526,5,0.9514,False,True,True,343,462,119,-0.0012,True
FQLReplayTest.testCompareRowsDifferentColumnCount,5,non-flaky,spaces to tabs,5,0.9526,5,0.9522,False,True,True,343,259,-84,-0.0004,True
FQLReplayTest.testCompareRowsDifferentColumnCount,5,non-flaky,tabs to spaces,5,0.9526,5,0.9524,False,True,True,343,342,-1,-0.0002,True
FQLReplayTest.testCompareRowsDifferentColumnCount,5,non-flaky,strip indent,5,0.9526,3,0.8244,True,True,False,343,226,-117,-0.1282,True
FQLReplayTest.testCompareRowsDifferentColumnCount,5,non-flaky,add blank lines,5,0.9526,5,0.9522,False,True,True,343,342,-1,-0.0004,True
FQLReplayTest.testCompareRowsDifferentColumnCount,5,non-flaky,remove blank lines,5,0.9526,5,0.9524,False,True,True,343,342,-1,-0.0002,True
FQLReplayTest.testCompareRowsDifferentColumnCount,5,non-flaky,trailing newline,5,0.9526,5,0.9525,False,True,True,343,343,0,-0.0001,True
FQLReplayTest.testCompareRowsDifferentColumnCount,5,non-flaky,trailing spaces,5,0.9526,5,0.952,False,True,True,343,358,15,-0.0006,True
FQLReplayTest.testCompareRowsDifferentColumnCount,5,non-flaky,CRLF endings,5,0.9526,5,0.9527,False,True,True,343,359,16,0.0001,True
BaseConnectorTest.testRenameSchema,5,non-flaky,indent +2,5,0.952,5,0.9514,False,True,True,457,506,49,-0.0006,True
BaseConnectorTest.testRenameSchema,5,non-flaky,indent +4,5,0.952,5,0.9509,False,True,True,457,512,55,-0.0011,True
BaseConnectorTest.testRenameSchema,5,non-flaky,indent +8,5,0.952,5,0.9505,False,True,True,457,512,55,-0.0015,True
BaseConnectorTest.testRenameSchema,5,non-flaky,spaces to tabs,5,0.952,5,0.9502,False,True,True,457,312,-145,-0.0018,True
BaseConnectorTest.testRenameSchema,5,non-flaky,tabs to spaces,5,0.952,5,0.9517,False,True,True,457,456,-1,-0.0003,True
BaseConnectorTest.testRenameSchema,5,non-flaky,strip indent,5,0.952,4,0.7312,True,True,False,457,258,-199,-0.2209,True
BaseConnectorTest.testRenameSchema,5,non-flaky,add blank lines,5,0.952,5,0.9513,False,True,True,457,458,1,-0.0007,True
BaseConnectorTest.testRenameSchema,5,non-flaky,remove blank lines,5,0.952,5,0.9517,False,True,True,457,456,-1,-0.0004,True
BaseConnectorTest.testRenameSchema,5,non-flaky,trailing newline,5,0.952,5,0.9518,False,True,True,457,457,0,-0.0003,True
BaseConnectorTest.testRenameSchema,5,non-flaky,trailing spaces,5,0.952,5,0.9503,False,True,True,457,483,26,-0.0018,True
BaseConnectorTest.testRenameSchema,5,non-flaky,CRLF endings,5,0.952,5,0.9518,False,True,True,457,484,27,-0.0002,True
DownloadProgressTest.setUp,5,non-flaky,indent +2,5,0.9501,5,0.9505,False,True,True,53,60,7,0.0005,True
DownloadProgressTest.setUp,5,non-flaky,indent +4,5,0.9501,5,0.9508,False,True,True,53,68,15,0.0007,True
DownloadProgressTest.setUp,5,non-flaky,indent +8,5,0.9501,5,0.9507,False,True,True,53,84,31,0.0007,True
DownloadProgressTest.setUp,5,non-flaky,spaces to tabs,5,0.9501,5,0.9471,False,True,True,53,36,-17,-0.003,True
DownloadProgressTest.setUp,5,non-flaky,tabs to spaces,5,0.9501,5,0.9502,False,True,True,53,52,-1,0.0001,True
DownloadProgressTest.setUp,5,non-flaky,strip indent,5,0.9501,4,0.8763,True,True,False,53,29,-24,-0.0738,True
DownloadProgressTest.setUp,5,non-flaky,add blank lines,5,0.9501,5,0.95,False,True,True,53,52,-1,-0.0001,True
DownloadProgressTest.setUp,5,non-flaky,remove blank lines,5,0.9501,5,0.9502,False,True,True,53,52,-1,0.0001,True
DownloadProgressTest.setUp,5,non-flaky,trailing newline,5,0.9501,5,0.9503,False,True,True,53,53,0,0.0002,True
DownloadProgressTest.setUp,5,non-flaky,trailing spaces,5,0.9501,5,0.95,False,True,True,53,57,4,-0.0001,True
DownloadProgressTest.setUp,5,non-flaky,CRLF endings,5,0.9501,5,0.9502,False,True,True,53,58,5,0.0001,True
TestKafkaCheckpointManager.testCreateResourcesTopicValidationError,5,non-flaky,indent +2,5,0.9489,5,0.9507,False,True,True,142,159,17,0.0017,True
TestKafkaCheckpointManager.testCreateResourcesTopicValidationError,5,non-flaky,indent +4,5,0.9489,5,0.9512,False,True,True,142,177,35,0.0023,True
TestKafkaCheckpointManager.testCreateResourcesTopicValidationError,5,non-flaky,indent +8,5,0.9489,5,0.9513,False,True,True,142,213,71,0.0024,True
TestKafkaCheckpointManager.testCreateResourcesTopicValidationError,5,non-flaky,spaces to tabs,5,0.9489,5,0.9428,False,True,True,142,127,-15,-0.0061,True
TestKafkaCheckpointManager.testCreateResourcesTopicValidationError,5,non-flaky,tabs to spaces,5,0.9489,5,0.9493,False,True,True,142,141,-1,0.0003,True
TestKafkaCheckpointManager.testCreateResourcesTopicValidationError,5,non-flaky,strip indent,5,0.9489,4,0.9311,True,True,False,142,116,-26,-0.0178,True
TestKafkaCheckpointManager.testCreateResourcesTopicValidationError,5,non-flaky,add blank lines,5,0.9489,5,0.9505,False,True,True,142,141,-1,0.0015,True
TestKafkaCheckpointManager.testCreateResourcesTopicValidationError,5,non-flaky,remove blank lines,5,0.9489,5,0.9493,False,True,True,142,141,-1,0.0003,True
TestKafkaCheckpointManager.testCreateResourcesTopicValidationError,5,non-flaky,trailing newline,5,0.9489,5,0.9493,False,True,True,142,142,0,0.0004,True
TestKafkaCheckpointManager.testCreateResourcesTopicValidationError,5,non-flaky,trailing spaces,5,0.9489,5,0.9494,False,True,True,142,151,9,0.0005,True
TestKafkaCheckpointManager.testCreateResourcesTopicValidationError,5,non-flaky,CRLF endings,5,0.9489,5,0.9495,False,True,True,142,152,10,0.0005,True
InfluxDBSinkTest.testOpenWriteCloseAvro,5,non-flaky,indent +2,5,0.95,5,0.9513,False,True,True,79,86,7,0.0012,True
InfluxDBSinkTest.testOpenWriteCloseAvro,5,non-flaky,indent +4,5,0.95,5,0.9516,False,True,True,79,94,15,0.0015,True
InfluxDBSinkTest.testOpenWriteCloseAvro,5,non-flaky,indent +8,5,0.95,5,0.9513,False,True,True,79,110,31,0.0013,True
InfluxDBSinkTest.testOpenWriteCloseAvro,5,non-flaky,spaces to tabs,5,0.95,5,0.9397,False,True,True,79,62,-17,-0.0103,True
InfluxDBSinkTest.testOpenWriteCloseAvro,5,non-flaky,tabs to spaces,5,0.95,5,0.9506,False,True,True,79,78,-1,0.0006,True
InfluxDBSinkTest.testOpenWriteCloseAvro,5,non-flaky,strip indent,5,0.95,4,0.9507,True,True,False,79,55,-24,0.0007,True
InfluxDBSinkTest.testOpenWriteCloseAvro,5,non-flaky,add blank lines,5,0.95,5,0.9509,False,True,True,79,78,-1,0.0009,True
InfluxDBSinkTest.testOpenWriteCloseAvro,5,non-flaky,remove blank lines,5,0.95,5,0.9506,False,True,True,79,78,-1,0.0006,True
InfluxDBSinkTest.testOpenWriteCloseAvro,5,non-flaky,trailing newline,5,0.95,5,0.9506,False,True,True,79,79,0,0.0006,True
InfluxDBSinkTest.testOpenWriteCloseAvro,5,non-flaky,trailing spaces,5,0.95,5,0.9514,False,True,True,79,83,4,0.0013,True
InfluxDBSinkTest.testOpenWriteCloseAvro,5,non-flaky,CRLF endings,5,0.95,5,0.9506,False,True,True,79,84,5,0.0005,True
KafkaConnectSourceErrTest.testOpenAndRead,5,non-flaky,indent +2,5,0.9503,5,0.9504,False,True,True,512,512,0,0.0,True
KafkaConnectSourceErrTest.testOpenAndRead,5,non-flaky,indent +4,5,0.9503,5,0.9504,False,True,True,512,512,0,0.0001,True
KafkaConnectSourceErrTest.testOpenAndRead,5,non-flaky,indent +8,5,0.9503,5,0.9502,False,True,True,512,512,0,-0.0002,True
KafkaConnectSourceErrTest.testOpenAndRead,5,non-flaky,spaces to tabs,5,0.9503,5,0.9493,False,True,True,512,512,0,-0.0011,True
KafkaConnectSourceErrTest.testOpenAndRead,5,non-flaky,tabs to spaces,5,0.9503,5,0.9503,False,True,True,512,512,0,0.0,True
KafkaConnectSourceErrTest.testOpenAndRead,5,non-flaky,strip indent,5,0.9503,0,0.9099,True,True,False,512,481,-31,-0.0404,True
KafkaConnectSourceErrTest.testOpenAndRead,5,non-flaky,add blank lines,5,0.9503,5,0.9504,False,True,True,512,512,0,0.0001,True
KafkaConnectSourceErrTest.testOpenAndRead,5,non-flaky,remove blank lines,5,0.9503,5,0.9502,False,True,True,512,512,0,-0.0001,True
KafkaConnectSourceErrTest.testOpenAndRead,5,non-flaky,trailing newline,5,0.9503,5,0.9503,False,True,True,512,512,0,0.0,True
KafkaConnectSourceErrTest.testOpenAndRead,5,non-flaky,trailing spaces,5,0.9503,5,0.9498,False,True,True,512,512,0,-0.0005,True
KafkaConnectSourceErrTest.testOpenAndRead,5,non-flaky,CRLF endings,5,0.9503,5,0.9502,False,True,True,512,512,0,-0.0001,True
OfflineClusterIntegrationTest.testInvalidTableConfig,5,non-flaky,indent +2,5,0.9522,5,0.9518,False,True,True,208,233,25,-0.0004,True
OfflineClusterIntegrationTest.testInvalidTableConfig,5,non-flaky,indent +4,5,0.9522,5,0.9514,False,True,True,208,259,51,-0.0008,True
OfflineClusterIntegrationTest.testInvalidTableConfig,5,non-flaky,indent +8,5,0.9522,5,0.9509,False,True,True,208,311,103,-0.0013,True
OfflineClusterIntegrationTest.testInvalidTableConfig,5,non-flaky,spaces to tabs,5,0.9522,5,0.9503,False,True,True,208,181,-27,-0.0018,True
OfflineClusterIntegrationTest.testInvalidTableConfig,5,non-flaky,tabs to spaces,5,0.9522,5,0.952,False,True,True,208,207,-1,-0.0002,True
OfflineClusterIntegrationTest.testInvalidTableConfig,5,non-flaky,strip indent,5,0.9522,0,0.7626,True,True,False,208,163,-45,-0.1895,True
OfflineClusterIntegrationTest.testInvalidTableConfig,5,non-flaky,add blank lines,5,0.9522,5,0.9523,False,True,True,208,207,-1,0.0001,True
OfflineClusterIntegrationTest.testInvalidTableConfig,5,non-flaky,remove blank lines,5,0.9522,5,0.952,False,True,True,208,207,-1,-0.0002,True
OfflineClusterIntegrationTest.testInvalidTableConfig,5,non-flaky,trailing newline,5,0.9522,5,0.952,False,True,True,208,208,0,-0.0001,True
OfflineClusterIntegrationTest.testInvalidTableConfig,5,non-flaky,trailing spaces,5,0.9522,5,0.9516,False,True,True,208,221,13,-0.0006,True
OfflineClusterIntegrationTest.testInvalidTableConfig,5,non-flaky,CRLF endings,5,0.9522,5,0.952,False,True,True,208,222,14,-0.0002,True
RobinHoodBackwardShiftHashMapTest.testPutAndRefreshValue,5,non-flaky,indent +2,5,0.9511,5,0.9505,False,True,True,331,372,41,-0.0006,True
RobinHoodBackwardShiftHashMapTest.testPutAndRefreshValue,5,non-flaky,indent +4,5,0.9511,5,0.9502,False,True,True,331,410,79,-0.0009,True
RobinHoodBackwardShiftHashMapTest.testPutAndRefreshValue,5,non-flaky,indent +8,5,0.9511,5,0.95,False,True,True,331,486,155,-0.0011,True
RobinHoodBackwardShiftHashMapTest.testPutAndRefreshValue,5,non-flaky,spaces to tabs,5,0.9511,5,0.9501,False,True,True,331,205,-126,-0.001,True
RobinHoodBackwardShiftHashMapTest.testPutAndRefreshValue,5,non-flaky,tabs to spaces,5,0.9511,5,0.9507,False,True,True,331,330,-1,-0.0004,True
RobinHoodBackwardShiftHashMapTest.testPutAndRefreshValue,5,non-flaky,strip indent,5,0.9511,0,0.8887,True,True,False,331,162,-169,-0.0624,True
RobinHoodBackwardShiftHashMapTest.testPutAndRefreshValue,5,non-flaky,add blank lines,5,0.9511,5,0.9504,False,True,True,331,334,3,-0.0008,True
RobinHoodBackwardShiftHashMapTest.testPutAndRefreshValue,5,non-flaky,remove blank lines,5,0.9511,5,0.9507,False,True,True,331,330,-1,-0.0004,True
RobinHoodBackwardShiftHashMapTest.testPutAndRefreshValue,5,non-flaky,trailing newline,5,0.9511,5,0.9508,False,True,True,331,331,0,-0.0003,True
RobinHoodBackwardShiftHashMapTest.testPutAndRefreshValue,5,non-flaky,trailing spaces,5,0.9511,5,0.9497,False,True,True,331,354,23,-0.0015,True
RobinHoodBackwardShiftHashMapTest.testPutAndRefreshValue,5,non-flaky,CRLF endings,5,0.9511,5,0.9509,False,True,True,331,355,24,-0.0002,True
OfflineClusterIntegrationTest.testQuerySourceWithDatabaseName,5,non-flaky,indent +2,5,0.9525,5,0.9525,False,True,True,152,169,17,0.0,True
OfflineClusterIntegrationTest.testQuerySourceWithDatabaseName,5,non-flaky,indent +4,5,0.9525,5,0.9522,False,True,True,152,187,35,-0.0003,True
OfflineClusterIntegrationTest.testQuerySourceWithDatabaseName,5,non-flaky,indent +8,5,0.9525,5,0.9513,False,True,True,152,223,71,-0.0012,True
OfflineClusterIntegrationTest.testQuerySourceWithDatabaseName,5,non-flaky,spaces to tabs,5,0.9525,5,0.9501,False,True,True,152,136,-16,-0.0024,True
OfflineClusterIntegrationTest.testQuerySourceWithDatabaseName,5,non-flaky,tabs to spaces,5,0.9525,5,0.9524,False,True,True,152,151,-1,-0.0,True
OfflineClusterIntegrationTest.testQuerySourceWithDatabaseName,5,non-flaky,strip indent,5,0.9525,4,0.3708,True,True,False,152,126,-26,-0.5817,True
OfflineClusterIntegrationTest.testQuerySourceWithDatabaseName,5,non-flaky,add blank lines,5,0.9525,5,0.9527,False,True,True,152,151,-1,0.0003,True
OfflineClusterIntegrationTest.testQuerySourceWithDatabaseName,5,non-flaky,remove blank lines,5,0.9525,5,0.9524,False,True,True,152,151,-1,-0.0,True
OfflineClusterIntegrationTest.testQuerySourceWithDatabaseName,5,non-flaky,trailing newline,5,0.9525,5,0.9524,False,True,True,152,152,0,-0.0,True
OfflineClusterIntegrationTest.testQuerySourceWithDatabaseName,5,non-flaky,trailing spaces,5,0.9525,5,0.9518,False,True,True,152,161,9,-0.0007,True
OfflineClusterIntegrationTest.testQuerySourceWithDatabaseName,5,non-flaky,CRLF endings,5,0.9525,5,0.9525,False,True,True,152,162,10,0.0,True
TestMessagesReceivedInOrder.onOpen,5,non-flaky,indent +2,5,0.9503,5,0.9502,False,True,True,512,512,0,-0.0001,True
TestMessagesReceivedInOrder.onOpen,5,non-flaky,indent +4,5,0.9503,5,0.9497,False,True,True,512,512,0,-0.0006,True
TestMessagesReceivedInOrder.onOpen,5,non-flaky,indent +8,5,0.9503,5,0.9489,False,True,True,512,512,0,-0.0014,True
TestMessagesReceivedInOrder.onOpen,5,non-flaky,spaces to tabs,5,0.9503,5,0.9482,False,True,True,512,512,0,-0.0021,True
TestMessagesReceivedInOrder.onOpen,5,non-flaky,tabs to spaces,5,0.9503,5,0.9503,False,True,True,512,512,0,0.0,True
TestMessagesReceivedInOrder.onOpen,5,non-flaky,strip indent,5,0.9503,0,0.9194,True,True,False,512,475,-37,-0.0309,True
TestMessagesReceivedInOrder.onOpen,5,non-flaky,add blank lines,5,0.9503,5,0.9498,False,True,True,512,512,0,-0.0005,True
TestMessagesReceivedInOrder.onOpen,5,non-flaky,remove blank lines,5,0.9503,5,0.9503,False,True,True,512,512,0,-0.0,True
TestMessagesReceivedInOrder.onOpen,5,non-flaky,trailing newline,5,0.9503,5,0.9503,False,True,True,512,512,0,0.0,True
TestMessagesReceivedInOrder.onOpen,5,non-flaky,trailing spaces,5,0.9503,5,0.9504,False,True,True,512,512,0,0.0,True
TestMessagesReceivedInOrder.onOpen,5,non-flaky,CRLF endings,5,0.9503,5,0.9505,False,True,True,512,512,0,0.0002,True
ReactiveCouchbaseTemplateQueryCollectionIntegrationTests.removeById,5,non-flaky,indent +2,5,0.9491,5,0.9498,False,True,True,153,166,13,0.0007,True
ReactiveCouchbaseTemplateQueryCollectionIntegrationTests.removeById,5,non-flaky,indent +4,5,0.9491,5,0.9502,False,True,True,153,180,27,0.001,True
ReactiveCouchbaseTemplateQueryCollectionIntegrationTests.removeById,5,non-flaky,indent +8,5,0.9491,5,0.9502,False,True,True,153,208,55,0.0011,True
ReactiveCouchbaseTemplateQueryCollectionIntegrationTests.removeById,5,non-flaky,spaces to tabs,5,0.9491,5,0.9486,False,True,True,153,152,-1,-0.0005,True
ReactiveCouchbaseTemplateQueryCollectionIntegrationTests.removeById,5,non-flaky,tabs to spaces,5,0.9491,5,0.9509,False,True,True,153,188,35,0.0018,True
ReactiveCouchbaseTemplateQueryCollectionIntegrationTests.removeById,5,non-flaky,strip indent,5,0.9491,0,0.5621,True,True,False,153,137,-16,-0.387,True
ReactiveCouchbaseTemplateQueryCollectionIntegrationTests.removeById,5,non-flaky,add blank lines,5,0.9491,5,0.9487,False,True,True,153,152,-1,-0.0004,True
ReactiveCouchbaseTemplateQueryCollectionIntegrationTests.removeById,5,non-flaky,remove blank lines,5,0.9491,5,0.9486,False,True,True,153,152,-1,-0.0005,True
ReactiveCouchbaseTemplateQueryCollectionIntegrationTests.removeById,5,non-flaky,trailing newline,5,0.9491,5,0.9489,False,True,True,153,153,0,-0.0002,True
ReactiveCouchbaseTemplateQueryCollectionIntegrationTests.removeById,5,non-flaky,trailing spaces,5,0.9491,5,0.9498,False,True,True,153,160,7,0.0006,True
ReactiveCouchbaseTemplateQueryCollectionIntegrationTests.removeById,5,non-flaky,CRLF endings,5,0.9491,5,0.9504,False,True,True,153,161,8,0.0013,True
TestISO8601Date.testBug1884,5,non-flaky,indent +2,5,0.9503,5,0.9499,False,True,True,342,372,30,-0.0003,True
TestISO8601Date.testBug1884,5,non-flaky,indent +4,5,0.9503,5,0.9499,False,True,True,342,402,60,-0.0003,True
TestISO8601Date.testBug1884,5,non-flaky,indent +8,5,0.9503,5,0.9495,False,True,True,342,462,120,-0.0008,True
TestISO8601Date.testBug1884,5,non-flaky,spaces to tabs,5,0.9503,5,0.9483,False,True,True,342,273,-69,-0.002,True
TestISO8601Date.testBug1884,5,non-flaky,tabs to spaces,5,0.9503,5,0.9497,False,True,True,342,341,-1,-0.0006,True
TestISO8601Date.testBug1884,5,non-flaky,strip indent,5,0.9503,2,0.712,True,True,False,342,247,-95,-0.2383,True
TestISO8601Date.testBug1884,5,non-flaky,add blank lines,5,0.9503,5,0.9497,False,True,True,342,342,0,-0.0005,True
TestISO8601Date.testBug1884,5,non-flaky,remove blank lines,5,0.9503,5,0.9497,False,True,True,342,341,-1,-0.0006,True
TestISO8601Date.testBug1884,5,non-flaky,trailing newline,5,0.9503,5,0.9498,False,True,True,342,342,0,-0.0005,True
TestISO8601Date.testBug1884,5,non-flaky,trailing spaces,5,0.9503,5,0.9492,False,True,True,342,358,16,-0.0011,True
TestISO8601Date.testBug1884,5,non-flaky,CRLF endings,5,0.9503,5,0.9504,False,True,True,342,359,17,0.0001,True
DiscoveryClientConfigServiceBootstrapConfigurationTests.shouldRetryAndSucceedGetConfigServerInstanceFromDiscoveryClient,5,non-flaky,indent +2,5,0.9484,5,0.9479,False,True,True,196,231,35,-0.0005,True
DiscoveryClientConfigServiceBootstrapConfigurationTests.shouldRetryAndSucceedGetConfigServerInstanceFromDiscoveryClient,5,non-flaky,indent +4,5,0.9484,5,0.9491,False,True,True,196,263,67,0.0007,True
DiscoveryClientConfigServiceBootstrapConfigurationTests.shouldRetryAndSucceedGetConfigServerInstanceFromDiscoveryClient,5,non-flaky,indent +8,5,0.9484,5,0.9494,False,True,True,196,327,131,0.0011,True
DiscoveryClientConfigServiceBootstrapConfigurationTests.shouldRetryAndSucceedGetConfigServerInstanceFromDiscoveryClient,5,non-flaky,spaces to tabs,5,0.9484,5,0.9478,False,True,True,196,195,-1,-0.0006,True
DiscoveryClientConfigServiceBootstrapConfigurationTests.shouldRetryAndSucceedGetConfigServerInstanceFromDiscoveryClient,5,non-flaky,tabs to spaces,5,0.9484,5,0.9507,False,True,True,196,268,72,0.0023,True
DiscoveryClientConfigServiceBootstrapConfigurationTests.shouldRetryAndSucceedGetConfigServerInstanceFromDiscoveryClient,5,non-flaky,strip indent,5,0.9484,0,0.9175,True,True,False,196,169,-27,-0.0309,True
DiscoveryClientConfigServiceBootstrapConfigurationTests.shouldRetryAndSucceedGetConfigServerInstanceFromDiscoveryClient,5,non-flaky,add blank lines,5,0.9484,5,0.9482,False,True,True,196,199,3,-0.0001,True
DiscoveryClientConfigServiceBootstrapConfigurationTests.shouldRetryAndSucceedGetConfigServerInstanceFromDiscoveryClient,5,non-flaky,remove blank lines,5,0.9484,5,0.9477,False,True,True,196,195,-1,-0.0007,True
DiscoveryClientConfigServiceBootstrapConfigurationTests.shouldRetryAndSucceedGetConfigServerInstanceFromDiscoveryClient,5,non-flaky,trailing newline,5,0.9484,5,0.948,False,True,True,196,196,0,-0.0004,True
DiscoveryClientConfigServiceBootstrapConfigurationTests.shouldRetryAndSucceedGetConfigServerInstanceFromDiscoveryClient,5,non-flaky,trailing spaces,5,0.9484,5,0.9491,False,True,True,196,216,20,0.0008,True
DiscoveryClientConfigServiceBootstrapConfigurationTests.shouldRetryAndSucceedGetConfigServerInstanceFromDiscoveryClient,5,non-flaky,CRLF endings,5,0.9484,5,0.9492,False,True,True,196,217,21,0.0008,True
OfflineClusterIntegrationTest.testFilterWithInvertedIndexUDF,5,non-flaky,indent +2,5,0.9508,5,0.9506,False,True,True,427,471,44,-0.0002,True
OfflineClusterIntegrationTest.testFilterWithInvertedIndexUDF,5,non-flaky,indent +4,5,0.9508,5,0.9503,False,True,True,427,512,85,-0.0005,True
OfflineClusterIntegrationTest.testFilterWithInvertedIndexUDF,5,non-flaky,indent +8,5,0.9508,5,0.9504,False,True,True,427,512,85,-0.0003,True
OfflineClusterIntegrationTest.testFilterWithInvertedIndexUDF,5,non-flaky,spaces to tabs,5,0.9508,5,0.95,False,True,True,427,366,-61,-0.0008,True
OfflineClusterIntegrationTest.testFilterWithInvertedIndexUDF,5,non-flaky,tabs to spaces,5,0.9508,5,0.9501,False,True,True,427,426,-1,-0.0007,True
OfflineClusterIntegrationTest.testFilterWithInvertedIndexUDF,5,non-flaky,strip indent,5,0.9508,2,0.7882,True,True,False,427,332,-95,-0.1626,True
OfflineClusterIntegrationTest.testFilterWithInvertedIndexUDF,5,non-flaky,add blank lines,5,0.9508,5,0.9508,False,True,True,427,427,0,-0.0,True
OfflineClusterIntegrationTest.testFilterWithInvertedIndexUDF,5,non-flaky,remove blank lines,5,0.9508,5,0.95,False,True,True,427,426,-1,-0.0008,True
OfflineClusterIntegrationTest.testFilterWithInvertedIndexUDF,5,non-flaky,trailing newline,5,0.9508,5,0.9502,False,True,True,427,427,0,-0.0006,True
OfflineClusterIntegrationTest.testFilterWithInvertedIndexUDF,5,non-flaky,trailing spaces,5,0.9508,5,0.9502,False,True,True,427,450,23,-0.0006,True
OfflineClusterIntegrationTest.testFilterWithInvertedIndexUDF,5,non-flaky,CRLF endings,5,0.9508,5,0.9502,False,True,True,427,451,24,-0.0006,True
JSONScannerTest.checkTime2,5,non-flaky,indent +2,5,0.9526,5,0.9528,False,True,True,512,512,0,0.0002,True
JSONScannerTest.checkTime2,5,non-flaky,indent +4,5,0.9526,5,0.9523,False,True,True,512,512,0,-0.0003,True
JSONScannerTest.checkTime2,5,non-flaky,indent +8,5,0.9526,5,0.9519,False,True,True,512,512,0,-0.0007,True
JSONScannerTest.checkTime2,5,non-flaky,spaces to tabs,5,0.9526,5,0.9508,False,True,True,512,486,-26,-0.0018,True
JSONScannerTest.checkTime2,5,non-flaky,tabs to spaces,5,0.9526,5,0.9526,False,True,True,512,512,0,0.0,True
JSONScannerTest.checkTime2,5,non-flaky,strip indent,5,0.9526,4,0.4034,True,True,False,512,455,-57,-0.5492,True
JSONScannerTest.checkTime2,5,non-flaky,add blank lines,5,0.9526,5,0.9531,False,True,True,512,512,0,0.0005,True
JSONScannerTest.checkTime2,5,non-flaky,remove blank lines,5,0.9526,5,0.9525,False,True,True,512,512,0,-0.0001,True
JSONScannerTest.checkTime2,5,non-flaky,trailing newline,5,0.9526,5,0.9526,False,True,True,512,512,0,0.0,True
JSONScannerTest.checkTime2,5,non-flaky,trailing spaces,5,0.9526,5,0.9527,False,True,True,512,512,0,0.0001,True
JSONScannerTest.checkTime2,5,non-flaky,CRLF endings,5,0.9526,5,0.9522,False,True,True,512,512,0,-0.0004,True
XmlItemTest.nameBooleanTest,5,non-flaky,indent +2,5,0.9503,5,0.9505,False,True,True,41,46,5,0.0002,True
XmlItemTest.nameBooleanTest,5,non-flaky,indent +4,5,0.9503,5,0.9508,False,True,True,41,52,11,0.0004,True
XmlItemTest.nameBooleanTest,5,non-flaky,indent +8,5,0.9503,5,0.9504,False,True,True,41,64,23,0.0001,True
XmlItemTest.nameBooleanTest,5,non-flaky,spaces to tabs,5,0.9503,5,0.9461,False,True,True,41,29,-12,-0.0042,True
XmlItemTest.nameBooleanTest,5,non-flaky,tabs to spaces,5,0.9503,5,0.9506,False,True,True,41,40,-1,0.0003,True
XmlItemTest.nameBooleanTest,5,non-flaky,strip indent,5,0.9503,4,0.7976,True,True,False,41,24,-17,-0.1528,True
XmlItemTest.nameBooleanTest,5,non-flaky,add blank lines,5,0.9503,5,0.9505,False,True,True,41,40,-1,0.0002,True
XmlItemTest.nameBooleanTest,5,non-flaky,remove blank lines,5,0.9503,5,0.9506,False,True,True,41,40,-1,0.0003,True
XmlItemTest.nameBooleanTest,5,non-flaky,trailing newline,5,0.9503,5,0.9506,False,True,True,41,41,0,0.0003,True
XmlItemTest.nameBooleanTest,5,non-flaky,trailing spaces,5,0.9503,5,0.9505,False,True,True,41,44,3,0.0001,True
XmlItemTest.nameBooleanTest,5,non-flaky,CRLF endings,5,0.9503,5,0.9505,False,True,True,41,45,4,0.0002,True
TestViewfsWithNfs3.testNfsAccessNN2,5,non-flaky,indent +2,5,0.9456,5,0.9487,False,True,True,127,136,9,0.0031,True
TestViewfsWithNfs3.testNfsAccessNN2,5,non-flaky,indent +4,5,0.9456,5,0.9502,False,True,True,127,146,19,0.0046,True
TestViewfsWithNfs3.testNfsAccessNN2,5,non-flaky,indent +8,5,0.9456,5,0.9506,False,True,True,127,166,39,0.005,True
TestViewfsWithNfs3.testNfsAccessNN2,5,non-flaky,spaces to tabs,5,0.9456,5,0.9382,False,True,True,127,120,-7,-0.0073,True
TestViewfsWithNfs3.testNfsAccessNN2,5,non-flaky,tabs to spaces,5,0.9456,5,0.9456,False,True,True,127,126,-1,0.0,True
TestViewfsWithNfs3.testNfsAccessNN2,5,non-flaky,strip indent,5,0.9456,4,0.6911,True,True,False,127,114,-13,-0.2545,True
TestViewfsWithNfs3.testNfsAccessNN2,5,non-flaky,add blank lines,5,0.9456,5,0.947,False,True,True,127,126,-1,0.0015,True
TestViewfsWithNfs3.testNfsAccessNN2,5,non-flaky,remove blank lines,5,0.9456,5,0.9456,False,True,True,127,126,-1,0.0,True
TestViewfsWithNfs3.testNfsAccessNN2,5,non-flaky,trailing newline,5,0.9456,5,0.9462,False,True,True,127,127,0,0.0006,True
TestViewfsWithNfs3.testNfsAccessNN2,5,non-flaky,trailing spaces,5,0.9456,5,0.9471,False,True,True,127,132,5,0.0015,True
TestViewfsWithNfs3.testNfsAccessNN2,5,non-flaky,CRLF endings,5,0.9456,5,0.9469,False,True,True,127,133,6,0.0014,True
WorkerSourceTaskTest.testPollsInBackground,5,non-flaky,indent +2,5,0.9498,5,0.9497,False,True,True,512,512,0,-0.0001,True
WorkerSourceTaskTest.testPollsInBackground,5,non-flaky,indent +4,5,0.9498,5,0.9498,False,True,True,512,512,0,-0.0,True
WorkerSourceTaskTest.testPollsInBackground,5,non-flaky,indent +8,5,0.9498,5,0.9496,False,True,True,512,512,0,-0.0002,True
WorkerSourceTaskTest.testPollsInBackground,5,non-flaky,spaces to tabs,5,0.9498,5,0.9437,False,True,True,512,374,-138,-0.0061,True
WorkerSourceTaskTest.testPollsInBackground,5,non-flaky,tabs to spaces,5,0.9498,5,0.9498,False,True,True,512,512,0,0.0,True
WorkerSourceTaskTest.testPollsInBackground,5,non-flaky,strip indent,5,0.9498,0,0.9252,True,True,False,512,328,-184,-0.0246,True
WorkerSourceTaskTest.testPollsInBackground,5,non-flaky,add blank lines,5,0.9498,5,0.9498,False,True,True,512,512,0,0.0,True
WorkerSourceTaskTest.testPollsInBackground,5,non-flaky,remove blank lines,5,0.9498,5,0.9496,False,True,True,512,512,0,-0.0002,True
WorkerSourceTaskTest.testPollsInBackground,5,non-flaky,trailing newline,5,0.9498,5,0.9498,False,True,True,512,512,0,0.0,True
WorkerSourceTaskTest.testPollsInBackground,5,non-flaky,trailing spaces,5,0.9498,5,0.9489,False,True,True,512,512,0,-0.0009,True
WorkerSourceTaskTest.testPollsInBackground,5,non-flaky,CRLF endings,5,0.9498,5,0.949,False,True,True,512,512,0,-0.0008,True
URLUtilsTestCase.testIsAbsoluteUrlRecognizingAppUrls,5,non-flaky,indent +2,5,0.9514,5,0.9518,False,True,True,112,119,7,0.0004,True
URLUtilsTestCase.testIsAbsoluteUrlRecognizingAppUrls,5,non-flaky,indent +4,5,0.9514,5,0.952,False,True,True,112,127,15,0.0006,True
URLUtilsTestCase.testIsAbsoluteUrlRecognizingAppUrls,5,non-flaky,indent +8,5,0.9514,5,0.9517,False,True,True,112,143,31,0.0004,True
URLUtilsTestCase.testIsAbsoluteUrlRecognizingAppUrls,5,non-flaky,spaces to tabs,5,0.9514,5,0.9436,False,True,True,112,95,-17,-0.0078,True
URLUtilsTestCase.testIsAbsoluteUrlRecognizingAppUrls,5,non-flaky,tabs to spaces,5,0.9514,5,0.9517,False,True,True,112,111,-1,0.0004,True
URLUtilsTestCase.testIsAbsoluteUrlRecognizingAppUrls,5,non-flaky,strip indent,5,0.9514,4,0.9168,True,True,False,112,88,-24,-0.0346,True
URLUtilsTestCase.testIsAbsoluteUrlRecognizingAppUrls,5,non-flaky,add blank lines,5,0.9514,5,0.9515,False,True,True,112,111,-1,0.0002,True
URLUtilsTestCase.testIsAbsoluteUrlRecognizingAppUrls,5,non-flaky,remove blank lines,5,0.9514,5,0.9517,False,True,True,112,111,-1,0.0004,True
URLUtilsTestCase.testIsAbsoluteUrlRecognizingAppUrls,5,non-flaky,trailing newline,5,0.9514,5,0.9517,False,True,True,112,112,0,0.0003,True
URLUtilsTestCase.testIsAbsoluteUrlRecognizingAppUrls,5,non-flaky,trailing spaces,5,0.9514,5,0.9519,False,True,True,112,116,4,0.0005,True
URLUtilsTestCase.testIsAbsoluteUrlRecognizingAppUrls,5,non-flaky,CRLF endings,5,0.9514,5,0.9517,False,True,True,112,117,5,0.0003,True
TestParse.testParse,5,non-flaky,indent +2,5,0.9523,5,0.9518,False,True,True,151,156,5,-0.0005,True
TestParse.testParse,5,non-flaky,indent +4,5,0.9523,5,0.9515,False,True,True,151,170,19,-0.0008,True
TestParse.testParse,5,non-flaky,indent +8,5,0.9523,5,0.951,False,True,True,151,198,47,-0.0013,True
TestParse.testParse,5,non-flaky,spaces to tabs,5,0.9523,5,0.9502,False,True,True,151,112,-39,-0.0021,True
TestParse.testParse,5,non-flaky,tabs to spaces,5,0.9523,5,0.952,False,True,True,151,142,-9,-0.0003,True
TestParse.testParse,5,non-flaky,strip indent,5,0.9523,3,0.5185,True,True,False,151,99,-52,-0.4338,True
TestParse.testParse,5,non-flaky,add blank lines,5,0.9523,5,0.9516,False,True,True,151,142,-9,-0.0007,True
TestParse.testParse,5,non-flaky,remove blank lines,5,0.9523,5,0.952,False,True,True,151,142,-9,-0.0003,True
TestParse.testParse,5,non-flaky,trailing newline,5,0.9523,5,0.9522,False,True,True,151,151,0,-0.0001,True
TestParse.testParse,5,non-flaky,trailing spaces,5,0.9523,5,0.9518,False,True,True,151,150,-1,-0.0005,True
TestParse.testParse,5,non-flaky,CRLF endings,5,0.9523,5,0.9522,False,True,True,151,159,8,-0.0001,True
AbstractTransactionTest.testKeyValueRange,5,non-flaky,indent +2,5,0.9524,5,0.9518,False,True,True,512,512,0,-0.0006,True
AbstractTransactionTest.testKeyValueRange,5,non-flaky,indent +4,5,0.9524,5,0.9517,False,True,True,512,512,0,-0.0007,True
AbstractTransactionTest.testKeyValueRange,5,non-flaky,indent +8,5,0.9524,5,0.9512,False,True,True,512,512,0,-0.0011,True
AbstractTransactionTest.testKeyValueRange,5,non-flaky,spaces to tabs,5,0.9524,5,0.9525,False,True,True,512,512,0,0.0001,True
AbstractTransactionTest.testKeyValueRange,5,non-flaky,tabs to spaces,5,0.9524,5,0.9524,False,True,True,512,512,0,0.0,True
AbstractTransactionTest.testKeyValueRange,5,non-flaky,strip indent,5,0.9524,3,0.865,True,True,False,512,500,-12,-0.0874,True
AbstractTransactionTest.testKeyValueRange,5,non-flaky,add blank lines,5,0.9524,5,0.9522,False,True,True,512,512,0,-0.0002,True
AbstractTransactionTest.testKeyValueRange,5,non-flaky,remove blank lines,5,0.9524,5,0.9523,False,True,True,512,512,0,-0.0001,True
AbstractTransactionTest.testKeyValueRange,5,non-flaky,trailing newline,5,0.9524,5,0.9524,False,True,True,512,512,0,0.0,True
AbstractTransactionTest.testKeyValueRange,5,non-flaky,trailing spaces,5,0.9524,5,0.9518,False,True,True,512,512,0,-0.0006,True
AbstractTransactionTest.testKeyValueRange,5,non-flaky,CRLF endings,5,0.9524,5,0.9528,False,True,True,512,512,0,0.0005,True
SqliteJdbcSinkTest.TestInsertAction,5,non-flaky,indent +2,5,0.9485,5,0.9489,False,True,True,54,59,5,0.0004,True
SqliteJdbcSinkTest.TestInsertAction,5,non-flaky,indent +4,5,0.9485,5,0.9499,False,True,True,54,65,11,0.0014,True
SqliteJdbcSinkTest.TestInsertAction,5,non-flaky,indent +8,5,0.9485,5,0.9501,False,True,True,54,77,23,0.0016,True
SqliteJdbcSinkTest.TestInsertAction,5,non-flaky,spaces to tabs,5,0.9485,5,0.936,False,True,True,54,42,-12,-0.0125,True
SqliteJdbcSinkTest.TestInsertAction,5,non-flaky,tabs to spaces,5,0.9485,5,0.9486,False,True,True,54,53,-1,0.0001,True
SqliteJdbcSinkTest.TestInsertAction,5,non-flaky,strip indent,5,0.9485,4,0.9481,True,True,False,54,37,-17,-0.0004,True
SqliteJdbcSinkTest.TestInsertAction,5,non-flaky,add blank lines,5,0.9485,5,0.948,False,True,True,54,53,-1,-0.0005,True
SqliteJdbcSinkTest.TestInsertAction,5,non-flaky,remove blank lines,5,0.9485,5,0.9486,False,True,True,54,53,-1,0.0001,True
SqliteJdbcSinkTest.TestInsertAction,5,non-flaky,trailing newline,5,0.9485,5,0.9486,False,True,True,54,54,0,0.0001,True
SqliteJdbcSinkTest.TestInsertAction,5,non-flaky,trailing spaces,5,0.9485,5,0.9489,False,True,True,54,57,3,0.0004,True
SqliteJdbcSinkTest.TestInsertAction,5,non-flaky,CRLF endings,5,0.9485,5,0.9485,False,True,True,54,58,4,0.0,True
OuterCompositeTest.testOuterComposite,5,non-flaky,indent +2,5,0.9507,5,0.9509,False,True,True,44,49,5,0.0002,True
OuterCompositeTest.testOuterComposite,5,non-flaky,indent +4,5,0.9507,5,0.951,False,True,True,44,55,11,0.0003,True
OuterCompositeTest.testOuterComposite,5,non-flaky,indent +8,5,0.9507,5,0.9508,False,True,True,44,67,23,0.0001,True
OuterCompositeTest.testOuterComposite,5,non-flaky,spaces to tabs,5,0.9507,5,0.946,False,True,True,44,32,-12,-0.0047,True
OuterCompositeTest.testOuterComposite,5,non-flaky,tabs to spaces,5,0.9507,5,0.9512,False,True,True,44,43,-1,0.0005,True
OuterCompositeTest.testOuterComposite,5,non-flaky,strip indent,5,0.9507,4,0.8702,True,True,False,44,27,-17,-0.0805,True
OuterCompositeTest.testOuterComposite,5,non-flaky,add blank lines,5,0.9507,5,0.9506,False,True,True,44,43,-1,-0.0001,True
OuterCompositeTest.testOuterComposite,5,non-flaky,remove blank lines,5,0.9507,5,0.9512,False,True,True,44,43,-1,0.0005,True
OuterCompositeTest.testOuterComposite,5,non-flaky,trailing newline,5,0.9507,5,0.9511,False,True,True,44,44,0,0.0004,True
OuterCompositeTest.testOuterComposite,5,non-flaky,trailing spaces,5,0.9507,5,0.951,False,True,True,44,47,3,0.0003,True
OuterCompositeTest.testOuterComposite,5,non-flaky,CRLF endings,5,0.9507,5,0.9506,False,True,True,44,48,4,-0.0001,True
BucketNameValidatorTest.testValidation_startWithHyphen,5,non-flaky,indent +2,5,0.9445,5,0.9484,False,True,True,52,57,5,0.0039,True
BucketNameValidatorTest.testValidation_startWithHyphen,5,non-flaky,indent +4,5,0.9445,5,0.9495,False,True,True,52,63,11,0.0049,True
BucketNameValidatorTest.testValidation_startWithHyphen,5,non-flaky,indent +8,5,0.9445,5,0.9508,False,True,True,52,75,23,0.0063,True
BucketNameValidatorTest.testValidation_startWithHyphen,5,non-flaky,spaces to tabs,5,0.9445,5,0.9392,False,True,True,52,49,-3,-0.0053,True
BucketNameValidatorTest.testValidation_startWithHyphen,5,non-flaky,tabs to spaces,5,0.9445,5,0.944,False,True,True,52,51,-1,-0.0005,True
BucketNameValidatorTest.testValidation_startWithHyphen,5,non-flaky,strip indent,5,0.9445,4,0.9474,True,True,False,52,45,-7,0.0029,True
BucketNameValidatorTest.testValidation_startWithHyphen,5,non-flaky,add blank lines,5,0.9445,5,0.9431,False,True,True,52,51,-1,-0.0014,True
BucketNameValidatorTest.testValidation_startWithHyphen,5,non-flaky,remove blank lines,5,0.9445,5,0.944,False,True,True,52,51,-1,-0.0005,True
BucketNameValidatorTest.testValidation_startWithHyphen,5,non-flaky,trailing newline,5,0.9445,5,0.944,False,True,True,52,52,0,-0.0005,True
BucketNameValidatorTest.testValidation_startWithHyphen,5,non-flaky,trailing spaces,5,0.9445,5,0.9474,False,True,True,52,55,3,0.0029,True
BucketNameValidatorTest.testValidation_startWithHyphen,5,non-flaky,CRLF endings,5,0.9445,5,0.9456,False,True,True,52,56,4,0.0011,True
LoadTest.testMultithreading,5,non-flaky,indent +2,5,0.9511,5,0.9507,False,True,True,512,512,0,-0.0004,True
LoadTest.testMultithreading,5,non-flaky,indent +4,5,0.9511,5,0.9507,False,True,True,512,512,0,-0.0004,True
LoadTest.testMultithreading,5,non-flaky,indent +8,5,0.9511,5,0.9506,False,True,True,512,512,0,-0.0005,True
LoadTest.testMultithreading,5,non-flaky,spaces to tabs,5,0.9511,5,0.9494,False,True,True,512,512,0,-0.0017,True
LoadTest.testMultithreading,5,non-flaky,tabs to spaces,5,0.9511,5,0.9511,False,True,True,512,512,0,0.0,True
LoadTest.testMultithreading,5,non-flaky,strip indent,5,0.9511,0,0.9002,True,True,False,512,512,0,-0.0509,True
LoadTest.testMultithreading,5,non-flaky,add blank lines,5,0.9511,5,0.951,False,True,True,512,512,0,-0.0,True
LoadTest.testMultithreading,5,non-flaky,remove blank lines,5,0.9511,5,0.9509,False,True,True,512,512,0,-0.0002,True
LoadTest.testMultithreading,5,non-flaky,trailing newline,5,0.9511,5,0.9511,False,True,True,512,512,0,0.0,True
LoadTest.testMultithreading,5,non-flaky,trailing spaces,5,0.9511,5,0.9505,False,True,True,512,512,0,-0.0006,True
LoadTest.testMultithreading,5,non-flaky,CRLF endings,5,0.9511,5,0.9513,False,True,True,512,512,0,0.0002,True
JSONScannerTest.checkTime16,5,non-flaky,indent +2,5,0.9525,5,0.9528,False,True,True,512,512,0,0.0003,True
JSONScannerTest.checkTime16,5,non-flaky,indent +4,5,0.9525,5,0.9525,False,True,True,512,512,0,-0.0001,True
JSONScannerTest.checkTime16,5,non-flaky,indent +8,5,0.9525,5,0.9519,False,True,True,512,512,0,-0.0006,True
JSONScannerTest.checkTime16,5,non-flaky,spaces to tabs,5,0.9525,5,0.9507,False,True,True,512,480,-32,-0.0018,True
JSONScannerTest.checkTime16,5,non-flaky,tabs to spaces,5,0.9525,5,0.9525,False,True,True,512,512,0,0.0,True
JSONScannerTest.checkTime16,5,non-flaky,strip indent,5,0.9525,4,0.419,True,True,False,512,449,-63,-0.5335,True
JSONScannerTest.checkTime16,5,non-flaky,add blank lines,5,0.9525,5,0.9532,False,True,True,512,512,0,0.0007,True
JSONScannerTest.checkTime16,5,non-flaky,remove blank lines,5,0.9525,5,0.9524,False,True,True,512,512,0,-0.0001,True
JSONScannerTest.checkTime16,5,non-flaky,trailing newline,5,0.9525,5,0.9525,False,True,True,512,512,0,0.0,True
JSONScannerTest.checkTime16,5,non-flaky,trailing spaces,5,0.9525,5,0.9528,False,True,True,512,512,0,0.0002,True
JSONScannerTest.checkTime16,5,non-flaky,CRLF endings,5,0.9525,5,0.9523,False,True,True,512,512,0,-0.0002,True
DatasetWrapperTest.testClose,5,non-flaky,indent +2,5,0.9518,5,0.9516,False,True,True,57,67,10,-0.0002,True
DatasetWrapperTest.testClose,5,non-flaky,indent +4,5,0.9518,5,0.9515,False,True,True,57,77,20,-0.0003,True
DatasetWrapperTest.testClose,5,non-flaky,indent +8,5,0.9518,5,0.9509,False,True,True,57,97,40,-0.0009,True
DatasetWrapperTest.testClose,5,non-flaky,spaces to tabs,5,0.9518,5,0.9498,False,True,True,57,41,-16,-0.0019,True
DatasetWrapperTest.testClose,5,non-flaky,tabs to spaces,5,0.9518,5,0.9517,False,True,True,57,56,-1,-0.0001,True
DatasetWrapperTest.testClose,5,non-flaky,strip indent,5,0.9518,4,0.6928,True,True,False,57,35,-22,-0.259,True
DatasetWrapperTest.testClose,5,non-flaky,add blank lines,5,0.9518,5,0.9516,False,True,True,57,57,0,-0.0002,True
DatasetWrapperTest.testClose,5,non-flaky,remove blank lines,5,0.9518,5,0.9518,False,True,True,57,56,-1,0.0,True
DatasetWrapperTest.testClose,5,non-flaky,trailing newline,5,0.9518,5,0.9517,False,True,True,57,57,0,-0.0001,True
DatasetWrapperTest.testClose,5,non-flaky,trailing spaces,5,0.9518,5,0.9511,False,True,True,57,63,6,-0.0007,True
DatasetWrapperTest.testClose,5,non-flaky,CRLF endings,5,0.9518,5,0.9516,False,True,True,57,64,7,-0.0002,True
TokenSequenceMatcherITest.testTokenSequenceMatcherNumber,5,non-flaky,indent +2,5,0.9519,5,0.9515,False,True,True,512,512,0,-0.0004,True
TokenSequenceMatcherITest.testTokenSequenceMatcherNumber,5,non-flaky,indent +4,5,0.9519,5,0.9512,False,True,True,512,512,0,-0.0006,True
TokenSequenceMatcherITest.testTokenSequenceMatcherNumber,5,non-flaky,indent +8,5,0.9519,5,0.9508,False,True,True,512,512,0,-0.001,True
TokenSequenceMatcherITest.testTokenSequenceMatcherNumber,5,non-flaky,spaces to tabs,5,0.9519,5,0.9518,False,True,True,512,512,0,-0.0001,True
TokenSequenceMatcherITest.testTokenSequenceMatcherNumber,5,non-flaky,tabs to spaces,5,0.9519,5,0.9519,False,True,True,512,512,0,0.0,True
TokenSequenceMatcherITest.testTokenSequenceMatcherNumber,5,non-flaky,strip indent,5,0.9519,3,0.7919,True,True,False,512,512,0,-0.16,True
TokenSequenceMatcherITest.testTokenSequenceMatcherNumber,5,non-flaky,add blank lines,5,0.9519,5,0.9518,False,True,True,512,512,0,-0.0001,True
TokenSequenceMatcherITest.testTokenSequenceMatcherNumber,5,non-flaky,remove blank lines,5,0.9519,5,0.9517,False,True,True,512,512,0,-0.0001,True
TokenSequenceMatcherITest.testTokenSequenceMatcherNumber,5,non-flaky,trailing newline,5,0.9519,5,0.9519,False,True,True,512,512,0,0.0,True
TokenSequenceMatcherITest.testTokenSequenceMatcherNumber,5,non-flaky,trailing spaces,5,0.9519,5,0.9506,False,True,True,512,512,0,-0.0013,True
TokenSequenceMatcherITest.testTokenSequenceMatcherNumber,5,non-flaky,CRLF endings,5,0.9519,5,0.9514,False,True,True,512,512,0,-0.0005,True
TokenSequenceMatcherITest.testTokenSequenceMatcher1,5,non-flaky,indent +2,5,0.952,5,0.9517,False,True,True,512,512,0,-0.0003,True
TokenSequenceMatcherITest.testTokenSequenceMatcher1,5,non-flaky,indent +4,5,0.952,5,0.9516,False,True,True,512,512,0,-0.0004,True
TokenSequenceMatcherITest.testTokenSequenceMatcher1,5,non-flaky,indent +8,5,0.952,5,0.9512,False,True,True,512,512,0,-0.0008,True
TokenSequenceMatcherITest.testTokenSequenceMatcher1,5,non-flaky,spaces to tabs,5,0.952,5,0.9516,False,True,True,512,512,0,-0.0003,True
TokenSequenceMatcherITest.testTokenSequenceMatcher1,5,non-flaky,tabs to spaces,5,0.952,5,0.952,False,True,True,512,512,0,0.0,True
TokenSequenceMatcherITest.testTokenSequenceMatcher1,5,non-flaky,strip indent,5,0.952,4,0.7067,True,True,False,512,512,0,-0.2452,True
TokenSequenceMatcherITest.testTokenSequenceMatcher1,5,non-flaky,add blank lines,5,0.952,5,0.9523,False,True,True,512,512,0,0.0004,True
TokenSequenceMatcherITest.testTokenSequenceMatcher1,5,non-flaky,remove blank lines,5,0.952,5,0.9519,False,True,True,512,512,0,-0.0001,True
TokenSequenceMatcherITest.testTokenSequenceMatcher1,5,non-flaky,trailing newline,5,0.952,5,0.952,False,True,True,512,512,0,0.0,True
TokenSequenceMatcherITest.testTokenSequenceMatcher1,5,non-flaky,trailing spaces,5,0.952,5,0.951,False,True,True,512,512,0,-0.0009,True
TokenSequenceMatcherITest.testTokenSequenceMatcher1,5,non-flaky,CRLF endings,5,0.952,5,0.9515,False,True,True,512,512,0,-0.0005,True
QueryTest.queryOrderedDesc,5,non-flaky,indent +2,5,0.9513,5,0.9509,False,True,True,484,512,28,-0.0004,True
QueryTest.queryOrderedDesc,5,non-flaky,indent +4,5,0.9513,5,0.9508,False,True,True,484,512,28,-0.0005,True
QueryTest.queryOrderedDesc,5,non-flaky,indent +8,5,0.9513,5,0.9499,False,True,True,484,512,28,-0.0014,True
QueryTest.queryOrderedDesc,5,non-flaky,spaces to tabs,5,0.9513,5,0.9506,False,True,True,484,310,-174,-0.0006,True
QueryTest.queryOrderedDesc,5,non-flaky,tabs to spaces,5,0.9513,5,0.951,False,True,True,484,483,-1,-0.0003,True
QueryTest.queryOrderedDesc,5,non-flaky,strip indent,5,0.9513,0,0.7163,True,True,False,484,250,-234,-0.235,True
QueryTest.queryOrderedDesc,5,non-flaky,add blank lines,5,0.9513,5,0.9508,False,True,True,484,489,5,-0.0005,True
QueryTest.queryOrderedDesc,5,non-flaky,remove blank lines,5,0.9513,5,0.951,False,True,True,484,483,-1,-0.0003,True
QueryTest.queryOrderedDesc,5,non-flaky,trailing newline,5,0.9513,5,0.9511,False,True,True,484,484,0,-0.0002,True
QueryTest.queryOrderedDesc,5,non-flaky,trailing spaces,5,0.9513,5,0.9509,False,True,True,484,512,28,-0.0004,True
QueryTest.queryOrderedDesc,5,non-flaky,CRLF endings,5,0.9513,5,0.9516,False,True,True,484,512,28,0.0003,True
Spark2Test.testScalaSparkCrossNSStream,5,non-flaky,indent +2,5,0.9522,5,0.952,False,True,True,512,512,0,-0.0001,True
Spark2Test.testScalaSparkCrossNSStream,5,non-flaky,indent +4,5,0.9522,5,0.9516,False,True,True,512,512,0,-0.0006,True
Spark2Test.testScalaSparkCrossNSStream,5,non-flaky,indent +8,5,0.9522,5,0.9514,False,True,True,512,512,0,-0.0008,True
Spark2Test.testScalaSparkCrossNSStream,5,non-flaky,spaces to tabs,5,0.9522,5,0.9495,False,True,True,512,512,0,-0.0027,True
Spark2Test.testScalaSparkCrossNSStream,5,non-flaky,tabs to spaces,5,0.9522,5,0.9522,False,True,True,512,512,0,0.0,True
Spark2Test.testScalaSparkCrossNSStream,5,non-flaky,strip indent,5,0.9522,4,0.7283,True,True,False,512,512,0,-0.2239,True
Spark2Test.testScalaSparkCrossNSStream,5,non-flaky,add blank lines,5,0.9522,5,0.9526,False,True,True,512,512,0,0.0005,True
Spark2Test.testScalaSparkCrossNSStream,5,non-flaky,remove blank lines,5,0.9522,5,0.952,False,True,True,512,512,0,-0.0002,True
Spark2Test.testScalaSparkCrossNSStream,5,non-flaky,trailing newline,5,0.9522,5,0.9522,False,True,True,512,512,0,0.0,True
Spark2Test.testScalaSparkCrossNSStream,5,non-flaky,trailing spaces,5,0.9522,5,0.9519,False,True,True,512,512,0,-0.0003,True
Spark2Test.testScalaSparkCrossNSStream,5,non-flaky,CRLF endings,5,0.9522,5,0.952,False,True,True,512,512,0,-0.0002,True
KeyStoreTextEncryptorLocatorTests.testDefaults,5,non-flaky,indent +2,5,0.9493,5,0.9519,False,True,True,81,90,9,0.0026,True
KeyStoreTextEncryptorLocatorTests.testDefaults,5,non-flaky,indent +4,5,0.9493,5,0.9522,False,True,True,81,100,19,0.0029,True
KeyStoreTextEncryptorLocatorTests.testDefaults,5,non-flaky,indent +8,5,0.9493,5,0.9516,False,True,True,81,120,39,0.0023,True
KeyStoreTextEncryptorLocatorTests.testDefaults,5,non-flaky,spaces to tabs,5,0.9493,5,0.9498,False,True,True,81,80,-1,0.0005,True
KeyStoreTextEncryptorLocatorTests.testDefaults,5,non-flaky,tabs to spaces,5,0.9493,5,0.9521,False,True,True,81,107,26,0.0027,True
KeyStoreTextEncryptorLocatorTests.testDefaults,5,non-flaky,strip indent,5,0.9493,4,0.9048,True,True,False,81,69,-12,-0.0446,True
KeyStoreTextEncryptorLocatorTests.testDefaults,5,non-flaky,add blank lines,5,0.9493,5,0.95,False,True,True,81,80,-1,0.0007,True
KeyStoreTextEncryptorLocatorTests.testDefaults,5,non-flaky,remove blank lines,5,0.9493,5,0.9498,False,True,True,81,80,-1,0.0005,True
KeyStoreTextEncryptorLocatorTests.testDefaults,5,non-flaky,trailing newline,5,0.9493,5,0.9497,False,True,True,81,81,0,0.0004,True
KeyStoreTextEncryptorLocatorTests.testDefaults,5,non-flaky,trailing spaces,5,0.9493,5,0.951,False,True,True,81,86,5,0.0017,True
KeyStoreTextEncryptorLocatorTests.testDefaults,5,non-flaky,CRLF endings,5,0.9493,5,0.9501,False,True,True,81,87,6,0.0007,True
JSONScannerTest.checkDate8,5,non-flaky,indent +2,5,0.9534,5,0.9528,False,True,True,317,364,47,-0.0005,True
JSONScannerTest.checkDate8,5,non-flaky,indent +4,5,0.9534,5,0.9525,False,True,True,317,408,91,-0.0008,True
JSONScannerTest.checkDate8,5,non-flaky,indent +8,5,0.9534,5,0.9516,False,True,True,317,496,179,-0.0017,True
JSONScannerTest.checkDate8,5,non-flaky,spaces to tabs,5,0.9534,5,0.9515,False,True,True,317,285,-32,-0.0019,True
JSONScannerTest.checkDate8,5,non-flaky,tabs to spaces,5,0.9534,5,0.9531,False,True,True,317,316,-1,-0.0002,True
JSONScannerTest.checkDate8,5,non-flaky,strip indent,5,0.9534,3,0.8352,True,True,False,317,270,-47,-0.1181,True
JSONScannerTest.checkDate8,5,non-flaky,add blank lines,5,0.9534,5,0.9524,False,True,True,317,320,3,-0.0009,True
JSONScannerTest.checkDate8,5,non-flaky,remove blank lines,5,0.9534,5,0.9531,False,True,True,317,316,-1,-0.0003,True
JSONScannerTest.checkDate8,5,non-flaky,trailing newline,5,0.9534,5,0.9531,False,True,True,317,317,0,-0.0002,True
JSONScannerTest.checkDate8,5,non-flaky,trailing spaces,5,0.9534,5,0.9524,False,True,True,317,343,26,-0.001,True
JSONScannerTest.checkDate8,5,non-flaky,CRLF endings,5,0.9534,5,0.9528,False,True,True,317,344,27,-0.0006,True
JSONScannerTest.isEOF3,5,non-flaky,indent +2,5,0.9523,5,0.9527,False,True,True,345,406,61,0.0004,True
JSONScannerTest.isEOF3,5,non-flaky,indent +4,5,0.9523,5,0.9526,False,True,True,345,464,119,0.0003,True
JSONScannerTest.isEOF3,5,non-flaky,indent +8,5,0.9523,5,0.952,False,True,True,345,512,167,-0.0003,True
JSONScannerTest.isEOF3,5,non-flaky,spaces to tabs,5,0.9523,5,0.9494,False,True,True,345,301,-44,-0.0029,True
JSONScannerTest.isEOF3,5,non-flaky,tabs to spaces,5,0.9523,5,0.9522,False,True,True,345,344,-1,-0.0001,True
JSONScannerTest.isEOF3,5,non-flaky,strip indent,5,0.9523,4,0.8401,True,True,False,345,279,-66,-0.1122,True
JSONScannerTest.isEOF3,5,non-flaky,add blank lines,5,0.9523,5,0.9526,False,True,True,345,348,3,0.0003,True
JSONScannerTest.isEOF3,5,non-flaky,remove blank lines,5,0.9523,5,0.9519,False,True,True,345,344,-1,-0.0004,True
JSONScannerTest.isEOF3,5,non-flaky,trailing newline,5,0.9523,5,0.9522,False,True,True,345,345,0,-0.0001,True
JSONScannerTest.isEOF3,5,non-flaky,trailing spaces,5,0.9523,5,0.9512,False,True,True,345,378,33,-0.0011,True
JSONScannerTest.isEOF3,5,non-flaky,CRLF endings,5,0.9523,5,0.952,False,True,True,345,379,34,-0.0003,True
PetApiTest.deletePetTest,5,non-flaky,indent +2,5,0.9516,5,0.9512,False,True,True,114,131,17,-0.0004,True
PetApiTest.deletePetTest,5,non-flaky,indent +4,5,0.9516,5,0.951,False,True,True,114,149,35,-0.0006,True
PetApiTest.deletePetTest,5,non-flaky,indent +8,5,0.9516,5,0.95,False,True,True,114,185,71,-0.0016,True
PetApiTest.deletePetTest,5,non-flaky,spaces to tabs,5,0.9516,5,0.95,False,True,True,114,69,-45,-0.0016,True
PetApiTest.deletePetTest,5,non-flaky,tabs to spaces,5,0.9516,5,0.9515,False,True,True,114,113,-1,-0.0001,True
PetApiTest.deletePetTest,5,non-flaky,strip indent,5,0.9516,4,0.6186,True,True,False,114,51,-63,-0.333,True
PetApiTest.deletePetTest,5,non-flaky,add blank lines,5,0.9516,5,0.9514,False,True,True,114,113,-1,-0.0002,True
PetApiTest.deletePetTest,5,non-flaky,remove blank lines,5,0.9516,5,0.9517,False,True,True,114,86,-28,0.0001,True
PetApiTest.deletePetTest,5,non-flaky,trailing newline,5,0.9516,5,0.9515,False,True,True,114,114,0,-0.0001,True
PetApiTest.deletePetTest,5,non-flaky,trailing spaces,5,0.9516,5,0.9516,False,True,True,114,123,9,-0.0,True
PetApiTest.deletePetTest,5,non-flaky,CRLF endings,5,0.9516,5,0.9514,False,True,True,114,124,10,-0.0002,True
NullHandlingIntegrationTest.testTotalCount,5,non-flaky,indent +2,5,0.9522,5,0.9525,False,True,True,62,71,9,0.0003,True
NullHandlingIntegrationTest.testTotalCount,5,non-flaky,indent +4,5,0.9522,5,0.9522,False,True,True,62,81,19,0.0,True
NullHandlingIntegrationTest.testTotalCount,5,non-flaky,indent +8,5,0.9522,5,0.9511,False,True,True,62,101,39,-0.0011,True
NullHandlingIntegrationTest.testTotalCount,5,non-flaky,spaces to tabs,5,0.9522,5,0.9503,False,True,True,62,54,-8,-0.0019,True
NullHandlingIntegrationTest.testTotalCount,5,non-flaky,tabs to spaces,5,0.9522,5,0.9522,False,True,True,62,61,-1,-0.0,True
NullHandlingIntegrationTest.testTotalCount,5,non-flaky,strip indent,5,0.9522,4,0.6448,True,True,False,62,48,-14,-0.3075,True
NullHandlingIntegrationTest.testTotalCount,5,non-flaky,add blank lines,5,0.9522,5,0.9523,False,True,True,62,61,-1,0.0,True
NullHandlingIntegrationTest.testTotalCount,5,non-flaky,remove blank lines,5,0.9522,5,0.9522,False,True,True,62,61,-1,-0.0,True
NullHandlingIntegrationTest.testTotalCount,5,non-flaky,trailing newline,5,0.9522,5,0.9522,False,True,True,62,62,0,-0.0,True
NullHandlingIntegrationTest.testTotalCount,5,non-flaky,trailing spaces,5,0.9522,5,0.9523,False,True,True,62,67,5,0.0001,True
NullHandlingIntegrationTest.testTotalCount,5,non-flaky,CRLF endings,5,0.9522,5,0.9523,False,True,True,62,68,6,0.0001,True
FastJsonViewTest.test2,5,non-flaky,indent +2,5,0.9518,5,0.9507,False,True,True,196,209,13,-0.0012,True
FastJsonViewTest.test2,5,non-flaky,indent +4,5,0.9518,5,0.9507,False,True,True,196,223,27,-0.0012,True
FastJsonViewTest.test2,5,non-flaky,indent +8,5,0.9518,5,0.9498,False,True,True,196,251,55,-0.002,True
FastJsonViewTest.test2,5,non-flaky,spaces to tabs,5,0.9518,5,0.9489,False,True,True,196,141,-55,-0.0029,True
FastJsonViewTest.test2,5,non-flaky,tabs to spaces,5,0.9518,5,0.9511,False,True,True,196,195,-1,-0.0007,True
FastJsonViewTest.test2,5,non-flaky,strip indent,5,0.9518,0,0.8555,True,True,False,196,120,-76,-0.0963,True
FastJsonViewTest.test2,5,non-flaky,add blank lines,5,0.9518,5,0.9511,False,True,True,196,195,-1,-0.0007,True
FastJsonViewTest.test2,5,non-flaky,remove blank lines,5,0.9518,5,0.9511,False,True,True,196,195,-1,-0.0007,True
FastJsonViewTest.test2,5,non-flaky,trailing newline,5,0.9518,5,0.9512,False,True,True,196,196,0,-0.0007,True
FastJsonViewTest.test2,5,non-flaky,trailing spaces,5,0.9518,5,0.9503,False,True,True,196,203,7,-0.0016,True
FastJsonViewTest.test2,5,non-flaky,CRLF endings,5,0.9518,5,0.9513,False,True,True,196,204,8,-0.0005,True
RowBucketIterableTest.testMissingDaysAtBeginingFollowedByMultipleRow,5,non-flaky,indent +2,5,0.952,5,0.9513,False,True,True,496,512,16,-0.0007,True
RowBucketIterableTest.testMissingDaysAtBeginingFollowedByMultipleRow,5,non-flaky,indent +4,5,0.952,5,0.9509,False,True,True,496,512,16,-0.0011,True
RowBucketIterableTest.testMissingDaysAtBeginingFollowedByMultipleRow,5,non-flaky,indent +8,5,0.952,5,0.951,False,True,True,496,512,16,-0.001,True
RowBucketIterableTest.testMissingDaysAtBeginingFollowedByMultipleRow,5,non-flaky,spaces to tabs,5,0.952,5,0.9512,False,True,True,496,447,-49,-0.0008,True
RowBucketIterableTest.testMissingDaysAtBeginingFollowedByMultipleRow,5,non-flaky,tabs to spaces,5,0.952,5,0.9515,False,True,True,496,495,-1,-0.0005,True
RowBucketIterableTest.testMissingDaysAtBeginingFollowedByMultipleRow,5,non-flaky,strip indent,5,0.952,3,0.8273,True,True,False,496,425,-71,-0.1247,True
RowBucketIterableTest.testMissingDaysAtBeginingFollowedByMultipleRow,5,non-flaky,add blank lines,5,0.952,5,0.9513,False,True,True,496,502,6,-0.0007,True
RowBucketIterableTest.testMissingDaysAtBeginingFollowedByMultipleRow,5,non-flaky,remove blank lines,5,0.952,5,0.9513,False,True,True,496,495,-1,-0.0008,True
RowBucketIterableTest.testMissingDaysAtBeginingFollowedByMultipleRow,5,non-flaky,trailing newline,5,0.952,5,0.9515,False,True,True,496,496,0,-0.0005,True
RowBucketIterableTest.testMissingDaysAtBeginingFollowedByMultipleRow,5,non-flaky,trailing spaces,5,0.952,5,0.9507,False,True,True,496,512,16,-0.0013,True
RowBucketIterableTest.testMissingDaysAtBeginingFollowedByMultipleRow,5,non-flaky,CRLF endings,5,0.952,5,0.951,False,True,True,496,512,16,-0.001,True
TransformationConfigTest.testEmbeddedConfigHoistField,5,non-flaky,indent +2,5,0.9526,5,0.9525,False,True,True,243,267,24,-0.0001,True
TransformationConfigTest.testEmbeddedConfigHoistField,5,non-flaky,indent +4,5,0.9526,5,0.9523,False,True,True,243,291,48,-0.0004,True
TransformationConfigTest.testEmbeddedConfigHoistField,5,non-flaky,indent +8,5,0.9526,5,0.952,False,True,True,243,339,96,-0.0007,True
TransformationConfigTest.testEmbeddedConfigHoistField,5,non-flaky,spaces to tabs,5,0.9526,5,0.9509,False,True,True,243,191,-52,-0.0017,True
TransformationConfigTest.testEmbeddedConfigHoistField,5,non-flaky,tabs to spaces,5,0.9526,5,0.9527,False,True,True,243,242,-1,0.0001,True
TransformationConfigTest.testEmbeddedConfigHoistField,5,non-flaky,strip indent,5,0.9526,4,0.8277,True,True,False,243,171,-72,-0.1249,True
TransformationConfigTest.testEmbeddedConfigHoistField,5,non-flaky,add blank lines,5,0.9526,5,0.9524,False,True,True,243,243,0,-0.0002,True
TransformationConfigTest.testEmbeddedConfigHoistField,5,non-flaky,remove blank lines,5,0.9526,5,0.9528,False,True,True,243,242,-1,0.0001,True
TransformationConfigTest.testEmbeddedConfigHoistField,5,non-flaky,trailing newline,5,0.9526,5,0.9527,False,True,True,243,243,0,0.0001,True
TransformationConfigTest.testEmbeddedConfigHoistField,5,non-flaky,trailing spaces,5,0.9526,5,0.9524,False,True,True,243,256,13,-0.0003,True
TransformationConfigTest.testEmbeddedConfigHoistField,5,non-flaky,CRLF endings,5,0.9526,5,0.9526,False,True,True,243,257,14,-0.0,True
SchemasTest.testGetFullTableNameEmptyNamespace,5,non-flaky,indent +2,5,0.9524,5,0.9521,False,True,True,120,131,11,-0.0003,True
SchemasTest.testGetFullTableNameEmptyNamespace,5,non-flaky,indent +4,5,0.9524,5,0.9517,False,True,True,120,143,23,-0.0007,True
SchemasTest.testGetFullTableNameEmptyNamespace,5,non-flaky,indent +8,5,0.9524,5,0.9511,False,True,True,120,167,47,-0.0014,True
SchemasTest.testGetFullTableNameEmptyNamespace,5,non-flaky,spaces to tabs,5,0.9524,5,0.9492,False,True,True,120,80,-40,-0.0032,True
SchemasTest.testGetFullTableNameEmptyNamespace,5,non-flaky,tabs to spaces,5,0.9524,5,0.9523,False,True,True,120,119,-1,-0.0001,True
SchemasTest.testGetFullTableNameEmptyNamespace,5,non-flaky,strip indent,5,0.9524,4,0.904,True,True,False,120,65,-55,-0.0485,True
SchemasTest.testGetFullTableNameEmptyNamespace,5,non-flaky,add blank lines,5,0.9524,5,0.9519,False,True,True,120,119,-1,-0.0005,True
SchemasTest.testGetFullTableNameEmptyNamespace,5,non-flaky,remove blank lines,5,0.9524,5,0.9523,False,True,True,120,119,-1,-0.0001,True
SchemasTest.testGetFullTableNameEmptyNamespace,5,non-flaky,trailing newline,5,0.9524,5,0.9523,False,True,True,120,120,0,-0.0001,True
SchemasTest.testGetFullTableNameEmptyNamespace,5,non-flaky,trailing spaces,5,0.9524,5,0.9518,False,True,True,120,126,6,-0.0006,True
SchemasTest.testGetFullTableNameEmptyNamespace,5,non-flaky,CRLF endings,5,0.9524,5,0.9524,False,True,True,120,127,7,-0.0,True
RocksDbKeyValueServiceTest.testGetRangeCellOverlap2,5,non-flaky,indent +2,5,0.9525,5,0.9522,False,True,True,318,345,27,-0.0003,True
RocksDbKeyValueServiceTest.testGetRangeCellOverlap2,5,non-flaky,indent +4,5,0.9525,5,0.9523,False,True,True,318,373,55,-0.0002,True
RocksDbKeyValueServiceTest.testGetRangeCellOverlap2,5,non-flaky,indent +8,5,0.9525,5,0.9517,False,True,True,318,429,111,-0.0007,True
RocksDbKeyValueServiceTest.testGetRangeCellOverlap2,5,non-flaky,spaces to tabs,5,0.9525,5,0.9516,False,True,True,318,245,-73,-0.0009,True
RocksDbKeyValueServiceTest.testGetRangeCellOverlap2,5,non-flaky,tabs to spaces,5,0.9525,5,0.952,False,True,True,318,317,-1,-0.0005,True
RocksDbKeyValueServiceTest.testGetRangeCellOverlap2,5,non-flaky,strip indent,5,0.9525,3,0.8384,True,True,False,318,216,-102,-0.1141,True
RocksDbKeyValueServiceTest.testGetRangeCellOverlap2,5,non-flaky,add blank lines,5,0.9525,5,0.9522,False,True,True,318,317,-1,-0.0002,True
RocksDbKeyValueServiceTest.testGetRangeCellOverlap2,5,non-flaky,remove blank lines,5,0.9525,5,0.952,False,True,True,318,317,-1,-0.0005,True
RocksDbKeyValueServiceTest.testGetRangeCellOverlap2,5,non-flaky,trailing newline,5,0.9525,5,0.9521,False,True,True,318,318,0,-0.0004,True
RocksDbKeyValueServiceTest.testGetRangeCellOverlap2,5,non-flaky,trailing spaces,5,0.9525,5,0.9516,False,True,True,318,332,14,-0.0009,True
RocksDbKeyValueServiceTest.testGetRangeCellOverlap2,5,non-flaky,CRLF endings,5,0.9525,5,0.9525,False,True,True,318,333,15,0.0001,True
TestIssue1463.testIssue1463,5,non-flaky,indent +2,5,0.9522,5,0.9517,False,True,True,140,155,15,-0.0004,True
TestIssue1463.testIssue1463,5,non-flaky,indent +4,5,0.9522,5,0.9516,False,True,True,140,171,31,-0.0006,True
TestIssue1463.testIssue1463,5,non-flaky,indent +8,5,0.9522,5,0.9508,False,True,True,140,203,63,-0.0013,True
TestIssue1463.testIssue1463,5,non-flaky,spaces to tabs,5,0.9522,5,0.9507,False,True,True,140,97,-43,-0.0015,True
TestIssue1463.testIssue1463,5,non-flaky,tabs to spaces,5,0.9522,5,0.952,False,True,True,140,139,-1,-0.0001,True
TestIssue1463.testIssue1463,5,non-flaky,strip indent,5,0.9522,4,0.7264,True,True,False,140,80,-60,-0.2258,True
TestIssue1463.testIssue1463,5,non-flaky,add blank lines,5,0.9522,5,0.9515,False,True,True,140,139,-1,-0.0007,True
TestIssue1463.testIssue1463,5,non-flaky,remove blank lines,5,0.9522,5,0.952,False,True,True,140,139,-1,-0.0001,True
TestIssue1463.testIssue1463,5,non-flaky,trailing newline,5,0.9522,5,0.9521,False,True,True,140,140,0,-0.0,True
TestIssue1463.testIssue1463,5,non-flaky,trailing spaces,5,0.9522,5,0.952,False,True,True,140,148,8,-0.0001,True
TestIssue1463.testIssue1463,5,non-flaky,CRLF endings,5,0.9522,5,0.9521,False,True,True,140,149,9,-0.0,True
AnnotatedEndpointTest.testClientSideIdleTimeout,5,non-flaky,indent +2,5,0.9495,5,0.9493,False,True,True,215,238,23,-0.0001,True
AnnotatedEndpointTest.testClientSideIdleTimeout,5,non-flaky,indent +4,5,0.9495,5,0.9496,False,True,True,215,260,45,0.0001,True
AnnotatedEndpointTest.testClientSideIdleTimeout,5,non-flaky,indent +8,5,0.9495,5,0.9498,False,True,True,215,304,89,0.0003,True
AnnotatedEndpointTest.testClientSideIdleTimeout,5,non-flaky,spaces to tabs,5,0.9495,5,0.946,False,True,True,215,173,-42,-0.0035,True
AnnotatedEndpointTest.testClientSideIdleTimeout,5,non-flaky,tabs to spaces,5,0.9495,5,0.949,False,True,True,215,214,-1,-0.0005,True
AnnotatedEndpointTest.testClientSideIdleTimeout,5,non-flaky,strip indent,5,0.9495,0,0.8929,True,True,False,215,158,-57,-0.0566,True
AnnotatedEndpointTest.testClientSideIdleTimeout,5,non-flaky,add blank lines,5,0.9495,5,0.9488,False,True,True,215,216,1,-0.0007,True
AnnotatedEndpointTest.testClientSideIdleTimeout,5,non-flaky,remove blank lines,5,0.9495,5,0.9489,False,True,True,215,214,-1,-0.0005,True
AnnotatedEndpointTest.testClientSideIdleTimeout,5,non-flaky,trailing newline,5,0.9495,5,0.9491,False,True,True,215,215,0,-0.0004,True
AnnotatedEndpointTest.testClientSideIdleTimeout,5,non-flaky,trailing spaces,5,0.9495,5,0.9486,False,True,True,215,228,13,-0.0008,True
AnnotatedEndpointTest.testClientSideIdleTimeout,5,non-flaky,CRLF endings,5,0.9495,5,0.9496,False,True,True,215,229,14,0.0001,True
RealtimeToOfflineSegmentsMinionClusterIntegrationTest.testGeneratedQueriesWithMultiValues,5,non-flaky,indent +2,5,0.9455,5,0.9498,False,True,True,28,31,3,0.0043,True
RealtimeToOfflineSegmentsMinionClusterIntegrationTest.testGeneratedQueriesWithMultiValues,5,non-flaky,indent +4,5,0.9455,5,0.9504,False,True,True,28,35,7,0.0049,True
RealtimeToOfflineSegmentsMinionClusterIntegrationTest.testGeneratedQueriesWithMultiValues,5,non-flaky,indent +8,5,0.9455,5,0.951,False,True,True,28,43,15,0.0055,True
RealtimeToOfflineSegmentsMinionClusterIntegrationTest.testGeneratedQueriesWithMultiValues,5,non-flaky,spaces to tabs,5,0.9455,5,0.946,False,True,True,28,27,-1,0.0005,True
RealtimeToOfflineSegmentsMinionClusterIntegrationTest.testGeneratedQueriesWithMultiValues,5,non-flaky,tabs to spaces,5,0.9455,5,0.946,False,True,True,28,27,-1,0.0005,True
RealtimeToOfflineSegmentsMinionClusterIntegrationTest.testGeneratedQueriesWithMultiValues,5,non-flaky,strip indent,5,0.9455,3,0.3428,True,True,False,28,24,-4,-0.6026,True
RealtimeToOfflineSegmentsMinionClusterIntegrationTest.testGeneratedQueriesWithMultiValues,5,non-flaky,add blank lines,5,0.9455,5,0.9461,False,True,True,28,27,-1,0.0007,True
RealtimeToOfflineSegmentsMinionClusterIntegrationTest.testGeneratedQueriesWithMultiValues,5,non-flaky,remove blank lines,5,0.9455,5,0.946,False,True,True,28,27,-1,0.0005,True
RealtimeToOfflineSegmentsMinionClusterIntegrationTest.testGeneratedQueriesWithMultiValues,5,non-flaky,trailing newline,5,0.9455,5,0.9456,False,True,True,28,28,0,0.0002,True
RealtimeToOfflineSegmentsMinionClusterIntegrationTest.testGeneratedQueriesWithMultiValues,5,non-flaky,trailing spaces,5,0.9455,5,0.9492,False,True,True,28,30,2,0.0038,True
RealtimeToOfflineSegmentsMinionClusterIntegrationTest.testGeneratedQueriesWithMultiValues,5,non-flaky,CRLF endings,5,0.9455,5,0.9462,False,True,True,28,31,3,0.0008,True
InterceptorTest.setUp,5,non-flaky,indent +2,5,0.9499,5,0.9506,False,True,True,60,67,7,0.0007,True
InterceptorTest.setUp,5,non-flaky,indent +4,5,0.9499,5,0.9508,False,True,True,60,75,15,0.0009,True
InterceptorTest.setUp,5,non-flaky,indent +8,5,0.9499,5,0.9504,False,True,True,60,91,31,0.0006,True
InterceptorTest.setUp,5,non-flaky,spaces to tabs,5,0.9499,5,0.9437,False,True,True,60,43,-17,-0.0062,True
InterceptorTest.setUp,5,non-flaky,tabs to spaces,5,0.9499,5,0.9502,False,True,True,60,59,-1,0.0003,True
InterceptorTest.setUp,5,non-flaky,strip indent,5,0.9499,4,0.9207,True,True,False,60,36,-24,-0.0292,True
InterceptorTest.setUp,5,non-flaky,add blank lines,5,0.9499,5,0.9502,False,True,True,60,59,-1,0.0003,True
InterceptorTest.setUp,5,non-flaky,remove blank lines,5,0.9499,5,0.9502,False,True,True,60,59,-1,0.0003,True
InterceptorTest.setUp,5,non-flaky,trailing newline,5,0.9499,5,0.9502,False,True,True,60,60,0,0.0003,True
InterceptorTest.setUp,5,non-flaky,trailing spaces,5,0.9499,5,0.9504,False,True,True,60,64,4,0.0006,True
InterceptorTest.setUp,5,non-flaky,CRLF endings,5,0.9499,5,0.9503,False,True,True,60,65,5,0.0004,True
TestNetworkTopology.testRemove,5,non-flaky,indent +2,5,0.9526,5,0.9521,False,True,True,193,218,25,-0.0005,True
TestNetworkTopology.testRemove,5,non-flaky,indent +4,5,0.9526,5,0.9519,False,True,True,193,244,51,-0.0007,True
TestNetworkTopology.testRemove,5,non-flaky,indent +8,5,0.9526,5,0.9517,False,True,True,193,296,103,-0.0009,True
TestNetworkTopology.testRemove,5,non-flaky,spaces to tabs,5,0.9526,5,0.9511,False,True,True,193,167,-26,-0.0015,True
TestNetworkTopology.testRemove,5,non-flaky,tabs to spaces,5,0.9526,5,0.9524,False,True,True,193,192,-1,-0.0002,True
TestNetworkTopology.testRemove,5,non-flaky,strip indent,5,0.9526,3,0.5524,True,True,False,193,152,-41,-0.4002,True
TestNetworkTopology.testRemove,5,non-flaky,add blank lines,5,0.9526,5,0.9525,False,True,True,193,192,-1,-0.0001,True
TestNetworkTopology.testRemove,5,non-flaky,remove blank lines,5,0.9526,5,0.9524,False,True,True,193,192,-1,-0.0002,True
TestNetworkTopology.testRemove,5,non-flaky,trailing newline,5,0.9526,5,0.9524,False,True,True,193,193,0,-0.0002,True
TestNetworkTopology.testRemove,5,non-flaky,trailing spaces,5,0.9526,5,0.9515,False,True,True,193,206,13,-0.0011,True
TestNetworkTopology.testRemove,5,non-flaky,CRLF endings,5,0.9526,5,0.9523,False,True,True,193,207,14,-0.0003,True
CDAPLogAppenderTest.testCDAPLogAppenderSizeBasedRotation,5,non-flaky,indent +2,5,0.9506,5,0.9506,False,True,True,512,512,0,-0.0001,True
CDAPLogAppenderTest.testCDAPLogAppenderSizeBasedRotation,5,non-flaky,indent +4,5,0.9506,5,0.9504,False,True,True,512,512,0,-0.0002,True
CDAPLogAppenderTest.testCDAPLogAppenderSizeBasedRotation,5,non-flaky,indent +8,5,0.9506,5,0.9504,False,True,True,512,512,0,-0.0002,True
CDAPLogAppenderTest.testCDAPLogAppenderSizeBasedRotation,5,non-flaky,spaces to tabs,5,0.9506,5,0.9495,False,True,True,512,512,0,-0.0011,True
CDAPLogAppenderTest.testCDAPLogAppenderSizeBasedRotation,5,non-flaky,tabs to spaces,5,0.9506,5,0.9506,False,True,True,512,512,0,0.0,True
CDAPLogAppenderTest.testCDAPLogAppenderSizeBasedRotation,5,non-flaky,strip indent,5,0.9506,0,0.7979,True,True,False,512,512,0,-0.1527,True
CDAPLogAppenderTest.testCDAPLogAppenderSizeBasedRotation,5,non-flaky,add blank lines,5,0.9506,5,0.9515,False,True,True,512,512,0,0.0008,True
CDAPLogAppenderTest.testCDAPLogAppenderSizeBasedRotation,5,non-flaky,remove blank lines,5,0.9506,5,0.9505,False,True,True,512,512,0,-0.0002,True
CDAPLogAppenderTest.testCDAPLogAppenderSizeBasedRotation,5,non-flaky,trailing newline,5,0.9506,5,0.9506,False,True,True,512,512,0,0.0,True
CDAPLogAppenderTest.testCDAPLogAppenderSizeBasedRotation,5,non-flaky,trailing spaces,5,0.9506,5,0.9504,False,True,True,512,512,0,-0.0002,True
CDAPLogAppenderTest.testCDAPLogAppenderSizeBasedRotation,5,non-flaky,CRLF endings,5,0.9506,5,0.9501,False,True,True,512,512,0,-0.0005,True
TestLocalStoreMonitor.shouldDoNothingWhenLastModifiedTimeOfOffsetFileIsLessThanOffsetTTL,5,non-flaky,indent +2,5,0.9518,5,0.9507,False,True,True,105,116,11,-0.001,True
TestLocalStoreMonitor.shouldDoNothingWhenLastModifiedTimeOfOffsetFileIsLessThanOffsetTTL,5,non-flaky,indent +4,5,0.9518,5,0.9504,False,True,True,105,128,23,-0.0013,True
TestLocalStoreMonitor.shouldDoNothingWhenLastModifiedTimeOfOffsetFileIsLessThanOffsetTTL,5,non-flaky,indent +8,5,0.9518,5,0.95,False,True,True,105,152,47,-0.0017,True
TestLocalStoreMonitor.shouldDoNothingWhenLastModifiedTimeOfOffsetFileIsLessThanOffsetTTL,5,non-flaky,spaces to tabs,5,0.9518,5,0.9488,False,True,True,105,96,-9,-0.003,True
TestLocalStoreMonitor.shouldDoNothingWhenLastModifiedTimeOfOffsetFileIsLessThanOffsetTTL,5,non-flaky,tabs to spaces,5,0.9518,5,0.9508,False,True,True,105,104,-1,-0.0009,True
TestLocalStoreMonitor.shouldDoNothingWhenLastModifiedTimeOfOffsetFileIsLessThanOffsetTTL,5,non-flaky,strip indent,5,0.9518,0,0.4761,True,True,False,105,89,-16,-0.4757,True
TestLocalStoreMonitor.shouldDoNothingWhenLastModifiedTimeOfOffsetFileIsLessThanOffsetTTL,5,non-flaky,add blank lines,5,0.9518,5,0.9509,False,True,True,105,104,-1,-0.0009,True
TestLocalStoreMonitor.shouldDoNothingWhenLastModifiedTimeOfOffsetFileIsLessThanOffsetTTL,5,non-flaky,remove blank lines,5,0.9518,5,0.9508,False,True,True,105,104,-1,-0.0009,True
TestLocalStoreMonitor.shouldDoNothingWhenLastModifiedTimeOfOffsetFileIsLessThanOffsetTTL,5,non-flaky,trailing newline,5,0.9518,5,0.951,False,True,True,105,105,0,-0.0007,True
TestLocalStoreMonitor.shouldDoNothingWhenLastModifiedTimeOfOffsetFileIsLessThanOffsetTTL,5,non-flaky,trailing spaces,5,0.9518,5,0.9506,False,True,True,105,111,6,-0.0012,True
TestLocalStoreMonitor.shouldDoNothingWhenLastModifiedTimeOfOffsetFileIsLessThanOffsetTTL,5,non-flaky,CRLF endings,5,0.9518,5,0.9512,False,True,True,105,112,7,-0.0005,True
ProxyTest.tearDown,5,non-flaky,indent +2,5,0.9511,5,0.9511,False,True,True,70,79,9,0.0,True
ProxyTest.tearDown,5,non-flaky,indent +4,5,0.9511,5,0.9513,False,True,True,70,89,19,0.0002,True
ProxyTest.tearDown,5,non-flaky,indent +8,5,0.9511,5,0.9508,False,True,True,70,109,39,-0.0003,True
ProxyTest.tearDown,5,non-flaky,spaces to tabs,5,0.9511,5,0.9475,False,True,True,70,48,-22,-0.0036,True
ProxyTest.tearDown,5,non-flaky,tabs to spaces,5,0.9511,5,0.9511,False,True,True,70,69,-1,-0.0,True
ProxyTest.tearDown,5,non-flaky,strip indent,5,0.9511,4,0.9159,True,True,False,70,39,-31,-0.0353,True
ProxyTest.tearDown,5,non-flaky,add blank lines,5,0.9511,5,0.9511,False,True,True,70,69,-1,-0.0,True
ProxyTest.tearDown,5,non-flaky,remove blank lines,5,0.9511,5,0.9511,False,True,True,70,69,-1,-0.0,True
ProxyTest.tearDown,5,non-flaky,trailing newline,5,0.9511,5,0.9511,False,True,True,70,70,0,-0.0,True
ProxyTest.tearDown,5,non-flaky,trailing spaces,5,0.9511,5,0.951,False,True,True,70,75,5,-0.0001,True
ProxyTest.tearDown,5,non-flaky,CRLF endings,5,0.9511,5,0.9513,False,True,True,70,76,6,0.0002,True
TestNetworkTopology.testChooseRandomExcludedNodeList,5,non-flaky,indent +2,5,0.9524,5,0.9519,False,True,True,512,512,0,-0.0006,True
TestNetworkTopology.testChooseRandomExcludedNodeList,5,non-flaky,indent +4,5,0.9524,5,0.9518,False,True,True,512,512,0,-0.0006,True
TestNetworkTopology.testChooseRandomExcludedNodeList,5,non-flaky,indent +8,5,0.9524,5,0.9517,False,True,True,512,512,0,-0.0008,True
TestNetworkTopology.testChooseRandomExcludedNodeList,5,non-flaky,spaces to tabs,5,0.9524,5,0.9522,False,True,True,512,443,-69,-0.0003,True
TestNetworkTopology.testChooseRandomExcludedNodeList,5,non-flaky,tabs to spaces,5,0.9524,5,0.9524,False,True,True,512,512,0,0.0,True
TestNetworkTopology.testChooseRandomExcludedNodeList,5,non-flaky,strip indent,5,0.9524,3,0.8549,True,True,False,512,402,-110,-0.0975,True
TestNetworkTopology.testChooseRandomExcludedNodeList,5,non-flaky,add blank lines,5,0.9524,5,0.9524,False,True,True,512,512,0,-0.0,True
TestNetworkTopology.testChooseRandomExcludedNodeList,5,non-flaky,remove blank lines,5,0.9524,5,0.9525,False,True,True,512,512,0,0.0,True
TestNetworkTopology.testChooseRandomExcludedNodeList,5,non-flaky,trailing newline,5,0.9524,5,0.9524,False,True,True,512,512,0,0.0,True
TestNetworkTopology.testChooseRandomExcludedNodeList,5,non-flaky,trailing spaces,5,0.9524,5,0.9524,False,True,True,512,512,0,-0.0001,True
TestNetworkTopology.testChooseRandomExcludedNodeList,5,non-flaky,CRLF endings,5,0.9524,5,0.9525,False,True,True,512,512,0,0.0001,True
SmtpResponseDecoderTest.testDecodeOneLineResponseChunked,5,non-flaky,indent +2,5,0.9519,5,0.9512,False,True,True,227,256,29,-0.0008,True
SmtpResponseDecoderTest.testDecodeOneLineResponseChunked,5,non-flaky,indent +4,5,0.9519,5,0.951,False,True,True,227,284,57,-0.0009,True
SmtpResponseDecoderTest.testDecodeOneLineResponseChunked,5,non-flaky,indent +8,5,0.9519,5,0.9507,False,True,True,227,340,113,-0.0013,True
SmtpResponseDecoderTest.testDecodeOneLineResponseChunked,5,non-flaky,spaces to tabs,5,0.9519,5,0.9502,False,True,True,227,170,-57,-0.0018,True
SmtpResponseDecoderTest.testDecodeOneLineResponseChunked,5,non-flaky,tabs to spaces,5,0.9519,5,0.9515,False,True,True,227,226,-1,-0.0005,True
SmtpResponseDecoderTest.testDecodeOneLineResponseChunked,5,non-flaky,strip indent,5,0.9519,0,0.8854,True,True,False,227,149,-78,-0.0665,True
SmtpResponseDecoderTest.testDecodeOneLineResponseChunked,5,non-flaky,add blank lines,5,0.9519,5,0.9518,False,True,True,227,228,1,-0.0002,True
SmtpResponseDecoderTest.testDecodeOneLineResponseChunked,5,non-flaky,remove blank lines,5,0.9519,5,0.9514,False,True,True,227,226,-1,-0.0006,True
SmtpResponseDecoderTest.testDecodeOneLineResponseChunked,5,non-flaky,trailing newline,5,0.9519,5,0.9516,False,True,True,227,227,0,-0.0003,True
SmtpResponseDecoderTest.testDecodeOneLineResponseChunked,5,non-flaky,trailing spaces,5,0.9519,5,0.951,False,True,True,227,243,16,-0.001,True
SmtpResponseDecoderTest.testDecodeOneLineResponseChunked,5,non-flaky,CRLF endings,5,0.9519,5,0.9517,False,True,True,227,244,17,-0.0002,True
HistoryActionConditionTests.testActionConditionWithHardFailures,5,non-flaky,indent +2,5,0.9511,5,0.9494,False,True,True,512,512,0,-0.0017,True
HistoryActionConditionTests.testActionConditionWithHardFailures,5,non-flaky,indent +4,5,0.9511,5,0.9479,False,True,True,512,512,0,-0.0032,True
HistoryActionConditionTests.testActionConditionWithHardFailures,5,non-flaky,indent +8,5,0.9511,5,0.9431,False,True,True,512,512,0,-0.008,True
HistoryActionConditionTests.testActionConditionWithHardFailures,5,non-flaky,spaces to tabs,5,0.9511,5,0.9499,False,True,True,512,512,0,-0.0013,True
HistoryActionConditionTests.testActionConditionWithHardFailures,5,non-flaky,tabs to spaces,5,0.9511,5,0.9511,False,True,True,512,512,0,0.0,True
HistoryActionConditionTests.testActionConditionWithHardFailures,5,non-flaky,strip indent,5,0.9511,4,0.7122,True,True,False,512,512,0,-0.239,True
HistoryActionConditionTests.testActionConditionWithHardFailures,5,non-flaky,add blank lines,5,0.9511,5,0.9502,False,True,True,512,512,0,-0.0009,True
HistoryActionConditionTests.testActionConditionWithHardFailures,5,non-flaky,remove blank lines,5,0.9511,5,0.9509,False,True,True,512,512,0,-0.0003,True
HistoryActionConditionTests.testActionConditionWithHardFailures,5,non-flaky,trailing newline,5,0.9511,5,0.9511,False,True,True,512,512,0,0.0,True
HistoryActionConditionTests.testActionConditionWithHardFailures,5,non-flaky,trailing spaces,5,0.9511,5,0.95,False,True,True,512,512,0,-0.0012,True
HistoryActionConditionTests.testActionConditionWithHardFailures,5,non-flaky,CRLF endings,5,0.9511,5,0.9498,False,True,True,512,512,0,-0.0013,True
TestAbstractConfigurationProvider.testChannelThrowsExceptionDuringConfiguration,5,non-flaky,indent +2,5,0.9522,5,0.9515,False,True,True,272,299,27,-0.0007,True
TestAbstractConfigurationProvider.testChannelThrowsExceptionDuringConfiguration,5,non-flaky,indent +4,5,0.9522,5,0.9511,False,True,True,272,327,55,-0.0011,True
TestAbstractConfigurationProvider.testChannelThrowsExceptionDuringConfiguration,5,non-flaky,indent +8,5,0.9522,5,0.9506,False,True,True,272,383,111,-0.0017,True
TestAbstractConfigurationProvider.testChannelThrowsExceptionDuringConfiguration,5,non-flaky,spaces to tabs,5,0.9522,5,0.951,False,True,True,272,193,-79,-0.0012,True
TestAbstractConfigurationProvider.testChannelThrowsExceptionDuringConfiguration,5,non-flaky,tabs to spaces,5,0.9522,5,0.9518,False,True,True,272,271,-1,-0.0004,True
TestAbstractConfigurationProvider.testChannelThrowsExceptionDuringConfiguration,5,non-flaky,strip indent,5,0.9522,3,0.3777,True,True,False,272,162,-110,-0.5745,True
TestAbstractConfigurationProvider.testChannelThrowsExceptionDuringConfiguration,5,non-flaky,add blank lines,5,0.9522,5,0.9518,False,True,True,272,271,-1,-0.0004,True
TestAbstractConfigurationProvider.testChannelThrowsExceptionDuringConfiguration,5,non-flaky,remove blank lines,5,0.9522,5,0.9518,False,True,True,272,271,-1,-0.0004,True
TestAbstractConfigurationProvider.testChannelThrowsExceptionDuringConfiguration,5,non-flaky,trailing newline,5,0.9522,5,0.9519,False,True,True,272,272,0,-0.0003,True
TestAbstractConfigurationProvider.testChannelThrowsExceptionDuringConfiguration,5,non-flaky,trailing spaces,5,0.9522,5,0.9514,False,True,True,272,286,14,-0.0008,True
TestAbstractConfigurationProvider.testChannelThrowsExceptionDuringConfiguration,5,non-flaky,CRLF endings,5,0.9522,5,0.9521,False,True,True,272,287,15,-0.0001,True
StringN1qlQueryCreatorMockedTests.beforeEach,5,non-flaky,indent +2,5,0.9434,5,0.9496,False,True,True,98,109,11,0.0062,True
StringN1qlQueryCreatorMockedTests.beforeEach,5,non-flaky,indent +4,5,0.9434,5,0.9511,False,True,True,98,121,23,0.0077,True
StringN1qlQueryCreatorMockedTests.beforeEach,5,non-flaky,indent +8,5,0.9434,5,0.9516,False,True,True,98,145,47,0.0082,True
StringN1qlQueryCreatorMockedTests.beforeEach,5,non-flaky,spaces to tabs,5,0.9434,5,0.9445,False,True,True,98,97,-1,0.0012,True
StringN1qlQueryCreatorMockedTests.beforeEach,5,non-flaky,tabs to spaces,5,0.9434,5,0.951,False,True,True,98,120,22,0.0077,True
StringN1qlQueryCreatorMockedTests.beforeEach,5,non-flaky,strip indent,5,0.9434,4,0.9445,True,True,False,98,86,-12,0.0012,True
StringN1qlQueryCreatorMockedTests.beforeEach,5,non-flaky,add blank lines,5,0.9434,5,0.9464,False,True,True,98,97,-1,0.0031,True
StringN1qlQueryCreatorMockedTests.beforeEach,5,non-flaky,remove blank lines,5,0.9434,5,0.9445,False,True,True,98,97,-1,0.0012,True
StringN1qlQueryCreatorMockedTests.beforeEach,5,non-flaky,trailing newline,5,0.9434,5,0.9445,False,True,True,98,98,0,0.0011,True
StringN1qlQueryCreatorMockedTests.beforeEach,5,non-flaky,trailing spaces,5,0.9434,5,0.9483,False,True,True,98,104,6,0.0049,True
StringN1qlQueryCreatorMockedTests.beforeEach,5,non-flaky,CRLF endings,5,0.9434,5,0.9458,False,True,True,98,105,7,0.0025,True
TextUtilsTest.testProperCaseWords,5,non-flaky,indent +2,5,0.9528,5,0.9519,False,True,True,253,272,19,-0.0009,True
TextUtilsTest.testProperCaseWords,5,non-flaky,indent +4,5,0.9528,5,0.9519,False,True,True,253,292,39,-0.0009,True
TextUtilsTest.testProperCaseWords,5,non-flaky,indent +8,5,0.9528,5,0.9513,False,True,True,253,332,79,-0.0015,True
TextUtilsTest.testProperCaseWords,5,non-flaky,spaces to tabs,5,0.9528,5,0.9517,False,True,True,253,188,-65,-0.0011,True
TextUtilsTest.testProperCaseWords,5,non-flaky,tabs to spaces,5,0.9528,5,0.9523,False,True,True,253,252,-1,-0.0005,True
TextUtilsTest.testProperCaseWords,5,non-flaky,strip indent,5,0.9528,3,0.8534,True,True,False,253,163,-90,-0.0994,True
TextUtilsTest.testProperCaseWords,5,non-flaky,add blank lines,5,0.9528,5,0.9519,False,True,True,253,252,-1,-0.0009,True
TextUtilsTest.testProperCaseWords,5,non-flaky,remove blank lines,5,0.9528,5,0.9523,False,True,True,253,252,-1,-0.0005,True
TextUtilsTest.testProperCaseWords,5,non-flaky,trailing newline,5,0.9528,5,0.9523,False,True,True,253,253,0,-0.0004,True
TextUtilsTest.testProperCaseWords,5,non-flaky,trailing spaces,5,0.9528,5,0.9524,False,True,True,253,263,10,-0.0004,True
TextUtilsTest.testProperCaseWords,5,non-flaky,CRLF endings,5,0.9528,5,0.9529,False,True,True,253,264,11,0.0001,True
V4JsonSchemaTest.testIdSchemaWithUrl,5,non-flaky,indent +2,5,0.9511,5,0.9514,False,True,True,48,53,5,0.0002,True
V4JsonSchemaTest.testIdSchemaWithUrl,5,non-flaky,indent +4,5,0.9511,5,0.9513,False,True,True,48,59,11,0.0002,True
V4JsonSchemaTest.testIdSchemaWithUrl,5,non-flaky,indent +8,5,0.9511,5,0.9512,False,True,True,48,71,23,0.0,True
V4JsonSchemaTest.testIdSchemaWithUrl,5,non-flaky,spaces to tabs,5,0.9511,5,0.9462,False,True,True,48,36,-12,-0.005,True
V4JsonSchemaTest.testIdSchemaWithUrl,5,non-flaky,tabs to spaces,5,0.9511,5,0.9514,False,True,True,48,47,-1,0.0003,True
V4JsonSchemaTest.testIdSchemaWithUrl,5,non-flaky,strip indent,5,0.9511,4,0.9234,True,True,False,48,31,-17,-0.0277,True
V4JsonSchemaTest.testIdSchemaWithUrl,5,non-flaky,add blank lines,5,0.9511,5,0.9509,False,True,True,48,47,-1,-0.0002,True
V4JsonSchemaTest.testIdSchemaWithUrl,5,non-flaky,remove blank lines,5,0.9511,5,0.9514,False,True,True,48,47,-1,0.0003,True
V4JsonSchemaTest.testIdSchemaWithUrl,5,non-flaky,trailing newline,5,0.9511,5,0.9513,False,True,True,48,48,0,0.0002,True
V4JsonSchemaTest.testIdSchemaWithUrl,5,non-flaky,trailing spaces,5,0.9511,5,0.9505,False,True,True,48,51,3,-0.0006,True
V4JsonSchemaTest.testIdSchemaWithUrl,5,non-flaky,CRLF endings,5,0.9511,5,0.951,False,True,True,48,52,4,-0.0001,True
ReactiveCouchbaseRepositoryQueryIntegrationTests.testCas,5,non-flaky,indent +2,5,0.9506,5,0.9516,False,True,True,127,144,17,0.0009,True
ReactiveCouchbaseRepositoryQueryIntegrationTests.testCas,5,non-flaky,indent +4,5,0.9506,5,0.9513,False,True,True,127,162,35,0.0006,True
ReactiveCouchbaseRepositoryQueryIntegrationTests.testCas,5,non-flaky,indent +8,5,0.9506,5,0.9508,False,True,True,127,198,71,0.0002,True
ReactiveCouchbaseRepositoryQueryIntegrationTests.testCas,5,non-flaky,spaces to tabs,5,0.9506,5,0.9506,False,True,True,127,126,-1,-0.0,True
ReactiveCouchbaseRepositoryQueryIntegrationTests.testCas,5,non-flaky,tabs to spaces,5,0.9506,5,0.9516,False,True,True,127,167,40,0.001,True
ReactiveCouchbaseRepositoryQueryIntegrationTests.testCas,5,non-flaky,strip indent,5,0.9506,0,0.5391,True,True,False,127,109,-18,-0.4115,True
ReactiveCouchbaseRepositoryQueryIntegrationTests.testCas,5,non-flaky,add blank lines,5,0.9506,5,0.9506,False,True,True,127,126,-1,-0.0,True
ReactiveCouchbaseRepositoryQueryIntegrationTests.testCas,5,non-flaky,remove blank lines,5,0.9506,5,0.9506,False,True,True,127,126,-1,-0.0,True
ReactiveCouchbaseRepositoryQueryIntegrationTests.testCas,5,non-flaky,trailing newline,5,0.9506,5,0.9507,False,True,True,127,127,0,0.0001,True
ReactiveCouchbaseRepositoryQueryIntegrationTests.testCas,5,non-flaky,trailing spaces,5,0.9506,5,0.9512,False,True,True,127,136,9,0.0006,True
ReactiveCouchbaseRepositoryQueryIntegrationTests.testCas,5,non-flaky,CRLF endings,5,0.9506,5,0.9512,False,True,True,127,137,10,0.0006,True
CategoryTest.nameTest,5,non-flaky,indent +2,5,0.9503,5,0.9509,False,True,True,37,42,5,0.0006,True
CategoryTest.nameTest,5,non-flaky,indent +4,5,0.9503,5,0.9506,False,True,True,37,48,11,0.0002,True
CategoryTest.nameTest,5,non-flaky,indent +8,5,0.9503,5,0.9502,False,True,True,37,60,23,-0.0001,True
CategoryTest.nameTest,5,non-flaky,spaces to tabs,5,0.9503,5,0.9474,False,True,True,37,25,-12,-0.0029,True
CategoryTest.nameTest,5,non-flaky,tabs to spaces,5,0.9503,5,0.9505,False,True,True,37,36,-1,0.0002,True
CategoryTest.nameTest,5,non-flaky,strip indent,5,0.9503,4,0.6718,True,True,False,37,20,-17,-0.2785,True
CategoryTest.nameTest,5,non-flaky,add blank lines,5,0.9503,5,0.9502,False,True,True,37,36,-1,-0.0001,True
CategoryTest.nameTest,5,non-flaky,remove blank lines,5,0.9503,5,0.9505,False,True,True,37,36,-1,0.0002,True
CategoryTest.nameTest,5,non-flaky,trailing newline,5,0.9503,5,0.9505,False,True,True,37,37,0,0.0001,True
CategoryTest.nameTest,5,non-flaky,trailing spaces,5,0.9503,5,0.9509,False,True,True,37,40,3,0.0006,True
CategoryTest.nameTest,5,non-flaky,CRLF endings,5,0.9503,5,0.9508,False,True,True,37,41,4,0.0005,True
UserApiTest.loginUserTest,5,non-flaky,indent +2,5,0.952,5,0.9516,False,True,True,119,136,17,-0.0003,True
UserApiTest.loginUserTest,5,non-flaky,indent +4,5,0.952,5,0.9511,False,True,True,119,154,35,-0.0009,True
UserApiTest.loginUserTest,5,non-flaky,indent +8,5,0.952,5,0.9501,False,True,True,119,190,71,-0.0018,True
UserApiTest.loginUserTest,5,non-flaky,spaces to tabs,5,0.952,5,0.95,False,True,True,119,75,-44,-0.002,True
UserApiTest.loginUserTest,5,non-flaky,tabs to spaces,5,0.952,5,0.9519,False,True,True,119,118,-1,-0.0001,True
UserApiTest.loginUserTest,5,non-flaky,strip indent,5,0.952,5,0.8285,False,True,True,119,57,-62,-0.1235,True
UserApiTest.loginUserTest,5,non-flaky,add blank lines,5,0.952,5,0.9517,False,True,True,119,118,-1,-0.0002,True
UserApiTest.loginUserTest,5,non-flaky,remove blank lines,5,0.952,5,0.952,False,True,True,119,100,-19,0.0,True
UserApiTest.loginUserTest,5,non-flaky,trailing newline,5,0.952,5,0.9519,False,True,True,119,119,0,-0.0001,True
UserApiTest.loginUserTest,5,non-flaky,trailing spaces,5,0.952,5,0.9505,False,True,True,119,128,9,-0.0014,True
UserApiTest.loginUserTest,5,non-flaky,CRLF endings,5,0.952,5,0.952,False,True,True,119,129,10,0.0,True
BaseConnectorTest.testJoinWithEmptySides,5,non-flaky,indent +2,5,0.9533,5,0.9527,False,True,True,284,303,19,-0.0006,True
BaseConnectorTest.testJoinWithEmptySides,5,non-flaky,indent +4,5,0.9533,5,0.9522,False,True,True,284,323,39,-0.0011,True
BaseConnectorTest.testJoinWithEmptySides,5,non-flaky,indent +8,5,0.9533,5,0.9517,False,True,True,284,363,79,-0.0016,True
BaseConnectorTest.testJoinWithEmptySides,5,non-flaky,spaces to tabs,5,0.9533,5,0.95,False,True,True,284,240,-44,-0.0033,True
BaseConnectorTest.testJoinWithEmptySides,5,non-flaky,tabs to spaces,5,0.9533,5,0.953,False,True,True,284,283,-1,-0.0003,True
BaseConnectorTest.testJoinWithEmptySides,5,non-flaky,strip indent,5,0.9533,3,0.4949,True,True,False,284,222,-62,-0.4584,True
BaseConnectorTest.testJoinWithEmptySides,5,non-flaky,add blank lines,5,0.9533,5,0.9525,False,True,True,284,283,-1,-0.0008,True
BaseConnectorTest.testJoinWithEmptySides,5,non-flaky,remove blank lines,5,0.9533,5,0.953,False,True,True,284,283,-1,-0.0003,True
BaseConnectorTest.testJoinWithEmptySides,5,non-flaky,trailing newline,5,0.9533,5,0.953,False,True,True,284,284,0,-0.0002,True
BaseConnectorTest.testJoinWithEmptySides,5,non-flaky,trailing spaces,5,0.9533,5,0.9522,False,True,True,284,294,10,-0.0011,True
BaseConnectorTest.testJoinWithEmptySides,5,non-flaky,CRLF endings,5,0.9533,5,0.9532,False,True,True,284,295,11,-0.0001,True
TestJobsResource.testStartJob,5,non-flaky,indent +2,5,0.9531,5,0.9527,False,True,True,232,256,24,-0.0004,True
TestJobsResource.testStartJob,5,non-flaky,indent +4,5,0.9531,5,0.9521,False,True,True,232,280,48,-0.001,True
TestJobsResource.testStartJob,5,non-flaky,indent +8,5,0.9531,5,0.9515,False,True,True,232,328,96,-0.0017,True
TestJobsResource.testStartJob,5,non-flaky,spaces to tabs,5,0.9531,5,0.9513,False,True,True,232,209,-23,-0.0018,True
TestJobsResource.testStartJob,5,non-flaky,tabs to spaces,5,0.9531,5,0.9531,False,True,True,232,231,-1,-0.0,True
TestJobsResource.testStartJob,5,non-flaky,strip indent,5,0.9531,3,0.5238,True,True,False,232,197,-35,-0.4293,True
TestJobsResource.testStartJob,5,non-flaky,add blank lines,5,0.9531,5,0.9532,False,True,True,232,232,0,0.0001,True
TestJobsResource.testStartJob,5,non-flaky,remove blank lines,5,0.9531,5,0.9531,False,True,True,232,231,-1,-0.0001,True
TestJobsResource.testStartJob,5,non-flaky,trailing newline,5,0.9531,5,0.9531,False,True,True,232,232,0,-0.0,True
TestJobsResource.testStartJob,5,non-flaky,trailing spaces,5,0.9531,5,0.9529,False,True,True,232,245,13,-0.0003,True
TestJobsResource.testStartJob,5,non-flaky,CRLF endings,5,0.9531,5,0.953,False,True,True,232,246,14,-0.0001,True
TestGorillaStore.testExtentOfStorage,5,non-flaky,indent +2,5,0.9495,5,0.9494,False,True,True,512,512,0,-0.0001,True
TestGorillaStore.testExtentOfStorage,5,non-flaky,indent +4,5,0.9495,5,0.949,False,True,True,512,512,0,-0.0005,True
TestGorillaStore.testExtentOfStorage,5,non-flaky,indent +8,5,0.9495,5,0.9484,False,True,True,512,512,0,-0.0011,True
TestGorillaStore.testExtentOfStorage,5,non-flaky,spaces to tabs,5,0.9495,5,0.9472,False,True,True,512,402,-110,-0.0023,True
TestGorillaStore.testExtentOfStorage,5,non-flaky,tabs to spaces,5,0.9495,5,0.9495,False,True,True,512,512,0,0.0,True
TestGorillaStore.testExtentOfStorage,5,non-flaky,strip indent,5,0.9495,2,0.6426,True,True,False,512,323,-189,-0.3069,True
TestGorillaStore.testExtentOfStorage,5,non-flaky,add blank lines,5,0.9495,5,0.9491,False,True,True,512,512,0,-0.0004,True
TestGorillaStore.testExtentOfStorage,5,non-flaky,remove blank lines,5,0.9495,5,0.9495,False,True,True,512,512,0,0.0,True
TestGorillaStore.testExtentOfStorage,5,non-flaky,trailing newline,5,0.9495,5,0.9495,False,True,True,512,512,0,0.0,True
TestGorillaStore.testExtentOfStorage,5,non-flaky,trailing spaces,5,0.9495,5,0.9492,False,True,True,512,512,0,-0.0004,True
TestGorillaStore.testExtentOfStorage,5,non-flaky,CRLF endings,5,0.9495,5,0.949,False,True,True,512,512,0,-0.0006,True
TestLocalStoreMonitor.shouldDeleteLocalTaskStoreWhenItHasNoOffsetFile,5,non-flaky,indent +2,5,0.9517,5,0.9517,False,True,True,117,128,11,0.0,True
TestLocalStoreMonitor.shouldDeleteLocalTaskStoreWhenItHasNoOffsetFile,5,non-flaky,indent +4,5,0.9517,5,0.9515,False,True,True,117,140,23,-0.0002,True
TestLocalStoreMonitor.shouldDeleteLocalTaskStoreWhenItHasNoOffsetFile,5,non-flaky,indent +8,5,0.9517,5,0.9513,False,True,True,117,164,47,-0.0004,True
TestLocalStoreMonitor.shouldDeleteLocalTaskStoreWhenItHasNoOffsetFile,5,non-flaky,spaces to tabs,5,0.9517,5,0.9495,False,True,True,117,108,-9,-0.0022,True
TestLocalStoreMonitor.shouldDeleteLocalTaskStoreWhenItHasNoOffsetFile,5,non-flaky,tabs to spaces,5,0.9517,5,0.9512,False,True,True,117,116,-1,-0.0005,True
TestLocalStoreMonitor.shouldDeleteLocalTaskStoreWhenItHasNoOffsetFile,5,non-flaky,strip indent,5,0.9517,0,0.7025,True,True,False,117,101,-16,-0.2492,True
TestLocalStoreMonitor.shouldDeleteLocalTaskStoreWhenItHasNoOffsetFile,5,non-flaky,add blank lines,5,0.9517,5,0.9516,False,True,True,117,116,-1,-0.0,True
TestLocalStoreMonitor.shouldDeleteLocalTaskStoreWhenItHasNoOffsetFile,5,non-flaky,remove blank lines,5,0.9517,5,0.9512,False,True,True,117,116,-1,-0.0005,True
TestLocalStoreMonitor.shouldDeleteLocalTaskStoreWhenItHasNoOffsetFile,5,non-flaky,trailing newline,5,0.9517,5,0.9515,False,True,True,117,117,0,-0.0002,True
TestLocalStoreMonitor.shouldDeleteLocalTaskStoreWhenItHasNoOffsetFile,5,non-flaky,trailing spaces,5,0.9517,5,0.9514,False,True,True,117,123,6,-0.0003,True
TestLocalStoreMonitor.shouldDeleteLocalTaskStoreWhenItHasNoOffsetFile,5,non-flaky,CRLF endings,5,0.9517,5,0.9518,False,True,True,117,124,7,0.0001,True
GitSkipSslValidationCredentialsProviderTest.testCanHandle,5,non-flaky,indent +2,5,0.9499,5,0.9518,False,True,True,170,189,19,0.0018,True
GitSkipSslValidationCredentialsProviderTest.testCanHandle,5,non-flaky,indent +4,5,0.9499,5,0.9521,False,True,True,170,209,39,0.0022,True
GitSkipSslValidationCredentialsProviderTest.testCanHandle,5,non-flaky,indent +8,5,0.9499,5,0.9517,False,True,True,170,249,79,0.0018,True
GitSkipSslValidationCredentialsProviderTest.testCanHandle,5,non-flaky,spaces to tabs,5,0.9499,5,0.9497,False,True,True,170,169,-1,-0.0002,True
GitSkipSslValidationCredentialsProviderTest.testCanHandle,5,non-flaky,tabs to spaces,5,0.9499,5,0.9521,False,True,True,170,275,105,0.0021,True
GitSkipSslValidationCredentialsProviderTest.testCanHandle,5,non-flaky,strip indent,5,0.9499,4,0.7566,True,True,False,170,130,-40,-0.1934,True
GitSkipSslValidationCredentialsProviderTest.testCanHandle,5,non-flaky,add blank lines,5,0.9499,5,0.9496,False,True,True,170,169,-1,-0.0004,True
GitSkipSslValidationCredentialsProviderTest.testCanHandle,5,non-flaky,remove blank lines,5,0.9499,5,0.9497,False,True,True,170,169,-1,-0.0002,True
GitSkipSslValidationCredentialsProviderTest.testCanHandle,5,non-flaky,trailing newline,5,0.9499,5,0.9498,False,True,True,170,170,0,-0.0001,True
GitSkipSslValidationCredentialsProviderTest.testCanHandle,5,non-flaky,trailing spaces,5,0.9499,5,0.9512,False,True,True,170,180,10,0.0013,True
GitSkipSslValidationCredentialsProviderTest.testCanHandle,5,non-flaky,CRLF endings,5,0.9499,5,0.9508,False,True,True,170,181,11,0.0009,True
InterceptorTest.deleteByQuery,5,non-flaky,indent +2,5,0.951,5,0.9508,False,True,True,200,219,19,-0.0003,True
InterceptorTest.deleteByQuery,5,non-flaky,indent +4,5,0.951,5,0.9509,False,True,True,200,239,39,-0.0001,True
InterceptorTest.deleteByQuery,5,non-flaky,indent +8,5,0.951,5,0.9501,False,True,True,200,279,79,-0.001,True
InterceptorTest.deleteByQuery,5,non-flaky,spaces to tabs,5,0.951,5,0.95,False,True,True,200,105,-95,-0.001,True
InterceptorTest.deleteByQuery,5,non-flaky,tabs to spaces,5,0.951,5,0.9507,False,True,True,200,199,-1,-0.0004,True
InterceptorTest.deleteByQuery,5,non-flaky,strip indent,5,0.951,0,0.7477,True,True,False,200,70,-130,-0.2034,True
InterceptorTest.deleteByQuery,5,non-flaky,add blank lines,5,0.951,5,0.9505,False,True,True,200,199,-1,-0.0005,True
InterceptorTest.deleteByQuery,5,non-flaky,remove blank lines,5,0.951,5,0.9507,False,True,True,200,199,-1,-0.0004,True
InterceptorTest.deleteByQuery,5,non-flaky,trailing newline,5,0.951,5,0.9508,False,True,True,200,200,0,-0.0002,True
InterceptorTest.deleteByQuery,5,non-flaky,trailing spaces,5,0.951,5,0.9497,False,True,True,200,210,10,-0.0014,True
InterceptorTest.deleteByQuery,5,non-flaky,CRLF endings,5,0.951,5,0.9511,False,True,True,200,211,11,0.0001,True
LongMeanAveragerFactoryTest.testCreateAverager,5,non-flaky,indent +2,5,0.9486,5,0.9512,False,True,True,87,96,9,0.0026,True
LongMeanAveragerFactoryTest.testCreateAverager,5,non-flaky,indent +4,5,0.9486,5,0.9515,False,True,True,87,106,19,0.0029,True
LongMeanAveragerFactoryTest.testCreateAverager,5,non-flaky,indent +8,5,0.9486,5,0.9513,False,True,True,87,126,39,0.0027,True
LongMeanAveragerFactoryTest.testCreateAverager,5,non-flaky,spaces to tabs,5,0.9486,5,0.9461,False,True,True,87,82,-5,-0.0025,True
LongMeanAveragerFactoryTest.testCreateAverager,5,non-flaky,tabs to spaces,5,0.9486,5,0.9489,False,True,True,87,86,-1,0.0003,True
LongMeanAveragerFactoryTest.testCreateAverager,5,non-flaky,strip indent,5,0.9486,4,0.758,True,True,False,87,76,-11,-0.1907,True
LongMeanAveragerFactoryTest.testCreateAverager,5,non-flaky,add blank lines,5,0.9486,5,0.9496,False,True,True,87,86,-1,0.001,True
LongMeanAveragerFactoryTest.testCreateAverager,5,non-flaky,remove blank lines,5,0.9486,5,0.9489,False,True,True,87,86,-1,0.0003,True
LongMeanAveragerFactoryTest.testCreateAverager,5,non-flaky,trailing newline,5,0.9486,5,0.9488,False,True,True,87,87,0,0.0002,True
LongMeanAveragerFactoryTest.testCreateAverager,5,non-flaky,trailing spaces,5,0.9486,5,0.9504,False,True,True,87,92,5,0.0018,True
LongMeanAveragerFactoryTest.testCreateAverager,5,non-flaky,CRLF endings,5,0.9486,5,0.9495,False,True,True,87,93,6,0.0009,True
FileMetadataCleanerTest.testFileMetadataWithCommonContextPrefix,5,non-flaky,indent +2,5,0.9515,5,0.9514,False,True,True,512,512,0,-0.0001,True
FileMetadataCleanerTest.testFileMetadataWithCommonContextPrefix,5,non-flaky,indent +4,5,0.9515,5,0.951,False,True,True,512,512,0,-0.0005,True
FileMetadataCleanerTest.testFileMetadataWithCommonContextPrefix,5,non-flaky,indent +8,5,0.9515,5,0.9511,False,True,True,512,512,0,-0.0004,True
FileMetadataCleanerTest.testFileMetadataWithCommonContextPrefix,5,non-flaky,spaces to tabs,5,0.9515,5,0.9507,False,True,True,512,512,0,-0.0008,True
FileMetadataCleanerTest.testFileMetadataWithCommonContextPrefix,5,non-flaky,tabs to spaces,5,0.9515,5,0.9515,False,True,True,512,512,0,0.0,True
FileMetadataCleanerTest.testFileMetadataWithCommonContextPrefix,5,non-flaky,strip indent,5,0.9515,0,0.6768,True,True,False,512,512,0,-0.2748,True
FileMetadataCleanerTest.testFileMetadataWithCommonContextPrefix,5,non-flaky,add blank lines,5,0.9515,5,0.9513,False,True,True,512,512,0,-0.0003,True
FileMetadataCleanerTest.testFileMetadataWithCommonContextPrefix,5,non-flaky,remove blank lines,5,0.9515,5,0.9514,False,True,True,512,512,0,-0.0001,True
FileMetadataCleanerTest.testFileMetadataWithCommonContextPrefix,5,non-flaky,trailing newline,5,0.9515,5,0.9515,False,True,True,512,512,0,0.0,True
FileMetadataCleanerTest.testFileMetadataWithCommonContextPrefix,5,non-flaky,trailing spaces,5,0.9515,5,0.9513,False,True,True,512,512,0,-0.0002,True
FileMetadataCleanerTest.testFileMetadataWithCommonContextPrefix,5,non-flaky,CRLF endings,5,0.9515,5,0.9512,False,True,True,512,512,0,-0.0003,True
TokenSequenceMatcherITest.testTokenSequenceMatcherAll,5,non-flaky,indent +2,5,0.9526,5,0.9522,False,True,True,512,512,0,-0.0004,True
TokenSequenceMatcherITest.testTokenSequenceMatcherAll,5,non-flaky,indent +4,5,0.9526,5,0.9517,False,True,True,512,512,0,-0.0009,True
TokenSequenceMatcherITest.testTokenSequenceMatcherAll,5,non-flaky,indent +8,5,0.9526,5,0.9514,False,True,True,512,512,0,-0.0013,True
TokenSequenceMatcherITest.testTokenSequenceMatcherAll,5,non-flaky,spaces to tabs,5,0.9526,5,0.9518,False,True,True,512,512,0,-0.0009,True
TokenSequenceMatcherITest.testTokenSequenceMatcherAll,5,non-flaky,tabs to spaces,5,0.9526,5,0.9526,False,True,True,512,512,0,0.0,True
TokenSequenceMatcherITest.testTokenSequenceMatcherAll,5,non-flaky,strip indent,5,0.9526,4,0.7999,True,True,False,512,512,0,-0.1527,True
TokenSequenceMatcherITest.testTokenSequenceMatcherAll,5,non-flaky,add blank lines,5,0.9526,5,0.9525,False,True,True,512,512,0,-0.0001,True
TokenSequenceMatcherITest.testTokenSequenceMatcherAll,5,non-flaky,remove blank lines,5,0.9526,5,0.9526,False,True,True,512,512,0,-0.0,True
TokenSequenceMatcherITest.testTokenSequenceMatcherAll,5,non-flaky,trailing newline,5,0.9526,5,0.9526,False,True,True,512,512,0,0.0,True
TokenSequenceMatcherITest.testTokenSequenceMatcherAll,5,non-flaky,trailing spaces,5,0.9526,5,0.9521,False,True,True,512,512,0,-0.0006,True
TokenSequenceMatcherITest.testTokenSequenceMatcherAll,5,non-flaky,CRLF endings,5,0.9526,5,0.9522,False,True,True,512,512,0,-0.0004,True
CallbackFutureTest.completed,5,non-flaky,indent +2,5,0.9507,5,0.9502,False,True,True,100,105,5,-0.0004,True
CallbackFutureTest.completed,5,non-flaky,indent +4,5,0.9507,5,0.9499,False,True,True,100,111,11,-0.0008,True
CallbackFutureTest.completed,5,non-flaky,indent +8,5,0.9507,5,0.9498,False,True,True,100,123,23,-0.0009,True
CallbackFutureTest.completed,5,non-flaky,spaces to tabs,5,0.9507,5,0.9485,False,True,True,100,52,-48,-0.0022,True
CallbackFutureTest.completed,5,non-flaky,tabs to spaces,5,0.9507,5,0.9503,False,True,True,100,99,-1,-0.0004,True
CallbackFutureTest.completed,5,non-flaky,strip indent,5,0.9507,4,0.9326,True,True,False,100,35,-65,-0.0181,True
CallbackFutureTest.completed,5,non-flaky,add blank lines,5,0.9507,5,0.95,False,True,True,100,99,-1,-0.0007,True
CallbackFutureTest.completed,5,non-flaky,remove blank lines,5,0.9507,5,0.9503,False,True,True,100,99,-1,-0.0004,True
CallbackFutureTest.completed,5,non-flaky,trailing newline,5,0.9507,5,0.9502,False,True,True,100,100,0,-0.0005,True
CallbackFutureTest.completed,5,non-flaky,trailing spaces,5,0.9507,5,0.949,False,True,True,100,103,3,-0.0016,True
CallbackFutureTest.completed,5,non-flaky,CRLF endings,5,0.9507,5,0.9506,False,True,True,100,104,4,-0.0001,True
MapTypeClusterIntegrationTest.testQueries,5,non-flaky,indent +2,5,0.9526,5,0.9522,False,True,True,512,512,0,-0.0004,True
MapTypeClusterIntegrationTest.testQueries,5,non-flaky,indent +4,5,0.9526,5,0.9521,False,True,True,512,512,0,-0.0005,True
MapTypeClusterIntegrationTest.testQueries,5,non-flaky,indent +8,5,0.9526,5,0.9515,False,True,True,512,512,0,-0.0011,True
MapTypeClusterIntegrationTest.testQueries,5,non-flaky,spaces to tabs,5,0.9526,5,0.9513,False,True,True,512,512,0,-0.0013,True
MapTypeClusterIntegrationTest.testQueries,5,non-flaky,tabs to spaces,5,0.9526,5,0.9526,False,True,True,512,512,0,0.0,True
MapTypeClusterIntegrationTest.testQueries,5,non-flaky,strip indent,5,0.9526,3,0.7994,True,True,False,512,512,0,-0.1532,True
MapTypeClusterIntegrationTest.testQueries,5,non-flaky,add blank lines,5,0.9526,5,0.9527,False,True,True,512,512,0,0.0001,True
MapTypeClusterIntegrationTest.testQueries,5,non-flaky,remove blank lines,5,0.9526,5,0.9526,False,True,True,512,512,0,-0.0,True
MapTypeClusterIntegrationTest.testQueries,5,non-flaky,trailing newline,5,0.9526,5,0.9526,False,True,True,512,512,0,0.0,True
MapTypeClusterIntegrationTest.testQueries,5,non-flaky,trailing spaces,5,0.9526,5,0.9522,False,True,True,512,512,0,-0.0004,True
MapTypeClusterIntegrationTest.testQueries,5,non-flaky,CRLF endings,5,0.9526,5,0.9523,False,True,True,512,512,0,-0.0003,True
TestViewfsWithNfs3.testNfsWriteNN2,5,non-flaky,indent +2,5,0.9469,5,0.9491,False,True,True,114,123,9,0.0022,True
TestViewfsWithNfs3.testNfsWriteNN2,5,non-flaky,indent +4,5,0.9469,5,0.9505,False,True,True,114,133,19,0.0036,True
TestViewfsWithNfs3.testNfsWriteNN2,5,non-flaky,indent +8,5,0.9469,5,0.9507,False,True,True,114,153,39,0.0038,True
TestViewfsWithNfs3.testNfsWriteNN2,5,non-flaky,spaces to tabs,5,0.9469,5,0.9403,False,True,True,114,107,-7,-0.0066,True
TestViewfsWithNfs3.testNfsWriteNN2,5,non-flaky,tabs to spaces,5,0.9469,5,0.9468,False,True,True,114,113,-1,-0.0,True
TestViewfsWithNfs3.testNfsWriteNN2,5,non-flaky,strip indent,5,0.9469,4,0.6649,True,True,False,114,101,-13,-0.2819,True
TestViewfsWithNfs3.testNfsWriteNN2,5,non-flaky,add blank lines,5,0.9469,5,0.9482,False,True,True,114,113,-1,0.0013,True
TestViewfsWithNfs3.testNfsWriteNN2,5,non-flaky,remove blank lines,5,0.9469,5,0.9468,False,True,True,114,113,-1,-0.0,True
TestViewfsWithNfs3.testNfsWriteNN2,5,non-flaky,trailing newline,5,0.9469,5,0.9472,False,True,True,114,114,0,0.0004,True
TestViewfsWithNfs3.testNfsWriteNN2,5,non-flaky,trailing spaces,5,0.9469,5,0.9479,False,True,True,114,119,5,0.0011,True
TestViewfsWithNfs3.testNfsWriteNN2,5,non-flaky,CRLF endings,5,0.9469,5,0.9481,False,True,True,114,120,6,0.0012,True
KafkaLogProcessorPipelineTest.testMetricsAppender,5,non-flaky,indent +2,5,0.9514,5,0.9512,False,True,True,512,512,0,-0.0001,True
KafkaLogProcessorPipelineTest.testMetricsAppender,5,non-flaky,indent +4,5,0.9514,5,0.9509,False,True,True,512,512,0,-0.0005,True
KafkaLogProcessorPipelineTest.testMetricsAppender,5,non-flaky,indent +8,5,0.9514,5,0.9505,False,True,True,512,512,0,-0.0009,True
KafkaLogProcessorPipelineTest.testMetricsAppender,5,non-flaky,spaces to tabs,5,0.9514,5,0.9494,False,True,True,512,512,0,-0.002,True
KafkaLogProcessorPipelineTest.testMetricsAppender,5,non-flaky,tabs to spaces,5,0.9514,5,0.9514,False,True,True,512,512,0,0.0,True
KafkaLogProcessorPipelineTest.testMetricsAppender,5,non-flaky,strip indent,5,0.9514,0,0.8841,True,True,False,512,512,0,-0.0673,True
KafkaLogProcessorPipelineTest.testMetricsAppender,5,non-flaky,add blank lines,5,0.9514,5,0.9517,False,True,True,512,512,0,0.0004,True
KafkaLogProcessorPipelineTest.testMetricsAppender,5,non-flaky,remove blank lines,5,0.9514,5,0.9512,False,True,True,512,512,0,-0.0001,True
KafkaLogProcessorPipelineTest.testMetricsAppender,5,non-flaky,trailing newline,5,0.9514,5,0.9514,False,True,True,512,512,0,0.0,True
KafkaLogProcessorPipelineTest.testMetricsAppender,5,non-flaky,trailing spaces,5,0.9514,5,0.9513,False,True,True,512,512,0,-0.0001,True
KafkaLogProcessorPipelineTest.testMetricsAppender,5,non-flaky,CRLF endings,5,0.9514,5,0.9517,False,True,True,512,512,0,0.0003,True
DateUtilsTestCase.testParseFirefoxDate,5,non-flaky,indent +2,5,0.9503,5,0.9497,False,True,True,198,232,34,-0.0006,True
DateUtilsTestCase.testParseFirefoxDate,5,non-flaky,indent +4,5,0.9503,5,0.9496,False,True,True,198,262,64,-0.0007,True
DateUtilsTestCase.testParseFirefoxDate,5,non-flaky,indent +8,5,0.9503,5,0.9493,False,True,True,198,322,124,-0.0011,True
DateUtilsTestCase.testParseFirefoxDate,5,non-flaky,spaces to tabs,5,0.9503,5,0.948,False,True,True,198,159,-39,-0.0024,True
DateUtilsTestCase.testParseFirefoxDate,5,non-flaky,tabs to spaces,5,0.9503,5,0.9495,False,True,True,198,197,-1,-0.0009,True
DateUtilsTestCase.testParseFirefoxDate,5,non-flaky,strip indent,5,0.9503,2,0.7659,True,True,False,198,146,-52,-0.1845,True
DateUtilsTestCase.testParseFirefoxDate,5,non-flaky,add blank lines,5,0.9503,5,0.949,False,True,True,198,202,4,-0.0014,True
DateUtilsTestCase.testParseFirefoxDate,5,non-flaky,remove blank lines,5,0.9503,5,0.9498,False,True,True,198,196,-2,-0.0005,True
DateUtilsTestCase.testParseFirefoxDate,5,non-flaky,trailing newline,5,0.9503,5,0.9498,False,True,True,198,198,0,-0.0006,True
DateUtilsTestCase.testParseFirefoxDate,5,non-flaky,trailing spaces,5,0.9503,5,0.9495,False,True,True,198,218,20,-0.0009,True
DateUtilsTestCase.testParseFirefoxDate,5,non-flaky,CRLF endings,5,0.9503,5,0.9501,False,True,True,198,219,21,-0.0002,True
KafkaConnectSinkTest.subscriptionTypeTest,5,non-flaky,indent +2,5,0.9509,5,0.9507,False,True,True,512,512,0,-0.0002,True
KafkaConnectSinkTest.subscriptionTypeTest,5,non-flaky,indent +4,5,0.9509,5,0.9505,False,True,True,512,512,0,-0.0004,True
KafkaConnectSinkTest.subscriptionTypeTest,5,non-flaky,indent +8,5,0.9509,5,0.95,False,True,True,512,512,0,-0.0008,True
KafkaConnectSinkTest.subscriptionTypeTest,5,non-flaky,spaces to tabs,5,0.9509,5,0.9504,False,True,True,512,456,-56,-0.0004,True
KafkaConnectSinkTest.subscriptionTypeTest,5,non-flaky,tabs to spaces,5,0.9509,5,0.9509,False,True,True,512,512,0,0.0,True
KafkaConnectSinkTest.subscriptionTypeTest,5,non-flaky,strip indent,5,0.9509,0,0.8476,True,True,False,512,376,-136,-0.1033,True
KafkaConnectSinkTest.subscriptionTypeTest,5,non-flaky,add blank lines,5,0.9509,5,0.9511,False,True,True,512,512,0,0.0002,True
KafkaConnectSinkTest.subscriptionTypeTest,5,non-flaky,remove blank lines,5,0.9509,5,0.9509,False,True,True,512,512,0,0.0,True
KafkaConnectSinkTest.subscriptionTypeTest,5,non-flaky,trailing newline,5,0.9509,5,0.9509,False,True,True,512,512,0,0.0,True
KafkaConnectSinkTest.subscriptionTypeTest,5,non-flaky,trailing spaces,5,0.9509,5,0.9506,False,True,True,512,512,0,-0.0003,True
KafkaConnectSinkTest.subscriptionTypeTest,5,non-flaky,CRLF endings,5,0.9509,5,0.951,False,True,True,512,512,0,0.0001,True
RemoteClusterConnectionTests.run,5,non-flaky,indent +2,5,0.9502,5,0.9503,False,True,True,512,512,0,0.0001,True
RemoteClusterConnectionTests.run,5,non-flaky,indent +4,5,0.9502,5,0.9502,False,True,True,512,512,0,-0.0,True
RemoteClusterConnectionTests.run,5,non-flaky,indent +8,5,0.9502,5,0.9499,False,True,True,512,512,0,-0.0003,True
RemoteClusterConnectionTests.run,5,non-flaky,spaces to tabs,5,0.9502,5,0.9496,False,True,True,512,512,0,-0.0005,True
RemoteClusterConnectionTests.run,5,non-flaky,tabs to spaces,5,0.9502,5,0.9502,False,True,True,512,512,0,0.0,True
RemoteClusterConnectionTests.run,5,non-flaky,strip indent,5,0.9502,0,0.9155,True,True,False,512,512,0,-0.0347,True
RemoteClusterConnectionTests.run,5,non-flaky,add blank lines,5,0.9502,5,0.9503,False,True,True,512,512,0,0.0002,True
RemoteClusterConnectionTests.run,5,non-flaky,remove blank lines,5,0.9502,5,0.9502,False,True,True,512,512,0,0.0,True
RemoteClusterConnectionTests.run,5,non-flaky,trailing newline,5,0.9502,5,0.9502,False,True,True,512,512,0,0.0,True
RemoteClusterConnectionTests.run,5,non-flaky,trailing spaces,5,0.9502,5,0.95,False,True,True,512,512,0,-0.0002,True
RemoteClusterConnectionTests.run,5,non-flaky,CRLF endings,5,0.9502,5,0.9503,False,True,True,512,512,0,0.0001,True
IgniteBinaryTest.testReadingSchemalessIgniteBinaries,5,non-flaky,indent +2,5,0.9517,5,0.9505,False,True,True,385,426,41,-0.0012,True
IgniteBinaryTest.testReadingSchemalessIgniteBinaries,5,non-flaky,indent +4,5,0.9517,5,0.9507,False,True,True,385,464,79,-0.001,True
IgniteBinaryTest.testReadingSchemalessIgniteBinaries,5,non-flaky,indent +8,5,0.9517,5,0.9502,False,True,True,385,512,127,-0.0015,True
IgniteBinaryTest.testReadingSchemalessIgniteBinaries,5,non-flaky,spaces to tabs,5,0.9517,5,0.9494,False,True,True,385,275,-110,-0.0023,True
IgniteBinaryTest.testReadingSchemalessIgniteBinaries,5,non-flaky,tabs to spaces,5,0.9517,5,0.9513,False,True,True,385,384,-1,-0.0004,True
IgniteBinaryTest.testReadingSchemalessIgniteBinaries,5,non-flaky,strip indent,5,0.9517,0,0.669,True,True,False,385,237,-148,-0.2827,True
IgniteBinaryTest.testReadingSchemalessIgniteBinaries,5,non-flaky,add blank lines,5,0.9517,5,0.9514,False,True,True,385,388,3,-0.0003,True
IgniteBinaryTest.testReadingSchemalessIgniteBinaries,5,non-flaky,remove blank lines,5,0.9517,5,0.9512,False,True,True,385,384,-1,-0.0005,True
IgniteBinaryTest.testReadingSchemalessIgniteBinaries,5,non-flaky,trailing newline,5,0.9517,5,0.9513,False,True,True,385,385,0,-0.0004,True
IgniteBinaryTest.testReadingSchemalessIgniteBinaries,5,non-flaky,trailing spaces,5,0.9517,5,0.9498,False,True,True,385,408,23,-0.002,True
IgniteBinaryTest.testReadingSchemalessIgniteBinaries,5,non-flaky,CRLF endings,5,0.9517,5,0.9516,False,True,True,385,409,24,-0.0001,True
BaseDynamicPartitionPruningTest.testJoinWithEmptyBuildSide,5,non-flaky,indent +2,5,0.952,5,0.9518,False,True,True,503,512,9,-0.0001,True
BaseDynamicPartitionPruningTest.testJoinWithEmptyBuildSide,5,non-flaky,indent +4,5,0.952,5,0.9516,False,True,True,503,512,9,-0.0004,True
BaseDynamicPartitionPruningTest.testJoinWithEmptyBuildSide,5,non-flaky,indent +8,5,0.952,5,0.9512,False,True,True,503,512,9,-0.0008,True
BaseDynamicPartitionPruningTest.testJoinWithEmptyBuildSide,5,non-flaky,spaces to tabs,5,0.952,5,0.9511,False,True,True,503,403,-100,-0.0009,True
BaseDynamicPartitionPruningTest.testJoinWithEmptyBuildSide,5,non-flaky,tabs to spaces,5,0.952,5,0.9517,False,True,True,503,502,-1,-0.0002,True
BaseDynamicPartitionPruningTest.testJoinWithEmptyBuildSide,5,non-flaky,strip indent,5,0.952,0,0.5734,True,True,False,503,366,-137,-0.3786,True
BaseDynamicPartitionPruningTest.testJoinWithEmptyBuildSide,5,non-flaky,add blank lines,5,0.952,5,0.9516,False,True,True,503,505,2,-0.0003,True
BaseDynamicPartitionPruningTest.testJoinWithEmptyBuildSide,5,non-flaky,remove blank lines,5,0.952,5,0.9517,False,True,True,503,502,-1,-0.0003,True
BaseDynamicPartitionPruningTest.testJoinWithEmptyBuildSide,5,non-flaky,trailing newline,5,0.952,5,0.9517,False,True,True,503,503,0,-0.0002,True
BaseDynamicPartitionPruningTest.testJoinWithEmptyBuildSide,5,non-flaky,trailing spaces,5,0.952,5,0.9515,False,True,True,503,512,9,-0.0004,True
BaseDynamicPartitionPruningTest.testJoinWithEmptyBuildSide,5,non-flaky,CRLF endings,5,0.952,5,0.9521,False,True,True,503,512,9,0.0001,True
NetworkUtilsAddressParsingTestCase.testIpV6AddressToLarge,5,non-flaky,indent +2,5,0.9504,5,0.9509,False,True,True,81,86,5,0.0005,True
NetworkUtilsAddressParsingTestCase.testIpV6AddressToLarge,5,non-flaky,indent +4,5,0.9504,5,0.9511,False,True,True,81,92,11,0.0007,True
NetworkUtilsAddressParsingTestCase.testIpV6AddressToLarge,5,non-flaky,indent +8,5,0.9504,5,0.9514,False,True,True,81,104,23,0.001,True
NetworkUtilsAddressParsingTestCase.testIpV6AddressToLarge,5,non-flaky,spaces to tabs,5,0.9504,5,0.9404,False,True,True,81,69,-12,-0.01,True
NetworkUtilsAddressParsingTestCase.testIpV6AddressToLarge,5,non-flaky,tabs to spaces,5,0.9504,5,0.9505,False,True,True,81,80,-1,0.0001,True
NetworkUtilsAddressParsingTestCase.testIpV6AddressToLarge,5,non-flaky,strip indent,5,0.9504,4,0.9277,True,True,False,81,64,-17,-0.0227,True
NetworkUtilsAddressParsingTestCase.testIpV6AddressToLarge,5,non-flaky,add blank lines,5,0.9504,5,0.9503,False,True,True,81,80,-1,-0.0001,True
NetworkUtilsAddressParsingTestCase.testIpV6AddressToLarge,5,non-flaky,remove blank lines,5,0.9504,5,0.9505,False,True,True,81,80,-1,0.0001,True
NetworkUtilsAddressParsingTestCase.testIpV6AddressToLarge,5,non-flaky,trailing newline,5,0.9504,5,0.9505,False,True,True,81,81,0,0.0001,True
NetworkUtilsAddressParsingTestCase.testIpV6AddressToLarge,5,non-flaky,trailing spaces,5,0.9504,5,0.9514,False,True,True,81,84,3,0.001,True
NetworkUtilsAddressParsingTestCase.testIpV6AddressToLarge,5,non-flaky,CRLF endings,5,0.9504,5,0.9506,False,True,True,81,85,4,0.0002,True
ReactiveCouchbaseTemplateQueryCollectionIntegrationTests.findFromReplicasById,5,non-flaky,indent +2,5,0.9499,5,0.9498,False,True,True,215,236,21,-0.0001,True
ReactiveCouchbaseTemplateQueryCollectionIntegrationTests.findFromReplicasById,5,non-flaky,indent +4,5,0.9499,5,0.9498,False,True,True,215,258,43,-0.0001,True
ReactiveCouchbaseTemplateQueryCollectionIntegrationTests.findFromReplicasById,5,non-flaky,indent +8,5,0.9499,5,0.9497,False,True,True,215,302,87,-0.0002,True
ReactiveCouchbaseTemplateQueryCollectionIntegrationTests.findFromReplicasById,5,non-flaky,spaces to tabs,5,0.9499,5,0.9493,False,True,True,215,214,-1,-0.0006,True
ReactiveCouchbaseTemplateQueryCollectionIntegrationTests.findFromReplicasById,5,non-flaky,tabs to spaces,5,0.9499,5,0.9504,False,True,True,215,281,66,0.0005,True
ReactiveCouchbaseTemplateQueryCollectionIntegrationTests.findFromReplicasById,5,non-flaky,strip indent,5,0.9499,0,0.8784,True,True,False,215,187,-28,-0.0715,True
ReactiveCouchbaseTemplateQueryCollectionIntegrationTests.findFromReplicasById,5,non-flaky,add blank lines,5,0.9499,5,0.9493,False,True,True,215,214,-1,-0.0006,True
ReactiveCouchbaseTemplateQueryCollectionIntegrationTests.findFromReplicasById,5,non-flaky,remove blank lines,5,0.9499,5,0.9493,False,True,True,215,214,-1,-0.0006,True
ReactiveCouchbaseTemplateQueryCollectionIntegrationTests.findFromReplicasById,5,non-flaky,trailing newline,5,0.9499,5,0.9495,False,True,True,215,215,0,-0.0004,True
ReactiveCouchbaseTemplateQueryCollectionIntegrationTests.findFromReplicasById,5,non-flaky,trailing spaces,5,0.9499,5,0.9499,False,True,True,215,226,11,0.0,True
ReactiveCouchbaseTemplateQueryCollectionIntegrationTests.findFromReplicasById,5,non-flaky,CRLF endings,5,0.9499,5,0.9506,False,True,True,215,227,12,0.0007,True
TestNetworkTopology.testRacks,5,non-flaky,indent +2,5,0.9526,5,0.9529,False,True,True,213,230,17,0.0003,True
TestNetworkTopology.testRacks,5,non-flaky,indent +4,5,0.9526,5,0.9524,False,True,True,213,248,35,-0.0001,True
TestNetworkTopology.testRacks,5,non-flaky,indent +8,5,0.9526,5,0.9524,False,True,True,213,284,71,-0.0002,True
TestNetworkTopology.testRacks,5,non-flaky,spaces to tabs,5,0.9526,5,0.9511,False,True,True,213,198,-15,-0.0015,True
TestNetworkTopology.testRacks,5,non-flaky,tabs to spaces,5,0.9526,5,0.9524,False,True,True,213,212,-1,-0.0002,True
TestNetworkTopology.testRacks,5,non-flaky,strip indent,5,0.9526,3,0.8363,True,True,False,213,188,-25,-0.1163,True
TestNetworkTopology.testRacks,5,non-flaky,add blank lines,5,0.9526,5,0.953,False,True,True,213,212,-1,0.0004,True
TestNetworkTopology.testRacks,5,non-flaky,remove blank lines,5,0.9526,5,0.9524,False,True,True,213,212,-1,-0.0002,True
TestNetworkTopology.testRacks,5,non-flaky,trailing newline,5,0.9526,5,0.9525,False,True,True,213,213,0,-0.0001,True
TestNetworkTopology.testRacks,5,non-flaky,trailing spaces,5,0.9526,5,0.9523,False,True,True,213,222,9,-0.0003,True
TestNetworkTopology.testRacks,5,non-flaky,CRLF endings,5,0.9526,5,0.9527,False,True,True,213,223,10,0.0002,True
TestKafkaSystemAdminWithMock.testGetSystemStreamMetaDataWithInvalidTopic,5,non-flaky,indent +2,5,0.9474,5,0.9503,False,True,True,94,103,9,0.0029,True
TestKafkaSystemAdminWithMock.testGetSystemStreamMetaDataWithInvalidTopic,5,non-flaky,indent +4,5,0.9474,5,0.9508,False,True,True,94,113,19,0.0033,True
TestKafkaSystemAdminWithMock.testGetSystemStreamMetaDataWithInvalidTopic,5,non-flaky,indent +8,5,0.9474,5,0.9513,False,True,True,94,133,39,0.0039,True
TestKafkaSystemAdminWithMock.testGetSystemStreamMetaDataWithInvalidTopic,5,non-flaky,spaces to tabs,5,0.9474,5,0.9406,False,True,True,94,84,-10,-0.0068,True
TestKafkaSystemAdminWithMock.testGetSystemStreamMetaDataWithInvalidTopic,5,non-flaky,tabs to spaces,5,0.9474,5,0.9477,False,True,True,94,93,-1,0.0003,True
TestKafkaSystemAdminWithMock.testGetSystemStreamMetaDataWithInvalidTopic,5,non-flaky,strip indent,5,0.9474,4,0.9473,True,True,False,94,77,-17,-0.0001,True
TestKafkaSystemAdminWithMock.testGetSystemStreamMetaDataWithInvalidTopic,5,non-flaky,add blank lines,5,0.9474,5,0.9485,False,True,True,94,93,-1,0.0011,True
TestKafkaSystemAdminWithMock.testGetSystemStreamMetaDataWithInvalidTopic,5,non-flaky,remove blank lines,5,0.9474,5,0.9477,False,True,True,94,93,-1,0.0003,True
TestKafkaSystemAdminWithMock.testGetSystemStreamMetaDataWithInvalidTopic,5,non-flaky,trailing newline,5,0.9474,5,0.9479,False,True,True,94,94,0,0.0005,True
TestKafkaSystemAdminWithMock.testGetSystemStreamMetaDataWithInvalidTopic,5,non-flaky,trailing spaces,5,0.9474,5,0.9492,False,True,True,94,99,5,0.0018,True
TestKafkaSystemAdminWithMock.testGetSystemStreamMetaDataWithInvalidTopic,5,non-flaky,CRLF endings,5,0.9474,5,0.9481,False,True,True,94,100,6,0.0007,True
TestKafkaCheckpointManager.testCreateResourcesTopicCreationError,5,non-flaky,indent +2,5,0.9476,5,0.9503,False,True,True,151,168,17,0.0026,True
TestKafkaCheckpointManager.testCreateResourcesTopicCreationError,5,non-flaky,indent +4,5,0.9476,5,0.9512,False,True,True,151,186,35,0.0035,True
TestKafkaCheckpointManager.testCreateResourcesTopicCreationError,5,non-flaky,indent +8,5,0.9476,5,0.9515,False,True,True,151,222,71,0.0038,True
TestKafkaCheckpointManager.testCreateResourcesTopicCreationError,5,non-flaky,spaces to tabs,5,0.9476,5,0.9398,False,True,True,151,136,-15,-0.0079,True
TestKafkaCheckpointManager.testCreateResourcesTopicCreationError,5,non-flaky,tabs to spaces,5,0.9476,5,0.9478,False,True,True,151,150,-1,0.0001,True
TestKafkaCheckpointManager.testCreateResourcesTopicCreationError,5,non-flaky,strip indent,5,0.9476,4,0.9375,True,True,False,151,125,-26,-0.0102,True
TestKafkaCheckpointManager.testCreateResourcesTopicCreationError,5,non-flaky,add blank lines,5,0.9476,5,0.9494,False,True,True,151,150,-1,0.0018,True
TestKafkaCheckpointManager.testCreateResourcesTopicCreationError,5,non-flaky,remove blank lines,5,0.9476,5,0.9478,False,True,True,151,150,-1,0.0001,True
TestKafkaCheckpointManager.testCreateResourcesTopicCreationError,5,non-flaky,trailing newline,5,0.9476,5,0.948,False,True,True,151,151,0,0.0003,True
TestKafkaCheckpointManager.testCreateResourcesTopicCreationError,5,non-flaky,trailing spaces,5,0.9476,5,0.9489,False,True,True,151,160,9,0.0012,True
TestKafkaCheckpointManager.testCreateResourcesTopicCreationError,5,non-flaky,CRLF endings,5,0.9476,5,0.949,False,True,True,151,161,10,0.0014,True
OfflineClusterIntegrationTest.testServerErrorWithBrokerTimeout,5,non-flaky,indent +2,5,0.9473,5,0.949,False,True,True,253,293,40,0.0016,True
OfflineClusterIntegrationTest.testServerErrorWithBrokerTimeout,5,non-flaky,indent +4,5,0.9473,5,0.9493,False,True,True,253,331,78,0.0019,True
OfflineClusterIntegrationTest.testServerErrorWithBrokerTimeout,5,non-flaky,indent +8,5,0.9473,5,0.9487,False,True,True,253,407,154,0.0014,True
OfflineClusterIntegrationTest.testServerErrorWithBrokerTimeout,5,non-flaky,spaces to tabs,5,0.9473,5,0.9461,False,True,True,253,223,-30,-0.0012,True
OfflineClusterIntegrationTest.testServerErrorWithBrokerTimeout,5,non-flaky,tabs to spaces,5,0.9473,5,0.9467,False,True,True,253,252,-1,-0.0006,True
OfflineClusterIntegrationTest.testServerErrorWithBrokerTimeout,5,non-flaky,strip indent,5,0.9473,2,0.7587,True,True,False,253,209,-44,-0.1886,True
OfflineClusterIntegrationTest.testServerErrorWithBrokerTimeout,5,non-flaky,add blank lines,5,0.9473,5,0.9477,False,True,True,253,255,2,0.0004,True
OfflineClusterIntegrationTest.testServerErrorWithBrokerTimeout,5,non-flaky,remove blank lines,5,0.9473,5,0.946,False,True,True,253,252,-1,-0.0014,True
OfflineClusterIntegrationTest.testServerErrorWithBrokerTimeout,5,non-flaky,trailing newline,5,0.9473,5,0.9468,False,True,True,253,253,0,-0.0005,True
OfflineClusterIntegrationTest.testServerErrorWithBrokerTimeout,5,non-flaky,trailing spaces,5,0.9473,5,0.947,False,True,True,253,275,22,-0.0004,True
OfflineClusterIntegrationTest.testServerErrorWithBrokerTimeout,5,non-flaky,CRLF endings,5,0.9473,5,0.9465,False,True,True,253,276,23,-0.0008,True
AbstractReferenceCountedByteBufTest.testReleaseErrorMessage,5,non-flaky,indent +2,5,0.9519,5,0.951,False,True,True,179,198,19,-0.0009,True
AbstractReferenceCountedByteBufTest.testReleaseErrorMessage,5,non-flaky,indent +4,5,0.9519,5,0.9508,False,True,True,179,218,39,-0.0011,True
AbstractReferenceCountedByteBufTest.testReleaseErrorMessage,5,non-flaky,indent +8,5,0.9519,5,0.9503,False,True,True,179,258,79,-0.0016,True
AbstractReferenceCountedByteBufTest.testReleaseErrorMessage,5,non-flaky,spaces to tabs,5,0.9519,5,0.9504,False,True,True,179,123,-56,-0.0015,True
AbstractReferenceCountedByteBufTest.testReleaseErrorMessage,5,non-flaky,tabs to spaces,5,0.9519,5,0.9512,False,True,True,179,178,-1,-0.0007,True
AbstractReferenceCountedByteBufTest.testReleaseErrorMessage,5,non-flaky,strip indent,5,0.9519,4,0.8188,True,True,False,179,101,-78,-0.133,True
AbstractReferenceCountedByteBufTest.testReleaseErrorMessage,5,non-flaky,add blank lines,5,0.9519,5,0.9512,False,True,True,179,178,-1,-0.0006,True
AbstractReferenceCountedByteBufTest.testReleaseErrorMessage,5,non-flaky,remove blank lines,5,0.9519,5,0.9512,False,True,True,179,178,-1,-0.0007,True
AbstractReferenceCountedByteBufTest.testReleaseErrorMessage,5,non-flaky,trailing newline,5,0.9519,5,0.9513,False,True,True,179,179,0,-0.0005,True
AbstractReferenceCountedByteBufTest.testReleaseErrorMessage,5,non-flaky,trailing spaces,5,0.9519,5,0.9502,False,True,True,179,189,10,-0.0016,True
AbstractReferenceCountedByteBufTest.testReleaseErrorMessage,5,non-flaky,CRLF endings,5,0.9519,5,0.9516,False,True,True,179,190,11,-0.0002,True
OfflineClusterIntegrationTest.testCaseInsensitivityWithColumnNameContainsTableName,5,non-flaky,indent +2,5,0.9513,5,0.9512,False,True,True,512,512,0,-0.0,True
OfflineClusterIntegrationTest.testCaseInsensitivityWithColumnNameContainsTableName,5,non-flaky,indent +4,5,0.9513,5,0.9508,False,True,True,512,512,0,-0.0005,True
OfflineClusterIntegrationTest.testCaseInsensitivityWithColumnNameContainsTableName,5,non-flaky,indent +8,5,0.9513,5,0.9508,False,True,True,512,512,0,-0.0004,True
OfflineClusterIntegrationTest.testCaseInsensitivityWithColumnNameContainsTableName,5,non-flaky,spaces to tabs,5,0.9513,5,0.9504,False,True,True,512,512,0,-0.0008,True
OfflineClusterIntegrationTest.testCaseInsensitivityWithColumnNameContainsTableName,5,non-flaky,tabs to spaces,5,0.9513,5,0.9513,False,True,True,512,512,0,0.0,True
OfflineClusterIntegrationTest.testCaseInsensitivityWithColumnNameContainsTableName,5,non-flaky,strip indent,5,0.9513,2,0.7819,True,True,False,512,512,0,-0.1694,True
OfflineClusterIntegrationTest.testCaseInsensitivityWithColumnNameContainsTableName,5,non-flaky,add blank lines,5,0.9513,5,0.9517,False,True,True,512,512,0,0.0004,True
OfflineClusterIntegrationTest.testCaseInsensitivityWithColumnNameContainsTableName,5,non-flaky,remove blank lines,5,0.9513,5,0.9513,False,True,True,512,512,0,0.0,True
OfflineClusterIntegrationTest.testCaseInsensitivityWithColumnNameContainsTableName,5,non-flaky,trailing newline,5,0.9513,5,0.9513,False,True,True,512,512,0,0.0,True
OfflineClusterIntegrationTest.testCaseInsensitivityWithColumnNameContainsTableName,5,non-flaky,trailing spaces,5,0.9513,5,0.9508,False,True,True,512,512,0,-0.0005,True
OfflineClusterIntegrationTest.testCaseInsensitivityWithColumnNameContainsTableName,5,non-flaky,CRLF endings,5,0.9513,5,0.951,False,True,True,512,512,0,-0.0002,True
NetworkUtilsAddressParsingTestCase.testIpV4AddressMultipleDots,5,non-flaky,indent +2,5,0.95,5,0.9507,False,True,True,66,71,5,0.0007,True
NetworkUtilsAddressParsingTestCase.testIpV4AddressMultipleDots,5,non-flaky,indent +4,5,0.95,5,0.9509,False,True,True,66,77,11,0.001,True
NetworkUtilsAddressParsingTestCase.testIpV4AddressMultipleDots,5,non-flaky,indent +8,5,0.95,5,0.9512,False,True,True,66,89,23,0.0012,True
NetworkUtilsAddressParsingTestCase.testIpV4AddressMultipleDots,5,non-flaky,spaces to tabs,5,0.95,5,0.9391,False,True,True,66,54,-12,-0.0108,True
NetworkUtilsAddressParsingTestCase.testIpV4AddressMultipleDots,5,non-flaky,tabs to spaces,5,0.95,5,0.95,False,True,True,66,65,-1,0.0,True
NetworkUtilsAddressParsingTestCase.testIpV4AddressMultipleDots,5,non-flaky,strip indent,5,0.95,4,0.9405,True,True,False,66,49,-17,-0.0094,True
NetworkUtilsAddressParsingTestCase.testIpV4AddressMultipleDots,5,non-flaky,add blank lines,5,0.95,5,0.9501,False,True,True,66,65,-1,0.0002,True
NetworkUtilsAddressParsingTestCase.testIpV4AddressMultipleDots,5,non-flaky,remove blank lines,5,0.95,5,0.95,False,True,True,66,65,-1,0.0,True
NetworkUtilsAddressParsingTestCase.testIpV4AddressMultipleDots,5,non-flaky,trailing newline,5,0.95,5,0.95,False,True,True,66,66,0,0.0,True
NetworkUtilsAddressParsingTestCase.testIpV4AddressMultipleDots,5,non-flaky,trailing spaces,5,0.95,5,0.9509,False,True,True,66,69,3,0.0009,True
NetworkUtilsAddressParsingTestCase.testIpV4AddressMultipleDots,5,non-flaky,CRLF endings,5,0.95,5,0.9502,False,True,True,66,70,4,0.0002,True
MovingAverageIterableTest.testMissingDaysAtBegining,5,non-flaky,indent +2,5,0.9523,5,0.9522,False,True,True,512,512,0,-0.0001,True
MovingAverageIterableTest.testMissingDaysAtBegining,5,non-flaky,indent +4,5,0.9523,5,0.9522,False,True,True,512,512,0,-0.0001,True
MovingAverageIterableTest.testMissingDaysAtBegining,5,non-flaky,indent +8,5,0.9523,5,0.952,False,True,True,512,512,0,-0.0003,True
MovingAverageIterableTest.testMissingDaysAtBegining,5,non-flaky,spaces to tabs,5,0.9523,5,0.9519,False,True,True,512,512,0,-0.0003,True
MovingAverageIterableTest.testMissingDaysAtBegining,5,non-flaky,tabs to spaces,5,0.9523,5,0.9523,False,True,True,512,512,0,0.0,True
MovingAverageIterableTest.testMissingDaysAtBegining,5,non-flaky,strip indent,5,0.9523,3,0.8494,True,True,False,512,512,0,-0.1029,True
MovingAverageIterableTest.testMissingDaysAtBegining,5,non-flaky,add blank lines,5,0.9523,5,0.9523,False,True,True,512,512,0,0.0001,True
MovingAverageIterableTest.testMissingDaysAtBegining,5,non-flaky,remove blank lines,5,0.9523,5,0.9522,False,True,True,512,512,0,-0.0001,True
MovingAverageIterableTest.testMissingDaysAtBegining,5,non-flaky,trailing newline,5,0.9523,5,0.9523,False,True,True,512,512,0,0.0,True
MovingAverageIterableTest.testMissingDaysAtBegining,5,non-flaky,trailing spaces,5,0.9523,5,0.9521,False,True,True,512,512,0,-0.0001,True
MovingAverageIterableTest.testMissingDaysAtBegining,5,non-flaky,CRLF endings,5,0.9523,5,0.9525,False,True,True,512,512,0,0.0003,True
ReactiveCouchbaseTemplateQueryCollectionIntegrationTests.findFromReplicasByIdOther,5,non-flaky,indent +2,5,0.9494,5,0.9495,False,True,True,221,244,23,0.0002,True
ReactiveCouchbaseTemplateQueryCollectionIntegrationTests.findFromReplicasByIdOther,5,non-flaky,indent +4,5,0.9494,5,0.9493,False,True,True,221,268,47,-0.0001,True
ReactiveCouchbaseTemplateQueryCollectionIntegrationTests.findFromReplicasByIdOther,5,non-flaky,indent +8,5,0.9494,5,0.9495,False,True,True,221,316,95,0.0001,True
ReactiveCouchbaseTemplateQueryCollectionIntegrationTests.findFromReplicasByIdOther,5,non-flaky,spaces to tabs,5,0.9494,5,0.949,False,True,True,221,220,-1,-0.0004,True
ReactiveCouchbaseTemplateQueryCollectionIntegrationTests.findFromReplicasByIdOther,5,non-flaky,tabs to spaces,5,0.9494,5,0.9503,False,True,True,221,298,77,0.0009,True
ReactiveCouchbaseTemplateQueryCollectionIntegrationTests.findFromReplicasByIdOther,5,non-flaky,strip indent,5,0.9494,0,0.9029,True,True,False,221,189,-32,-0.0464,True
ReactiveCouchbaseTemplateQueryCollectionIntegrationTests.findFromReplicasByIdOther,5,non-flaky,add blank lines,5,0.9494,5,0.949,False,True,True,221,220,-1,-0.0004,True
ReactiveCouchbaseTemplateQueryCollectionIntegrationTests.findFromReplicasByIdOther,5,non-flaky,remove blank lines,5,0.9494,5,0.949,False,True,True,221,220,-1,-0.0004,True
ReactiveCouchbaseTemplateQueryCollectionIntegrationTests.findFromReplicasByIdOther,5,non-flaky,trailing newline,5,0.9494,5,0.9491,False,True,True,221,221,0,-0.0003,True
ReactiveCouchbaseTemplateQueryCollectionIntegrationTests.findFromReplicasByIdOther,5,non-flaky,trailing spaces,5,0.9494,5,0.9499,False,True,True,221,233,12,0.0005,True
ReactiveCouchbaseTemplateQueryCollectionIntegrationTests.findFromReplicasByIdOther,5,non-flaky,CRLF endings,5,0.9494,5,0.9505,False,True,True,221,234,13,0.0011,True
TokenSequenceMatcherITest.testTokenSequenceMatcher2,5,non-flaky,indent +2,5,0.9523,5,0.9521,False,True,True,512,512,0,-0.0002,True
TokenSequenceMatcherITest.testTokenSequenceMatcher2,5,non-flaky,indent +4,5,0.9523,5,0.9516,False,True,True,512,512,0,-0.0008,True
TokenSequenceMatcherITest.testTokenSequenceMatcher2,5,non-flaky,indent +8,5,0.9523,5,0.9511,False,True,True,512,512,0,-0.0013,True
TokenSequenceMatcherITest.testTokenSequenceMatcher2,5,non-flaky,spaces to tabs,5,0.9523,5,0.952,False,True,True,512,512,0,-0.0003,True
TokenSequenceMatcherITest.testTokenSequenceMatcher2,5,non-flaky,tabs to spaces,5,0.9523,5,0.9523,False,True,True,512,512,0,0.0,True
TokenSequenceMatcherITest.testTokenSequenceMatcher2,5,non-flaky,strip indent,5,0.9523,3,0.6506,True,True,False,512,512,0,-0.3017,True
TokenSequenceMatcherITest.testTokenSequenceMatcher2,5,non-flaky,add blank lines,5,0.9523,5,0.9523,False,True,True,512,512,0,-0.0,True
TokenSequenceMatcherITest.testTokenSequenceMatcher2,5,non-flaky,remove blank lines,5,0.9523,5,0.9523,False,True,True,512,512,0,0.0,True
TokenSequenceMatcherITest.testTokenSequenceMatcher2,5,non-flaky,trailing newline,5,0.9523,5,0.9523,False,True,True,512,512,0,0.0,True
TokenSequenceMatcherITest.testTokenSequenceMatcher2,5,non-flaky,trailing spaces,5,0.9523,5,0.9521,False,True,True,512,512,0,-0.0002,True
TokenSequenceMatcherITest.testTokenSequenceMatcher2,5,non-flaky,CRLF endings,5,0.9523,5,0.9525,False,True,True,512,512,0,0.0001,True
BaseConnectorSmokeTest.verifySupportsDeleteDeclaration,5,non-flaky,indent +2,5,0.9527,5,0.9523,False,True,True,211,235,24,-0.0004,True
BaseConnectorSmokeTest.verifySupportsDeleteDeclaration,5,non-flaky,indent +4,5,0.9527,5,0.9522,False,True,True,211,259,48,-0.0006,True
BaseConnectorSmokeTest.verifySupportsDeleteDeclaration,5,non-flaky,indent +8,5,0.9527,5,0.9514,False,True,True,211,307,96,-0.0013,True
BaseConnectorSmokeTest.verifySupportsDeleteDeclaration,5,non-flaky,spaces to tabs,5,0.9527,5,0.9503,False,True,True,211,153,-58,-0.0025,True
BaseConnectorSmokeTest.verifySupportsDeleteDeclaration,5,non-flaky,tabs to spaces,5,0.9527,5,0.9526,False,True,True,211,210,-1,-0.0001,True
BaseConnectorSmokeTest.verifySupportsDeleteDeclaration,5,non-flaky,strip indent,5,0.9527,4,0.8969,True,True,False,211,131,-80,-0.0558,True
BaseConnectorSmokeTest.verifySupportsDeleteDeclaration,5,non-flaky,add blank lines,5,0.9527,5,0.9524,False,True,True,211,211,0,-0.0003,True
BaseConnectorSmokeTest.verifySupportsDeleteDeclaration,5,non-flaky,remove blank lines,5,0.9527,5,0.9526,False,True,True,211,210,-1,-0.0001,True
BaseConnectorSmokeTest.verifySupportsDeleteDeclaration,5,non-flaky,trailing newline,5,0.9527,5,0.9526,False,True,True,211,211,0,-0.0001,True
BaseConnectorSmokeTest.verifySupportsDeleteDeclaration,5,non-flaky,trailing spaces,5,0.9527,5,0.9518,False,True,True,211,224,13,-0.0009,True
BaseConnectorSmokeTest.verifySupportsDeleteDeclaration,5,non-flaky,CRLF endings,5,0.9527,5,0.9528,False,True,True,211,225,14,0.0001,True
RedisCacheConfigTest.testInvalidClusterNodePort65536,5,non-flaky,indent +2,5,0.9528,5,0.9523,False,True,True,229,265,36,-0.0005,True
RedisCacheConfigTest.testInvalidClusterNodePort65536,5,non-flaky,indent +4,5,0.9528,5,0.9518,False,True,True,229,301,72,-0.001,True
RedisCacheConfigTest.testInvalidClusterNodePort65536,5,non-flaky,indent +8,5,0.9528,5,0.9513,False,True,True,229,373,144,-0.0015,True
RedisCacheConfigTest.testInvalidClusterNodePort65536,5,non-flaky,spaces to tabs,5,0.9528,5,0.9504,False,True,True,229,177,-52,-0.0024,True
RedisCacheConfigTest.testInvalidClusterNodePort65536,5,non-flaky,tabs to spaces,5,0.9528,5,0.9526,False,True,True,229,228,-1,-0.0002,True
RedisCacheConfigTest.testInvalidClusterNodePort65536,5,non-flaky,strip indent,5,0.9528,4,0.9174,True,True,False,229,152,-77,-0.0354,True
RedisCacheConfigTest.testInvalidClusterNodePort65536,5,non-flaky,add blank lines,5,0.9528,5,0.9523,False,True,True,229,229,0,-0.0005,True
RedisCacheConfigTest.testInvalidClusterNodePort65536,5,non-flaky,remove blank lines,5,0.9528,5,0.9526,False,True,True,229,228,-1,-0.0002,True
RedisCacheConfigTest.testInvalidClusterNodePort65536,5,non-flaky,trailing newline,5,0.9528,5,0.9526,False,True,True,229,229,0,-0.0002,True
RedisCacheConfigTest.testInvalidClusterNodePort65536,5,non-flaky,trailing spaces,5,0.9528,5,0.9522,False,True,True,229,248,19,-0.0006,True
RedisCacheConfigTest.testInvalidClusterNodePort65536,5,non-flaky,CRLF endings,5,0.9528,5,0.9526,False,True,True,229,249,20,-0.0002,True
ConfigServicePropertySourceLocatorTests.checkInterceptorHasNoAuthorizationHeaderPresent,5,non-flaky,indent +2,5,0.9504,5,0.9519,False,True,True,273,304,31,0.0015,True
ConfigServicePropertySourceLocatorTests.checkInterceptorHasNoAuthorizationHeaderPresent,5,non-flaky,indent +4,5,0.9504,5,0.952,False,True,True,273,336,63,0.0016,True
ConfigServicePropertySourceLocatorTests.checkInterceptorHasNoAuthorizationHeaderPresent,5,non-flaky,indent +8,5,0.9504,5,0.951,False,True,True,273,400,127,0.0006,True
ConfigServicePropertySourceLocatorTests.checkInterceptorHasNoAuthorizationHeaderPresent,5,non-flaky,spaces to tabs,5,0.9504,5,0.9502,False,True,True,273,272,-1,-0.0002,True
ConfigServicePropertySourceLocatorTests.checkInterceptorHasNoAuthorizationHeaderPresent,5,non-flaky,tabs to spaces,5,0.9504,5,0.9518,False,True,True,273,383,110,0.0014,True
ConfigServicePropertySourceLocatorTests.checkInterceptorHasNoAuthorizationHeaderPresent,5,non-flaky,strip indent,5,0.9504,4,0.8709,True,True,False,273,229,-44,-0.0795,True
ConfigServicePropertySourceLocatorTests.checkInterceptorHasNoAuthorizationHeaderPresent,5,non-flaky,add blank lines,5,0.9504,5,0.9503,False,True,True,273,272,-1,-0.0001,True
ConfigServicePropertySourceLocatorTests.checkInterceptorHasNoAuthorizationHeaderPresent,5,non-flaky,remove blank lines,5,0.9504,5,0.9502,False,True,True,273,272,-1,-0.0002,True
ConfigServicePropertySourceLocatorTests.checkInterceptorHasNoAuthorizationHeaderPresent,5,non-flaky,trailing newline,5,0.9504,5,0.9502,False,True,True,273,273,0,-0.0001,True
ConfigServicePropertySourceLocatorTests.checkInterceptorHasNoAuthorizationHeaderPresent,5,non-flaky,trailing spaces,5,0.9504,5,0.9512,False,True,True,273,289,16,0.0009,True
ConfigServicePropertySourceLocatorTests.checkInterceptorHasNoAuthorizationHeaderPresent,5,non-flaky,CRLF endings,5,0.9504,5,0.9509,False,True,True,273,290,17,0.0005,True
AppYamlValidatorTest.testValidateRuntime_notJavaRuntime,5,non-flaky,indent +2,5,0.9509,5,0.952,False,True,True,126,137,11,0.0011,True
AppYamlValidatorTest.testValidateRuntime_notJavaRuntime,5,non-flaky,indent +4,5,0.9509,5,0.9519,False,True,True,126,149,23,0.0011,True
AppYamlValidatorTest.testValidateRuntime_notJavaRuntime,5,non-flaky,indent +8,5,0.9509,5,0.9516,False,True,True,126,173,47,0.0008,True
AppYamlValidatorTest.testValidateRuntime_notJavaRuntime,5,non-flaky,spaces to tabs,5,0.9509,5,0.9473,False,True,True,126,117,-9,-0.0036,True
AppYamlValidatorTest.testValidateRuntime_notJavaRuntime,5,non-flaky,tabs to spaces,5,0.9509,5,0.9513,False,True,True,126,125,-1,0.0004,True
AppYamlValidatorTest.testValidateRuntime_notJavaRuntime,5,non-flaky,strip indent,5,0.9509,4,0.9154,True,True,False,126,110,-16,-0.0355,True
AppYamlValidatorTest.testValidateRuntime_notJavaRuntime,5,non-flaky,add blank lines,5,0.9509,5,0.9516,False,True,True,126,125,-1,0.0007,True
AppYamlValidatorTest.testValidateRuntime_notJavaRuntime,5,non-flaky,remove blank lines,5,0.9509,5,0.9513,False,True,True,126,125,-1,0.0004,True
AppYamlValidatorTest.testValidateRuntime_notJavaRuntime,5,non-flaky,trailing newline,5,0.9509,5,0.9515,False,True,True,126,126,0,0.0006,True
AppYamlValidatorTest.testValidateRuntime_notJavaRuntime,5,non-flaky,trailing spaces,5,0.9509,5,0.9517,False,True,True,126,132,6,0.0008,True
AppYamlValidatorTest.testValidateRuntime_notJavaRuntime,5,non-flaky,CRLF endings,5,0.9509,5,0.9512,False,True,True,126,133,7,0.0004,True
RollingLocationLogAppenderTest.testFileClose,5,non-flaky,indent +2,5,0.9514,5,0.9509,False,True,True,512,512,0,-0.0005,True
RollingLocationLogAppenderTest.testFileClose,5,non-flaky,indent +4,5,0.9514,5,0.9508,False,True,True,512,512,0,-0.0006,True
RollingLocationLogAppenderTest.testFileClose,5,non-flaky,indent +8,5,0.9514,5,0.9502,False,True,True,512,512,0,-0.0012,True
RollingLocationLogAppenderTest.testFileClose,5,non-flaky,spaces to tabs,5,0.9514,5,0.9478,False,True,True,512,416,-96,-0.0036,True
RollingLocationLogAppenderTest.testFileClose,5,non-flaky,tabs to spaces,5,0.9514,5,0.9514,False,True,True,512,512,0,0.0,True
RollingLocationLogAppenderTest.testFileClose,5,non-flaky,strip indent,5,0.9514,4,0.9167,True,True,False,512,363,-149,-0.0347,True
RollingLocationLogAppenderTest.testFileClose,5,non-flaky,add blank lines,5,0.9514,5,0.9515,False,True,True,512,512,0,0.0001,True
RollingLocationLogAppenderTest.testFileClose,5,non-flaky,remove blank lines,5,0.9514,5,0.9512,False,True,True,512,512,0,-0.0001,True
RollingLocationLogAppenderTest.testFileClose,5,non-flaky,trailing newline,5,0.9514,5,0.9514,False,True,True,512,512,0,0.0,True
RollingLocationLogAppenderTest.testFileClose,5,non-flaky,trailing spaces,5,0.9514,5,0.9508,False,True,True,512,512,0,-0.0006,True
RollingLocationLogAppenderTest.testFileClose,5,non-flaky,CRLF endings,5,0.9514,5,0.9512,False,True,True,512,512,0,-0.0002,True
ArrayTestTest.arrayArrayOfIntegerTest,5,non-flaky,indent +2,5,0.9512,5,0.9515,False,True,True,43,48,5,0.0003,True
ArrayTestTest.arrayArrayOfIntegerTest,5,non-flaky,indent +4,5,0.9512,5,0.9517,False,True,True,43,54,11,0.0005,True
ArrayTestTest.arrayArrayOfIntegerTest,5,non-flaky,indent +8,5,0.9512,5,0.9512,False,True,True,43,66,23,-0.0,True
ArrayTestTest.arrayArrayOfIntegerTest,5,non-flaky,spaces to tabs,5,0.9512,5,0.9478,False,True,True,43,31,-12,-0.0034,True
ArrayTestTest.arrayArrayOfIntegerTest,5,non-flaky,tabs to spaces,5,0.9512,5,0.9517,False,True,True,43,42,-1,0.0005,True
ArrayTestTest.arrayArrayOfIntegerTest,5,non-flaky,strip indent,5,0.9512,4,0.7681,True,True,False,43,26,-17,-0.1831,True
ArrayTestTest.arrayArrayOfIntegerTest,5,non-flaky,add blank lines,5,0.9512,5,0.9512,False,True,True,43,42,-1,0.0,True
ArrayTestTest.arrayArrayOfIntegerTest,5,non-flaky,remove blank lines,5,0.9512,5,0.9517,False,True,True,43,42,-1,0.0005,True
ArrayTestTest.arrayArrayOfIntegerTest,5,non-flaky,trailing newline,5,0.9512,5,0.9517,False,True,True,43,43,0,0.0005,True
ArrayTestTest.arrayArrayOfIntegerTest,5,non-flaky,trailing spaces,5,0.9512,5,0.9514,False,True,True,43,46,3,0.0002,True
ArrayTestTest.arrayArrayOfIntegerTest,5,non-flaky,CRLF endings,5,0.9512,5,0.9514,False,True,True,43,47,4,0.0002,True
DynamicEndpointTest.testDynamicProgramaticEndpoint,5,non-flaky,indent +2,5,0.9515,5,0.9509,False,True,True,229,249,20,-0.0005,True
DynamicEndpointTest.testDynamicProgramaticEndpoint,5,non-flaky,indent +4,5,0.9515,5,0.9511,False,True,True,229,269,40,-0.0004,True
DynamicEndpointTest.testDynamicProgramaticEndpoint,5,non-flaky,indent +8,5,0.9515,5,0.9507,False,True,True,229,309,80,-0.0008,True
DynamicEndpointTest.testDynamicProgramaticEndpoint,5,non-flaky,spaces to tabs,5,0.9515,5,0.9463,False,True,True,229,188,-41,-0.0052,True
DynamicEndpointTest.testDynamicProgramaticEndpoint,5,non-flaky,tabs to spaces,5,0.9515,5,0.9512,False,True,True,229,228,-1,-0.0002,True
DynamicEndpointTest.testDynamicProgramaticEndpoint,5,non-flaky,strip indent,5,0.9515,0,0.777,True,True,False,229,172,-57,-0.1745,True
DynamicEndpointTest.testDynamicProgramaticEndpoint,5,non-flaky,add blank lines,5,0.9515,5,0.9513,False,True,True,229,229,0,-0.0001,True
DynamicEndpointTest.testDynamicProgramaticEndpoint,5,non-flaky,remove blank lines,5,0.9515,5,0.9512,False,True,True,229,228,-1,-0.0003,True
DynamicEndpointTest.testDynamicProgramaticEndpoint,5,non-flaky,trailing newline,5,0.9515,5,0.9512,False,True,True,229,229,0,-0.0002,True
DynamicEndpointTest.testDynamicProgramaticEndpoint,5,non-flaky,trailing spaces,5,0.9515,5,0.9504,False,True,True,229,240,11,-0.0011,True
DynamicEndpointTest.testDynamicProgramaticEndpoint,5,non-flaky,CRLF endings,5,0.9515,5,0.9514,False,True,True,229,241,12,-0.0001,True
KafkaAbstractSourceTest.testInvalidConfigWillThrownException,5,non-flaky,indent +2,5,0.9508,5,0.9508,False,True,True,512,512,0,-0.0,True
KafkaAbstractSourceTest.testInvalidConfigWillThrownException,5,non-flaky,indent +4,5,0.9508,5,0.9506,False,True,True,512,512,0,-0.0001,True
KafkaAbstractSourceTest.testInvalidConfigWillThrownException,5,non-flaky,indent +8,5,0.9508,5,0.9504,False,True,True,512,512,0,-0.0004,True
KafkaAbstractSourceTest.testInvalidConfigWillThrownException,5,non-flaky,spaces to tabs,5,0.9508,5,0.9503,False,True,True,512,512,0,-0.0005,True
KafkaAbstractSourceTest.testInvalidConfigWillThrownException,5,non-flaky,tabs to spaces,5,0.9508,5,0.9508,False,True,True,512,512,0,0.0,True
KafkaAbstractSourceTest.testInvalidConfigWillThrownException,5,non-flaky,strip indent,5,0.9508,0,0.9069,True,True,False,512,480,-32,-0.0438,True
KafkaAbstractSourceTest.testInvalidConfigWillThrownException,5,non-flaky,add blank lines,5,0.9508,5,0.9507,False,True,True,512,512,0,-0.0001,True
KafkaAbstractSourceTest.testInvalidConfigWillThrownException,5,non-flaky,remove blank lines,5,0.9508,5,0.9508,False,True,True,512,512,0,0.0,True
KafkaAbstractSourceTest.testInvalidConfigWillThrownException,5,non-flaky,trailing newline,5,0.9508,5,0.9508,False,True,True,512,512,0,0.0,True
KafkaAbstractSourceTest.testInvalidConfigWillThrownException,5,non-flaky,trailing spaces,5,0.9508,5,0.9509,False,True,True,512,512,0,0.0001,True
KafkaAbstractSourceTest.testInvalidConfigWillThrownException,5,non-flaky,CRLF endings,5,0.9508,5,0.9508,False,True,True,512,512,0,0.0001,True
TestNetworkTopology.testSortByDistance,5,non-flaky,indent +2,5,0.9522,5,0.9523,False,True,True,512,512,0,0.0002,True
TestNetworkTopology.testSortByDistance,5,non-flaky,indent +4,5,0.9522,5,0.952,False,True,True,512,512,0,-0.0002,True
TestNetworkTopology.testSortByDistance,5,non-flaky,indent +8,5,0.9522,5,0.9517,False,True,True,512,512,0,-0.0005,True
TestNetworkTopology.testSortByDistance,5,non-flaky,spaces to tabs,5,0.9522,5,0.9516,False,True,True,512,512,0,-0.0005,True
TestNetworkTopology.testSortByDistance,5,non-flaky,tabs to spaces,5,0.9522,5,0.9522,False,True,True,512,512,0,0.0,True
TestNetworkTopology.testSortByDistance,5,non-flaky,strip indent,5,0.9522,3,0.6568,True,True,False,512,512,0,-0.2953,True
TestNetworkTopology.testSortByDistance,5,non-flaky,add blank lines,5,0.9522,5,0.9522,False,True,True,512,512,0,0.0,True
TestNetworkTopology.testSortByDistance,5,non-flaky,remove blank lines,5,0.9522,5,0.9523,False,True,True,512,512,0,0.0001,True
TestNetworkTopology.testSortByDistance,5,non-flaky,trailing newline,5,0.9522,5,0.9522,False,True,True,512,512,0,0.0,True
TestNetworkTopology.testSortByDistance,5,non-flaky,trailing spaces,5,0.9522,5,0.9517,False,True,True,512,512,0,-0.0005,True
TestNetworkTopology.testSortByDistance,5,non-flaky,CRLF endings,5,0.9522,5,0.9516,False,True,True,512,512,0,-0.0005,True
ReactiveCouchbaseTemplateQueryCollectionIntegrationTests.upsertByIdOther,5,non-flaky,indent +2,5,0.9498,5,0.9497,False,True,True,243,271,28,-0.0001,True
ReactiveCouchbaseTemplateQueryCollectionIntegrationTests.upsertByIdOther,5,non-flaky,indent +4,5,0.9498,5,0.9497,False,True,True,243,299,56,-0.0001,True
ReactiveCouchbaseTemplateQueryCollectionIntegrationTests.upsertByIdOther,5,non-flaky,indent +8,5,0.9498,5,0.9495,False,True,True,243,355,112,-0.0003,True
ReactiveCouchbaseTemplateQueryCollectionIntegrationTests.upsertByIdOther,5,non-flaky,spaces to tabs,5,0.9498,5,0.9493,False,True,True,243,242,-1,-0.0005,True
ReactiveCouchbaseTemplateQueryCollectionIntegrationTests.upsertByIdOther,5,non-flaky,tabs to spaces,5,0.9498,5,0.9504,False,True,True,243,324,81,0.0006,True
ReactiveCouchbaseTemplateQueryCollectionIntegrationTests.upsertByIdOther,5,non-flaky,strip indent,5,0.9498,2,0.5566,True,True,False,243,210,-33,-0.3932,True
ReactiveCouchbaseTemplateQueryCollectionIntegrationTests.upsertByIdOther,5,non-flaky,add blank lines,5,0.9498,5,0.9493,False,True,True,243,243,0,-0.0006,True
ReactiveCouchbaseTemplateQueryCollectionIntegrationTests.upsertByIdOther,5,non-flaky,remove blank lines,5,0.9498,5,0.9495,False,True,True,243,242,-1,-0.0004,True
ReactiveCouchbaseTemplateQueryCollectionIntegrationTests.upsertByIdOther,5,non-flaky,trailing newline,5,0.9498,5,0.9494,False,True,True,243,243,0,-0.0004,True
ReactiveCouchbaseTemplateQueryCollectionIntegrationTests.upsertByIdOther,5,non-flaky,trailing spaces,5,0.9498,5,0.9499,False,True,True,243,258,15,0.0001,True
ReactiveCouchbaseTemplateQueryCollectionIntegrationTests.upsertByIdOther,5,non-flaky,CRLF endings,5,0.9498,5,0.9504,False,True,True,243,259,16,0.0006,True
FQLCompareTest.endToEnd,5,non-flaky,indent +2,5,0.9523,5,0.9521,False,True,True,188,203,15,-0.0002,True
FQLCompareTest.endToEnd,5,non-flaky,indent +4,5,0.9523,5,0.9518,False,True,True,188,219,31,-0.0005,True
FQLCompareTest.endToEnd,5,non-flaky,indent +8,5,0.9523,5,0.9509,False,True,True,188,251,63,-0.0014,True
FQLCompareTest.endToEnd,5,non-flaky,spaces to tabs,5,0.9523,5,0.9511,False,True,True,188,154,-34,-0.0012,True
FQLCompareTest.endToEnd,5,non-flaky,tabs to spaces,5,0.9523,5,0.952,False,True,True,188,187,-1,-0.0003,True
FQLCompareTest.endToEnd,5,non-flaky,strip indent,5,0.9523,3,0.7143,True,True,False,188,140,-48,-0.238,True
FQLCompareTest.endToEnd,5,non-flaky,add blank lines,5,0.9523,5,0.9515,False,True,True,188,187,-1,-0.0008,True
FQLCompareTest.endToEnd,5,non-flaky,remove blank lines,5,0.9523,5,0.952,False,True,True,188,187,-1,-0.0003,True
FQLCompareTest.endToEnd,5,non-flaky,trailing newline,5,0.9523,5,0.952,False,True,True,188,188,0,-0.0003,True
FQLCompareTest.endToEnd,5,non-flaky,trailing spaces,5,0.9523,5,0.9519,False,True,True,188,196,8,-0.0004,True
FQLCompareTest.endToEnd,5,non-flaky,CRLF endings,5,0.9523,5,0.9524,False,True,True,188,197,9,0.0001,True
AsyncStreamingInputPlusTest.available_ClosedButWithBytes,5,non-flaky,indent +2,5,0.9511,5,0.9504,False,True,True,154,173,19,-0.0007,True
AsyncStreamingInputPlusTest.available_ClosedButWithBytes,5,non-flaky,indent +4,5,0.9511,5,0.9503,False,True,True,154,193,39,-0.0008,True
AsyncStreamingInputPlusTest.available_ClosedButWithBytes,5,non-flaky,indent +8,5,0.9511,5,0.95,False,True,True,154,233,79,-0.0011,True
AsyncStreamingInputPlusTest.available_ClosedButWithBytes,5,non-flaky,spaces to tabs,5,0.9511,5,0.9492,False,True,True,154,110,-44,-0.0019,True
AsyncStreamingInputPlusTest.available_ClosedButWithBytes,5,non-flaky,tabs to spaces,5,0.9511,5,0.9506,False,True,True,154,153,-1,-0.0005,True
AsyncStreamingInputPlusTest.available_ClosedButWithBytes,5,non-flaky,strip indent,5,0.9511,0,0.6322,True,True,False,154,92,-62,-0.3188,True
AsyncStreamingInputPlusTest.available_ClosedButWithBytes,5,non-flaky,add blank lines,5,0.9511,5,0.9509,False,True,True,154,153,-1,-0.0001,True
AsyncStreamingInputPlusTest.available_ClosedButWithBytes,5,non-flaky,remove blank lines,5,0.9511,5,0.9506,False,True,True,154,153,-1,-0.0005,True
AsyncStreamingInputPlusTest.available_ClosedButWithBytes,5,non-flaky,trailing newline,5,0.9511,5,0.9507,False,True,True,154,154,0,-0.0004,True
AsyncStreamingInputPlusTest.available_ClosedButWithBytes,5,non-flaky,trailing spaces,5,0.9511,5,0.9488,False,True,True,154,164,10,-0.0023,True
AsyncStreamingInputPlusTest.available_ClosedButWithBytes,5,non-flaky,CRLF endings,5,0.9511,5,0.9507,False,True,True,154,165,11,-0.0004,True
ActivateWatchTests.testDeactivateAndActivate,5,non-flaky,indent +2,5,0.9487,5,0.9474,False,True,True,512,512,0,-0.0013,True
ActivateWatchTests.testDeactivateAndActivate,5,non-flaky,indent +4,5,0.9487,5,0.9447,False,True,True,512,512,0,-0.0041,True
ActivateWatchTests.testDeactivateAndActivate,5,non-flaky,indent +8,5,0.9487,5,0.9379,False,True,True,512,512,0,-0.0109,True
ActivateWatchTests.testDeactivateAndActivate,5,non-flaky,spaces to tabs,5,0.9487,5,0.9466,False,True,True,512,512,0,-0.0021,True
ActivateWatchTests.testDeactivateAndActivate,5,non-flaky,tabs to spaces,5,0.9487,5,0.9487,False,True,True,512,512,0,0.0,True
ActivateWatchTests.testDeactivateAndActivate,5,non-flaky,strip indent,5,0.9487,0,0.8814,True,True,False,512,512,0,-0.0673,True
ActivateWatchTests.testDeactivateAndActivate,5,non-flaky,add blank lines,5,0.9487,5,0.9473,False,True,True,512,512,0,-0.0015,True
ActivateWatchTests.testDeactivateAndActivate,5,non-flaky,remove blank lines,5,0.9487,5,0.9487,False,True,True,512,512,0,-0.0001,True
ActivateWatchTests.testDeactivateAndActivate,5,non-flaky,trailing newline,5,0.9487,5,0.9487,False,True,True,512,512,0,0.0,True
ActivateWatchTests.testDeactivateAndActivate,5,non-flaky,trailing spaces,5,0.9487,5,0.9478,False,True,True,512,512,0,-0.0009,True
ActivateWatchTests.testDeactivateAndActivate,5,non-flaky,CRLF endings,5,0.9487,5,0.9464,False,True,True,512,512,0,-0.0024,True
PartitionDataStorageTest.testComputeDataIfAbsent,5,non-flaky,indent +2,5,0.9509,5,0.9497,False,True,True,208,241,33,-0.0012,True
PartitionDataStorageTest.testComputeDataIfAbsent,5,non-flaky,indent +4,5,0.9509,5,0.9495,False,True,True,208,271,63,-0.0014,True
PartitionDataStorageTest.testComputeDataIfAbsent,5,non-flaky,indent +8,5,0.9509,5,0.9492,False,True,True,208,331,123,-0.0017,True
PartitionDataStorageTest.testComputeDataIfAbsent,5,non-flaky,spaces to tabs,5,0.9509,5,0.9496,False,True,True,208,136,-72,-0.0013,True
PartitionDataStorageTest.testComputeDataIfAbsent,5,non-flaky,tabs to spaces,5,0.9509,5,0.9502,False,True,True,208,207,-1,-0.0007,True
PartitionDataStorageTest.testComputeDataIfAbsent,5,non-flaky,strip indent,5,0.9509,1,0.4329,True,True,False,208,112,-96,-0.518,True
PartitionDataStorageTest.testComputeDataIfAbsent,5,non-flaky,add blank lines,5,0.9509,5,0.9495,False,True,True,208,211,3,-0.0014,True
PartitionDataStorageTest.testComputeDataIfAbsent,5,non-flaky,remove blank lines,5,0.9509,5,0.9501,False,True,True,208,207,-1,-0.0008,True
PartitionDataStorageTest.testComputeDataIfAbsent,5,non-flaky,trailing newline,5,0.9509,5,0.9502,False,True,True,208,208,0,-0.0007,True
PartitionDataStorageTest.testComputeDataIfAbsent,5,non-flaky,trailing spaces,5,0.9509,5,0.9492,False,True,True,208,227,19,-0.0017,True
PartitionDataStorageTest.testComputeDataIfAbsent,5,non-flaky,CRLF endings,5,0.9509,5,0.9508,False,True,True,208,228,20,-0.0,True
MessagingServiceTest.listenPlainConnection,5,non-flaky,indent +2,5,0.9525,5,0.9516,False,True,True,150,161,11,-0.0008,True
MessagingServiceTest.listenPlainConnection,5,non-flaky,indent +4,5,0.9525,5,0.951,False,True,True,150,173,23,-0.0014,True
MessagingServiceTest.listenPlainConnection,5,non-flaky,indent +8,5,0.9525,5,0.9503,False,True,True,150,197,47,-0.0022,True
MessagingServiceTest.listenPlainConnection,5,non-flaky,spaces to tabs,5,0.9525,5,0.9497,False,True,True,150,90,-60,-0.0027,True
MessagingServiceTest.listenPlainConnection,5,non-flaky,tabs to spaces,5,0.9525,5,0.9521,False,True,True,150,149,-1,-0.0004,True
MessagingServiceTest.listenPlainConnection,5,non-flaky,strip indent,5,0.9525,4,0.7037,True,True,False,150,67,-83,-0.2488,True
MessagingServiceTest.listenPlainConnection,5,non-flaky,add blank lines,5,0.9525,5,0.9518,False,True,True,150,149,-1,-0.0006,True
MessagingServiceTest.listenPlainConnection,5,non-flaky,remove blank lines,5,0.9525,5,0.9521,False,True,True,150,149,-1,-0.0004,True
MessagingServiceTest.listenPlainConnection,5,non-flaky,trailing newline,5,0.9525,5,0.9522,False,True,True,150,150,0,-0.0003,True
MessagingServiceTest.listenPlainConnection,5,non-flaky,trailing spaces,5,0.9525,5,0.9514,False,True,True,150,156,6,-0.0011,True
MessagingServiceTest.listenPlainConnection,5,non-flaky,CRLF endings,5,0.9525,5,0.9522,False,True,True,150,157,7,-0.0003,True
TextUtilsTest.testEscapeHtmlBasic,5,non-flaky,indent +2,5,0.9522,5,0.9522,False,True,True,132,141,9,-0.0,True
TextUtilsTest.testEscapeHtmlBasic,5,non-flaky,indent +4,5,0.9522,5,0.9519,False,True,True,132,151,19,-0.0003,True
TextUtilsTest.testEscapeHtmlBasic,5,non-flaky,indent +8,5,0.9522,5,0.9516,False,True,True,132,171,39,-0.0007,True
TextUtilsTest.testEscapeHtmlBasic,5,non-flaky,spaces to tabs,5,0.9522,5,0.9505,False,True,True,132,110,-22,-0.0017,True
TextUtilsTest.testEscapeHtmlBasic,5,non-flaky,tabs to spaces,5,0.9522,5,0.9523,False,True,True,132,131,-1,0.0001,True
TextUtilsTest.testEscapeHtmlBasic,5,non-flaky,strip indent,5,0.9522,3,0.7934,True,True,False,132,101,-31,-0.1588,True
TextUtilsTest.testEscapeHtmlBasic,5,non-flaky,add blank lines,5,0.9522,5,0.9517,False,True,True,132,131,-1,-0.0005,True
TextUtilsTest.testEscapeHtmlBasic,5,non-flaky,remove blank lines,5,0.9522,5,0.9523,False,True,True,132,131,-1,0.0001,True
TextUtilsTest.testEscapeHtmlBasic,5,non-flaky,trailing newline,5,0.9522,5,0.9524,False,True,True,132,132,0,0.0002,True
TextUtilsTest.testEscapeHtmlBasic,5,non-flaky,trailing spaces,5,0.9522,5,0.9524,False,True,True,132,137,5,0.0002,True
TextUtilsTest.testEscapeHtmlBasic,5,non-flaky,CRLF endings,5,0.9522,5,0.9522,False,True,True,132,138,6,-0.0,True
AbstractTransactionTest.testSpecialValues,5,non-flaky,indent +2,5,0.9527,5,0.9523,False,True,True,198,217,19,-0.0005,True
AbstractTransactionTest.testSpecialValues,5,non-flaky,indent +4,5,0.9527,5,0.9521,False,True,True,198,237,39,-0.0006,True
AbstractTransactionTest.testSpecialValues,5,non-flaky,indent +8,5,0.9527,5,0.9514,False,True,True,198,277,79,-0.0014,True
AbstractTransactionTest.testSpecialValues,5,non-flaky,spaces to tabs,5,0.9527,5,0.9515,False,True,True,198,153,-45,-0.0012,True
AbstractTransactionTest.testSpecialValues,5,non-flaky,tabs to spaces,5,0.9527,5,0.9524,False,True,True,198,197,-1,-0.0003,True
AbstractTransactionTest.testSpecialValues,5,non-flaky,strip indent,5,0.9527,3,0.8511,True,True,False,198,134,-64,-0.1017,True
AbstractTransactionTest.testSpecialValues,5,non-flaky,add blank lines,5,0.9527,5,0.9519,False,True,True,198,197,-1,-0.0008,True
AbstractTransactionTest.testSpecialValues,5,non-flaky,remove blank lines,5,0.9527,5,0.9524,False,True,True,198,197,-1,-0.0003,True
AbstractTransactionTest.testSpecialValues,5,non-flaky,trailing newline,5,0.9527,5,0.9525,False,True,True,198,198,0,-0.0002,True
AbstractTransactionTest.testSpecialValues,5,non-flaky,trailing spaces,5,0.9527,5,0.9522,False,True,True,198,208,10,-0.0005,True
AbstractTransactionTest.testSpecialValues,5,non-flaky,CRLF endings,5,0.9527,5,0.9528,False,True,True,198,209,11,0.0001,True
JSONScannerTest.checkTime14,5,non-flaky,indent +2,5,0.9524,5,0.9528,False,True,True,512,512,0,0.0003,True
JSONScannerTest.checkTime14,5,non-flaky,indent +4,5,0.9524,5,0.9525,False,True,True,512,512,0,0.0001,True
JSONScannerTest.checkTime14,5,non-flaky,indent +8,5,0.9524,5,0.9519,False,True,True,512,512,0,-0.0005,True
JSONScannerTest.checkTime14,5,non-flaky,spaces to tabs,5,0.9524,5,0.9507,False,True,True,512,476,-36,-0.0017,True
JSONScannerTest.checkTime14,5,non-flaky,tabs to spaces,5,0.9524,5,0.9524,False,True,True,512,512,0,0.0,True
JSONScannerTest.checkTime14,5,non-flaky,strip indent,5,0.9524,4,0.4397,True,True,False,512,445,-67,-0.5127,True
JSONScannerTest.checkTime14,5,non-flaky,add blank lines,5,0.9524,5,0.9533,False,True,True,512,512,0,0.0008,True
JSONScannerTest.checkTime14,5,non-flaky,remove blank lines,5,0.9524,5,0.9523,False,True,True,512,512,0,-0.0001,True
JSONScannerTest.checkTime14,5,non-flaky,trailing newline,5,0.9524,5,0.9524,False,True,True,512,512,0,0.0,True
JSONScannerTest.checkTime14,5,non-flaky,trailing spaces,5,0.9524,5,0.9528,False,True,True,512,512,0,0.0003,True
JSONScannerTest.checkTime14,5,non-flaky,CRLF endings,5,0.9524,5,0.9523,False,True,True,512,512,0,-0.0002,True
SettingsNodeTest.testDefaults,5,non-flaky,indent +2,5,0.9519,5,0.952,False,True,True,74,83,9,0.0001,True
SettingsNodeTest.testDefaults,5,non-flaky,indent +4,5,0.9519,5,0.952,False,True,True,74,93,19,0.0001,True
SettingsNodeTest.testDefaults,5,non-flaky,indent +8,5,0.9519,5,0.951,False,True,True,74,113,39,-0.0009,True
SettingsNodeTest.testDefaults,5,non-flaky,spaces to tabs,5,0.9519,5,0.9485,False,True,True,74,55,-19,-0.0034,True
SettingsNodeTest.testDefaults,5,non-flaky,tabs to spaces,5,0.9519,5,0.9521,False,True,True,74,73,-1,0.0002,True
SettingsNodeTest.testDefaults,5,non-flaky,strip indent,5,0.9519,4,0.9141,True,True,False,74,47,-27,-0.0378,True
SettingsNodeTest.testDefaults,5,non-flaky,add blank lines,5,0.9519,5,0.9516,False,True,True,74,73,-1,-0.0003,True
SettingsNodeTest.testDefaults,5,non-flaky,remove blank lines,5,0.9519,5,0.9521,False,True,True,74,73,-1,0.0002,True
SettingsNodeTest.testDefaults,5,non-flaky,trailing newline,5,0.9519,5,0.9521,False,True,True,74,74,0,0.0002,True
SettingsNodeTest.testDefaults,5,non-flaky,trailing spaces,5,0.9519,5,0.9525,False,True,True,74,79,5,0.0006,True
SettingsNodeTest.testDefaults,5,non-flaky,CRLF endings,5,0.9519,5,0.9519,False,True,True,74,80,6,-0.0,True
FQLCompareTest.endToEndQueryFailures,5,non-flaky,indent +2,5,0.9525,5,0.9521,False,True,True,191,206,15,-0.0004,True
FQLCompareTest.endToEndQueryFailures,5,non-flaky,indent +4,5,0.9525,5,0.9515,False,True,True,191,222,31,-0.001,True
FQLCompareTest.endToEndQueryFailures,5,non-flaky,indent +8,5,0.9525,5,0.9508,False,True,True,191,254,63,-0.0017,True
FQLCompareTest.endToEndQueryFailures,5,non-flaky,spaces to tabs,5,0.9525,5,0.9512,False,True,True,191,157,-34,-0.0013,True
FQLCompareTest.endToEndQueryFailures,5,non-flaky,tabs to spaces,5,0.9525,5,0.9521,False,True,True,191,190,-1,-0.0004,True
FQLCompareTest.endToEndQueryFailures,5,non-flaky,strip indent,5,0.9525,3,0.6997,True,True,False,191,143,-48,-0.2528,True
FQLCompareTest.endToEndQueryFailures,5,non-flaky,add blank lines,5,0.9525,5,0.952,False,True,True,191,190,-1,-0.0005,True
FQLCompareTest.endToEndQueryFailures,5,non-flaky,remove blank lines,5,0.9525,5,0.9521,False,True,True,191,190,-1,-0.0004,True
FQLCompareTest.endToEndQueryFailures,5,non-flaky,trailing newline,5,0.9525,5,0.9522,False,True,True,191,191,0,-0.0003,True
FQLCompareTest.endToEndQueryFailures,5,non-flaky,trailing spaces,5,0.9525,5,0.9516,False,True,True,191,199,8,-0.0009,True
FQLCompareTest.endToEndQueryFailures,5,non-flaky,CRLF endings,5,0.9525,5,0.9527,False,True,True,191,200,9,0.0002,True
ByteBufUtilTest.equalsBufferSubsections,5,non-flaky,indent +2,5,0.952,5,0.9519,False,True,True,253,276,23,-0.0001,True
ByteBufUtilTest.equalsBufferSubsections,5,non-flaky,indent +4,5,0.952,5,0.9516,False,True,True,253,300,47,-0.0004,True
ByteBufUtilTest.equalsBufferSubsections,5,non-flaky,indent +8,5,0.952,5,0.9512,False,True,True,253,348,95,-0.0008,True
ByteBufUtilTest.equalsBufferSubsections,5,non-flaky,spaces to tabs,5,0.952,5,0.9508,False,True,True,253,196,-57,-0.0011,True
ByteBufUtilTest.equalsBufferSubsections,5,non-flaky,tabs to spaces,5,0.952,5,0.9518,False,True,True,253,252,-1,-0.0002,True
ByteBufUtilTest.equalsBufferSubsections,5,non-flaky,strip indent,5,0.952,3,0.5427,True,True,False,253,173,-80,-0.4092,True
ByteBufUtilTest.equalsBufferSubsections,5,non-flaky,add blank lines,5,0.952,5,0.9515,False,True,True,253,252,-1,-0.0004,True
ByteBufUtilTest.equalsBufferSubsections,5,non-flaky,remove blank lines,5,0.952,5,0.9518,False,True,True,253,252,-1,-0.0002,True
ByteBufUtilTest.equalsBufferSubsections,5,non-flaky,trailing newline,5,0.952,5,0.9519,False,True,True,253,253,0,-0.0001,True
ByteBufUtilTest.equalsBufferSubsections,5,non-flaky,trailing spaces,5,0.952,5,0.9515,False,True,True,253,265,12,-0.0005,True
ByteBufUtilTest.equalsBufferSubsections,5,non-flaky,CRLF endings,5,0.952,5,0.9519,False,True,True,253,266,13,-0.0001,True
KafkaConnectSinkTest.seekPauseResumeTest,5,non-flaky,indent +2,5,0.9509,5,0.9506,False,True,True,512,512,0,-0.0003,True
KafkaConnectSinkTest.seekPauseResumeTest,5,non-flaky,indent +4,5,0.9509,5,0.9503,False,True,True,512,512,0,-0.0006,True
KafkaConnectSinkTest.seekPauseResumeTest,5,non-flaky,indent +8,5,0.9509,5,0.9499,False,True,True,512,512,0,-0.001,True
KafkaConnectSinkTest.seekPauseResumeTest,5,non-flaky,spaces to tabs,5,0.9509,5,0.95,False,True,True,512,512,0,-0.0009,True
KafkaConnectSinkTest.seekPauseResumeTest,5,non-flaky,tabs to spaces,5,0.9509,5,0.9509,False,True,True,512,512,0,0.0,True
KafkaConnectSinkTest.seekPauseResumeTest,5,non-flaky,strip indent,5,0.9509,0,0.9136,True,True,False,512,447,-65,-0.0374,True
KafkaConnectSinkTest.seekPauseResumeTest,5,non-flaky,add blank lines,5,0.9509,5,0.951,False,True,True,512,512,0,0.0001,True
KafkaConnectSinkTest.seekPauseResumeTest,5,non-flaky,remove blank lines,5,0.9509,5,0.9508,False,True,True,512,512,0,-0.0001,True
KafkaConnectSinkTest.seekPauseResumeTest,5,non-flaky,trailing newline,5,0.9509,5,0.9509,False,True,True,512,512,0,0.0,True
KafkaConnectSinkTest.seekPauseResumeTest,5,non-flaky,trailing spaces,5,0.9509,5,0.9504,False,True,True,512,512,0,-0.0005,True
KafkaConnectSinkTest.seekPauseResumeTest,5,non-flaky,CRLF endings,5,0.9509,5,0.9513,False,True,True,512,512,0,0.0004,True
BucketNameValidatorTest.testValidation_endWithDot,5,non-flaky,indent +2,5,0.9436,5,0.9481,False,True,True,52,57,5,0.0044,True
BucketNameValidatorTest.testValidation_endWithDot,5,non-flaky,indent +4,5,0.9436,5,0.9492,False,True,True,52,63,11,0.0056,True
BucketNameValidatorTest.testValidation_endWithDot,5,non-flaky,indent +8,5,0.9436,5,0.9506,False,True,True,52,75,23,0.007,True
BucketNameValidatorTest.testValidation_endWithDot,5,non-flaky,spaces to tabs,5,0.9436,5,0.9372,False,True,True,52,49,-3,-0.0065,True
BucketNameValidatorTest.testValidation_endWithDot,5,non-flaky,tabs to spaces,5,0.9436,5,0.9429,False,True,True,52,51,-1,-0.0008,True
BucketNameValidatorTest.testValidation_endWithDot,5,non-flaky,strip indent,5,0.9436,4,0.9483,True,True,False,52,45,-7,0.0046,True
BucketNameValidatorTest.testValidation_endWithDot,5,non-flaky,add blank lines,5,0.9436,5,0.9419,False,True,True,52,51,-1,-0.0018,True
BucketNameValidatorTest.testValidation_endWithDot,5,non-flaky,remove blank lines,5,0.9436,5,0.9429,False,True,True,52,51,-1,-0.0008,True
BucketNameValidatorTest.testValidation_endWithDot,5,non-flaky,trailing newline,5,0.9436,5,0.9428,False,True,True,52,52,0,-0.0009,True
BucketNameValidatorTest.testValidation_endWithDot,5,non-flaky,trailing spaces,5,0.9436,5,0.9466,False,True,True,52,55,3,0.0029,True
BucketNameValidatorTest.testValidation_endWithDot,5,non-flaky,CRLF endings,5,0.9436,5,0.9449,False,True,True,52,56,4,0.0012,True
TestKafkaSystemDescriptor.testSDConfigsWithOverrides,5,non-flaky,indent +2,5,0.9528,5,0.9525,False,True,True,512,512,0,-0.0003,True
TestKafkaSystemDescriptor.testSDConfigsWithOverrides,5,non-flaky,indent +4,5,0.9528,5,0.9519,False,True,True,512,512,0,-0.0009,True
TestKafkaSystemDescriptor.testSDConfigsWithOverrides,5,non-flaky,indent +8,5,0.9528,5,0.9517,False,True,True,512,512,0,-0.0011,True
TestKafkaSystemDescriptor.testSDConfigsWithOverrides,5,non-flaky,spaces to tabs,5,0.9528,5,0.9517,False,True,True,512,512,0,-0.0011,True
TestKafkaSystemDescriptor.testSDConfigsWithOverrides,5,non-flaky,tabs to spaces,5,0.9528,5,0.9528,False,True,True,512,512,0,0.0,True
TestKafkaSystemDescriptor.testSDConfigsWithOverrides,5,non-flaky,strip indent,5,0.9528,0,0.452,True,True,False,512,512,0,-0.5009,True
TestKafkaSystemDescriptor.testSDConfigsWithOverrides,5,non-flaky,add blank lines,5,0.9528,5,0.9528,False,True,True,512,512,0,-0.0,True
TestKafkaSystemDescriptor.testSDConfigsWithOverrides,5,non-flaky,remove blank lines,5,0.9528,5,0.9528,False,True,True,512,512,0,-0.0,True
TestKafkaSystemDescriptor.testSDConfigsWithOverrides,5,non-flaky,trailing newline,5,0.9528,5,0.9528,False,True,True,512,512,0,0.0,True
TestKafkaSystemDescriptor.testSDConfigsWithOverrides,5,non-flaky,trailing spaces,5,0.9528,5,0.9526,False,True,True,512,512,0,-0.0002,True
TestKafkaSystemDescriptor.testSDConfigsWithOverrides,5,non-flaky,CRLF endings,5,0.9528,5,0.9529,False,True,True,512,512,0,0.0001,True
EnvironmentPrefixHelperTests.testKeysWithPrefixAndEscape,5,non-flaky,indent +2,5,0.9516,5,0.9533,False,True,True,109,120,11,0.0017,True
EnvironmentPrefixHelperTests.testKeysWithPrefixAndEscape,5,non-flaky,indent +4,5,0.9516,5,0.9533,False,True,True,109,132,23,0.0017,True
EnvironmentPrefixHelperTests.testKeysWithPrefixAndEscape,5,non-flaky,indent +8,5,0.9516,5,0.9528,False,True,True,109,156,47,0.0012,True
EnvironmentPrefixHelperTests.testKeysWithPrefixAndEscape,5,non-flaky,spaces to tabs,5,0.9516,5,0.9519,False,True,True,109,108,-1,0.0004,True
EnvironmentPrefixHelperTests.testKeysWithPrefixAndEscape,5,non-flaky,tabs to spaces,5,0.9516,5,0.953,False,True,True,109,139,30,0.0015,True
EnvironmentPrefixHelperTests.testKeysWithPrefixAndEscape,5,non-flaky,strip indent,5,0.9516,3,0.7796,True,True,False,109,95,-14,-0.1719,True
EnvironmentPrefixHelperTests.testKeysWithPrefixAndEscape,5,non-flaky,add blank lines,5,0.9516,5,0.9517,False,True,True,109,108,-1,0.0001,True
EnvironmentPrefixHelperTests.testKeysWithPrefixAndEscape,5,non-flaky,remove blank lines,5,0.9516,5,0.9519,False,True,True,109,108,-1,0.0004,True
EnvironmentPrefixHelperTests.testKeysWithPrefixAndEscape,5,non-flaky,trailing newline,5,0.9516,5,0.9518,False,True,True,109,109,0,0.0002,True
EnvironmentPrefixHelperTests.testKeysWithPrefixAndEscape,5,non-flaky,trailing spaces,5,0.9516,5,0.9525,False,True,True,109,115,6,0.0009,True
EnvironmentPrefixHelperTests.testKeysWithPrefixAndEscape,5,non-flaky,CRLF endings,5,0.9516,5,0.952,False,True,True,109,116,7,0.0004,True
V4JsonSchemaTest.testLoadingWithId,5,non-flaky,indent +2,5,0.9523,5,0.9519,False,True,True,172,185,13,-0.0004,True
V4JsonSchemaTest.testLoadingWithId,5,non-flaky,indent +4,5,0.9523,5,0.9518,False,True,True,172,199,27,-0.0005,True
V4JsonSchemaTest.testLoadingWithId,5,non-flaky,indent +8,5,0.9523,5,0.9518,False,True,True,172,227,55,-0.0006,True
V4JsonSchemaTest.testLoadingWithId,5,non-flaky,spaces to tabs,5,0.9523,5,0.9484,False,True,True,172,140,-32,-0.0039,True
V4JsonSchemaTest.testLoadingWithId,5,non-flaky,tabs to spaces,5,0.9523,5,0.9522,False,True,True,172,171,-1,-0.0001,True
V4JsonSchemaTest.testLoadingWithId,5,non-flaky,strip indent,5,0.9523,4,0.9235,True,True,False,172,127,-45,-0.0288,True
V4JsonSchemaTest.testLoadingWithId,5,non-flaky,add blank lines,5,0.9523,5,0.9517,False,True,True,172,171,-1,-0.0006,True
V4JsonSchemaTest.testLoadingWithId,5,non-flaky,remove blank lines,5,0.9523,5,0.9522,False,True,True,172,171,-1,-0.0001,True
V4JsonSchemaTest.testLoadingWithId,5,non-flaky,trailing newline,5,0.9523,5,0.9522,False,True,True,172,172,0,-0.0001,True
V4JsonSchemaTest.testLoadingWithId,5,non-flaky,trailing spaces,5,0.9523,5,0.9523,False,True,True,172,179,7,-0.0,True
V4JsonSchemaTest.testLoadingWithId,5,non-flaky,CRLF endings,5,0.9523,5,0.9524,False,True,True,172,180,8,0.0001,True
IgniteBinaryTest.testUnmarshalSchemalessIgniteBinaries,5,non-flaky,indent +2,5,0.952,5,0.9512,False,True,True,340,379,39,-0.0009,True
IgniteBinaryTest.testUnmarshalSchemalessIgniteBinaries,5,non-flaky,indent +4,5,0.952,5,0.9509,False,True,True,340,415,75,-0.0011,True
IgniteBinaryTest.testUnmarshalSchemalessIgniteBinaries,5,non-flaky,indent +8,5,0.952,5,0.9501,False,True,True,340,487,147,-0.0019,True
IgniteBinaryTest.testUnmarshalSchemalessIgniteBinaries,5,non-flaky,spaces to tabs,5,0.952,5,0.9496,False,True,True,340,240,-100,-0.0024,True
IgniteBinaryTest.testUnmarshalSchemalessIgniteBinaries,5,non-flaky,tabs to spaces,5,0.952,5,0.9516,False,True,True,340,339,-1,-0.0004,True
IgniteBinaryTest.testUnmarshalSchemalessIgniteBinaries,5,non-flaky,strip indent,5,0.952,0,0.4973,True,True,False,340,206,-134,-0.4547,True
IgniteBinaryTest.testUnmarshalSchemalessIgniteBinaries,5,non-flaky,add blank lines,5,0.952,5,0.9516,False,True,True,340,343,3,-0.0004,True
IgniteBinaryTest.testUnmarshalSchemalessIgniteBinaries,5,non-flaky,remove blank lines,5,0.952,5,0.9515,False,True,True,340,339,-1,-0.0005,True
IgniteBinaryTest.testUnmarshalSchemalessIgniteBinaries,5,non-flaky,trailing newline,5,0.952,5,0.9517,False,True,True,340,340,0,-0.0004,True
IgniteBinaryTest.testUnmarshalSchemalessIgniteBinaries,5,non-flaky,trailing spaces,5,0.952,5,0.9502,False,True,True,340,362,22,-0.0018,True
IgniteBinaryTest.testUnmarshalSchemalessIgniteBinaries,5,non-flaky,CRLF endings,5,0.952,5,0.952,False,True,True,340,363,23,-0.0,True
SinkTest.testSinkContext,5,non-flaky,indent +2,5,0.9511,5,0.9509,False,True,True,120,137,17,-0.0002,True
SinkTest.testSinkContext,5,non-flaky,indent +4,5,0.9511,5,0.951,False,True,True,120,153,33,-0.0002,True
SinkTest.testSinkContext,5,non-flaky,indent +8,5,0.9511,5,0.9501,False,True,True,120,185,65,-0.001,True
SinkTest.testSinkContext,5,non-flaky,spaces to tabs,5,0.9511,5,0.9448,False,True,True,120,94,-26,-0.0063,True
SinkTest.testSinkContext,5,non-flaky,tabs to spaces,5,0.9511,5,0.9513,False,True,True,120,119,-1,0.0002,True
SinkTest.testSinkContext,5,non-flaky,strip indent,5,0.9511,4,0.9263,True,True,False,120,85,-35,-0.0248,True
SinkTest.testSinkContext,5,non-flaky,add blank lines,5,0.9511,5,0.9513,False,True,True,120,121,1,0.0002,True
SinkTest.testSinkContext,5,non-flaky,remove blank lines,5,0.9511,5,0.9513,False,True,True,120,119,-1,0.0002,True
SinkTest.testSinkContext,5,non-flaky,trailing newline,5,0.9511,5,0.9514,False,True,True,120,120,0,0.0002,True
SinkTest.testSinkContext,5,non-flaky,trailing spaces,5,0.9511,5,0.951,False,True,True,120,130,10,-0.0001,True
SinkTest.testSinkContext,5,non-flaky,CRLF endings,5,0.9511,5,0.9511,False,True,True,120,131,11,0.0,True
SegmentPartitionLLCRealtimeClusterIntegrationTest.testPartitionRouting,5,non-flaky,indent +2,5,0.9527,5,0.9521,False,True,True,512,512,0,-0.0006,True
SegmentPartitionLLCRealtimeClusterIntegrationTest.testPartitionRouting,5,non-flaky,indent +4,5,0.9527,5,0.9518,False,True,True,512,512,0,-0.001,True
SegmentPartitionLLCRealtimeClusterIntegrationTest.testPartitionRouting,5,non-flaky,indent +8,5,0.9527,5,0.9513,False,True,True,512,512,0,-0.0014,True
SegmentPartitionLLCRealtimeClusterIntegrationTest.testPartitionRouting,5,non-flaky,spaces to tabs,5,0.9527,5,0.9519,False,True,True,512,495,-17,-0.0008,True
SegmentPartitionLLCRealtimeClusterIntegrationTest.testPartitionRouting,5,non-flaky,tabs to spaces,5,0.9527,5,0.9527,False,True,True,512,512,0,0.0,True
SegmentPartitionLLCRealtimeClusterIntegrationTest.testPartitionRouting,5,non-flaky,strip indent,5,0.9527,3,0.6716,True,True,False,512,454,-58,-0.2811,True
SegmentPartitionLLCRealtimeClusterIntegrationTest.testPartitionRouting,5,non-flaky,add blank lines,5,0.9527,5,0.9527,False,True,True,512,512,0,-0.0,True
SegmentPartitionLLCRealtimeClusterIntegrationTest.testPartitionRouting,5,non-flaky,remove blank lines,5,0.9527,5,0.9527,False,True,True,512,512,0,-0.0001,True
SegmentPartitionLLCRealtimeClusterIntegrationTest.testPartitionRouting,5,non-flaky,trailing newline,5,0.9527,5,0.9527,False,True,True,512,512,0,0.0,True
SegmentPartitionLLCRealtimeClusterIntegrationTest.testPartitionRouting,5,non-flaky,trailing spaces,5,0.9527,5,0.9519,False,True,True,512,512,0,-0.0008,True
SegmentPartitionLLCRealtimeClusterIntegrationTest.testPartitionRouting,5,non-flaky,CRLF endings,5,0.9527,5,0.9525,False,True,True,512,512,0,-0.0003,True
ReadOnlyFirstTest.barTest,5,non-flaky,indent +2,5,0.9505,5,0.9508,False,True,True,37,42,5,0.0003,True
ReadOnlyFirstTest.barTest,5,non-flaky,indent +4,5,0.9505,5,0.9505,False,True,True,37,48,11,-0.0,True
ReadOnlyFirstTest.barTest,5,non-flaky,indent +8,5,0.9505,5,0.9504,False,True,True,37,60,23,-0.0002,True
ReadOnlyFirstTest.barTest,5,non-flaky,spaces to tabs,5,0.9505,5,0.9474,False,True,True,37,25,-12,-0.0031,True
ReadOnlyFirstTest.barTest,5,non-flaky,tabs to spaces,5,0.9505,5,0.9507,False,True,True,37,36,-1,0.0002,True
ReadOnlyFirstTest.barTest,5,non-flaky,strip indent,5,0.9505,4,0.7269,True,True,False,37,20,-17,-0.2236,True
ReadOnlyFirstTest.barTest,5,non-flaky,add blank lines,5,0.9505,5,0.9502,False,True,True,37,36,-1,-0.0003,True
ReadOnlyFirstTest.barTest,5,non-flaky,remove blank lines,5,0.9505,5,0.9507,False,True,True,37,36,-1,0.0002,True
ReadOnlyFirstTest.barTest,5,non-flaky,trailing newline,5,0.9505,5,0.9507,False,True,True,37,37,0,0.0002,True
ReadOnlyFirstTest.barTest,5,non-flaky,trailing spaces,5,0.9505,5,0.9511,False,True,True,37,40,3,0.0005,True
ReadOnlyFirstTest.barTest,5,non-flaky,CRLF endings,5,0.9505,5,0.9506,False,True,True,37,41,4,0.0,True
CookiesTestCase.testInvalidCookie,5,non-flaky,indent +2,5,0.9527,5,0.9522,False,True,True,458,509,51,-0.0005,True
CookiesTestCase.testInvalidCookie,5,non-flaky,indent +4,5,0.9527,5,0.9517,False,True,True,458,512,54,-0.0011,True
CookiesTestCase.testInvalidCookie,5,non-flaky,indent +8,5,0.9527,5,0.9511,False,True,True,458,512,54,-0.0016,True
CookiesTestCase.testInvalidCookie,5,non-flaky,spaces to tabs,5,0.9527,5,0.9517,False,True,True,458,379,-79,-0.001,True
CookiesTestCase.testInvalidCookie,5,non-flaky,tabs to spaces,5,0.9527,5,0.9525,False,True,True,458,457,-1,-0.0002,True
CookiesTestCase.testInvalidCookie,5,non-flaky,strip indent,5,0.9527,3,0.8536,True,True,False,458,352,-106,-0.0991,True
CookiesTestCase.testInvalidCookie,5,non-flaky,add blank lines,5,0.9527,5,0.9522,False,True,True,458,463,5,-0.0005,True
CookiesTestCase.testInvalidCookie,5,non-flaky,remove blank lines,5,0.9527,5,0.9525,False,True,True,458,457,-1,-0.0002,True
CookiesTestCase.testInvalidCookie,5,non-flaky,trailing newline,5,0.9527,5,0.9525,False,True,True,458,458,0,-0.0002,True
CookiesTestCase.testInvalidCookie,5,non-flaky,trailing spaces,5,0.9527,5,0.952,False,True,True,458,487,29,-0.0007,True
CookiesTestCase.testInvalidCookie,5,non-flaky,CRLF endings,5,0.9527,5,0.953,False,True,True,458,488,30,0.0003,True
TestPermissionSymlinks.testAclGetFileLinkStatusTargetNotReadable,5,non-flaky,indent +2,5,0.951,5,0.952,False,True,True,141,156,15,0.0011,True
TestPermissionSymlinks.testAclGetFileLinkStatusTargetNotReadable,5,non-flaky,indent +4,5,0.951,5,0.9519,False,True,True,141,172,31,0.0009,True
TestPermissionSymlinks.testAclGetFileLinkStatusTargetNotReadable,5,non-flaky,indent +8,5,0.951,5,0.9521,False,True,True,141,204,63,0.0011,True
TestPermissionSymlinks.testAclGetFileLinkStatusTargetNotReadable,5,non-flaky,spaces to tabs,5,0.951,5,0.9477,False,True,True,141,124,-17,-0.0033,True
TestPermissionSymlinks.testAclGetFileLinkStatusTargetNotReadable,5,non-flaky,tabs to spaces,5,0.951,5,0.9511,False,True,True,141,140,-1,0.0002,True
TestPermissionSymlinks.testAclGetFileLinkStatusTargetNotReadable,5,non-flaky,strip indent,5,0.951,4,0.91,True,True,False,141,107,-34,-0.041,True
TestPermissionSymlinks.testAclGetFileLinkStatusTargetNotReadable,5,non-flaky,add blank lines,5,0.951,5,0.9522,False,True,True,141,140,-1,0.0013,True
TestPermissionSymlinks.testAclGetFileLinkStatusTargetNotReadable,5,non-flaky,remove blank lines,5,0.951,5,0.9511,False,True,True,141,140,-1,0.0002,True
TestPermissionSymlinks.testAclGetFileLinkStatusTargetNotReadable,5,non-flaky,trailing newline,5,0.951,5,0.9512,False,True,True,141,141,0,0.0003,True
TestPermissionSymlinks.testAclGetFileLinkStatusTargetNotReadable,5,non-flaky,trailing spaces,5,0.951,5,0.9516,False,True,True,141,149,8,0.0006,True
TestPermissionSymlinks.testAclGetFileLinkStatusTargetNotReadable,5,non-flaky,CRLF endings,5,0.951,5,0.9517,False,True,True,141,150,9,0.0008,True
LLCRealtimeClusterIntegrationTest.testHardcodedServerPartitionedSqlQueries,5,non-flaky,indent +2,5,0.9496,5,0.9514,False,True,True,52,59,7,0.0018,True
LLCRealtimeClusterIntegrationTest.testHardcodedServerPartitionedSqlQueries,5,non-flaky,indent +4,5,0.9496,5,0.9514,False,True,True,52,67,15,0.0018,True
LLCRealtimeClusterIntegrationTest.testHardcodedServerPartitionedSqlQueries,5,non-flaky,indent +8,5,0.9496,5,0.9511,False,True,True,52,83,31,0.0015,True
LLCRealtimeClusterIntegrationTest.testHardcodedServerPartitionedSqlQueries,5,non-flaky,spaces to tabs,5,0.9496,5,0.9467,False,True,True,52,46,-6,-0.0029,True
LLCRealtimeClusterIntegrationTest.testHardcodedServerPartitionedSqlQueries,5,non-flaky,tabs to spaces,5,0.9496,5,0.9497,False,True,True,52,51,-1,0.0001,True
LLCRealtimeClusterIntegrationTest.testHardcodedServerPartitionedSqlQueries,5,non-flaky,strip indent,5,0.9496,4,0.9343,True,True,False,52,41,-11,-0.0153,True
LLCRealtimeClusterIntegrationTest.testHardcodedServerPartitionedSqlQueries,5,non-flaky,add blank lines,5,0.9496,5,0.9496,False,True,True,52,51,-1,-0.0,True
LLCRealtimeClusterIntegrationTest.testHardcodedServerPartitionedSqlQueries,5,non-flaky,remove blank lines,5,0.9496,5,0.9497,False,True,True,52,51,-1,0.0001,True
LLCRealtimeClusterIntegrationTest.testHardcodedServerPartitionedSqlQueries,5,non-flaky,trailing newline,5,0.9496,5,0.9498,False,True,True,52,52,0,0.0002,True
LLCRealtimeClusterIntegrationTest.testHardcodedServerPartitionedSqlQueries,5,non-flaky,trailing spaces,5,0.9496,5,0.9505,False,True,True,52,56,4,0.0009,True
LLCRealtimeClusterIntegrationTest.testHardcodedServerPartitionedSqlQueries,5,non-flaky,CRLF endings,5,0.9496,5,0.9501,False,True,True,52,57,5,0.0005,True
WriteTimelyPluginTest.testWrite,5,non-flaky,indent +2,5,0.9498,5,0.9499,False,True,True,204,231,27,0.0001,True
WriteTimelyPluginTest.testWrite,5,non-flaky,indent +4,5,0.9498,5,0.9499,False,True,True,204,259,55,0.0001,True
WriteTimelyPluginTest.testWrite,5,non-flaky,indent +8,5,0.9498,5,0.9496,False,True,True,204,315,111,-0.0002,True
WriteTimelyPluginTest.testWrite,5,non-flaky,spaces to tabs,5,0.9498,5,0.9489,False,True,True,204,134,-70,-0.0008,True
WriteTimelyPluginTest.testWrite,5,non-flaky,tabs to spaces,5,0.9498,5,0.9496,False,True,True,204,203,-1,-0.0002,True
WriteTimelyPluginTest.testWrite,5,non-flaky,strip indent,5,0.9498,0,0.922,True,True,False,204,106,-98,-0.0278,True
WriteTimelyPluginTest.testWrite,5,non-flaky,add blank lines,5,0.9498,5,0.9497,False,True,True,204,203,-1,-0.0001,True
WriteTimelyPluginTest.testWrite,5,non-flaky,remove blank lines,5,0.9498,5,0.9496,False,True,True,204,203,-1,-0.0002,True
WriteTimelyPluginTest.testWrite,5,non-flaky,trailing newline,5,0.9498,5,0.9496,False,True,True,204,204,0,-0.0002,True
WriteTimelyPluginTest.testWrite,5,non-flaky,trailing spaces,5,0.9498,5,0.949,False,True,True,204,218,14,-0.0008,True
WriteTimelyPluginTest.testWrite,5,non-flaky,CRLF endings,5,0.9498,5,0.9496,False,True,True,204,219,15,-0.0002,True
AsyncStreamingInputPlusTest.read,5,non-flaky,indent +2,5,0.9505,5,0.9507,False,True,True,512,512,0,0.0002,True
AsyncStreamingInputPlusTest.read,5,non-flaky,indent +4,5,0.9505,5,0.9506,False,True,True,512,512,0,0.0001,True
AsyncStreamingInputPlusTest.read,5,non-flaky,indent +8,5,0.9505,5,0.9498,False,True,True,512,512,0,-0.0007,True
AsyncStreamingInputPlusTest.read,5,non-flaky,spaces to tabs,5,0.9505,5,0.949,False,True,True,512,461,-51,-0.0015,True
AsyncStreamingInputPlusTest.read,5,non-flaky,tabs to spaces,5,0.9505,5,0.9505,False,True,True,512,512,0,0.0,True
AsyncStreamingInputPlusTest.read,5,non-flaky,strip indent,5,0.9505,0,0.9075,True,True,False,512,431,-81,-0.043,True
AsyncStreamingInputPlusTest.read,5,non-flaky,add blank lines,5,0.9505,5,0.9509,False,True,True,512,512,0,0.0004,True
AsyncStreamingInputPlusTest.read,5,non-flaky,remove blank lines,5,0.9505,5,0.9505,False,True,True,512,512,0,0.0001,True
AsyncStreamingInputPlusTest.read,5,non-flaky,trailing newline,5,0.9505,5,0.9505,False,True,True,512,512,0,0.0,True
AsyncStreamingInputPlusTest.read,5,non-flaky,trailing spaces,5,0.9505,5,0.9499,False,True,True,512,512,0,-0.0006,True
AsyncStreamingInputPlusTest.read,5,non-flaky,CRLF endings,5,0.9505,5,0.9508,False,True,True,512,512,0,0.0004,True
ClientConfigurationTest.testSerialization,5,non-flaky,indent +2,5,0.952,5,0.9515,False,True,True,512,512,0,-0.0005,True
ClientConfigurationTest.testSerialization,5,non-flaky,indent +4,5,0.952,5,0.9513,False,True,True,512,512,0,-0.0007,True
ClientConfigurationTest.testSerialization,5,non-flaky,indent +8,5,0.952,5,0.9509,False,True,True,512,512,0,-0.0011,True
ClientConfigurationTest.testSerialization,5,non-flaky,spaces to tabs,5,0.952,5,0.95,False,True,True,512,363,-149,-0.002,True
ClientConfigurationTest.testSerialization,5,non-flaky,tabs to spaces,5,0.952,5,0.952,False,True,True,512,512,0,0.0,True
ClientConfigurationTest.testSerialization,5,non-flaky,strip indent,5,0.952,0,0.794,True,True,False,512,310,-202,-0.1579,True
ClientConfigurationTest.testSerialization,5,non-flaky,add blank lines,5,0.952,5,0.9514,False,True,True,512,512,0,-0.0006,True
ClientConfigurationTest.testSerialization,5,non-flaky,remove blank lines,5,0.952,5,0.9519,False,True,True,512,512,0,-0.0001,True
ClientConfigurationTest.testSerialization,5,non-flaky,trailing newline,5,0.952,5,0.952,False,True,True,512,512,0,0.0,True
ClientConfigurationTest.testSerialization,5,non-flaky,trailing spaces,5,0.952,5,0.9515,False,True,True,512,512,0,-0.0004,True
ClientConfigurationTest.testSerialization,5,non-flaky,CRLF endings,5,0.952,5,0.9521,False,True,True,512,512,0,0.0002,True
CookiesTestCase.testParsingSetCookieHeaderV1,5,non-flaky,indent +2,5,0.9526,5,0.9519,False,True,True,325,355,30,-0.0007,True
CookiesTestCase.testParsingSetCookieHeaderV1,5,non-flaky,indent +4,5,0.9526,5,0.9517,False,True,True,325,385,60,-0.0009,True
CookiesTestCase.testParsingSetCookieHeaderV1,5,non-flaky,indent +8,5,0.9526,5,0.9513,False,True,True,325,445,120,-0.0013,True
CookiesTestCase.testParsingSetCookieHeaderV1,5,non-flaky,spaces to tabs,5,0.9526,5,0.9518,False,True,True,325,264,-61,-0.0008,True
CookiesTestCase.testParsingSetCookieHeaderV1,5,non-flaky,tabs to spaces,5,0.9526,5,0.9523,False,True,True,325,324,-1,-0.0003,True
CookiesTestCase.testParsingSetCookieHeaderV1,5,non-flaky,strip indent,5,0.9526,3,0.8474,True,True,False,325,239,-86,-0.1052,True
CookiesTestCase.testParsingSetCookieHeaderV1,5,non-flaky,add blank lines,5,0.9526,5,0.952,False,True,True,325,325,0,-0.0006,True
CookiesTestCase.testParsingSetCookieHeaderV1,5,non-flaky,remove blank lines,5,0.9526,5,0.9522,False,True,True,325,323,-2,-0.0004,True
CookiesTestCase.testParsingSetCookieHeaderV1,5,non-flaky,trailing newline,5,0.9526,5,0.9523,False,True,True,325,325,0,-0.0003,True
CookiesTestCase.testParsingSetCookieHeaderV1,5,non-flaky,trailing spaces,5,0.9526,5,0.9519,False,True,True,325,341,16,-0.0007,True
CookiesTestCase.testParsingSetCookieHeaderV1,5,non-flaky,CRLF endings,5,0.9526,5,0.9529,False,True,True,325,342,17,0.0003,True
HttpInputIntegrationTests.testHttpInput,5,non-flaky,indent +2,5,0.9488,5,0.9476,False,True,True,512,512,0,-0.0012,True
HttpInputIntegrationTests.testHttpInput,5,non-flaky,indent +4,5,0.9488,5,0.9454,False,True,True,512,512,0,-0.0033,True
HttpInputIntegrationTests.testHttpInput,5,non-flaky,indent +8,5,0.9488,5,0.9442,False,True,True,512,512,0,-0.0046,True
HttpInputIntegrationTests.testHttpInput,5,non-flaky,spaces to tabs,5,0.9488,5,0.944,False,True,True,512,380,-132,-0.0048,True
HttpInputIntegrationTests.testHttpInput,5,non-flaky,tabs to spaces,5,0.9488,5,0.9488,False,True,True,512,512,0,0.0,True
HttpInputIntegrationTests.testHttpInput,5,non-flaky,strip indent,5,0.9488,0,0.9164,True,True,False,512,310,-202,-0.0323,True
HttpInputIntegrationTests.testHttpInput,5,non-flaky,add blank lines,5,0.9488,5,0.9472,False,True,True,512,512,0,-0.0016,True
HttpInputIntegrationTests.testHttpInput,5,non-flaky,remove blank lines,5,0.9488,5,0.9487,False,True,True,512,512,0,-0.0001,True
HttpInputIntegrationTests.testHttpInput,5,non-flaky,trailing newline,5,0.9488,5,0.9488,False,True,True,512,512,0,0.0,True
HttpInputIntegrationTests.testHttpInput,5,non-flaky,trailing spaces,5,0.9488,5,0.9481,False,True,True,512,512,0,-0.0007,True
HttpInputIntegrationTests.testHttpInput,5,non-flaky,CRLF endings,5,0.9488,5,0.9477,False,True,True,512,512,0,-0.001,True
TokenSequenceMatcherITest.testTokenSequenceMatcher6,5,non-flaky,indent +2,5,0.9522,5,0.9519,False,True,True,512,512,0,-0.0003,True
TokenSequenceMatcherITest.testTokenSequenceMatcher6,5,non-flaky,indent +4,5,0.9522,5,0.9517,False,True,True,512,512,0,-0.0005,True
TokenSequenceMatcherITest.testTokenSequenceMatcher6,5,non-flaky,indent +8,5,0.9522,5,0.9513,False,True,True,512,512,0,-0.0009,True
TokenSequenceMatcherITest.testTokenSequenceMatcher6,5,non-flaky,spaces to tabs,5,0.9522,5,0.9521,False,True,True,512,512,0,-0.0001,True
TokenSequenceMatcherITest.testTokenSequenceMatcher6,5,non-flaky,tabs to spaces,5,0.9522,5,0.9522,False,True,True,512,512,0,0.0,True
TokenSequenceMatcherITest.testTokenSequenceMatcher6,5,non-flaky,strip indent,5,0.9522,3,0.7723,True,True,False,512,512,0,-0.1799,True
TokenSequenceMatcherITest.testTokenSequenceMatcher6,5,non-flaky,add blank lines,5,0.9522,5,0.9524,False,True,True,512,512,0,0.0002,True
TokenSequenceMatcherITest.testTokenSequenceMatcher6,5,non-flaky,remove blank lines,5,0.9522,5,0.9522,False,True,True,512,512,0,0.0,True
TokenSequenceMatcherITest.testTokenSequenceMatcher6,5,non-flaky,trailing newline,5,0.9522,5,0.9522,False,True,True,512,512,0,0.0,True
TokenSequenceMatcherITest.testTokenSequenceMatcher6,5,non-flaky,trailing spaces,5,0.9522,5,0.9512,False,True,True,512,512,0,-0.001,True
TokenSequenceMatcherITest.testTokenSequenceMatcher6,5,non-flaky,CRLF endings,5,0.9522,5,0.9515,False,True,True,512,512,0,-0.0007,True
FastJsonpHttpMessageConverter4Case2Test.test3_2,5,non-flaky,indent +2,5,0.9514,5,0.9513,False,True,True,155,166,11,-0.0002,True
FastJsonpHttpMessageConverter4Case2Test.test3_2,5,non-flaky,indent +4,5,0.9514,5,0.9513,False,True,True,155,178,23,-0.0001,True
FastJsonpHttpMessageConverter4Case2Test.test3_2,5,non-flaky,indent +8,5,0.9514,5,0.951,False,True,True,155,202,47,-0.0005,True
FastJsonpHttpMessageConverter4Case2Test.test3_2,5,non-flaky,spaces to tabs,5,0.9514,5,0.9441,False,True,True,155,122,-33,-0.0073,True
FastJsonpHttpMessageConverter4Case2Test.test3_2,5,non-flaky,tabs to spaces,5,0.9514,5,0.9511,False,True,True,155,154,-1,-0.0003,True
FastJsonpHttpMessageConverter4Case2Test.test3_2,5,non-flaky,strip indent,5,0.9514,4,0.628,True,True,False,155,109,-46,-0.3234,True
FastJsonpHttpMessageConverter4Case2Test.test3_2,5,non-flaky,add blank lines,5,0.9514,5,0.9511,False,True,True,155,154,-1,-0.0003,True
FastJsonpHttpMessageConverter4Case2Test.test3_2,5,non-flaky,remove blank lines,5,0.9514,5,0.9511,False,True,True,155,154,-1,-0.0003,True
FastJsonpHttpMessageConverter4Case2Test.test3_2,5,non-flaky,trailing newline,5,0.9514,5,0.9512,False,True,True,155,155,0,-0.0002,True
FastJsonpHttpMessageConverter4Case2Test.test3_2,5,non-flaky,trailing spaces,5,0.9514,5,0.9508,False,True,True,155,161,6,-0.0006,True
FastJsonpHttpMessageConverter4Case2Test.test3_2,5,non-flaky,CRLF endings,5,0.9514,5,0.9514,False,True,True,155,162,7,-0.0,True
StandardDeployPreferencesPanelTest.testGetHelpContextId,5,non-flaky,indent +2,5,0.9516,5,0.9521,False,True,True,179,201,22,0.0005,True
StandardDeployPreferencesPanelTest.testGetHelpContextId,5,non-flaky,indent +4,5,0.9516,5,0.9517,False,True,True,179,223,44,0.0001,True
StandardDeployPreferencesPanelTest.testGetHelpContextId,5,non-flaky,indent +8,5,0.9516,5,0.9511,False,True,True,179,267,88,-0.0006,True
StandardDeployPreferencesPanelTest.testGetHelpContextId,5,non-flaky,spaces to tabs,5,0.9516,5,0.9476,False,True,True,179,150,-29,-0.004,True
StandardDeployPreferencesPanelTest.testGetHelpContextId,5,non-flaky,tabs to spaces,5,0.9516,5,0.9518,False,True,True,179,178,-1,0.0002,True
StandardDeployPreferencesPanelTest.testGetHelpContextId,5,non-flaky,strip indent,5,0.9516,4,0.9354,True,True,False,179,136,-43,-0.0162,True
StandardDeployPreferencesPanelTest.testGetHelpContextId,5,non-flaky,add blank lines,5,0.9516,5,0.9523,False,True,True,179,179,0,0.0006,True
StandardDeployPreferencesPanelTest.testGetHelpContextId,5,non-flaky,remove blank lines,5,0.9516,5,0.9518,False,True,True,179,178,-1,0.0001,True
StandardDeployPreferencesPanelTest.testGetHelpContextId,5,non-flaky,trailing newline,5,0.9516,5,0.952,False,True,True,179,179,0,0.0003,True
StandardDeployPreferencesPanelTest.testGetHelpContextId,5,non-flaky,trailing spaces,5,0.9516,5,0.952,False,True,True,179,191,12,0.0004,True
StandardDeployPreferencesPanelTest.testGetHelpContextId,5,non-flaky,CRLF endings,5,0.9516,5,0.9519,False,True,True,179,192,13,0.0003,True
TestKafkaCheckpointManager.testWriteCheckpointShouldRecreateSystemProducerOnFailure,5,non-flaky,indent +2,5,0.9511,5,0.9514,False,True,True,512,512,0,0.0003,True
TestKafkaCheckpointManager.testWriteCheckpointShouldRecreateSystemProducerOnFailure,5,non-flaky,indent +4,5,0.9511,5,0.9515,False,True,True,512,512,0,0.0004,True
TestKafkaCheckpointManager.testWriteCheckpointShouldRecreateSystemProducerOnFailure,5,non-flaky,indent +8,5,0.9511,5,0.9513,False,True,True,512,512,0,0.0002,True
TestKafkaCheckpointManager.testWriteCheckpointShouldRecreateSystemProducerOnFailure,5,non-flaky,spaces to tabs,5,0.9511,5,0.9482,False,True,True,512,512,0,-0.0029,True
TestKafkaCheckpointManager.testWriteCheckpointShouldRecreateSystemProducerOnFailure,5,non-flaky,tabs to spaces,5,0.9511,5,0.9511,False,True,True,512,512,0,0.0,True
TestKafkaCheckpointManager.testWriteCheckpointShouldRecreateSystemProducerOnFailure,5,non-flaky,strip indent,5,0.9511,0,0.7192,True,True,False,512,512,0,-0.2319,True
TestKafkaCheckpointManager.testWriteCheckpointShouldRecreateSystemProducerOnFailure,5,non-flaky,add blank lines,5,0.9511,5,0.9519,False,True,True,512,512,0,0.0009,True
TestKafkaCheckpointManager.testWriteCheckpointShouldRecreateSystemProducerOnFailure,5,non-flaky,remove blank lines,5,0.9511,5,0.9509,False,True,True,512,512,0,-0.0002,True
TestKafkaCheckpointManager.testWriteCheckpointShouldRecreateSystemProducerOnFailure,5,non-flaky,trailing newline,5,0.9511,5,0.9511,False,True,True,512,512,0,0.0,True
TestKafkaCheckpointManager.testWriteCheckpointShouldRecreateSystemProducerOnFailure,5,non-flaky,trailing spaces,5,0.9511,5,0.9501,False,True,True,512,512,0,-0.001,True
TestKafkaCheckpointManager.testWriteCheckpointShouldRecreateSystemProducerOnFailure,5,non-flaky,CRLF endings,5,0.9511,5,0.9503,False,True,True,512,512,0,-0.0007,True
XmlItemTest.namespaceArrayTest,5,non-flaky,indent +2,5,0.9504,5,0.9509,False,True,True,39,44,5,0.0005,True
XmlItemTest.namespaceArrayTest,5,non-flaky,indent +4,5,0.9504,5,0.9506,False,True,True,39,50,11,0.0002,True
XmlItemTest.namespaceArrayTest,5,non-flaky,indent +8,5,0.9504,5,0.9504,False,True,True,39,62,23,0.0001,True
XmlItemTest.namespaceArrayTest,5,non-flaky,spaces to tabs,5,0.9504,5,0.9463,False,True,True,39,27,-12,-0.0041,True
XmlItemTest.namespaceArrayTest,5,non-flaky,tabs to spaces,5,0.9504,5,0.9506,False,True,True,39,38,-1,0.0002,True
XmlItemTest.namespaceArrayTest,5,non-flaky,strip indent,5,0.9504,4,0.9032,True,True,False,39,22,-17,-0.0471,True
XmlItemTest.namespaceArrayTest,5,non-flaky,add blank lines,5,0.9504,5,0.9503,False,True,True,39,38,-1,-0.0001,True
XmlItemTest.namespaceArrayTest,5,non-flaky,remove blank lines,5,0.9504,5,0.9506,False,True,True,39,38,-1,0.0002,True
XmlItemTest.namespaceArrayTest,5,non-flaky,trailing newline,5,0.9504,5,0.9505,False,True,True,39,39,0,0.0002,True
XmlItemTest.namespaceArrayTest,5,non-flaky,trailing spaces,5,0.9504,5,0.9504,False,True,True,39,42,3,0.0,True
XmlItemTest.namespaceArrayTest,5,non-flaky,CRLF endings,5,0.9504,5,0.9504,False,True,True,39,43,4,0.0001,True
ConfigServicePropertySourceLocatorTests.sunnyDayWithLabel,5,non-flaky,indent +2,5,0.948,5,0.9511,False,True,True,140,155,15,0.003,True
ConfigServicePropertySourceLocatorTests.sunnyDayWithLabel,5,non-flaky,indent +4,5,0.948,5,0.9513,False,True,True,140,171,31,0.0033,True
ConfigServicePropertySourceLocatorTests.sunnyDayWithLabel,5,non-flaky,indent +8,5,0.948,5,0.9509,False,True,True,140,203,63,0.0029,True
ConfigServicePropertySourceLocatorTests.sunnyDayWithLabel,5,non-flaky,spaces to tabs,5,0.948,5,0.9486,False,True,True,140,139,-1,0.0005,True
ConfigServicePropertySourceLocatorTests.sunnyDayWithLabel,5,non-flaky,tabs to spaces,5,0.948,5,0.9516,False,True,True,140,180,40,0.0036,True
ConfigServicePropertySourceLocatorTests.sunnyDayWithLabel,5,non-flaky,strip indent,5,0.948,4,0.8475,True,True,False,140,122,-18,-0.1005,True
ConfigServicePropertySourceLocatorTests.sunnyDayWithLabel,5,non-flaky,add blank lines,5,0.948,5,0.9488,False,True,True,140,139,-1,0.0008,True
ConfigServicePropertySourceLocatorTests.sunnyDayWithLabel,5,non-flaky,remove blank lines,5,0.948,5,0.9486,False,True,True,140,139,-1,0.0005,True
ConfigServicePropertySourceLocatorTests.sunnyDayWithLabel,5,non-flaky,trailing newline,5,0.948,5,0.9486,False,True,True,140,140,0,0.0006,True
ConfigServicePropertySourceLocatorTests.sunnyDayWithLabel,5,non-flaky,trailing spaces,5,0.948,5,0.9503,False,True,True,140,148,8,0.0023,True
ConfigServicePropertySourceLocatorTests.sunnyDayWithLabel,5,non-flaky,CRLF endings,5,0.948,5,0.9501,False,True,True,140,149,9,0.0021,True
TestJobsResource.testGetJobs,5,non-flaky,indent +2,5,0.9532,5,0.9524,False,True,True,414,459,45,-0.0008,True
TestJobsResource.testGetJobs,5,non-flaky,indent +4,5,0.9532,5,0.9519,False,True,True,414,503,89,-0.0013,True
TestJobsResource.testGetJobs,5,non-flaky,indent +8,5,0.9532,5,0.9516,False,True,True,414,512,98,-0.0016,True
TestJobsResource.testGetJobs,5,non-flaky,spaces to tabs,5,0.9532,5,0.9517,False,True,True,414,376,-38,-0.0015,True
TestJobsResource.testGetJobs,5,non-flaky,tabs to spaces,5,0.9532,5,0.953,False,True,True,414,413,-1,-0.0002,True
TestJobsResource.testGetJobs,5,non-flaky,strip indent,5,0.9532,3,0.7762,True,True,False,414,356,-58,-0.177,True
TestJobsResource.testGetJobs,5,non-flaky,add blank lines,5,0.9532,5,0.9532,False,True,True,414,415,1,-0.0,True
TestJobsResource.testGetJobs,5,non-flaky,remove blank lines,5,0.9532,5,0.9529,False,True,True,414,413,-1,-0.0003,True
TestJobsResource.testGetJobs,5,non-flaky,trailing newline,5,0.9532,5,0.953,False,True,True,414,414,0,-0.0002,True
TestJobsResource.testGetJobs,5,non-flaky,trailing spaces,5,0.9532,5,0.9515,False,True,True,414,438,24,-0.0017,True
TestJobsResource.testGetJobs,5,non-flaky,CRLF endings,5,0.9532,5,0.9522,False,True,True,414,439,25,-0.0009,True
DiscoveryClientConfigServiceBootstrapConfigurationTests.setsPath,5,non-flaky,indent +2,5,0.9467,5,0.9509,False,True,True,87,104,17,0.0042,True
DiscoveryClientConfigServiceBootstrapConfigurationTests.setsPath,5,non-flaky,indent +4,5,0.9467,5,0.9513,False,True,True,87,120,33,0.0047,True
DiscoveryClientConfigServiceBootstrapConfigurationTests.setsPath,5,non-flaky,indent +8,5,0.9467,5,0.9506,False,True,True,87,152,65,0.004,True
DiscoveryClientConfigServiceBootstrapConfigurationTests.setsPath,5,non-flaky,spaces to tabs,5,0.9467,5,0.9475,False,True,True,87,86,-1,0.0008,True
DiscoveryClientConfigServiceBootstrapConfigurationTests.setsPath,5,non-flaky,tabs to spaces,5,0.9467,5,0.9517,False,True,True,87,111,24,0.005,True
DiscoveryClientConfigServiceBootstrapConfigurationTests.setsPath,5,non-flaky,strip indent,5,0.9467,4,0.8707,True,True,False,87,77,-10,-0.0759,True
DiscoveryClientConfigServiceBootstrapConfigurationTests.setsPath,5,non-flaky,add blank lines,5,0.9467,5,0.9489,False,True,True,87,88,1,0.0022,True
DiscoveryClientConfigServiceBootstrapConfigurationTests.setsPath,5,non-flaky,remove blank lines,5,0.9467,5,0.9476,False,True,True,87,86,-1,0.001,True
DiscoveryClientConfigServiceBootstrapConfigurationTests.setsPath,5,non-flaky,trailing newline,5,0.9467,5,0.9474,False,True,True,87,87,0,0.0008,True
DiscoveryClientConfigServiceBootstrapConfigurationTests.setsPath,5,non-flaky,trailing spaces,5,0.9467,5,0.9501,False,True,True,87,97,10,0.0035,True
DiscoveryClientConfigServiceBootstrapConfigurationTests.setsPath,5,non-flaky,CRLF endings,5,0.9467,5,0.9495,False,True,True,87,98,11,0.0028,True
TestRpcProgramNfs3.testGetattr,5,non-flaky,indent +2,5,0.9493,5,0.9496,False,True,True,392,436,44,0.0003,True
TestRpcProgramNfs3.testGetattr,5,non-flaky,indent +4,5,0.9493,5,0.9502,False,True,True,392,480,88,0.0008,True
TestRpcProgramNfs3.testGetattr,5,non-flaky,indent +8,5,0.9493,5,0.9505,False,True,True,392,512,120,0.0011,True
TestRpcProgramNfs3.testGetattr,5,non-flaky,spaces to tabs,5,0.9493,5,0.9475,False,True,True,392,337,-55,-0.0019,True
TestRpcProgramNfs3.testGetattr,5,non-flaky,tabs to spaces,5,0.9493,5,0.9486,False,True,True,392,391,-1,-0.0007,True
TestRpcProgramNfs3.testGetattr,5,non-flaky,strip indent,5,0.9493,0,0.8342,True,True,False,392,311,-81,-0.1152,True
TestRpcProgramNfs3.testGetattr,5,non-flaky,add blank lines,5,0.9493,5,0.9505,False,True,True,392,392,0,0.0012,True
TestRpcProgramNfs3.testGetattr,5,non-flaky,remove blank lines,5,0.9493,5,0.9486,False,True,True,392,386,-6,-0.0007,True
TestRpcProgramNfs3.testGetattr,5,non-flaky,trailing newline,5,0.9493,5,0.9487,False,True,True,392,392,0,-0.0006,True
TestRpcProgramNfs3.testGetattr,5,non-flaky,trailing spaces,5,0.9493,5,0.948,False,True,True,392,415,23,-0.0013,True
TestRpcProgramNfs3.testGetattr,5,non-flaky,CRLF endings,5,0.9493,5,0.9486,False,True,True,392,416,24,-0.0008,True
V4JsonSchemaTest.testSchemaFromClasspath,5,non-flaky,indent +2,5,0.9504,5,0.9507,False,True,True,52,57,5,0.0004,True
V4JsonSchemaTest.testSchemaFromClasspath,5,non-flaky,indent +4,5,0.9504,5,0.951,False,True,True,52,63,11,0.0006,True
V4JsonSchemaTest.testSchemaFromClasspath,5,non-flaky,indent +8,5,0.9504,5,0.9508,False,True,True,52,75,23,0.0005,True
V4JsonSchemaTest.testSchemaFromClasspath,5,non-flaky,spaces to tabs,5,0.9504,5,0.9447,False,True,True,52,40,-12,-0.0057,True
V4JsonSchemaTest.testSchemaFromClasspath,5,non-flaky,tabs to spaces,5,0.9504,5,0.9507,False,True,True,52,51,-1,0.0004,True
V4JsonSchemaTest.testSchemaFromClasspath,5,non-flaky,strip indent,5,0.9504,4,0.9338,True,True,False,52,35,-17,-0.0166,True
V4JsonSchemaTest.testSchemaFromClasspath,5,non-flaky,add blank lines,5,0.9504,5,0.9502,False,True,True,52,51,-1,-0.0002,True
V4JsonSchemaTest.testSchemaFromClasspath,5,non-flaky,remove blank lines,5,0.9504,5,0.9507,False,True,True,52,51,-1,0.0004,True
V4JsonSchemaTest.testSchemaFromClasspath,5,non-flaky,trailing newline,5,0.9504,5,0.9507,False,True,True,52,52,0,0.0003,True
V4JsonSchemaTest.testSchemaFromClasspath,5,non-flaky,trailing spaces,5,0.9504,5,0.9502,False,True,True,52,55,3,-0.0002,True
V4JsonSchemaTest.testSchemaFromClasspath,5,non-flaky,CRLF endings,5,0.9504,5,0.9505,False,True,True,52,56,4,0.0001,True
RealtimeClusterIntegrationTest.testInstanceShutdown,5,non-flaky,indent +2,5,0.9504,5,0.9513,False,True,True,38,45,7,0.001,True
RealtimeClusterIntegrationTest.testInstanceShutdown,5,non-flaky,indent +4,5,0.9504,5,0.9515,False,True,True,38,53,15,0.0011,True
RealtimeClusterIntegrationTest.testInstanceShutdown,5,non-flaky,indent +8,5,0.9504,5,0.9508,False,True,True,38,69,31,0.0004,True
RealtimeClusterIntegrationTest.testInstanceShutdown,5,non-flaky,spaces to tabs,5,0.9504,5,0.9482,False,True,True,38,32,-6,-0.0022,True
RealtimeClusterIntegrationTest.testInstanceShutdown,5,non-flaky,tabs to spaces,5,0.9504,5,0.9506,False,True,True,38,37,-1,0.0003,True
RealtimeClusterIntegrationTest.testInstanceShutdown,5,non-flaky,strip indent,5,0.9504,4,0.8523,True,True,False,38,27,-11,-0.098,True
RealtimeClusterIntegrationTest.testInstanceShutdown,5,non-flaky,add blank lines,5,0.9504,5,0.9508,False,True,True,38,37,-1,0.0004,True
RealtimeClusterIntegrationTest.testInstanceShutdown,5,non-flaky,remove blank lines,5,0.9504,5,0.9506,False,True,True,38,37,-1,0.0003,True
RealtimeClusterIntegrationTest.testInstanceShutdown,5,non-flaky,trailing newline,5,0.9504,5,0.9508,False,True,True,38,38,0,0.0004,True
RealtimeClusterIntegrationTest.testInstanceShutdown,5,non-flaky,trailing spaces,5,0.9504,5,0.9508,False,True,True,38,42,4,0.0005,True
RealtimeClusterIntegrationTest.testInstanceShutdown,5,non-flaky,CRLF endings,5,0.9504,5,0.9506,False,True,True,38,43,5,0.0002,True
V4JsonSchemaTest.testComplexSchema,5,non-flaky,indent +2,5,0.9509,5,0.951,False,True,True,49,54,5,0.0001,True
V4JsonSchemaTest.testComplexSchema,5,non-flaky,indent +4,5,0.9509,5,0.951,False,True,True,49,60,11,0.0002,True
V4JsonSchemaTest.testComplexSchema,5,non-flaky,indent +8,5,0.9509,5,0.9508,False,True,True,49,72,23,-0.0,True
V4JsonSchemaTest.testComplexSchema,5,non-flaky,spaces to tabs,5,0.9509,5,0.9457,False,True,True,49,37,-12,-0.0051,True
V4JsonSchemaTest.testComplexSchema,5,non-flaky,tabs to spaces,5,0.9509,5,0.9511,False,True,True,49,48,-1,0.0002,True
V4JsonSchemaTest.testComplexSchema,5,non-flaky,strip indent,5,0.9509,4,0.9361,True,True,False,49,32,-17,-0.0148,True
V4JsonSchemaTest.testComplexSchema,5,non-flaky,add blank lines,5,0.9509,5,0.9506,False,True,True,49,48,-1,-0.0003,True
V4JsonSchemaTest.testComplexSchema,5,non-flaky,remove blank lines,5,0.9509,5,0.9511,False,True,True,49,48,-1,0.0002,True
V4JsonSchemaTest.testComplexSchema,5,non-flaky,trailing newline,5,0.9509,5,0.951,False,True,True,49,49,0,0.0001,True
V4JsonSchemaTest.testComplexSchema,5,non-flaky,trailing spaces,5,0.9509,5,0.9504,False,True,True,49,52,3,-0.0005,True
V4JsonSchemaTest.testComplexSchema,5,non-flaky,CRLF endings,5,0.9509,5,0.9507,False,True,True,49,53,4,-0.0002,True
AnnotatedEndpointTest.testIdleTimeout,5,non-flaky,indent +2,5,0.9518,5,0.951,False,True,True,179,198,19,-0.0008,True
AnnotatedEndpointTest.testIdleTimeout,5,non-flaky,indent +4,5,0.9518,5,0.9511,False,True,True,179,216,37,-0.0007,True
AnnotatedEndpointTest.testIdleTimeout,5,non-flaky,indent +8,5,0.9518,5,0.9505,False,True,True,179,252,73,-0.0012,True
AnnotatedEndpointTest.testIdleTimeout,5,non-flaky,spaces to tabs,5,0.9518,5,0.9471,False,True,True,179,147,-32,-0.0047,True
AnnotatedEndpointTest.testIdleTimeout,5,non-flaky,tabs to spaces,5,0.9518,5,0.9514,False,True,True,179,178,-1,-0.0003,True
AnnotatedEndpointTest.testIdleTimeout,5,non-flaky,strip indent,5,0.9518,0,0.8166,True,True,False,179,136,-43,-0.1352,True
AnnotatedEndpointTest.testIdleTimeout,5,non-flaky,add blank lines,5,0.9518,5,0.9515,False,True,True,179,180,1,-0.0003,True
AnnotatedEndpointTest.testIdleTimeout,5,non-flaky,remove blank lines,5,0.9518,5,0.9514,False,True,True,179,178,-1,-0.0004,True
AnnotatedEndpointTest.testIdleTimeout,5,non-flaky,trailing newline,5,0.9518,5,0.9516,False,True,True,179,179,0,-0.0002,True
AnnotatedEndpointTest.testIdleTimeout,5,non-flaky,trailing spaces,5,0.9518,5,0.9504,False,True,True,179,190,11,-0.0014,True
AnnotatedEndpointTest.testIdleTimeout,5,non-flaky,CRLF endings,5,0.9518,5,0.9516,False,True,True,179,191,12,-0.0001,True
AbstractAtlasDbKeyValueServiceTest.testAddGCSentinelValues,5,non-flaky,indent +2,5,0.9524,5,0.9517,False,True,True,457,501,44,-0.0007,True
AbstractAtlasDbKeyValueServiceTest.testAddGCSentinelValues,5,non-flaky,indent +4,5,0.9524,5,0.9514,False,True,True,457,512,55,-0.001,True
AbstractAtlasDbKeyValueServiceTest.testAddGCSentinelValues,5,non-flaky,indent +8,5,0.9524,5,0.9512,False,True,True,457,512,55,-0.0012,True
AbstractAtlasDbKeyValueServiceTest.testAddGCSentinelValues,5,non-flaky,spaces to tabs,5,0.9524,5,0.9514,False,True,True,457,385,-72,-0.001,True
AbstractAtlasDbKeyValueServiceTest.testAddGCSentinelValues,5,non-flaky,tabs to spaces,5,0.9524,5,0.9522,False,True,True,457,456,-1,-0.0002,True
AbstractAtlasDbKeyValueServiceTest.testAddGCSentinelValues,5,non-flaky,strip indent,5,0.9524,3,0.816,True,True,False,457,361,-96,-0.1364,True
AbstractAtlasDbKeyValueServiceTest.testAddGCSentinelValues,5,non-flaky,add blank lines,5,0.9524,5,0.952,False,True,True,457,461,4,-0.0004,True
AbstractAtlasDbKeyValueServiceTest.testAddGCSentinelValues,5,non-flaky,remove blank lines,5,0.9524,5,0.9521,False,True,True,457,456,-1,-0.0003,True
AbstractAtlasDbKeyValueServiceTest.testAddGCSentinelValues,5,non-flaky,trailing newline,5,0.9524,5,0.9522,False,True,True,457,457,0,-0.0002,True
AbstractAtlasDbKeyValueServiceTest.testAddGCSentinelValues,5,non-flaky,trailing spaces,5,0.9524,5,0.9514,False,True,True,457,482,25,-0.001,True
AbstractAtlasDbKeyValueServiceTest.testAddGCSentinelValues,5,non-flaky,CRLF endings,5,0.9524,5,0.9525,False,True,True,457,483,26,0.0001,True
TestPermission.testBackwardCompatibility,5,non-flaky,indent +2,5,0.9495,5,0.9502,False,True,True,497,512,15,0.0006,True
TestPermission.testBackwardCompatibility,5,non-flaky,indent +4,5,0.9495,5,0.9504,False,True,True,497,512,15,0.0008,True
TestPermission.testBackwardCompatibility,5,non-flaky,indent +8,5,0.9495,5,0.9507,False,True,True,497,512,15,0.0011,True
TestPermission.testBackwardCompatibility,5,non-flaky,spaces to tabs,5,0.9495,5,0.9493,False,True,True,497,422,-75,-0.0002,True
TestPermission.testBackwardCompatibility,5,non-flaky,tabs to spaces,5,0.9495,5,0.949,False,True,True,497,496,-1,-0.0005,True
TestPermission.testBackwardCompatibility,5,non-flaky,strip indent,5,0.9495,0,0.7733,True,True,False,497,384,-113,-0.1762,True
TestPermission.testBackwardCompatibility,5,non-flaky,add blank lines,5,0.9495,5,0.9505,False,True,True,497,500,3,0.0009,True
TestPermission.testBackwardCompatibility,5,non-flaky,remove blank lines,5,0.9495,5,0.9485,False,True,True,497,496,-1,-0.001,True
TestPermission.testBackwardCompatibility,5,non-flaky,trailing newline,5,0.9495,5,0.949,False,True,True,497,497,0,-0.0005,True
TestPermission.testBackwardCompatibility,5,non-flaky,trailing spaces,5,0.9495,5,0.9491,False,True,True,497,512,15,-0.0005,True
TestPermission.testBackwardCompatibility,5,non-flaky,CRLF endings,5,0.9495,5,0.948,False,True,True,497,512,15,-0.0016,True
DynamicEndpointTest.testDynamicAnnotatedEndpoint,5,non-flaky,indent +2,5,0.9516,5,0.9513,False,True,True,239,259,20,-0.0003,True
DynamicEndpointTest.testDynamicAnnotatedEndpoint,5,non-flaky,indent +4,5,0.9516,5,0.9513,False,True,True,239,279,40,-0.0002,True
DynamicEndpointTest.testDynamicAnnotatedEndpoint,5,non-flaky,indent +8,5,0.9516,5,0.9507,False,True,True,239,319,80,-0.0008,True
DynamicEndpointTest.testDynamicAnnotatedEndpoint,5,non-flaky,spaces to tabs,5,0.9516,5,0.946,False,True,True,239,198,-41,-0.0055,True
DynamicEndpointTest.testDynamicAnnotatedEndpoint,5,non-flaky,tabs to spaces,5,0.9516,5,0.9513,False,True,True,239,238,-1,-0.0002,True
DynamicEndpointTest.testDynamicAnnotatedEndpoint,5,non-flaky,strip indent,5,0.9516,0,0.7526,True,True,False,239,182,-57,-0.1989,True
DynamicEndpointTest.testDynamicAnnotatedEndpoint,5,non-flaky,add blank lines,5,0.9516,5,0.9514,False,True,True,239,239,0,-0.0001,True
DynamicEndpointTest.testDynamicAnnotatedEndpoint,5,non-flaky,remove blank lines,5,0.9516,5,0.9513,False,True,True,239,238,-1,-0.0003,True
DynamicEndpointTest.testDynamicAnnotatedEndpoint,5,non-flaky,trailing newline,5,0.9516,5,0.9514,False,True,True,239,239,0,-0.0002,True
DynamicEndpointTest.testDynamicAnnotatedEndpoint,5,non-flaky,trailing spaces,5,0.9516,5,0.9509,False,True,True,239,250,11,-0.0007,True
DynamicEndpointTest.testDynamicAnnotatedEndpoint,5,non-flaky,CRLF endings,5,0.9516,5,0.9515,False,True,True,239,251,12,-0.0,True
V4JsonSchemaTest.testBignumValidator,5,non-flaky,indent +2,5,0.951,5,0.9512,False,True,True,52,57,5,0.0002,True
V4JsonSchemaTest.testBignumValidator,5,non-flaky,indent +4,5,0.951,5,0.9513,False,True,True,52,63,11,0.0003,True
V4JsonSchemaTest.testBignumValidator,5,non-flaky,indent +8,5,0.951,5,0.9509,False,True,True,52,75,23,-0.0001,True
V4JsonSchemaTest.testBignumValidator,5,non-flaky,spaces to tabs,5,0.951,5,0.9464,False,True,True,52,40,-12,-0.0047,True
V4JsonSchemaTest.testBignumValidator,5,non-flaky,tabs to spaces,5,0.951,5,0.9513,False,True,True,52,51,-1,0.0003,True
V4JsonSchemaTest.testBignumValidator,5,non-flaky,strip indent,5,0.951,4,0.9265,True,True,False,52,35,-17,-0.0245,True
V4JsonSchemaTest.testBignumValidator,5,non-flaky,add blank lines,5,0.951,5,0.9508,False,True,True,52,51,-1,-0.0002,True
V4JsonSchemaTest.testBignumValidator,5,non-flaky,remove blank lines,5,0.951,5,0.9513,False,True,True,52,51,-1,0.0003,True
V4JsonSchemaTest.testBignumValidator,5,non-flaky,trailing newline,5,0.951,5,0.9512,False,True,True,52,52,0,0.0002,True
V4JsonSchemaTest.testBignumValidator,5,non-flaky,trailing spaces,5,0.951,5,0.9505,False,True,True,52,55,3,-0.0006,True
V4JsonSchemaTest.testBignumValidator,5,non-flaky,CRLF endings,5,0.951,5,0.951,False,True,True,52,56,4,0.0,True
DetectPeerCloseWithoutReadTest.serverCloseWithoutClientReadIsDetectedNoExtraReadRequested,5,non-flaky,indent +2,5,0.9503,5,0.9509,False,True,True,63,68,5,0.0006,True
DetectPeerCloseWithoutReadTest.serverCloseWithoutClientReadIsDetectedNoExtraReadRequested,5,non-flaky,indent +4,5,0.9503,5,0.9508,False,True,True,63,74,11,0.0005,True
DetectPeerCloseWithoutReadTest.serverCloseWithoutClientReadIsDetectedNoExtraReadRequested,5,non-flaky,indent +8,5,0.9503,5,0.951,False,True,True,63,86,23,0.0007,True
DetectPeerCloseWithoutReadTest.serverCloseWithoutClientReadIsDetectedNoExtraReadRequested,5,non-flaky,spaces to tabs,5,0.9503,5,0.9428,False,True,True,63,51,-12,-0.0075,True
DetectPeerCloseWithoutReadTest.serverCloseWithoutClientReadIsDetectedNoExtraReadRequested,5,non-flaky,tabs to spaces,5,0.9503,5,0.9503,False,True,True,63,62,-1,-0.0,True
DetectPeerCloseWithoutReadTest.serverCloseWithoutClientReadIsDetectedNoExtraReadRequested,5,non-flaky,strip indent,5,0.9503,4,0.6981,True,True,False,63,46,-17,-0.2522,True
DetectPeerCloseWithoutReadTest.serverCloseWithoutClientReadIsDetectedNoExtraReadRequested,5,non-flaky,add blank lines,5,0.9503,5,0.95,False,True,True,63,62,-1,-0.0002,True
DetectPeerCloseWithoutReadTest.serverCloseWithoutClientReadIsDetectedNoExtraReadRequested,5,non-flaky,remove blank lines,5,0.9503,5,0.9503,False,True,True,63,62,-1,-0.0,True
DetectPeerCloseWithoutReadTest.serverCloseWithoutClientReadIsDetectedNoExtraReadRequested,5,non-flaky,trailing newline,5,0.9503,5,0.9503,False,True,True,63,63,0,0.0001,True
DetectPeerCloseWithoutReadTest.serverCloseWithoutClientReadIsDetectedNoExtraReadRequested,5,non-flaky,trailing spaces,5,0.9503,5,0.9499,False,True,True,63,66,3,-0.0004,True
DetectPeerCloseWithoutReadTest.serverCloseWithoutClientReadIsDetectedNoExtraReadRequested,5,non-flaky,CRLF endings,5,0.9503,5,0.9506,False,True,True,63,67,4,0.0004,True
SmtpResponseDecoderTest.testDecodeInvalidCode,5,non-flaky,indent +2,5,0.9504,5,0.951,False,True,True,79,86,7,0.0006,True
SmtpResponseDecoderTest.testDecodeInvalidCode,5,non-flaky,indent +4,5,0.9504,5,0.9513,False,True,True,79,94,15,0.0009,True
SmtpResponseDecoderTest.testDecodeInvalidCode,5,non-flaky,indent +8,5,0.9504,5,0.9511,False,True,True,79,110,31,0.0007,True
SmtpResponseDecoderTest.testDecodeInvalidCode,5,non-flaky,spaces to tabs,5,0.9504,5,0.9444,False,True,True,79,62,-17,-0.006,True
SmtpResponseDecoderTest.testDecodeInvalidCode,5,non-flaky,tabs to spaces,5,0.9504,5,0.9507,False,True,True,79,78,-1,0.0003,True
SmtpResponseDecoderTest.testDecodeInvalidCode,5,non-flaky,strip indent,5,0.9504,4,0.9407,True,True,False,79,55,-24,-0.0097,True
SmtpResponseDecoderTest.testDecodeInvalidCode,5,non-flaky,add blank lines,5,0.9504,5,0.9509,False,True,True,79,78,-1,0.0005,True
SmtpResponseDecoderTest.testDecodeInvalidCode,5,non-flaky,remove blank lines,5,0.9504,5,0.9507,False,True,True,79,78,-1,0.0003,True
SmtpResponseDecoderTest.testDecodeInvalidCode,5,non-flaky,trailing newline,5,0.9504,5,0.9507,False,True,True,79,79,0,0.0002,True
SmtpResponseDecoderTest.testDecodeInvalidCode,5,non-flaky,trailing spaces,5,0.9504,5,0.9511,False,True,True,79,83,4,0.0007,True
SmtpResponseDecoderTest.testDecodeInvalidCode,5,non-flaky,CRLF endings,5,0.9504,5,0.9506,False,True,True,79,84,5,0.0002,True
OutboundConnectionSettingsTest.build_SmallSendSize,5,non-flaky,indent +2,5,0.9512,5,0.9514,False,True,True,64,71,7,0.0002,True
OutboundConnectionSettingsTest.build_SmallSendSize,5,non-flaky,indent +4,5,0.9512,5,0.9513,False,True,True,64,79,15,0.0001,True
OutboundConnectionSettingsTest.build_SmallSendSize,5,non-flaky,indent +8,5,0.9512,5,0.9512,False,True,True,64,95,31,-0.0,True
OutboundConnectionSettingsTest.build_SmallSendSize,5,non-flaky,spaces to tabs,5,0.9512,5,0.9477,False,True,True,64,50,-14,-0.0036,True
OutboundConnectionSettingsTest.build_SmallSendSize,5,non-flaky,tabs to spaces,5,0.9512,5,0.9512,False,True,True,64,63,-1,-0.0,True
OutboundConnectionSettingsTest.build_SmallSendSize,5,non-flaky,strip indent,5,0.9512,4,0.9216,True,True,False,64,44,-20,-0.0296,True
OutboundConnectionSettingsTest.build_SmallSendSize,5,non-flaky,add blank lines,5,0.9512,5,0.9512,False,True,True,64,63,-1,-0.0,True
OutboundConnectionSettingsTest.build_SmallSendSize,5,non-flaky,remove blank lines,5,0.9512,5,0.9512,False,True,True,64,63,-1,-0.0,True
OutboundConnectionSettingsTest.build_SmallSendSize,5,non-flaky,trailing newline,5,0.9512,5,0.9513,False,True,True,64,64,0,0.0,True
OutboundConnectionSettingsTest.build_SmallSendSize,5,non-flaky,trailing spaces,5,0.9512,5,0.9514,False,True,True,64,68,4,0.0001,True
OutboundConnectionSettingsTest.build_SmallSendSize,5,non-flaky,CRLF endings,5,0.9512,5,0.9514,False,True,True,64,69,5,0.0002,True
MetaTest.testToKeys,5,non-flaky,indent +2,5,0.9529,5,0.9526,False,True,True,176,189,13,-0.0004,True
MetaTest.testToKeys,5,non-flaky,indent +4,5,0.9529,5,0.9524,False,True,True,176,203,27,-0.0006,True
MetaTest.testToKeys,5,non-flaky,indent +8,5,0.9529,5,0.9517,False,True,True,176,231,55,-0.0012,True
MetaTest.testToKeys,5,non-flaky,spaces to tabs,5,0.9529,5,0.951,False,True,True,176,144,-32,-0.0019,True
MetaTest.testToKeys,5,non-flaky,tabs to spaces,5,0.9529,5,0.9528,False,True,True,176,175,-1,-0.0001,True
MetaTest.testToKeys,5,non-flaky,strip indent,5,0.9529,3,0.71,True,True,False,176,131,-45,-0.2429,True
MetaTest.testToKeys,5,non-flaky,add blank lines,5,0.9529,5,0.9524,False,True,True,176,175,-1,-0.0005,True
MetaTest.testToKeys,5,non-flaky,remove blank lines,5,0.9529,5,0.9528,False,True,True,176,175,-1,-0.0001,True
MetaTest.testToKeys,5,non-flaky,trailing newline,5,0.9529,5,0.9529,False,True,True,176,176,0,-0.0,True
MetaTest.testToKeys,5,non-flaky,trailing spaces,5,0.9529,5,0.9527,False,True,True,176,183,7,-0.0002,True
MetaTest.testToKeys,5,non-flaky,CRLF endings,5,0.9529,5,0.953,False,True,True,176,184,8,0.0001,True
CouchbaseTemplateQueryCollectionIntegrationTests.findFromReplicasById,5,non-flaky,indent +2,5,0.95,5,0.95,False,True,True,211,234,23,-0.0,True
CouchbaseTemplateQueryCollectionIntegrationTests.findFromReplicasById,5,non-flaky,indent +4,5,0.95,5,0.95,False,True,True,211,258,47,-0.0,True
CouchbaseTemplateQueryCollectionIntegrationTests.findFromReplicasById,5,non-flaky,indent +8,5,0.95,5,0.95,False,True,True,211,306,95,-0.0,True
CouchbaseTemplateQueryCollectionIntegrationTests.findFromReplicasById,5,non-flaky,spaces to tabs,5,0.95,5,0.9497,False,True,True,211,210,-1,-0.0003,True
CouchbaseTemplateQueryCollectionIntegrationTests.findFromReplicasById,5,non-flaky,tabs to spaces,5,0.95,5,0.9504,False,True,True,211,287,76,0.0004,True
CouchbaseTemplateQueryCollectionIntegrationTests.findFromReplicasById,5,non-flaky,strip indent,5,0.95,0,0.8596,True,True,False,211,179,-32,-0.0905,True
CouchbaseTemplateQueryCollectionIntegrationTests.findFromReplicasById,5,non-flaky,add blank lines,5,0.95,5,0.9496,False,True,True,211,210,-1,-0.0005,True
CouchbaseTemplateQueryCollectionIntegrationTests.findFromReplicasById,5,non-flaky,remove blank lines,5,0.95,5,0.9497,False,True,True,211,210,-1,-0.0003,True
CouchbaseTemplateQueryCollectionIntegrationTests.findFromReplicasById,5,non-flaky,trailing newline,5,0.95,5,0.9499,False,True,True,211,211,0,-0.0002,True
CouchbaseTemplateQueryCollectionIntegrationTests.findFromReplicasById,5,non-flaky,trailing spaces,5,0.95,5,0.95,False,True,True,211,223,12,-0.0,True
CouchbaseTemplateQueryCollectionIntegrationTests.findFromReplicasById,5,non-flaky,CRLF endings,5,0.95,5,0.9506,False,True,True,211,224,13,0.0006,True
ConfigClientPropertiesTests.changeNameInOverride,5,non-flaky,indent +2,5,0.9475,5,0.9519,False,True,True,105,118,13,0.0044,True
ConfigClientPropertiesTests.changeNameInOverride,5,non-flaky,indent +4,5,0.9475,5,0.9522,False,True,True,105,132,27,0.0047,True
ConfigClientPropertiesTests.changeNameInOverride,5,non-flaky,indent +8,5,0.9475,5,0.9521,False,True,True,105,160,55,0.0046,True
ConfigClientPropertiesTests.changeNameInOverride,5,non-flaky,spaces to tabs,5,0.9475,5,0.9485,False,True,True,105,104,-1,0.001,True
ConfigClientPropertiesTests.changeNameInOverride,5,non-flaky,tabs to spaces,5,0.9475,5,0.9522,False,True,True,105,135,30,0.0047,True
ConfigClientPropertiesTests.changeNameInOverride,5,non-flaky,strip indent,5,0.9475,4,0.9263,True,True,False,105,91,-14,-0.0213,True
ConfigClientPropertiesTests.changeNameInOverride,5,non-flaky,add blank lines,5,0.9475,5,0.9493,False,True,True,105,104,-1,0.0018,True
ConfigClientPropertiesTests.changeNameInOverride,5,non-flaky,remove blank lines,5,0.9475,5,0.9485,False,True,True,105,104,-1,0.001,True
ConfigClientPropertiesTests.changeNameInOverride,5,non-flaky,trailing newline,5,0.9475,5,0.9483,False,True,True,105,105,0,0.0008,True
ConfigClientPropertiesTests.changeNameInOverride,5,non-flaky,trailing spaces,5,0.9475,5,0.9509,False,True,True,105,112,7,0.0033,True
ConfigClientPropertiesTests.changeNameInOverride,5,non-flaky,CRLF endings,5,0.9475,5,0.9497,False,True,True,105,113,8,0.0021,True
FQLReplayTest.writeMarshallablePayload,5,non-flaky,indent +2,5,0.9508,5,0.9505,False,True,True,431,476,45,-0.0002,True
FQLReplayTest.writeMarshallablePayload,5,non-flaky,indent +4,5,0.9508,5,0.9503,False,True,True,431,512,81,-0.0004,True
FQLReplayTest.writeMarshallablePayload,5,non-flaky,indent +8,5,0.9508,5,0.9497,False,True,True,431,512,81,-0.0011,True
FQLReplayTest.writeMarshallablePayload,5,non-flaky,spaces to tabs,5,0.9508,5,0.9509,False,True,True,431,247,-184,0.0001,True
FQLReplayTest.writeMarshallablePayload,5,non-flaky,tabs to spaces,5,0.9508,5,0.9503,False,True,True,431,430,-1,-0.0004,True
FQLReplayTest.writeMarshallablePayload,5,non-flaky,strip indent,5,0.9508,4,0.9204,True,True,False,431,181,-250,-0.0303,True
FQLReplayTest.writeMarshallablePayload,5,non-flaky,add blank lines,5,0.9508,5,0.9502,False,True,True,431,432,1,-0.0005,True
FQLReplayTest.writeMarshallablePayload,5,non-flaky,remove blank lines,5,0.9508,5,0.9504,False,True,True,431,430,-1,-0.0004,True
FQLReplayTest.writeMarshallablePayload,5,non-flaky,trailing newline,5,0.9508,5,0.9505,False,True,True,431,431,0,-0.0003,True
FQLReplayTest.writeMarshallablePayload,5,non-flaky,trailing spaces,5,0.9508,5,0.9501,False,True,True,431,455,24,-0.0006,True
FQLReplayTest.writeMarshallablePayload,5,non-flaky,CRLF endings,5,0.9508,5,0.9513,False,True,True,431,456,25,0.0005,True
SpecVersionTest.testGetVersionValue,5,non-flaky,indent +2,5,0.9529,5,0.9524,False,True,True,143,156,13,-0.0006,True
SpecVersionTest.testGetVersionValue,5,non-flaky,indent +4,5,0.9529,5,0.9521,False,True,True,143,170,27,-0.0008,True
SpecVersionTest.testGetVersionValue,5,non-flaky,indent +8,5,0.9529,5,0.9513,False,True,True,143,198,55,-0.0016,True
SpecVersionTest.testGetVersionValue,5,non-flaky,spaces to tabs,5,0.9529,5,0.9516,False,True,True,143,99,-44,-0.0014,True
SpecVersionTest.testGetVersionValue,5,non-flaky,tabs to spaces,5,0.9529,5,0.9527,False,True,True,143,142,-1,-0.0002,True
SpecVersionTest.testGetVersionValue,5,non-flaky,strip indent,5,0.9529,3,0.7309,True,True,False,143,82,-61,-0.222,True
SpecVersionTest.testGetVersionValue,5,non-flaky,add blank lines,5,0.9529,5,0.9523,False,True,True,143,142,-1,-0.0006,True
SpecVersionTest.testGetVersionValue,5,non-flaky,remove blank lines,5,0.9529,5,0.9527,False,True,True,143,142,-1,-0.0002,True
SpecVersionTest.testGetVersionValue,5,non-flaky,trailing newline,5,0.9529,5,0.9528,False,True,True,143,143,0,-0.0002,True
SpecVersionTest.testGetVersionValue,5,non-flaky,trailing spaces,5,0.9529,5,0.9526,False,True,True,143,150,7,-0.0004,True
SpecVersionTest.testGetVersionValue,5,non-flaky,CRLF endings,5,0.9529,5,0.9527,False,True,True,143,151,8,-0.0002,True
ElasticSearchClientTests.testMalformedDocFails,5,non-flaky,indent +2,5,0.9513,5,0.9511,False,True,True,512,512,0,-0.0001,True
ElasticSearchClientTests.testMalformedDocFails,5,non-flaky,indent +4,5,0.9513,5,0.9509,False,True,True,512,512,0,-0.0004,True
ElasticSearchClientTests.testMalformedDocFails,5,non-flaky,indent +8,5,0.9513,5,0.95,False,True,True,512,512,0,-0.0012,True
ElasticSearchClientTests.testMalformedDocFails,5,non-flaky,spaces to tabs,5,0.9513,5,0.9492,False,True,True,512,393,-119,-0.002,True
ElasticSearchClientTests.testMalformedDocFails,5,non-flaky,tabs to spaces,5,0.9513,5,0.9513,False,True,True,512,512,0,0.0,True
ElasticSearchClientTests.testMalformedDocFails,5,non-flaky,strip indent,5,0.9513,0,0.7859,True,True,False,512,333,-179,-0.1654,True
ElasticSearchClientTests.testMalformedDocFails,5,non-flaky,add blank lines,5,0.9513,5,0.9512,False,True,True,512,512,0,-0.0,True
ElasticSearchClientTests.testMalformedDocFails,5,non-flaky,remove blank lines,5,0.9513,5,0.9513,False,True,True,512,512,0,0.0,True
ElasticSearchClientTests.testMalformedDocFails,5,non-flaky,trailing newline,5,0.9513,5,0.9513,False,True,True,512,512,0,0.0,True
ElasticSearchClientTests.testMalformedDocFails,5,non-flaky,trailing spaces,5,0.9513,5,0.9512,False,True,True,512,512,0,-0.0001,True
ElasticSearchClientTests.testMalformedDocFails,5,non-flaky,CRLF endings,5,0.9513,5,0.9514,False,True,True,512,512,0,0.0002,True
EnvironmentPrefixHelperTests.testAddNoPrefix,5,non-flaky,indent +2,5,0.9495,5,0.952,False,True,True,61,68,7,0.0025,True
EnvironmentPrefixHelperTests.testAddNoPrefix,5,non-flaky,indent +4,5,0.9495,5,0.9526,False,True,True,61,76,15,0.0031,True
EnvironmentPrefixHelperTests.testAddNoPrefix,5,non-flaky,indent +8,5,0.9495,5,0.9524,False,True,True,61,92,31,0.0029,True
EnvironmentPrefixHelperTests.testAddNoPrefix,5,non-flaky,spaces to tabs,5,0.9495,5,0.9499,False,True,True,61,60,-1,0.0005,True
EnvironmentPrefixHelperTests.testAddNoPrefix,5,non-flaky,tabs to spaces,5,0.9495,5,0.9524,False,True,True,61,82,21,0.003,True
EnvironmentPrefixHelperTests.testAddNoPrefix,5,non-flaky,strip indent,5,0.9495,4,0.529,True,True,False,61,51,-10,-0.4205,True
EnvironmentPrefixHelperTests.testAddNoPrefix,5,non-flaky,add blank lines,5,0.9495,5,0.9506,False,True,True,61,60,-1,0.0011,True
EnvironmentPrefixHelperTests.testAddNoPrefix,5,non-flaky,remove blank lines,5,0.9495,5,0.9499,False,True,True,61,60,-1,0.0005,True
EnvironmentPrefixHelperTests.testAddNoPrefix,5,non-flaky,trailing newline,5,0.9495,5,0.9499,False,True,True,61,61,0,0.0004,True
EnvironmentPrefixHelperTests.testAddNoPrefix,5,non-flaky,trailing spaces,5,0.9495,5,0.9511,False,True,True,61,65,4,0.0016,True
EnvironmentPrefixHelperTests.testAddNoPrefix,5,non-flaky,CRLF endings,5,0.9495,5,0.9502,False,True,True,61,66,5,0.0007,True
MaximumValidatorTest.positiveInteger,5,non-flaky,indent +2,5,0.9532,5,0.9517,False,True,True,312,344,32,-0.0015,True
MaximumValidatorTest.positiveInteger,5,non-flaky,indent +4,5,0.9532,5,0.9515,False,True,True,312,378,66,-0.0017,True
MaximumValidatorTest.positiveInteger,5,non-flaky,indent +8,5,0.9532,5,0.951,False,True,True,312,446,134,-0.0022,True
MaximumValidatorTest.positiveInteger,5,non-flaky,spaces to tabs,5,0.9532,5,0.9528,False,True,True,312,243,-69,-0.0004,True
MaximumValidatorTest.positiveInteger,5,non-flaky,tabs to spaces,5,0.9532,5,0.9527,False,True,True,312,311,-1,-0.0005,True
MaximumValidatorTest.positiveInteger,5,non-flaky,strip indent,5,0.9532,3,0.8104,True,True,False,312,218,-94,-0.1428,True
MaximumValidatorTest.positiveInteger,5,non-flaky,add blank lines,5,0.9532,5,0.9531,False,True,True,312,316,4,-0.0001,True
MaximumValidatorTest.positiveInteger,5,non-flaky,remove blank lines,5,0.9532,5,0.9524,False,True,True,312,309,-3,-0.0008,True
MaximumValidatorTest.positiveInteger,5,non-flaky,trailing newline,5,0.9532,5,0.9527,False,True,True,312,312,0,-0.0005,True
MaximumValidatorTest.positiveInteger,5,non-flaky,trailing spaces,5,0.9532,5,0.9519,False,True,True,312,331,19,-0.0013,True
MaximumValidatorTest.positiveInteger,5,non-flaky,CRLF endings,5,0.9532,5,0.9529,False,True,True,312,332,20,-0.0002,True
XmlItemTest.prefixNamespaceIntegerTest,5,non-flaky,indent +2,5,0.9494,5,0.9495,False,True,True,43,48,5,0.0001,True
XmlItemTest.prefixNamespaceIntegerTest,5,non-flaky,indent +4,5,0.9494,5,0.9503,False,True,True,43,54,11,0.0009,True
XmlItemTest.prefixNamespaceIntegerTest,5,non-flaky,indent +8,5,0.9494,5,0.9501,False,True,True,43,66,23,0.0007,True
XmlItemTest.prefixNamespaceIntegerTest,5,non-flaky,spaces to tabs,5,0.9494,5,0.9427,False,True,True,43,31,-12,-0.0067,True
XmlItemTest.prefixNamespaceIntegerTest,5,non-flaky,tabs to spaces,5,0.9494,5,0.9499,False,True,True,43,42,-1,0.0005,True
XmlItemTest.prefixNamespaceIntegerTest,5,non-flaky,strip indent,5,0.9494,4,0.9284,True,True,False,43,26,-17,-0.021,True
XmlItemTest.prefixNamespaceIntegerTest,5,non-flaky,add blank lines,5,0.9494,5,0.9492,False,True,True,43,42,-1,-0.0002,True
XmlItemTest.prefixNamespaceIntegerTest,5,non-flaky,remove blank lines,5,0.9494,5,0.9499,False,True,True,43,42,-1,0.0005,True
XmlItemTest.prefixNamespaceIntegerTest,5,non-flaky,trailing newline,5,0.9494,5,0.9498,False,True,True,43,43,0,0.0004,True
XmlItemTest.prefixNamespaceIntegerTest,5,non-flaky,trailing spaces,5,0.9494,5,0.9491,False,True,True,43,46,3,-0.0003,True
XmlItemTest.prefixNamespaceIntegerTest,5,non-flaky,CRLF endings,5,0.9494,5,0.9497,False,True,True,43,47,4,0.0003,True
PluginUtilsTest.testClientConfigProvider,5,non-flaky,indent +2,5,0.9525,5,0.9521,False,True,True,222,243,21,-0.0003,True
PluginUtilsTest.testClientConfigProvider,5,non-flaky,indent +4,5,0.9525,5,0.9519,False,True,True,222,265,43,-0.0006,True
PluginUtilsTest.testClientConfigProvider,5,non-flaky,indent +8,5,0.9525,5,0.9516,False,True,True,222,309,87,-0.0009,True
PluginUtilsTest.testClientConfigProvider,5,non-flaky,spaces to tabs,5,0.9525,5,0.9479,False,True,True,222,152,-70,-0.0046,True
PluginUtilsTest.testClientConfigProvider,5,non-flaky,tabs to spaces,5,0.9525,5,0.9522,False,True,True,222,221,-1,-0.0003,True
PluginUtilsTest.testClientConfigProvider,5,non-flaky,strip indent,5,0.9525,4,0.9392,True,True,False,222,125,-97,-0.0133,True
PluginUtilsTest.testClientConfigProvider,5,non-flaky,add blank lines,5,0.9525,5,0.9521,False,True,True,222,221,-1,-0.0004,True
PluginUtilsTest.testClientConfigProvider,5,non-flaky,remove blank lines,5,0.9525,5,0.9522,False,True,True,222,221,-1,-0.0003,True
PluginUtilsTest.testClientConfigProvider,5,non-flaky,trailing newline,5,0.9525,5,0.9523,False,True,True,222,222,0,-0.0002,True
PluginUtilsTest.testClientConfigProvider,5,non-flaky,trailing spaces,5,0.9525,5,0.9512,False,True,True,222,233,11,-0.0013,True
PluginUtilsTest.testClientConfigProvider,5,non-flaky,CRLF endings,5,0.9525,5,0.9527,False,True,True,222,234,12,0.0002,True
AuditLogTest.testAuditLog,5,non-flaky,indent +2,5,0.9511,5,0.9505,False,True,True,512,512,0,-0.0005,True
AuditLogTest.testAuditLog,5,non-flaky,indent +4,5,0.9511,5,0.9506,False,True,True,512,512,0,-0.0005,True
AuditLogTest.testAuditLog,5,non-flaky,indent +8,5,0.9511,5,0.9504,False,True,True,512,512,0,-0.0006,True
AuditLogTest.testAuditLog,5,non-flaky,spaces to tabs,5,0.9511,5,0.95,False,True,True,512,512,0,-0.0011,True
AuditLogTest.testAuditLog,5,non-flaky,tabs to spaces,5,0.9511,5,0.9511,False,True,True,512,512,0,0.0,True
AuditLogTest.testAuditLog,5,non-flaky,strip indent,5,0.9511,0,0.7356,True,True,False,512,512,0,-0.2154,True
AuditLogTest.testAuditLog,5,non-flaky,add blank lines,5,0.9511,5,0.9515,False,True,True,512,512,0,0.0004,True
AuditLogTest.testAuditLog,5,non-flaky,remove blank lines,5,0.9511,5,0.9508,False,True,True,512,512,0,-0.0003,True
AuditLogTest.testAuditLog,5,non-flaky,trailing newline,5,0.9511,5,0.9511,False,True,True,512,512,0,0.0,True
AuditLogTest.testAuditLog,5,non-flaky,trailing spaces,5,0.9511,5,0.9505,False,True,True,512,512,0,-0.0006,True
AuditLogTest.testAuditLog,5,non-flaky,CRLF endings,5,0.9511,5,0.9507,False,True,True,512,512,0,-0.0003,True
BooleanConverterTest.testNegate,5,non-flaky,indent +2,5,0.9519,5,0.9524,False,True,True,72,79,7,0.0005,True
BooleanConverterTest.testNegate,5,non-flaky,indent +4,5,0.9519,5,0.9522,False,True,True,72,87,15,0.0003,True
BooleanConverterTest.testNegate,5,non-flaky,indent +8,5,0.9519,5,0.9515,False,True,True,72,103,31,-0.0004,True
BooleanConverterTest.testNegate,5,non-flaky,spaces to tabs,5,0.9519,5,0.951,False,True,True,72,67,-5,-0.001,True
BooleanConverterTest.testNegate,5,non-flaky,tabs to spaces,5,0.9519,5,0.9521,False,True,True,72,71,-1,0.0002,True
BooleanConverterTest.testNegate,5,non-flaky,strip indent,5,0.9519,3,0.6172,True,True,False,72,62,-10,-0.3347,True
BooleanConverterTest.testNegate,5,non-flaky,add blank lines,5,0.9519,5,0.952,False,True,True,72,71,-1,0.0001,True
BooleanConverterTest.testNegate,5,non-flaky,remove blank lines,5,0.9519,5,0.9521,False,True,True,72,71,-1,0.0002,True
BooleanConverterTest.testNegate,5,non-flaky,trailing newline,5,0.9519,5,0.9521,False,True,True,72,72,0,0.0002,True
BooleanConverterTest.testNegate,5,non-flaky,trailing spaces,5,0.9519,5,0.9522,False,True,True,72,76,4,0.0003,True
BooleanConverterTest.testNegate,5,non-flaky,CRLF endings,5,0.9519,5,0.952,False,True,True,72,77,5,0.0,True
EnumTestTest.enumStringTest,5,non-flaky,indent +2,5,0.9506,5,0.9512,False,True,True,39,44,5,0.0006,True
EnumTestTest.enumStringTest,5,non-flaky,indent +4,5,0.9506,5,0.9509,False,True,True,39,50,11,0.0003,True
EnumTestTest.enumStringTest,5,non-flaky,indent +8,5,0.9506,5,0.9508,False,True,True,39,62,23,0.0002,True
EnumTestTest.enumStringTest,5,non-flaky,spaces to tabs,5,0.9506,5,0.9475,False,True,True,39,27,-12,-0.0031,True
EnumTestTest.enumStringTest,5,non-flaky,tabs to spaces,5,0.9506,5,0.951,False,True,True,39,38,-1,0.0004,True
EnumTestTest.enumStringTest,5,non-flaky,strip indent,5,0.9506,4,0.6869,True,True,False,39,22,-17,-0.2637,True
EnumTestTest.enumStringTest,5,non-flaky,add blank lines,5,0.9506,5,0.9509,False,True,True,39,38,-1,0.0003,True
EnumTestTest.enumStringTest,5,non-flaky,remove blank lines,5,0.9506,5,0.951,False,True,True,39,38,-1,0.0004,True
EnumTestTest.enumStringTest,5,non-flaky,trailing newline,5,0.9506,5,0.951,False,True,True,39,39,0,0.0004,True
EnumTestTest.enumStringTest,5,non-flaky,trailing spaces,5,0.9506,5,0.9508,False,True,True,39,42,3,0.0002,True
EnumTestTest.enumStringTest,5,non-flaky,CRLF endings,5,0.9506,5,0.9508,False,True,True,39,43,4,0.0002,True
TestKafkaSystemAdminJava.testToKafkaSpec,5,non-flaky,indent +2,5,0.9518,5,0.9513,False,True,True,512,512,0,-0.0005,True
TestKafkaSystemAdminJava.testToKafkaSpec,5,non-flaky,indent +4,5,0.9518,5,0.9513,False,True,True,512,512,0,-0.0005,True
TestKafkaSystemAdminJava.testToKafkaSpec,5,non-flaky,indent +8,5,0.9518,5,0.9513,False,True,True,512,512,0,-0.0005,True
TestKafkaSystemAdminJava.testToKafkaSpec,5,non-flaky,spaces to tabs,5,0.9518,5,0.9507,False,True,True,512,512,0,-0.0011,True
TestKafkaSystemAdminJava.testToKafkaSpec,5,non-flaky,tabs to spaces,5,0.9518,5,0.9518,False,True,True,512,512,0,0.0,True
TestKafkaSystemAdminJava.testToKafkaSpec,5,non-flaky,strip indent,5,0.9518,4,0.4218,True,True,False,512,512,0,-0.53,True
TestKafkaSystemAdminJava.testToKafkaSpec,5,non-flaky,add blank lines,5,0.9518,5,0.9524,False,True,True,512,512,0,0.0006,True
TestKafkaSystemAdminJava.testToKafkaSpec,5,non-flaky,remove blank lines,5,0.9518,5,0.9515,False,True,True,512,512,0,-0.0003,True
TestKafkaSystemAdminJava.testToKafkaSpec,5,non-flaky,trailing newline,5,0.9518,5,0.9518,False,True,True,512,512,0,0.0,True
TestKafkaSystemAdminJava.testToKafkaSpec,5,non-flaky,trailing spaces,5,0.9518,5,0.9508,False,True,True,512,512,0,-0.001,True
TestKafkaSystemAdminJava.testToKafkaSpec,5,non-flaky,CRLF endings,5,0.9518,5,0.951,False,True,True,512,512,0,-0.0008,True
InterceptorTest.getObjectWithRawQuery,5,non-flaky,indent +2,5,0.9511,5,0.9509,False,True,True,230,251,21,-0.0002,True
InterceptorTest.getObjectWithRawQuery,5,non-flaky,indent +4,5,0.9511,5,0.9508,False,True,True,230,273,43,-0.0003,True
InterceptorTest.getObjectWithRawQuery,5,non-flaky,indent +8,5,0.9511,5,0.9501,False,True,True,230,317,87,-0.001,True
InterceptorTest.getObjectWithRawQuery,5,non-flaky,spaces to tabs,5,0.9511,5,0.9502,False,True,True,230,124,-106,-0.0009,True
InterceptorTest.getObjectWithRawQuery,5,non-flaky,tabs to spaces,5,0.9511,5,0.9508,False,True,True,230,229,-1,-0.0003,True
InterceptorTest.getObjectWithRawQuery,5,non-flaky,strip indent,5,0.9511,0,0.6611,True,True,False,230,85,-145,-0.29,True
InterceptorTest.getObjectWithRawQuery,5,non-flaky,add blank lines,5,0.9511,5,0.9508,False,True,True,230,229,-1,-0.0003,True
InterceptorTest.getObjectWithRawQuery,5,non-flaky,remove blank lines,5,0.9511,5,0.9508,False,True,True,230,229,-1,-0.0003,True
InterceptorTest.getObjectWithRawQuery,5,non-flaky,trailing newline,5,0.9511,5,0.9509,False,True,True,230,230,0,-0.0002,True
InterceptorTest.getObjectWithRawQuery,5,non-flaky,trailing spaces,5,0.9511,5,0.9503,False,True,True,230,241,11,-0.0007,True
InterceptorTest.getObjectWithRawQuery,5,non-flaky,CRLF endings,5,0.9511,5,0.9513,False,True,True,230,242,12,0.0003,True
JSONScannerTest.checkDate10,5,non-flaky,indent +2,5,0.9533,5,0.9527,False,True,True,312,359,47,-0.0006,True
JSONScannerTest.checkDate10,5,non-flaky,indent +4,5,0.9533,5,0.9523,False,True,True,312,403,91,-0.001,True
JSONScannerTest.checkDate10,5,non-flaky,indent +8,5,0.9533,5,0.9517,False,True,True,312,491,179,-0.0016,True
JSONScannerTest.checkDate10,5,non-flaky,spaces to tabs,5,0.9533,5,0.9516,False,True,True,312,280,-32,-0.0017,True
JSONScannerTest.checkDate10,5,non-flaky,tabs to spaces,5,0.9533,5,0.9529,False,True,True,312,311,-1,-0.0003,True
JSONScannerTest.checkDate10,5,non-flaky,strip indent,5,0.9533,3,0.8461,True,True,False,312,265,-47,-0.1071,True
JSONScannerTest.checkDate10,5,non-flaky,add blank lines,5,0.9533,5,0.9522,False,True,True,312,315,3,-0.0011,True
JSONScannerTest.checkDate10,5,non-flaky,remove blank lines,5,0.9533,5,0.9528,False,True,True,312,311,-1,-0.0004,True
JSONScannerTest.checkDate10,5,non-flaky,trailing newline,5,0.9533,5,0.9529,False,True,True,312,312,0,-0.0003,True
JSONScannerTest.checkDate10,5,non-flaky,trailing spaces,5,0.9533,5,0.9521,False,True,True,312,338,26,-0.0011,True
JSONScannerTest.checkDate10,5,non-flaky,CRLF endings,5,0.9533,5,0.9526,False,True,True,312,339,27,-0.0007,True
RateIteratorTest.testConstantTimeRate,5,non-flaky,indent +2,5,0.9525,5,0.9517,False,True,True,266,291,25,-0.0008,True
RateIteratorTest.testConstantTimeRate,5,non-flaky,indent +4,5,0.9525,5,0.9513,False,True,True,266,317,51,-0.0011,True
RateIteratorTest.testConstantTimeRate,5,non-flaky,indent +8,5,0.9525,5,0.9506,False,True,True,266,369,103,-0.0018,True
RateIteratorTest.testConstantTimeRate,5,non-flaky,spaces to tabs,5,0.9525,5,0.9513,False,True,True,266,194,-72,-0.0012,True
RateIteratorTest.testConstantTimeRate,5,non-flaky,tabs to spaces,5,0.9525,5,0.9521,False,True,True,266,265,-1,-0.0003,True
RateIteratorTest.testConstantTimeRate,5,non-flaky,strip indent,5,0.9525,3,0.3629,True,True,False,266,166,-100,-0.5896,True
RateIteratorTest.testConstantTimeRate,5,non-flaky,add blank lines,5,0.9525,5,0.9518,False,True,True,266,265,-1,-0.0007,True
RateIteratorTest.testConstantTimeRate,5,non-flaky,remove blank lines,5,0.9525,5,0.9521,False,True,True,266,265,-1,-0.0003,True
RateIteratorTest.testConstantTimeRate,5,non-flaky,trailing newline,5,0.9525,5,0.9522,False,True,True,266,266,0,-0.0003,True
RateIteratorTest.testConstantTimeRate,5,non-flaky,trailing spaces,5,0.9525,5,0.9518,False,True,True,266,279,13,-0.0007,True
RateIteratorTest.testConstantTimeRate,5,non-flaky,CRLF endings,5,0.9525,5,0.9526,False,True,True,266,280,14,0.0001,True
TestRpcProgramNfs3.testWrite,5,non-flaky,indent +2,5,0.9493,5,0.9494,False,True,True,458,512,54,0.0001,True
TestRpcProgramNfs3.testWrite,5,non-flaky,indent +4,5,0.9493,5,0.9501,False,True,True,458,512,54,0.0009,True
TestRpcProgramNfs3.testWrite,5,non-flaky,indent +8,5,0.9493,5,0.9505,False,True,True,458,512,54,0.0012,True
TestRpcProgramNfs3.testWrite,5,non-flaky,spaces to tabs,5,0.9493,5,0.9479,False,True,True,458,395,-63,-0.0014,True
TestRpcProgramNfs3.testWrite,5,non-flaky,tabs to spaces,5,0.9493,5,0.9488,False,True,True,458,457,-1,-0.0005,True
TestRpcProgramNfs3.testWrite,5,non-flaky,strip indent,5,0.9493,0,0.7558,True,True,False,458,366,-92,-0.1934,True
TestRpcProgramNfs3.testWrite,5,non-flaky,add blank lines,5,0.9493,5,0.9502,False,True,True,458,461,3,0.0009,True
TestRpcProgramNfs3.testWrite,5,non-flaky,remove blank lines,5,0.9493,5,0.9483,False,True,True,458,457,-1,-0.001,True
TestRpcProgramNfs3.testWrite,5,non-flaky,trailing newline,5,0.9493,5,0.9488,False,True,True,458,458,0,-0.0005,True
TestRpcProgramNfs3.testWrite,5,non-flaky,trailing spaces,5,0.9493,5,0.9471,False,True,True,458,491,33,-0.0022,True
TestRpcProgramNfs3.testWrite,5,non-flaky,CRLF endings,5,0.9493,5,0.9481,False,True,True,458,492,34,-0.0011,True
