test_name,true_category,transform,prediction,token_repr,bucket,attribution,share_of_total
TestDelegationTokenRenewer.testAddRemoveRenewAction,0,original,0,'Ċ',newline ×1,0.045482142094289274,0.005060362638281894
TestDelegationTokenRenewer.testAddRemoveRenewAction,0,original,0,'Ċ',newline ×1,0.039150471291475246,0.004355898228887169
TestDelegationTokenRenewer.testAddRemoveRenewAction,0,original,0,'Ġ',spaces ×1,0.017458731383580325,0.0019424659423937362
TestDelegationTokenRenewer.testAddRemoveRenewAction,0,original,0,'Ġ',spaces ×1,0.01781751316618256,0.001982384157420035
TestDelegationTokenRenewer.testAddRemoveRenewAction,0,original,0,'Ġ',spaces ×1,0.01697164073796755,0.0018882720282327543
TestDelegationTokenRenewer.testAddRemoveRenewAction,0,original,0,'Ċ',newline ×1,0.043467101870733195,0.004836168398688269
TestDelegationTokenRenewer.testAddRemoveRenewAction,0,original,0,'Ġ',spaces ×1,0.014220367556201083,0.0015821641939127414
TestDelegationTokenRenewer.testAddRemoveRenewAction,0,original,0,'Ġ',spaces ×1,0.01696378264286133,0.0018873977332006262
TestDelegationTokenRenewer.testAddRemoveRenewAction,0,original,0,'Ġ',spaces ×1,0.014850996005557757,0.0016523281856866217
TestDelegationTokenRenewer.testAddRemoveRenewAction,0,original,0,'Ċ',newline ×1,0.03855910160838641,0.004290102184287698
TestDelegationTokenRenewer.testAddRemoveRenewAction,0,original,0,'Ġ',spaces ×1,0.01563154362383665,0.001739172248500329
TestDelegationTokenRenewer.testAddRemoveRenewAction,0,original,0,'Ġ',spaces ×1,0.016801017393195606,0.001869288401707146
TestDelegationTokenRenewer.testAddRemoveRenewAction,0,original,0,'Ġ',spaces ×1,0.016373156843627383,0.0018216844534379275
TestDelegationTokenRenewer.testAddRemoveRenewAction,0,original,0,'Ċ',newline ×1,0.03191179332598192,0.0035505198135258554
TestDelegationTokenRenewer.testAddRemoveRenewAction,0,original,0,'Ġ',spaces ×1,0.015524337784692598,0.001727244480852852
TestDelegationTokenRenewer.testAddRemoveRenewAction,0,original,0,'Ġ',spaces ×1,0.014751431976703432,0.0016412506491298175
TestDelegationTokenRenewer.testAddRemoveRenewAction,0,original,0,'Ġ',spaces ×1,0.015086884788905231,0.001678573272902758
TestDelegationTokenRenewer.testAddRemoveRenewAction,0,original,0,'Ġ',spaces ×1,0.013376121790502208,0.001488233047894738
TestDelegationTokenRenewer.testAddRemoveRenewAction,0,original,0,'Ġ',spaces ×1,0.0116267901820085,0.001293601662784611
TestDelegationTokenRenewer.testAddRemoveRenewAction,0,original,0,'Ġ',spaces ×1,0.010948320162038422,0.0012181147973433714
TestDelegationTokenRenewer.testAddRemoveRenewAction,0,original,0,'Ġ',spaces ×1,0.024479231914236562,0.002723569842771192
TestDelegationTokenRenewer.testAddRemoveRenewAction,0,original,0,'Ċ',newline ×1,0.024225686626813604,0.0026953602853381294
TestDelegationTokenRenewer.testAddRemoveRenewAction,0,original,0,'Ġ',spaces ×1,0.010591404031187416,0.0011784041555311568
TestDelegationTokenRenewer.testAddRemoveRenewAction,0,original,0,'Ġ',spaces ×1,0.010809891147694733,0.0012027131258304778
TestDelegationTokenRenewer.testAddRemoveRenewAction,0,original,0,'Ġ',spaces ×1,0.014873551505127789,0.001654837720243621
TestDelegationTokenRenewer.testAddRemoveRenewAction,0,original,0,'Ġ',spaces ×1,0.016878214401570495,0.0018778773739714155
TestDelegationTokenRenewer.testAddRemoveRenewAction,0,original,0,'Ġ',spaces ×1,0.017461737343957666,0.00194280038683468
TestDelegationTokenRenewer.testAddRemoveRenewAction,0,original,0,'Ġ',spaces ×1,0.018140144651524796,0.0020182802748670682
TestDelegationTokenRenewer.testAddRemoveRenewAction,0,original,0,'Ġ',spaces ×1,0.019511326719201603,0.0021708385798644278
TestDelegationTokenRenewer.testAddRemoveRenewAction,0,original,0,'Ċ',newline ×1,0.04112728445413104,0.004575839309288113
TestDelegationTokenRenewer.testAddRemoveRenewAction,0,original,0,'Ġ',spaces ×1,0.021865280876789857,0.0024327405291304357
TestDelegationTokenRenewer.testAddRemoveRenewAction,0,original,0,'Ġ',spaces ×1,0.0184517127195441,0.0020529454717572674
TestDelegationTokenRenewer.testAddRemoveRenewAction,0,original,0,'Ġ',spaces ×1,0.01811226507031085,0.002015178380702683
TestDelegationTokenRenewer.testAddRemoveRenewAction,0,original,0,'Ġ',spaces ×1,0.019131679523573697,0.0021285988700349917
TestDelegationTokenRenewer.testAddRemoveRenewAction,0,original,0,'Ġ',spaces ×1,0.01884017835400269,0.00209616632487354
TestDelegationTokenRenewer.testAddRemoveRenewAction,0,original,0,'Ġ',spaces ×1,0.020088941716467686,0.0022351042722193967
TestDelegationTokenRenewer.testAddRemoveRenewAction,0,original,0,'Ġ',spaces ×1,0.020051811930424067,0.0022309731962979282
TestDelegationTokenRenewer.testAddRemoveRenewAction,0,original,0,'Ġ',spaces ×1,0.020250776688032344,0.002253110100572324
TestDelegationTokenRenewer.testAddRemoveRenewAction,0,original,0,'Ġ',spaces ×1,0.018518764719405126,0.0020604057060227376
TestDelegationTokenRenewer.testAddRemoveRenewAction,0,original,0,'Ġ',spaces ×1,0.01894736647303539,0.002108092120973827
TestDelegationTokenRenewer.testAddRemoveRenewAction,0,original,0,'Ġ',spaces ×1,0.016259370969377213,0.0018090245882621378
TestDelegationTokenRenewer.testAddRemoveRenewAction,0,original,0,'Ċ',newline ×1,0.03269295185761591,0.0036374318468214923
TestDelegationTokenRenewer.testAddRemoveRenewAction,0,original,0,'Ġ',spaces ×1,0.015992911135166925,0.0017793781528140187
TestDelegationTokenRenewer.testAddRemoveRenewAction,0,original,0,'Ġ',spaces ×1,0.01601608902743775,0.0017819569350498742
TestDelegationTokenRenewer.testAddRemoveRenewAction,0,original,0,'Ġ',spaces ×1,0.015079708497761314,0.001677774835671925
TestDelegationTokenRenewer.testAddRemoveRenewAction,0,original,0,'Ġ',spaces ×1,0.015026087054307084,0.001671808890873107
TestDelegationTokenRenewer.testAddRemoveRenewAction,0,original,0,'Ġ',spaces ×1,0.013546244049390518,0.0015071609233899999
TestDelegationTokenRenewer.testAddRemoveRenewAction,0,original,0,'Ġ',spaces ×1,0.014301416329510874,0.0015911817151958243
TestDelegationTokenRenewer.testAddRemoveRenewAction,0,original,0,'Ġ',spaces ×1,0.014172212424838515,0.001576806433341933
TestDelegationTokenRenewer.testAddRemoveRenewAction,0,original,0,'Ġ',spaces ×1,0.013226687053125671,0.0014716068749164727
TestDelegationTokenRenewer.testAddRemoveRenewAction,0,original,0,'Ġ',spaces ×1,0.013310803823794477,0.00148096574290169
TestDelegationTokenRenewer.testAddRemoveRenewAction,0,original,0,'Ġ',spaces ×1,0.014725555772321035,0.0016383716515310288
TestDelegationTokenRenewer.testAddRemoveRenewAction,0,original,0,'Ġ',spaces ×1,0.019187825186353896,0.0021348456605587425
TestDelegationTokenRenewer.testAddRemoveRenewAction,0,original,0,'Ċ',newline ×1,0.028275157568050695,0.0031459061592189756
TestDelegationTokenRenewer.testAddRemoveRenewAction,0,original,0,'Ġ',spaces ×1,0.012853641382900297,0.001430101653634946
TestDelegationTokenRenewer.testAddRemoveRenewAction,0,original,0,'Ġ',spaces ×1,0.011025772835304325,0.0012267322149930788
TestDelegationTokenRenewer.testAddRemoveRenewAction,0,original,0,'Ġ',spaces ×1,0.010697050604742072,0.0011901584386203347
TestDelegationTokenRenewer.testAddRemoveRenewAction,0,original,0,'Ġ',spaces ×1,0.00993833316043179,0.001105743210326095
TestDelegationTokenRenewer.testAddRemoveRenewAction,0,original,0,'Ġ',spaces ×1,0.010336754179912755,0.0011500717038501677
TestDelegationTokenRenewer.testAddRemoveRenewAction,0,original,0,'Ġ',spaces ×1,0.010199692038844918,0.001134822111244245
TestDelegationTokenRenewer.testAddRemoveRenewAction,0,original,0,'Ġ',spaces ×1,0.010512912323115603,0.0011696711344232659
TestDelegationTokenRenewer.testAddRemoveRenewAction,0,original,0,'Ċ',newline ×1,0.02365461993687782,0.002631823160465526
TestDelegationTokenRenewer.testAddRemoveRenewAction,0,original,0,'Ġ',spaces ×1,0.010974401503702106,0.0012210166186040665
TestDelegationTokenRenewer.testAddRemoveRenewAction,0,original,0,'Ġ',spaces ×1,0.012564365379890988,0.0013979166814596
TestDelegationTokenRenewer.testAddRemoveRenewAction,0,original,0,'Ġ',spaces ×1,0.012097256039521054,0.0013459458958906129
TestDelegationTokenRenewer.testAddRemoveRenewAction,0,original,0,'Ċ',newline ×1,0.031232684840905148,0.003474961912182985
TestDelegationTokenRenewer.testAddRemoveRenewAction,0,original,0,'Ġ',spaces ×1,0.012253672140410333,0.0013633488183678552
TestDelegationTokenRenewer.testAddRemoveRenewAction,0,original,0,'Ġ',spaces ×1,0.010823248471641202,0.0012041992674221825
TestDelegationTokenRenewer.testAddRemoveRenewAction,0,original,0,'Ġ',spaces ×1,0.012160931339675605,0.0013530304370983571
TestDelegationTokenRenewer.testAddRemoveRenewAction,0,original,0,'Ċ',newline ×1,0.026986921243623407,0.003002576433193869
TestDelegationTokenRenewer.testAddRemoveRenewAction,0,original,0,'Ġ',spaces ×1,0.009562199468930853,0.0010638944144728897
TestDelegationTokenRenewer.testAddRemoveRenewAction,0,original,0,'Ġ',spaces ×1,0.009772829038710542,0.0010873291507529199
TestDelegationTokenRenewer.testAddRemoveRenewAction,0,original,0,'Ġ',spaces ×1,0.009054791983829956,0.001007440040035861
TestDelegationTokenRenewer.testAddRemoveRenewAction,0,original,0,'Ċ',newline ×1,0.022216976663478674,0.002471870353211978
TestDelegationTokenRenewer.testAddRemoveRenewAction,0,original,0,'Ġ',spaces ×1,0.009193568861616569,0.0010228804149846249
TestDelegationTokenRenewer.testAddRemoveRenewAction,0,original,0,'Ġ',spaces ×1,0.010418234334779909,0.0011591372208303572
TestDelegationTokenRenewer.testAddRemoveRenewAction,0,original,0,'Ġ',spaces ×1,0.010743171481035345,0.0011952898670995707
TestDelegationTokenRenewer.testAddRemoveRenewAction,0,original,0,'Ċ',newline ×1,0.030874778183978022,0.0034351410640146704
TestDelegationTokenRenewer.testAddRemoveRenewAction,0,indent +4,5,'Ċ',newline ×1,0.06146737426335439,0.0025787042080540317
TestDelegationTokenRenewer.testAddRemoveRenewAction,0,indent +4,5,'Ġ',spaces ×1,0.697013493437231,0.029241392692262717
TestDelegationTokenRenewer.testAddRemoveRenewAction,0,indent +4,5,'Ġ',spaces ×1,0.1818733143765113,0.007630023028249807
TestDelegationTokenRenewer.testAddRemoveRenewAction,0,indent +4,5,'Ġ',spaces ×1,0.7274653114861597,0.030518919710241815
TestDelegationTokenRenewer.testAddRemoveRenewAction,0,indent +4,5,'Ċ',newline ×1,0.10056636506019262,0.00421900092329183
TestDelegationTokenRenewer.testAddRemoveRenewAction,0,indent +4,5,'Ġ',spaces ×1,0.1617341116654023,0.006785135030342413
TestDelegationTokenRenewer.testAddRemoveRenewAction,0,indent +4,5,'Ġ',spaces ×1,0.10250460448040156,0.004300314729339485
TestDelegationTokenRenewer.testAddRemoveRenewAction,0,indent +4,5,'Ġ',spaces ×1,0.12168251231118501,0.005104874094654642
TestDelegationTokenRenewer.testAddRemoveRenewAction,0,indent +4,5,'Ġ',spaces ×1,0.10833666041374246,0.004544983504557994
TestDelegationTokenRenewer.testAddRemoveRenewAction,0,indent +4,5,'Ġ',spaces ×1,0.09703458272465015,0.004070834158731921
TestDelegationTokenRenewer.testAddRemoveRenewAction,0,indent +4,5,'Ġ',spaces ×1,0.10158103321017704,0.004261568692933865
TestDelegationTokenRenewer.testAddRemoveRenewAction,0,indent +4,5,'Ġ',spaces ×1,0.1030503947785707,0.0043232119452279285
TestDelegationTokenRenewer.testAddRemoveRenewAction,0,indent +4,5,'Ċ',newline ×1,0.10195264863440161,0.0042771588538885194
TestDelegationTokenRenewer.testAddRemoveRenewAction,0,indent +4,5,'Ġ',spaces ×1,0.14232557107829147,0.005970900066119965
TestDelegationTokenRenewer.testAddRemoveRenewAction,0,indent +4,5,'Ġ',spaces ×1,0.09423446605375921,0.003953362528801348
TestDelegationTokenRenewer.testAddRemoveRenewAction,0,indent +4,5,'Ġ',spaces ×1,0.10166731451394663,0.0042651884011737804
TestDelegationTokenRenewer.testAddRemoveRenewAction,0,indent +4,5,'Ġ',spaces ×1,0.11894310959834035,0.004989949561309501
TestDelegationTokenRenewer.testAddRemoveRenewAction,0,indent +4,5,'Ġ',spaces ×1,0.10307934585948972,0.0043244265127133355
TestDelegationTokenRenewer.testAddRemoveRenewAction,0,indent +4,5,'Ġ',spaces ×1,0.10007598073394453,0.0041984281212026795
TestDelegationTokenRenewer.testAddRemoveRenewAction,0,indent +4,5,'Ġ',spaces ×1,0.09464480530586192,0.00397057724748436
TestDelegationTokenRenewer.testAddRemoveRenewAction,0,indent +4,5,'Ċ',newline ×1,0.07646311388137406,0.0032078115567784407
TestDelegationTokenRenewer.testAddRemoveRenewAction,0,indent +4,5,'Ġ',spaces ×1,0.11386607741774427,0.004776955848702939
TestDelegationTokenRenewer.testAddRemoveRenewAction,0,indent +4,5,'Ġ',spaces ×1,0.07466566097587721,0.0031324040836801957
TestDelegationTokenRenewer.testAddRemoveRenewAction,0,indent +4,5,'Ġ',spaces ×1,0.08057900957440445,0.0033804832817500505
TestDelegationTokenRenewer.testAddRemoveRenewAction,0,indent +4,5,'Ġ',spaces ×1,0.07451757193825015,0.0031261913923285294
TestDelegationTokenRenewer.testAddRemoveRenewAction,0,indent +4,5,'Ġ',spaces ×1,0.07225716295681271,0.00303136179821927
TestDelegationTokenRenewer.testAddRemoveRenewAction,0,indent +4,5,'Ġ',spaces ×1,0.06907737415560183,0.002897962009133207
TestDelegationTokenRenewer.testAddRemoveRenewAction,0,indent +4,5,'Ġ',spaces ×1,0.06861183071147163,0.0028784313418028108
TestDelegationTokenRenewer.testAddRemoveRenewAction,0,indent +4,5,'Ċ',newline ×1,0.053909959134817984,0.002261652464303419
TestDelegationTokenRenewer.testAddRemoveRenewAction,0,indent +4,5,'Ġ',spaces ×1,0.0636291210211694,0.002669394684553662
TestDelegationTokenRenewer.testAddRemoveRenewAction,0,indent +4,5,'Ġ',spaces ×1,0.05788429354013063,0.0024283853527343417
TestDelegationTokenRenewer.testAddRemoveRenewAction,0,indent +4,5,'Ġ',spaces ×1,0.05848568544730249,0.002453615189868255
TestDelegationTokenRenewer.testAddRemoveRenewAction,0,indent +4,5,'Ġ',spaces ×1,0.06531074654837771,0.002739942920513831
TestDelegationTokenRenewer.testAddRemoveRenewAction,0,indent +4,5,'Ġ',spaces ×1,0.06952466071504011,0.002916726756234453
TestDelegationTokenRenewer.testAddRemoveRenewAction,0,indent +4,5,'Ġ',spaces ×1,0.0651514284767815,0.0027332591441760947
TestDelegationTokenRenewer.testAddRemoveRenewAction,0,indent +4,5,'Ġ',spaces ×1,0.07356488451451519,0.0030862238632452165
TestDelegationTokenRenewer.testAddRemoveRenewAction,0,indent +4,5,'Ġ',spaces ×1,0.07565123436832238,0.0031737512582569963
TestDelegationTokenRenewer.testAddRemoveRenewAction,0,indent +4,5,'Ġ',spaces ×1,0.06708968743261905,0.0028145737697903616
TestDelegationTokenRenewer.testAddRemoveRenewAction,0,indent +4,5,'Ġ',spaces ×1,0.06873505390056242,0.002883600850994416
TestDelegationTokenRenewer.testAddRemoveRenewAction,0,indent +4,5,'Ġ',spaces ×1,0.06060677471701089,0.0025425999869415896
TestDelegationTokenRenewer.testAddRemoveRenewAction,0,indent +4,5,'Ċ',newline ×1,0.052122719163834784,0.0021866734483748924
TestDelegationTokenRenewer.testAddRemoveRenewAction,0,indent +4,5,'Ġ',spaces ×1,0.0966468340707792,0.004054567169985658
TestDelegationTokenRenewer.testAddRemoveRenewAction,0,indent +4,5,'Ġ',spaces ×1,0.07539761747678417,0.0031631114195900456
TestDelegationTokenRenewer.testAddRemoveRenewAction,0,indent +4,5,'Ġ',spaces ×1,0.07889156853161977,0.0033096910709224255
TestDelegationTokenRenewer.testAddRemoveRenewAction,0,indent +4,5,'Ġ',spaces ×1,0.0735912465262398,0.0030873298130499986
TestDelegationTokenRenewer.testAddRemoveRenewAction,0,indent +4,5,'Ġ',spaces ×1,0.08061465127839795,0.003381978536967501
TestDelegationTokenRenewer.testAddRemoveRenewAction,0,indent +4,5,'Ġ',spaces ×1,0.07353694832751895,0.0030850518730011637
TestDelegationTokenRenewer.testAddRemoveRenewAction,0,indent +4,5,'Ġ',spaces ×1,0.07395441457490363,0.003102565586280002
TestDelegationTokenRenewer.testAddRemoveRenewAction,0,indent +4,5,'Ġ',spaces ×1,0.07527365786253776,0.0031579110155917156
TestDelegationTokenRenewer.testAddRemoveRenewAction,0,indent +4,5,'Ġ',spaces ×1,0.07060163434998015,0.0029619083908441297
TestDelegationTokenRenewer.testAddRemoveRenewAction,0,indent +4,5,'Ġ',spaces ×1,0.07708955099161122,0.0032340921004263387
TestDelegationTokenRenewer.testAddRemoveRenewAction,0,indent +4,5,'Ġ',spaces ×1,0.05768291499231775,0.0024199370382442516
TestDelegationTokenRenewer.testAddRemoveRenewAction,0,indent +4,5,'Ċ',newline ×1,0.08053347418258608,0.0033785729625294128
TestDelegationTokenRenewer.testAddRemoveRenewAction,0,indent +4,5,'Ġ',spaces ×1,0.07480609234891453,0.0031382955175820668
TestDelegationTokenRenewer.testAddRemoveRenewAction,0,indent +4,5,'Ġ',spaces ×1,0.07358955056098915,0.0030872586632281463
TestDelegationTokenRenewer.testAddRemoveRenewAction,0,indent +4,5,'Ġ',spaces ×1,0.07345692889787334,0.003081694865443477
TestDelegationTokenRenewer.testAddRemoveRenewAction,0,indent +4,5,'Ġ',spaces ×1,0.06522674966030706,0.0027364190490075714
TestDelegationTokenRenewer.testAddRemoveRenewAction,0,indent +4,5,'Ġ',spaces ×1,0.05376505727995632,0.0022555734829354224
TestDelegationTokenRenewer.testAddRemoveRenewAction,0,indent +4,5,'Ġ',spaces ×1,0.06175199337763327,0.00259064466453976
TestDelegationTokenRenewer.testAddRemoveRenewAction,0,indent +4,5,'Ġ',spaces ×1,0.07841357595431261,0.003289638132509284
TestDelegationTokenRenewer.testAddRemoveRenewAction,0,indent +4,5,'Ġ',spaces ×1,0.05670309379526743,0.002378831182100978
TestDelegationTokenRenewer.testAddRemoveRenewAction,0,indent +4,5,'Ġ',spaces ×1,0.06286553023128445,0.002637360214125965
TestDelegationTokenRenewer.testAddRemoveRenewAction,0,indent +4,5,'Ġ',spaces ×1,0.06460544700982282,0.002710353908297079
TestDelegationTokenRenewer.testAddRemoveRenewAction,0,indent +4,5,'Ġ',spaces ×1,0.0636211437630545,0.002669060019386715
TestDelegationTokenRenewer.testAddRemoveRenewAction,0,indent +4,5,'Ġ',spaces ×1,0.06583871194535383,0.0027620923389200264
TestDelegationTokenRenewer.testAddRemoveRenewAction,0,indent +4,5,'Ġ',spaces ×1,0.06891924073847933,0.0028913279319002887
TestDelegationTokenRenewer.testAddRemoveRenewAction,0,indent +4,5,'Ġ',spaces ×1,0.06769150590382533,0.0028398215023116044
TestDelegationTokenRenewer.testAddRemoveRenewAction,0,indent +4,5,'Ġ',spaces ×1,0.07109047161034415,0.002982416289798027
TestDelegationTokenRenewer.testAddRemoveRenewAction,0,indent +4,5,'Ċ',newline ×1,0.0905839066731131,0.003800212781485145
TestDelegationTokenRenewer.testAddRemoveRenewAction,0,indent +4,5,'Ġ',spaces ×1,0.060598090583959055,0.0025422356666706743
TestDelegationTokenRenewer.testAddRemoveRenewAction,0,indent +4,5,'Ġ',spaces ×1,0.056826125479046544,0.002383992657184099
TestDelegationTokenRenewer.testAddRemoveRenewAction,0,indent +4,5,'Ġ',spaces ×1,0.05074483322306726,0.002128867818701298
TestDelegationTokenRenewer.testAddRemoveRenewAction,0,indent +4,5,'Ġ',spaces ×1,0.05944641172226325,0.002493919968097677
TestDelegationTokenRenewer.testAddRemoveRenewAction,0,indent +4,5,'Ġ',spaces ×1,0.05588688928326746,0.0023445894394700127
TestDelegationTokenRenewer.testAddRemoveRenewAction,0,indent +4,5,'Ġ',spaces ×1,0.05409926351765542,0.0022695942385287907
TestDelegationTokenRenewer.testAddRemoveRenewAction,0,indent +4,5,'Ġ',spaces ×1,0.057881065847513964,0.0024282499432649665
TestDelegationTokenRenewer.testAddRemoveRenewAction,0,indent +4,5,'Ġ',spaces ×1,0.06035401082331649,0.0025319959335860444
TestDelegationTokenRenewer.testAddRemoveRenewAction,0,indent +4,5,'Ġ',spaces ×1,0.06404738639456693,0.0026869419230910094
TestDelegationTokenRenewer.testAddRemoveRenewAction,0,indent +4,5,'Ġ',spaces ×1,0.048091468315112934,0.002017552778232359
TestDelegationTokenRenewer.testAddRemoveRenewAction,0,indent +4,5,'Ġ',spaces ×1,0.03994202592056469,0.0016756640665708264
TestDelegationTokenRenewer.testAddRemoveRenewAction,0,indent +4,5,'Ġ',spaces ×1,0.04405122030452221,0.001848054655507055
TestDelegationTokenRenewer.testAddRemoveRenewAction,0,indent +4,5,'Ġ',spaces ×1,0.03865636702638304,0.0016217275833505752
TestDelegationTokenRenewer.testAddRemoveRenewAction,0,indent +4,5,'Ġ',spaces ×1,0.039529544383929846,0.0016583594738984987
TestDelegationTokenRenewer.testAddRemoveRenewAction,0,indent +4,5,'Ġ',spaces ×1,0.03580617838478479,0.0015021553138023862
TestDelegationTokenRenewer.testAddRemoveRenewAction,0,indent +4,5,'Ċ',newline ×1,0.0357564938442156,0.0015000709278110136
TestDelegationTokenRenewer.testAddRemoveRenewAction,0,indent +4,5,'Ġ',spaces ×1,0.04475273038195264,0.0018774846907142144
TestDelegationTokenRenewer.testAddRemoveRenewAction,0,indent +4,5,'Ġ',spaces ×1,0.03821471765583716,0.0016031993298834335
TestDelegationTokenRenewer.testAddRemoveRenewAction,0,indent +4,5,'Ġ',spaces ×1,0.042411690202967166,0.0017792724239121744
TestDelegationTokenRenewer.testAddRemoveRenewAction,0,indent +4,5,'Ġ',spaces ×1,0.047245264603738076,0.0019820524970255494
TestDelegationTokenRenewer.testAddRemoveRenewAction,0,indent +4,5,'Ġ',spaces ×1,0.048550553696961006,0.0020368125143153675
TestDelegationTokenRenewer.testAddRemoveRenewAction,0,indent +4,5,'Ġ',spaces ×1,0.04382064826288183,0.0018383816037269316
TestDelegationTokenRenewer.testAddRemoveRenewAction,0,indent +4,5,'Ġ',spaces ×1,0.04133234753820455,0.0017339914028028187
TestDelegationTokenRenewer.testAddRemoveRenewAction,0,indent +4,5,'Ġ',spaces ×1,0.04078715536376412,0.0017111192796435606
TestDelegationTokenRenewer.testAddRemoveRenewAction,0,indent +4,5,'Ġ',spaces ×1,0.042517421788560605,0.0017837081182616006
TestDelegationTokenRenewer.testAddRemoveRenewAction,0,indent +4,5,'Ġ',spaces ×1,0.04285575942712541,0.0017979021960592312
TestDelegationTokenRenewer.testAddRemoveRenewAction,0,indent +4,5,'Ġ',spaces ×1,0.03563792036311737,0.0014950964850544129
TestDelegationTokenRenewer.testAddRemoveRenewAction,0,indent +4,5,'Ċ',newline ×1,0.05979387668868919,0.002508496959254563
TestDelegationTokenRenewer.testAddRemoveRenewAction,0,indent +4,5,'Ġ',spaces ×1,0.046307233748377793,0.0019426998462414378
TestDelegationTokenRenewer.testAddRemoveRenewAction,0,indent +4,5,'Ġ',spaces ×1,0.04432814908160948,0.0018596724838487472
TestDelegationTokenRenewer.testAddRemoveRenewAction,0,indent +4,5,'Ġ',spaces ×1,0.03783423951222241,0.0015872373565313871
TestDelegationTokenRenewer.testAddRemoveRenewAction,0,indent +4,5,'Ġ',spaces ×1,0.04006079439259843,0.0016806466896662161
TestDelegationTokenRenewer.testAddRemoveRenewAction,0,indent +4,5,'Ġ',spaces ×1,0.040017236776302326,0.00167881934288621
TestDelegationTokenRenewer.testAddRemoveRenewAction,0,indent +4,5,'Ġ',spaces ×1,0.032323848018820066,0.001356063178321317
TestDelegationTokenRenewer.testAddRemoveRenewAction,0,indent +4,5,'Ġ',spaces ×1,0.032428978057385385,0.0013604736363259124
TestDelegationTokenRenewer.testAddRemoveRenewAction,0,indent +4,5,'Ċ',newline ×1,0.03475421454948133,0.001458022900447698
TestDelegationTokenRenewer.testAddRemoveRenewAction,0,indent +4,5,'Ġ',spaces ×1,0.03385713709287226,0.0014203883432532263
TestDelegationTokenRenewer.testAddRemoveRenewAction,0,indent +4,5,'Ġ',spaces ×1,0.031039992859783545,0.0013022023661292284
TestDelegationTokenRenewer.testAddRemoveRenewAction,0,indent +4,5,'Ġ',spaces ×1,0.04771404874474923,0.002001719119385489
TestDelegationTokenRenewer.testAddRemoveRenewAction,0,indent +4,5,'Ġ',spaces ×1,0.038607677296320364,0.0016196849320529339
TestDelegationTokenRenewer.testAddRemoveRenewAction,0,indent +4,5,'Ġ',spaces ×1,0.032618606382480146,0.0013684290007082108
TestDelegationTokenRenewer.testAddRemoveRenewAction,0,indent +4,5,'Ġ',spaces ×1,0.036973335416908275,0.0015511203588570446
TestDelegationTokenRenewer.testAddRemoveRenewAction,0,indent +4,5,'Ġ',spaces ×1,0.03342535388498477,0.0014022739990423275
TestDelegationTokenRenewer.testAddRemoveRenewAction,0,indent +4,5,'Ċ',newline ×1,0.07517355615458243,0.00315371150815169
TestDelegationTokenRenewer.testAddRemoveRenewAction,0,indent +4,5,'Ġ',spaces ×1,0.04871707408990354,0.0020437984453585247
TestDelegationTokenRenewer.testAddRemoveRenewAction,0,indent +4,5,'Ġ',spaces ×1,0.04230826649876341,0.0017749335507385767
TestDelegationTokenRenewer.testAddRemoveRenewAction,0,indent +4,5,'Ġ',spaces ×1,0.04168144114846833,0.0017486367194863503
TestDelegationTokenRenewer.testAddRemoveRenewAction,0,indent +4,5,'Ġ',spaces ×1,0.03667679780515193,0.0015386798927325908
TestDelegationTokenRenewer.testAddRemoveRenewAction,0,indent +4,5,'Ġ',spaces ×1,0.04301786121896031,0.0018047027561571265
TestDelegationTokenRenewer.testAddRemoveRenewAction,0,indent +4,5,'Ġ',spaces ×1,0.03219144790087681,0.0013505086748895562
TestDelegationTokenRenewer.testAddRemoveRenewAction,0,indent +4,5,'Ġ',spaces ×1,0.037647191288904314,0.0015793902336249679
TestDelegationTokenRenewer.testAddRemoveRenewAction,0,indent +4,5,'Ċ',newline ×1,0.04877627319993056,0.002046281990425631
TestDelegationTokenRenewer.testAddRemoveRenewAction,0,indent +4,5,'Ġ',spaces ×1,0.043851714458999845,0.0018396849053827747
TestDelegationTokenRenewer.testAddRemoveRenewAction,0,indent +4,5,'Ġ',spaces ×1,0.04705437685555409,0.001974044296815158
TestDelegationTokenRenewer.testAddRemoveRenewAction,0,indent +4,5,'Ġ',spaces ×1,0.04173961998719109,0.0017510774617180147
TestDelegationTokenRenewer.testAddRemoveRenewAction,0,indent +4,5,'Ġ',spaces ×1,0.046302547452793635,0.0019425032448689556
TestDelegationTokenRenewer.testAddRemoveRenewAction,0,indent +4,5,'Ġ',spaces ×1,0.0428525971747042,0.0017977695319634694
TestDelegationTokenRenewer.testAddRemoveRenewAction,0,indent +4,5,'Ġ',spaces ×1,0.04765961387959135,0.0019994354458508744
TestDelegationTokenRenewer.testAddRemoveRenewAction,0,indent +4,5,'Ġ',spaces ×1,0.04832791024420807,0.0020274720859110268
TestDelegationTokenRenewer.testAddRemoveRenewAction,0,indent +4,5,'Ċ',newline ×1,0.07669353500067011,0.003217478277003181
TestDelegationTokenRenewer.testAddRemoveRenewAction,0,indent +4,5,'Ġ',spaces ×1,0.05528331995087486,0.002319268254110366
TestDelegationTokenRenewer.testAddRemoveRenewAction,0,indent +4,5,'Ġ',spaces ×1,0.048964825858779204,0.002054192228021426
TestDelegationTokenRenewer.testAddRemoveRenewAction,0,indent +4,5,'Ġ',spaces ×1,0.05519394205347266,0.002315518636318811
TestDelegationTokenRenewer.testAddRemoveRenewAction,0,strip indent,0,'Ċ',newline ×1,0.033013204958875976,0.004833962704489959
TestDelegationTokenRenewer.testAddRemoveRenewAction,0,strip indent,0,'Ċ',newline ×1,0.04911468469546758,0.00719162390796115
TestDelegationTokenRenewer.testAddRemoveRenewAction,0,strip indent,0,'Ċ',newline ×1,0.022964211489540386,0.0033625375669141823
TestDelegationTokenRenewer.testAddRemoveRenewAction,0,strip indent,0,'Ċ',newline ×1,0.034240078819381195,0.005013607864424706
TestDelegationTokenRenewer.testAddRemoveRenewAction,0,strip indent,0,'Ċ',newline ×1,0.03028997777802837,0.004435213820688195
TestDelegationTokenRenewer.testAddRemoveRenewAction,0,strip indent,0,'Ċ',newline ×1,0.025943880540702104,0.0037988359839561227
TestDelegationTokenRenewer.testAddRemoveRenewAction,0,strip indent,0,'Ċ',newline ×1,0.024945852298077054,0.003652699572514493
TestDelegationTokenRenewer.testAddRemoveRenewAction,0,strip indent,0,'Ċ',newline ×1,0.03787533342702605,0.005545900479351688
TestDelegationTokenRenewer.testAddRemoveRenewAction,0,strip indent,0,'Ċ',newline ×1,0.032460453490968336,0.004753026001008851
TestDelegationTokenRenewer.testAddRemoveRenewAction,0,strip indent,0,'Ċ',newline ×1,0.03853619381228922,0.005642667044706868
TestDelegationTokenRenewer.testAddRemoveRenewAction,0,strip indent,0,'Ċ',newline ×1,0.03210884115081524,0.004701541119705876
TestDelegationTokenRenewer.testAddRemoveRenewAction,0,strip indent,0,'Ċ',newline ×1,0.029142195106321246,0.004267149598059597
TestDelegationTokenRenewer.testAddRemoveRenewAction,0,strip indent,0,'Ċ',newline ×1,0.027757987667990383,0.004064466849126129
TestDelegationTokenRenewer.testAddRemoveRenewAction,0,strip indent,0,'Ċ',newline ×1,0.0230693612292528,0.0033779341308282224
MetricAdapterTest.testToMetricResponse,3,original,2,'Ċ',newline ×1,0.0024415280298237373,0.0006250909303813014
MetricAdapterTest.testToMetricResponse,3,original,2,'Ċ',newline ×1,0.006920353283638809,0.0017717798115753668
MetricAdapterTest.testToMetricResponse,3,original,2,'Ġ',spaces ×1,0.0002665029759189696,6.823128431525766e-05
MetricAdapterTest.testToMetricResponse,3,original,2,'Ġ',spaces ×1,0.0007394590634223851,0.00018931961799633916
MetricAdapterTest.testToMetricResponse,3,original,2,'Ġ',spaces ×1,0.008018214275451583,0.0020528590948843232
MetricAdapterTest.testToMetricResponse,3,original,2,'Ċ',newline ×1,0.029847828760982752,0.007641774668223422
MetricAdapterTest.testToMetricResponse,3,original,2,'Ġ',spaces ×1,0.0007173636404532216,0.0001836626489457074
MetricAdapterTest.testToMetricResponse,3,original,2,'Ġ',spaces ×1,0.012075866482156436,0.003091717368092839
MetricAdapterTest.testToMetricResponse,3,original,2,'Ġ',spaces ×1,0.03719989729163096,0.009524084148971738
MetricAdapterTest.testToMetricResponse,3,original,2,'Ċ',newline ×1,0.005394778308312288,0.001381195280476565
MetricAdapterTest.testToMetricResponse,3,original,2,'Ġ',spaces ×1,0.008958709565113764,0.0022936489070236525
MetricAdapterTest.testToMetricResponse,3,original,2,'Ġ',spaces ×1,0.00040088489196966177,0.00010263634373069817
MetricAdapterTest.testToMetricResponse,3,original,2,'Ġ',spaces ×1,0.010258354728043189,0.0026263898766695193
MetricAdapterTest.testToMetricResponse,3,original,2,'Ċ',newline ×1,0.0029063947811257605,0.0007441081960137968
MetricAdapterTest.testToMetricResponse,3,original,2,'Ġ',spaces ×1,0.0033445365821490685,0.0008562832202998669
MetricAdapterTest.testToMetricResponse,3,original,2,'Ġ',spaces ×1,0.00038748544232303185,9.920575667869779e-05
MetricAdapterTest.testToMetricResponse,3,original,2,'Ġ',spaces ×1,0.0017532705548307145,0.00044888017214710936
MetricAdapterTest.testToMetricResponse,3,original,2,'Ċ',newline ×1,0.01731465132944643,0.004432974504713294
MetricAdapterTest.testToMetricResponse,3,original,2,'Ġ',spaces ×1,0.0044511018443344885,0.0011395910098553484
MetricAdapterTest.testToMetricResponse,3,original,2,'Ġ',spaces ×1,0.00548178399962701,0.0014034708668585545
MetricAdapterTest.testToMetricResponse,3,original,2,'Ġ',spaces ×1,0.0024058805712003687,0.0006159643085262908
MetricAdapterTest.testToMetricResponse,3,original,2,'Ċ',newline ×1,0.003923753335723569,0.0010045768851530451
MetricAdapterTest.testToMetricResponse,3,original,2,'Ġ',spaces ×1,0.0026485916796331944,0.000678104292475238
MetricAdapterTest.testToMetricResponse,3,original,2,'Ġ',spaces ×1,0.0029656481593267918,0.0007592785110195974
MetricAdapterTest.testToMetricResponse,3,original,2,'Ġ',spaces ×1,0.006566413215427747,0.0016811624916696654
MetricAdapterTest.testToMetricResponse,3,original,2,'Ċ',newline ×1,0.01297731781671427,0.0033225109721510744
MetricAdapterTest.testToMetricResponse,3,original,2,'Ġ',spaces ×1,0.0017641715808716651,0.00045167110160882867
MetricAdapterTest.testToMetricResponse,3,original,2,'Ġ',spaces ×1,0.0011298427758883443,0.0002892674027648269
MetricAdapterTest.testToMetricResponse,3,original,2,'Ġ',spaces ×1,0.017541505099771166,0.004491054622008951
MetricAdapterTest.testToMetricResponse,3,original,2,'Ċ',newline ×1,0.006569272683681097,0.0016818945855260738
MetricAdapterTest.testToMetricResponse,3,original,2,'Ġ',spaces ×1,0.0032651903409322653,0.0008359686406028027
MetricAdapterTest.testToMetricResponse,3,original,2,'Ġ',spaces ×1,0.0014702492804137897,0.0003764197991421968
MetricAdapterTest.testToMetricResponse,3,original,2,'Ġ',spaces ×1,0.008016769252349107,0.002052489133604127
MetricAdapterTest.testToMetricResponse,3,original,2,'Ċ',newline ×1,0.008539542438692984,0.002186331863828151
MetricAdapterTest.testToMetricResponse,3,indent +4,5,'Ċ',newline ×1,0.10970880238567518,0.002717296675397447
MetricAdapterTest.testToMetricResponse,3,indent +4,5,'Ġ',spaces ×1,0.8297780790334449,0.020552163239817352
MetricAdapterTest.testToMetricResponse,3,indent +4,5,'Ġ',spaces ×1,0.3390267457093864,0.008397104233700197
MetricAdapterTest.testToMetricResponse,3,indent +4,5,'Ġ',spaces ×1,0.5601236051788666,0.013873289809632438
MetricAdapterTest.testToMetricResponse,3,indent +4,5,'Ċ',newline ×1,0.1682893580419776,0.004168235393771334
MetricAdapterTest.testToMetricResponse,3,indent +4,5,'Ġ',spaces ×1,0.2277457015793414,0.0056408658583480065
MetricAdapterTest.testToMetricResponse,3,indent +4,5,'Ġ',spaces ×1,0.16133588576545616,0.003996009950702172
MetricAdapterTest.testToMetricResponse,3,indent +4,5,'Ġ',spaces ×1,0.17995641579022814,0.004457208170263248
MetricAdapterTest.testToMetricResponse,3,indent +4,5,'Ġ',spaces ×1,0.16818220052927244,0.004165581288114489
MetricAdapterTest.testToMetricResponse,3,indent +4,5,'Ġ',spaces ×1,0.17029817833393907,0.004217990386826756
MetricAdapterTest.testToMetricResponse,3,indent +4,5,'Ġ',spaces ×1,0.16226929785598115,0.004019128948587529
MetricAdapterTest.testToMetricResponse,3,indent +4,5,'Ġ',spaces ×1,0.2083138077634928,0.00515957156550851
MetricAdapterTest.testToMetricResponse,3,indent +4,5,'Ċ',newline ×1,0.07839367303954162,0.0019416752575029026
MetricAdapterTest.testToMetricResponse,3,indent +4,5,'Ġ',spaces ×1,0.14847873123545602,0.0036775605419061257
MetricAdapterTest.testToMetricResponse,3,indent +4,5,'Ġ',spaces ×1,0.1571748700592827,0.003892948811588526
MetricAdapterTest.testToMetricResponse,3,indent +4,5,'Ġ',spaces ×1,0.17169427111532717,0.004252569182610854
MetricAdapterTest.testToMetricResponse,3,indent +4,5,'Ġ',spaces ×1,0.18387191361978708,0.004554188257580067
MetricAdapterTest.testToMetricResponse,3,indent +4,5,'Ġ',spaces ×1,0.16103047080997457,0.0039884453521913865
MetricAdapterTest.testToMetricResponse,3,indent +4,5,'Ġ',spaces ×1,0.16832576798296345,0.004169137204833354
MetricAdapterTest.testToMetricResponse,3,indent +4,5,'Ġ',spaces ×1,0.13531369974340623,0.0033514855549685186
MetricAdapterTest.testToMetricResponse,3,indent +4,5,'Ċ',newline ×1,0.12309895702806394,0.003048947572149661
MetricAdapterTest.testToMetricResponse,3,indent +4,5,'Ġ',spaces ×1,0.1600876741642036,0.003965093915156068
MetricAdapterTest.testToMetricResponse,3,indent +4,5,'Ġ',spaces ×1,0.12691489626119834,0.0031434617657807523
MetricAdapterTest.testToMetricResponse,3,indent +4,5,'Ġ',spaces ×1,0.12940896510203093,0.003205235523419471
MetricAdapterTest.testToMetricResponse,3,indent +4,5,'Ġ',spaces ×1,0.144022920470759,0.0035671978407023778
MetricAdapterTest.testToMetricResponse,3,indent +4,5,'Ġ',spaces ×1,0.16076339714674392,0.003981830400962299
MetricAdapterTest.testToMetricResponse,3,indent +4,5,'Ġ',spaces ×1,0.10973056579361497,0.002717835717249642
MetricAdapterTest.testToMetricResponse,3,indent +4,5,'Ġ',spaces ×1,0.11628915700044581,0.002880280641394939
MetricAdapterTest.testToMetricResponse,3,indent +4,5,'Ċ',newline ×1,0.12763977854187386,0.003161415842103723
MetricAdapterTest.testToMetricResponse,3,indent +4,5,'Ġ',spaces ×1,0.11529029210789778,0.0028555404911729874
MetricAdapterTest.testToMetricResponse,3,indent +4,5,'Ġ',spaces ×1,0.11083505878498259,0.002745192092200235
MetricAdapterTest.testToMetricResponse,3,indent +4,5,'Ġ',spaces ×1,0.11308697654617071,0.002800968187761223
MetricAdapterTest.testToMetricResponse,3,indent +4,5,'Ġ',spaces ×1,0.1141284588781862,0.0028267638980117287
MetricAdapterTest.testToMetricResponse,3,indent +4,5,'Ġ',spaces ×1,0.10765274213014955,0.0026663716304123047
MetricAdapterTest.testToMetricResponse,3,indent +4,5,'Ġ',spaces ×1,0.09358369615627196,0.0023179057733479207
MetricAdapterTest.testToMetricResponse,3,indent +4,5,'Ġ',spaces ×1,0.08164500136372574,0.0020222050185960253
MetricAdapterTest.testToMetricResponse,3,indent +4,5,'Ċ',newline ×1,0.11921342972249774,0.0029527098027092064
MetricAdapterTest.testToMetricResponse,3,indent +4,5,'Ġ',spaces ×1,0.11724288340745648,0.002903902789651543
MetricAdapterTest.testToMetricResponse,3,indent +4,5,'Ġ',spaces ×1,0.09534996104580801,0.002361653089951882
MetricAdapterTest.testToMetricResponse,3,indent +4,5,'Ġ',spaces ×1,0.10232903874794104,0.0025345127349845464
MetricAdapterTest.testToMetricResponse,3,indent +4,5,'Ġ',spaces ×1,0.10827281987699028,0.00268172988028231
MetricAdapterTest.testToMetricResponse,3,indent +4,5,'Ġ',spaces ×1,0.12042521705985375,0.002982723672439646
MetricAdapterTest.testToMetricResponse,3,indent +4,5,'Ġ',spaces ×1,0.11282505430279585,0.0027944808282635487
MetricAdapterTest.testToMetricResponse,3,indent +4,5,'Ġ',spaces ×1,0.1246580333272918,0.0030875631868720766
MetricAdapterTest.testToMetricResponse,3,indent +4,5,'Ċ',newline ×1,0.12391546671436979,0.0030691711003240823
MetricAdapterTest.testToMetricResponse,3,indent +4,5,'Ġ',spaces ×1,0.08008265204905957,0.0019835083369603304
MetricAdapterTest.testToMetricResponse,3,indent +4,5,'Ġ',spaces ×1,0.07567564086217383,0.0018743543166250616
MetricAdapterTest.testToMetricResponse,3,indent +4,5,'Ġ',spaces ×1,0.07863871420117459,0.0019477445018968031
MetricAdapterTest.testToMetricResponse,3,indent +4,5,'Ġ',spaces ×1,0.08748390743019863,0.0021668245905662725
MetricAdapterTest.testToMetricResponse,3,indent +4,5,'Ġ',spaces ×1,0.08393309060458923,0.0020788770189461344
MetricAdapterTest.testToMetricResponse,3,indent +4,5,'Ġ',spaces ×1,0.07541609123666483,0.0018679257227551102
MetricAdapterTest.testToMetricResponse,3,indent +4,5,'Ġ',spaces ×1,0.07117509694296134,0.001762883652802073
MetricAdapterTest.testToMetricResponse,3,indent +4,5,'Ċ',newline ×1,0.08218064776421376,0.0020354720505167453
MetricAdapterTest.testToMetricResponse,3,indent +4,5,'Ġ',spaces ×1,0.05323710401852959,0.001318590692921711
MetricAdapterTest.testToMetricResponse,3,indent +4,5,'Ġ',spaces ×1,0.05455126222366651,0.0013511401114197031
MetricAdapterTest.testToMetricResponse,3,indent +4,5,'Ġ',spaces ×1,0.07252009403415798,0.0017961968969981016
MetricAdapterTest.testToMetricResponse,3,indent +4,5,'Ġ',spaces ×1,0.06021846620578113,0.0014915069206868686
MetricAdapterTest.testToMetricResponse,3,indent +4,5,'Ġ',spaces ×1,0.07480772538709374,0.0018528575562587388
MetricAdapterTest.testToMetricResponse,3,indent +4,5,'Ġ',spaces ×1,0.055910326335801674,0.0013848017713161843
MetricAdapterTest.testToMetricResponse,3,indent +4,5,'Ġ',spaces ×1,0.051019073888319486,0.0012636539351803995
MetricAdapterTest.testToMetricResponse,3,indent +4,5,'Ċ',newline ×1,0.07654719487488894,0.0018959411972552462
MetricAdapterTest.testToMetricResponse,3,indent +4,5,'Ġ',spaces ×1,0.04978796280127141,0.0012331614496994216
MetricAdapterTest.testToMetricResponse,3,indent +4,5,'Ġ',spaces ×1,0.050239452304166,0.0012443440612904173
MetricAdapterTest.testToMetricResponse,3,indent +4,5,'Ġ',spaces ×1,0.05906316691635376,0.001462892161889174
MetricAdapterTest.testToMetricResponse,3,indent +4,5,'Ġ',spaces ×1,0.058244177021340264,0.001442607203248564
MetricAdapterTest.testToMetricResponse,3,indent +4,5,'Ġ',spaces ×1,0.06563938271180914,0.001625773616513642
MetricAdapterTest.testToMetricResponse,3,indent +4,5,'Ġ',spaces ×1,0.0655120527623729,0.0016226198746008894
MetricAdapterTest.testToMetricResponse,3,indent +4,5,'Ġ',spaces ×1,0.06240864263116574,0.0015457537904896197
MetricAdapterTest.testToMetricResponse,3,indent +4,5,'Ċ',newline ×1,0.10232600474337977,0.0025344375879559743
MetricAdapterTest.testToMetricResponse,3,indent +4,5,'Ġ',spaces ×1,0.06570676965709095,0.001627442674222756
MetricAdapterTest.testToMetricResponse,3,indent +4,5,'Ġ',spaces ×1,0.05881488991247105,0.001456742771297374
MetricAdapterTest.testToMetricResponse,3,indent +4,5,'Ġ',spaces ×1,0.058866026137186195,0.0014580093268552622
MetricAdapterTest.testToMetricResponse,3,strip indent,3,'Ċ',newline ×1,0.0337389280586995,0.0038505226792180493
MetricAdapterTest.testToMetricResponse,3,strip indent,3,'Ċ',newline ×1,0.04669760261705193,0.005329457344620852
MetricAdapterTest.testToMetricResponse,3,strip indent,3,'Ċ',newline ×1,0.04779424426817239,0.005454613767529957
MetricAdapterTest.testToMetricResponse,3,strip indent,3,'Ċ',newline ×1,0.037735268337193865,0.004306613010524452
MetricAdapterTest.testToMetricResponse,3,strip indent,3,'Ċ',newline ×1,0.03168483036627603,0.0036160946696427235
MetricAdapterTest.testToMetricResponse,3,strip indent,3,'Ċ',newline ×1,0.024068495055275245,0.0027468651613277457
MetricAdapterTest.testToMetricResponse,3,strip indent,3,'Ċ',newline ×1,0.025483442454802094,0.0029083488647311177
MetricAdapterTest.testToMetricResponse,3,strip indent,3,'Ċ',newline ×1,0.030933003384941735,0.003530290910927002
MetricAdapterTest.testToMetricResponse,3,strip indent,3,'Ċ',newline ×1,0.02201293208419027,0.002512269923893026
MetricAdapterTest.testToMetricResponse,3,strip indent,3,'Ċ',newline ×1,0.026905276456149856,0.0030706185153479885
TestPathData.testToFile,4,original,3,'Ċ',newline ×1,0.0005978388194140154,0.0005503638936213604
TestPathData.testToFile,4,original,3,'Ċ',newline ×1,0.0014963641364420207,0.0013775364958983597
TestPathData.testToFile,4,original,3,'Ġ',spaces ×1,0.0032683229278374095,0.003008782423897567
TestPathData.testToFile,4,original,3,'Ġ',spaces ×1,0.003419435720708744,0.0031478952120938637
TestPathData.testToFile,4,original,3,'Ġ',spaces ×1,0.0003966682028217382,0.00036516841913133443
TestPathData.testToFile,4,original,3,'Ċ',newline ×1,0.0007292960688112893,0.000671382002973899
TestPathData.testToFile,4,original,3,'Ġ',spaces ×1,0.003142018296614678,0.002892507758611884
TestPathData.testToFile,4,original,3,'Ġ',spaces ×1,0.0035666639592071853,0.003283431921922173
TestPathData.testToFile,4,original,3,'Ġ',spaces ×1,0.0031354220791175737,0.0028864353527610262
TestPathData.testToFile,4,original,3,'Ċ',newline ×1,0.0034350256033155156,0.0031622470879071013
TestPathData.testToFile,4,original,3,'Ġ',spaces ×1,0.0013183758160643323,0.0012136823903416034
TestPathData.testToFile,4,original,3,'Ġ',spaces ×1,0.002304723318966095,0.0021217031386309274
TestPathData.testToFile,4,original,3,'Ġ',spaces ×1,0.00146735080362704,0.0013508271382982019
TestPathData.testToFile,4,original,3,'Ċ',newline ×1,0.0051048557937479365,0.0046994745402724
TestPathData.testToFile,4,original,3,'Ġ',spaces ×1,0.0015885024436848943,0.0014623580161461972
TestPathData.testToFile,4,original,3,'Ġ',spaces ×1,0.0021937203011860953,0.0020195149717116188
TestPathData.testToFile,4,original,3,'Ġ',spaces ×1,0.0011809987369347024,0.001087214550333788
TestPathData.testToFile,4,original,3,'Ċ',newline ×1,0.006106226507218093,0.005621325492279876
TestPathData.testToFile,4,original,3,'Ġ',spaces ×1,0.002958001839723552,0.0027231042163590154
TestPathData.testToFile,4,original,3,'Ġ',spaces ×1,0.002024162138261763,0.0018634215771177567
TestPathData.testToFile,4,original,3,'Ġ',spaces ×1,0.0001912513834661013,0.00017606393671131315
TestPathData.testToFile,4,original,3,'Ċ',newline ×1,0.0017728390046001913,0.0016320562426707886
TestPathData.testToFile,4,original,3,'Ġ',spaces ×1,0.0024505624005662662,0.002255961005776969
TestPathData.testToFile,4,original,3,'Ġ',spaces ×1,6.677393018758316e-05,6.147135150317008e-05
TestPathData.testToFile,4,original,3,'Ġ',spaces ×1,0.0022410421631837317,0.002063078961497293
TestPathData.testToFile,4,original,3,'Ċ',newline ×1,0.002198122739149698,0.0020235678080621415
TestPathData.testToFile,4,indent +4,5,'Ċ',newline ×1,0.036901775417860876,0.005814279132938408
TestPathData.testToFile,4,indent +4,5,'Ġ',spaces ×1,0.21634671533378058,0.03408779599900032
TestPathData.testToFile,4,indent +4,5,'Ġ',spaces ×1,0.04181778252974784,0.006588849929176755
TestPathData.testToFile,4,indent +4,5,'Ġ',spaces ×1,0.13753792157625222,0.02167060685707459
TestPathData.testToFile,4,indent +4,5,'Ċ',newline ×1,0.03970817956029272,0.006256458861668632
TestPathData.testToFile,4,indent +4,5,'Ġ',spaces ×1,0.0512272484535761,0.008071414406183728
TestPathData.testToFile,4,indent +4,5,'Ġ',spaces ×1,0.037940720889450025,0.00597797637805247
TestPathData.testToFile,4,indent +4,5,'Ġ',spaces ×1,0.04376972809604915,0.006896400345010792
TestPathData.testToFile,4,indent +4,5,'Ġ',spaces ×1,0.04293676541254961,0.006765157945577521
TestPathData.testToFile,4,indent +4,5,'Ġ',spaces ×1,0.04345241594771006,0.006846404338536186
TestPathData.testToFile,4,indent +4,5,'Ġ',spaces ×1,0.04087100491975103,0.006439674740747383
TestPathData.testToFile,4,indent +4,5,'Ġ',spaces ×1,0.04305137562690432,0.006783216040891322
TestPathData.testToFile,4,indent +4,5,'Ċ',newline ×1,0.03007173219116808,0.004738130970408367
TestPathData.testToFile,4,indent +4,5,'Ġ',spaces ×1,0.05035677086411093,0.007934261122180266
TestPathData.testToFile,4,indent +4,5,'Ġ',spaces ×1,0.03444965192597535,0.005427920203352668
TestPathData.testToFile,4,indent +4,5,'Ġ',spaces ×1,0.040166814460079,0.006328721816425383
TestPathData.testToFile,4,indent +4,5,'Ġ',spaces ×1,0.04132987544799467,0.006511974821349903
TestPathData.testToFile,4,indent +4,5,'Ġ',spaces ×1,0.04290066596338876,0.006759470081739271
TestPathData.testToFile,4,indent +4,5,'Ġ',spaces ×1,0.04383406088593665,0.006906536681096822
TestPathData.testToFile,4,indent +4,5,'Ġ',spaces ×1,0.04632449420971405,0.007298931744544226
TestPathData.testToFile,4,indent +4,5,'Ċ',newline ×1,0.02772528562334521,0.004368422598348735
TestPathData.testToFile,4,indent +4,5,'Ġ',spaces ×1,0.03944374134424139,0.006214793722684709
TestPathData.testToFile,4,indent +4,5,'Ġ',spaces ×1,0.02996705132659349,0.00472163735297067
TestPathData.testToFile,4,indent +4,5,'Ġ',spaces ×1,0.036047926342676985,0.005679745853596038
TestPathData.testToFile,4,indent +4,5,'Ġ',spaces ×1,0.027201912294491554,0.004285959394607664
TestPathData.testToFile,4,indent +4,5,'Ġ',spaces ×1,0.031101059149245082,0.004900312713306877
TestPathData.testToFile,4,indent +4,5,'Ġ',spaces ×1,0.030293062642667623,0.004773004008658302
TestPathData.testToFile,4,indent +4,5,'Ġ',spaces ×1,0.03224828962574295,0.005081071447666959
TestPathData.testToFile,4,indent +4,5,'Ċ',newline ×1,0.03221724314885195,0.005076179734986619
TestPathData.testToFile,4,indent +4,5,'Ġ',spaces ×1,0.030203961845668287,0.004758965201612973
TestPathData.testToFile,4,indent +4,5,'Ġ',spaces ×1,0.02307309797512818,0.0036354194498755587
TestPathData.testToFile,4,indent +4,5,'Ġ',spaces ×1,0.02349969780452355,0.0037026349282118136
TestPathData.testToFile,4,indent +4,5,'Ġ',spaces ×1,0.02579530957699227,0.0040643337211520685
TestPathData.testToFile,4,indent +4,5,'Ġ',spaces ×1,0.02303319458727158,0.0036291322338074697
TestPathData.testToFile,4,indent +4,5,'Ġ',spaces ×1,0.023346244088010646,0.0036784566134372633
TestPathData.testToFile,4,indent +4,5,'Ġ',spaces ×1,0.022369940860669478,0.003524629340416608
TestPathData.testToFile,4,indent +4,5,'Ċ',newline ×1,0.031080547037944325,0.004897080805374046
TestPathData.testToFile,4,indent +4,5,'Ġ',spaces ×1,0.041211103671849554,0.006493261026368421
TestPathData.testToFile,4,indent +4,5,'Ġ',spaces ×1,0.027751993318917968,0.0043726306884825875
TestPathData.testToFile,4,indent +4,5,'Ġ',spaces ×1,0.02597405556796786,0.0040924971109526235
TestPathData.testToFile,4,indent +4,5,'Ġ',spaces ×1,0.026459791665776555,0.004169030156466664
TestPathData.testToFile,4,indent +4,5,'Ġ',spaces ×1,0.023428686914996992,0.003691446384340675
TestPathData.testToFile,4,indent +4,5,'Ġ',spaces ×1,0.028148130362444734,0.004435046421055899
TestPathData.testToFile,4,indent +4,5,'Ġ',spaces ×1,0.024226394629978866,0.003817133977115905
TestPathData.testToFile,4,indent +4,5,'Ċ',newline ×1,0.030616757738487328,0.004824005718460809
TestPathData.testToFile,4,indent +4,5,'Ġ',spaces ×1,0.03412319945037161,0.005376484038146367
TestPathData.testToFile,4,indent +4,5,'Ġ',spaces ×1,0.021561002731326682,0.0033971722727818747
TestPathData.testToFile,4,indent +4,5,'Ġ',spaces ×1,0.02213823506385884,0.0034881215528068856
TestPathData.testToFile,4,indent +4,5,'Ġ',spaces ×1,0.023628491587162986,0.0037229278001501714
TestPathData.testToFile,4,indent +4,5,'Ġ',spaces ×1,0.021053324370962672,0.0033171819833314607
TestPathData.testToFile,4,indent +4,5,'Ġ',spaces ×1,0.02225788520583782,0.003506973743951726
TestPathData.testToFile,4,indent +4,5,'Ġ',spaces ×1,0.022177793933795983,0.0034943544863011047
TestPathData.testToFile,4,indent +4,5,'Ċ',newline ×1,0.03054846821156495,0.0048132459550920565
TestPathData.testToFile,4,indent +4,5,'Ġ',spaces ×1,0.02858421434240947,0.004503756231253554
TestPathData.testToFile,4,indent +4,5,'Ġ',spaces ×1,0.023577643927765207,0.0037149161941597408
TestPathData.testToFile,4,indent +4,5,'Ġ',spaces ×1,0.022828540329694395,0.0035968867126686117
TestPathData.testToFile,4,strip indent,3,'Ċ',newline ×1,0.01987420108827302,0.006365683774661063
TestPathData.testToFile,4,strip indent,3,'Ċ',newline ×1,0.012989397772034002,0.004160489182573754
TestPathData.testToFile,4,strip indent,3,'Ċ',newline ×1,0.020592565832498567,0.006595775176891233
TestPathData.testToFile,4,strip indent,3,'Ċ',newline ×1,0.006373156237104353,0.002041314620483215
TestPathData.testToFile,4,strip indent,3,'Ċ',newline ×1,0.013618960997124518,0.004362137560251018
TestPathData.testToFile,4,strip indent,3,'Ċ',newline ×1,0.017033316281928085,0.005455751635144681
TestPathData.testToFile,4,strip indent,3,'Ċ',newline ×1,0.03352137546160124,0.010736858046895151
TestPathData.testToFile,4,strip indent,3,'Ċ',newline ×1,0.01265040014256132,0.004051908631335589
TestLocalDirAllocator.testRemoveContext,4,original,4,'Ċ',newline ×1,0.018193495758821808,0.0032165560433371557
TestLocalDirAllocator.testRemoveContext,4,original,4,'Ċ',newline ×1,0.019423602040896014,0.0034340351824758905
TestLocalDirAllocator.testRemoveContext,4,original,4,'Ġ',spaces ×1,0.013843748425035421,0.002447533626812497
TestLocalDirAllocator.testRemoveContext,4,original,4,'Ġ',spaces ×1,0.01596173718506444,0.002821987752402305
TestLocalDirAllocator.testRemoveContext,4,original,4,'Ġ',spaces ×1,0.014550821560495898,0.002572542058237444
TestLocalDirAllocator.testRemoveContext,4,original,4,'Ċ',newline ×1,0.02841276479386169,0.005023292473152031
TestLocalDirAllocator.testRemoveContext,4,original,4,'Ġ',spaces ×1,0.01154902633038548,0.0020418335722890797
TestLocalDirAllocator.testRemoveContext,4,original,4,'Ġ',spaces ×1,0.012308016980603829,0.002176020866207702
TestLocalDirAllocator.testRemoveContext,4,original,4,'Ġ',spaces ×1,0.018759333577349123,0.003316594489980937
TestLocalDirAllocator.testRemoveContext,4,original,4,'Ċ',newline ×1,0.019268797497665184,0.0034066661987651194
TestLocalDirAllocator.testRemoveContext,4,original,4,'Ġ',spaces ×1,0.01072640184881469,0.001896396005882382
TestLocalDirAllocator.testRemoveContext,4,original,4,'Ġ',spaces ×1,0.013121985729753555,0.002319928124816626
TestLocalDirAllocator.testRemoveContext,4,original,4,'Ġ',spaces ×1,0.008283640094512757,0.0014645229789835873
TestLocalDirAllocator.testRemoveContext,4,original,4,'Ċ',newline ×1,0.02306187659126757,0.00407727132287749
TestLocalDirAllocator.testRemoveContext,4,original,4,'Ġ',spaces ×1,0.007683192981116981,0.001358365711743671
TestLocalDirAllocator.testRemoveContext,4,original,4,'Ġ',spaces ×1,0.008303601658704762,0.0014680521242774556
TestLocalDirAllocator.testRemoveContext,4,original,4,'Ġ',spaces ×1,0.009675023273124942,0.0017105153946848188
TestLocalDirAllocator.testRemoveContext,4,original,4,'Ċ',newline ×1,0.025862531883686066,0.00457241886491953
TestLocalDirAllocator.testRemoveContext,4,original,4,'Ġ',spaces ×1,0.013517266409266954,0.0023898125755762735
TestLocalDirAllocator.testRemoveContext,4,original,4,'Ġ',spaces ×1,0.01704533934544282,0.0030135653977181164
TestLocalDirAllocator.testRemoveContext,4,original,4,'Ġ',spaces ×1,0.014557945450504189,0.0025738015408438655
TestLocalDirAllocator.testRemoveContext,4,original,4,'Ċ',newline ×1,0.02126701970123234,0.003759945952695744
TestLocalDirAllocator.testRemoveContext,4,original,4,'Ġ',spaces ×1,0.013112950965116783,0.002318330805248261
TestLocalDirAllocator.testRemoveContext,4,original,4,'Ġ',spaces ×1,0.01566343496071124,0.002769248804637473
TestLocalDirAllocator.testRemoveContext,4,original,4,'Ġ',spaces ×1,0.01784998520737311,0.003155824397541343
TestLocalDirAllocator.testRemoveContext,4,original,4,'Ċ',newline ×1,0.024736297617296014,0.004373303989812927
TestLocalDirAllocator.testRemoveContext,4,original,4,'Ġ',spaces ×1,0.009800396048013294,0.0017326809291199226
TestLocalDirAllocator.testRemoveContext,4,original,4,'Ġ',spaces ×1,0.010785890653949418,0.0019069134500395465
TestLocalDirAllocator.testRemoveContext,4,original,4,'Ġ',spaces ×1,0.012886183546175664,0.0022782389987314544
TestLocalDirAllocator.testRemoveContext,4,original,4,'Ċ',newline ×1,0.015407898421838234,0.0027240707031169404
TestLocalDirAllocator.testRemoveContext,4,original,4,'Ġ',spaces ×1,0.01243305947953339,0.002198128008833705
TestLocalDirAllocator.testRemoveContext,4,original,4,'Ġ',spaces ×1,0.010388011904536788,0.0018365696682340039
TestLocalDirAllocator.testRemoveContext,4,original,4,'Ġ',spaces ×1,0.009527198739618341,0.0016843804559733512
TestLocalDirAllocator.testRemoveContext,4,original,4,'Ċ',newline ×1,0.01864605177161225,0.003296566603000151
TestLocalDirAllocator.testRemoveContext,4,indent +4,5,'Ċ',newline ×1,0.004702374975113034,0.004149569569236652
TestLocalDirAllocator.testRemoveContext,4,indent +4,5,'Ġ',spaces ×1,0.04212018864782127,0.037168591188180375
TestLocalDirAllocator.testRemoveContext,4,indent +4,5,'Ġ',spaces ×1,0.0084799256076337,0.007483036005647675
TestLocalDirAllocator.testRemoveContext,4,indent +4,5,'Ġ',spaces ×1,0.04021984054719023,0.03549164566787004
TestLocalDirAllocator.testRemoveContext,4,indent +4,5,'Ċ',newline ×1,0.002036476385104448,0.0017970707314542368
TestLocalDirAllocator.testRemoveContext,4,indent +4,5,'Ġ',spaces ×1,0.007222738883360776,0.006373642603058416
TestLocalDirAllocator.testRemoveContext,4,indent +4,5,'Ġ',spaces ×1,0.006274460167684724,0.005536842364338709
TestLocalDirAllocator.testRemoveContext,4,indent +4,5,'Ġ',spaces ×1,0.006233920362882721,0.005501068369019431
TestLocalDirAllocator.testRemoveContext,4,indent +4,5,'Ġ',spaces ×1,0.006233990737741444,0.005501130470696508
TestLocalDirAllocator.testRemoveContext,4,indent +4,5,'Ġ',spaces ×1,0.004744028401043471,0.004186326269757167
TestLocalDirAllocator.testRemoveContext,4,indent +4,5,'Ġ',spaces ×1,0.004185131418701823,0.003693132527757179
TestLocalDirAllocator.testRemoveContext,4,indent +4,5,'Ġ',spaces ×1,0.007383258624724932,0.006515291841486159
TestLocalDirAllocator.testRemoveContext,4,indent +4,5,'Ċ',newline ×1,0.002733620388567069,0.0024122593451769794
TestLocalDirAllocator.testRemoveContext,4,indent +4,5,'Ġ',spaces ×1,0.01011730608663394,0.008927928053789416
TestLocalDirAllocator.testRemoveContext,4,indent +4,5,'Ġ',spaces ×1,0.007145245770484528,0.006305259485013056
TestLocalDirAllocator.testRemoveContext,4,indent +4,5,'Ġ',spaces ×1,0.007760843368647145,0.006848488188327888
TestLocalDirAllocator.testRemoveContext,4,indent +4,5,'Ġ',spaces ×1,0.007220716320641705,0.0063718578103195665
TestLocalDirAllocator.testRemoveContext,4,indent +4,5,'Ġ',spaces ×1,0.005401799167950937,0.004766770316082304
TestLocalDirAllocator.testRemoveContext,4,indent +4,5,'Ġ',spaces ×1,0.004003907351114287,0.0035332129381765013
TestLocalDirAllocator.testRemoveContext,4,indent +4,5,'Ġ',spaces ×1,0.006733566425883568,0.005941976656723002
TestLocalDirAllocator.testRemoveContext,4,indent +4,5,'Ċ',newline ×1,0.003732203592079061,0.0032934503381484848
TestLocalDirAllocator.testRemoveContext,4,indent +4,5,'Ġ',spaces ×1,0.004675170759874481,0.004125563448009335
TestLocalDirAllocator.testRemoveContext,4,indent +4,5,'Ġ',spaces ×1,0.0038313239035978096,0.00338091818802185
TestLocalDirAllocator.testRemoveContext,4,indent +4,5,'Ġ',spaces ×1,0.004878260931886863,0.004304778589731069
TestLocalDirAllocator.testRemoveContext,4,indent +4,5,'Ġ',spaces ×1,0.004815247453634533,0.004249172898310992
TestLocalDirAllocator.testRemoveContext,4,indent +4,5,'Ġ',spaces ×1,0.0037503517074733168,0.0033094649834665537
TestLocalDirAllocator.testRemoveContext,4,indent +4,5,'Ġ',spaces ×1,0.0018775969489989897,0.0016568689660208364
TestLocalDirAllocator.testRemoveContext,4,indent +4,5,'Ġ',spaces ×1,0.002573366654706229,0.002270844842738346
TestLocalDirAllocator.testRemoveContext,4,indent +4,5,'Ċ',newline ×1,0.002911328454430018,0.0025690762698619505
TestLocalDirAllocator.testRemoveContext,4,indent +4,5,'Ġ',spaces ×1,0.0053756317835741765,0.0047436791371586766
TestLocalDirAllocator.testRemoveContext,4,indent +4,5,'Ġ',spaces ×1,0.005222870881184366,0.0046088766181590825
TestLocalDirAllocator.testRemoveContext,4,indent +4,5,'Ġ',spaces ×1,0.005353092786982197,0.0047237897972242406
TestLocalDirAllocator.testRemoveContext,4,indent +4,5,'Ġ',spaces ×1,0.006088016215529799,0.005372316533386299
TestLocalDirAllocator.testRemoveContext,4,indent +4,5,'Ġ',spaces ×1,0.004313545655786122,0.0038064505454146157
TestLocalDirAllocator.testRemoveContext,4,indent +4,5,'Ġ',spaces ×1,0.00348912808529088,0.0030789504883208412
TestLocalDirAllocator.testRemoveContext,4,indent +4,5,'Ġ',spaces ×1,0.006344788959133333,0.005598903389752644
TestLocalDirAllocator.testRemoveContext,4,indent +4,5,'Ċ',newline ×1,0.0029118648194764642,0.002569549580494666
TestLocalDirAllocator.testRemoveContext,4,indent +4,5,'Ġ',spaces ×1,0.0044711736930470695,0.003945548024909178
TestLocalDirAllocator.testRemoveContext,4,indent +4,5,'Ġ',spaces ×1,0.004585873908777605,0.00404676422465915
TestLocalDirAllocator.testRemoveContext,4,indent +4,5,'Ġ',spaces ×1,0.003986190340683114,0.00351757871765344
TestLocalDirAllocator.testRemoveContext,4,indent +4,5,'Ġ',spaces ×1,0.004049463243935941,0.003573413336390725
TestLocalDirAllocator.testRemoveContext,4,indent +4,5,'Ġ',spaces ×1,0.003588212364716719,0.003166386541989726
TestLocalDirAllocator.testRemoveContext,4,indent +4,5,'Ġ',spaces ×1,0.0027194500343367743,0.002399754840323467
TestLocalDirAllocator.testRemoveContext,4,indent +4,5,'Ġ',spaces ×1,0.0027694029508503045,0.002443835353544168
TestLocalDirAllocator.testRemoveContext,4,indent +4,5,'Ċ',newline ×1,0.0035128474455375057,0.003099881429813612
TestLocalDirAllocator.testRemoveContext,4,indent +4,5,'Ġ',spaces ×1,0.004736789971114431,0.004179938780728418
TestLocalDirAllocator.testRemoveContext,4,indent +4,5,'Ġ',spaces ×1,0.003938335255947514,0.0034753494176926656
TestLocalDirAllocator.testRemoveContext,4,indent +4,5,'Ġ',spaces ×1,0.0037816677523646396,0.003337099552720946
TestLocalDirAllocator.testRemoveContext,4,indent +4,5,'Ġ',spaces ×1,0.0041220453163117255,0.003637462749803454
TestLocalDirAllocator.testRemoveContext,4,indent +4,5,'Ġ',spaces ×1,0.003131851082965391,0.002763674530005266
TestLocalDirAllocator.testRemoveContext,4,indent +4,5,'Ġ',spaces ×1,0.002825861967808041,0.002493657118060344
TestLocalDirAllocator.testRemoveContext,4,indent +4,5,'Ġ',spaces ×1,0.0017565140684736435,0.0015500204396819907
TestLocalDirAllocator.testRemoveContext,4,indent +4,5,'Ċ',newline ×1,0.0029355741878439477,0.0025904717047412905
TestLocalDirAllocator.testRemoveContext,4,indent +4,5,'Ġ',spaces ×1,0.0018381190070175242,0.0016220320022377766
TestLocalDirAllocator.testRemoveContext,4,indent +4,5,'Ġ',spaces ×1,0.0012657994392527869,0.001116993617412215
TestLocalDirAllocator.testRemoveContext,4,indent +4,5,'Ġ',spaces ×1,0.001530250367947215,0.0013503560208943815
TestLocalDirAllocator.testRemoveContext,4,indent +4,5,'Ġ',spaces ×1,0.002595159736302818,0.0022900759565248263
TestLocalDirAllocator.testRemoveContext,4,indent +4,5,'Ġ',spaces ×1,0.012779741780907655,0.011277371089591147
TestLocalDirAllocator.testRemoveContext,4,indent +4,5,'Ġ',spaces ×1,0.0011031493575701485,0.0009734644788479497
TestLocalDirAllocator.testRemoveContext,4,indent +4,5,'Ġ',spaces ×1,0.0013755056308738674,0.0012138028843713515
TestLocalDirAllocator.testRemoveContext,4,indent +4,5,'Ċ',newline ×1,0.002900957475267105,0.0025599244902260497
TestLocalDirAllocator.testRemoveContext,4,indent +4,5,'Ġ',spaces ×1,0.0012232114666494035,0.0010794122343736928
TestLocalDirAllocator.testRemoveContext,4,indent +4,5,'Ġ',spaces ×1,0.0008251358726084067,0.0007281339164959024
TestLocalDirAllocator.testRemoveContext,4,indent +4,5,'Ġ',spaces ×1,0.0015713096607625834,0.0013865884338565007
TestLocalDirAllocator.testRemoveContext,4,indent +4,5,'Ġ',spaces ×1,0.0023292318866018702,0.002055410257049198
TestLocalDirAllocator.testRemoveContext,4,indent +4,5,'Ġ',spaces ×1,0.0019772758442803285,0.0017448297332381781
TestLocalDirAllocator.testRemoveContext,4,indent +4,5,'Ġ',spaces ×1,0.004767939957654865,0.0042074268132469665
TestLocalDirAllocator.testRemoveContext,4,indent +4,5,'Ġ',spaces ×1,0.00019098595828151215,0.00016853388443728129
TestLocalDirAllocator.testRemoveContext,4,indent +4,5,'Ċ',newline ×1,0.001765796025024567,0.0015582112208618272
TestLocalDirAllocator.testRemoveContext,4,indent +4,5,'Ġ',spaces ×1,0.0021650897565327516,0.001910564473467652
TestLocalDirAllocator.testRemoveContext,4,indent +4,5,'Ġ',spaces ×1,0.0016910635187656192,0.0014922641759225913
TestLocalDirAllocator.testRemoveContext,4,indent +4,5,'Ġ',spaces ×1,0.0021246954860210405,0.001874918903606886
TestLocalDirAllocator.testRemoveContext,4,strip indent,4,'Ċ',newline ×1,0.014406461034468906,0.003757035824551869
TestLocalDirAllocator.testRemoveContext,4,strip indent,4,'Ċ',newline ×1,0.01862802705179442,0.004857970656836821
TestLocalDirAllocator.testRemoveContext,4,strip indent,4,'Ċ',newline ×1,0.029569379736380012,0.007711346923686263
TestLocalDirAllocator.testRemoveContext,4,strip indent,4,'Ċ',newline ×1,0.01662592356949743,0.004335845584658944
TestLocalDirAllocator.testRemoveContext,4,strip indent,4,'Ċ',newline ×1,0.014051255577123545,0.0036644024133948975
TestLocalDirAllocator.testRemoveContext,4,strip indent,4,'Ċ',newline ×1,0.013581579259475188,0.0035419163464054737
TestLocalDirAllocator.testRemoveContext,4,strip indent,4,'Ċ',newline ×1,0.01735212564512889,0.004525230556268796
TestLocalDirAllocator.testRemoveContext,4,strip indent,4,'Ċ',newline ×1,0.02127052876666088,0.005547104066175822
TestLocalDirAllocator.testRemoveContext,4,strip indent,4,'Ċ',newline ×1,0.011634469911753324,0.003034133098582977
TestLocalDirAllocator.testRemoveContext,4,strip indent,4,'Ċ',newline ×1,0.014795888437601644,0.003858593917211219
TestRMContainerAllocator.testSimple,0,original,0,'Ċ',newline ×1,0.0023932842288977864,0.0019352671153019445
TestRMContainerAllocator.testSimple,0,original,0,'Ċ',newline ×1,0.002214890030037991,0.0017910132809911756
TestRMContainerAllocator.testSimple,0,original,0,'Ġ',spaces ×1,0.0008088314264556077,0.0006540405199440909
TestRMContainerAllocator.testSimple,0,original,0,'Ġ',spaces ×1,0.0007295334953561054,0.0005899183080833531
TestRMContainerAllocator.testSimple,0,original,0,'Ġ',spaces ×1,0.0009230914553619529,0.0007464339238975096
TestRMContainerAllocator.testSimple,0,original,0,'Ċ',newline ×1,0.003242162220761082,0.002621690249972068
TestRMContainerAllocator.testSimple,0,original,0,'Ġ',spaces ×1,0.0013826565150497317,0.001118049270130386
TestRMContainerAllocator.testSimple,0,original,0,'Ġ',spaces ×1,0.0008976915331079876,0.0007258949366448491
TestRMContainerAllocator.testSimple,0,original,0,'Ġ',spaces ×1,0.0008469513168471733,0.0006848651789724448
TestRMContainerAllocator.testSimple,0,original,0,'Ċ',newline ×1,0.0021155887051400373,0.001710715844414063
TestRMContainerAllocator.testSimple,0,original,0,'Ġ',spaces ×1,0.00019966984722833426,0.00016145783463267102
TestRMContainerAllocator.testSimple,0,original,0,'Ġ',spaces ×1,0.0006011707381395133,0.0004861210992640878
TestRMContainerAllocator.testSimple,0,original,0,'Ġ',spaces ×1,0.0006698626434670813,0.0005416670239239015
TestRMContainerAllocator.testSimple,0,original,0,'Ċ',newline ×1,0.0026561055261785952,0.0021477907293746415
TestRMContainerAllocator.testSimple,0,original,0,'Ġ',spaces ×1,0.000976613521474963,0.0007897131521817439
TestRMContainerAllocator.testSimple,0,original,0,'Ġ',spaces ×1,0.0009262515318896621,0.0007489892376843429
TestRMContainerAllocator.testSimple,0,original,0,'Ġ',spaces ×1,0.0010445691927457351,0.0008446637402985434
TestRMContainerAllocator.testSimple,0,original,0,'Ċ',newline ×1,0.002024304326068661,0.001636901102803138
TestRMContainerAllocator.testSimple,0,original,0,'Ġ',spaces ×1,0.0008945194252127958,0.0007233298940052703
TestRMContainerAllocator.testSimple,0,original,0,'Ġ',spaces ×1,0.0008614234445566984,0.0006965676890656955
TestRMContainerAllocator.testSimple,0,original,0,'Ġ',spaces ×1,0.0007290964786249585,0.0005895649258571999
TestRMContainerAllocator.testSimple,0,original,0,'Ċ',newline ×1,0.0022295660202429125,0.001802880639195077
TestRMContainerAllocator.testSimple,0,original,0,'Ġ',spaces ×1,0.0010241182351102317,0.0008281266047128339
TestRMContainerAllocator.testSimple,0,original,0,'Ġ',spaces ×1,0.0009237768356162906,0.0007469881388343239
TestRMContainerAllocator.testSimple,0,original,0,'Ġ',spaces ×1,0.0007165432289592029,0.0005794140666424963
TestRMContainerAllocator.testSimple,0,original,0,'Ċ',newline ×1,0.003647965586478053,0.002949832599078921
TestRMContainerAllocator.testSimple,0,original,0,'Ġ',spaces ×1,0.0006638690852984243,0.0005368204888206333
TestRMContainerAllocator.testSimple,0,original,0,'Ġ',spaces ×1,0.0007782144362918149,0.0006292828862631137
TestRMContainerAllocator.testSimple,0,original,0,'Ġ',spaces ×1,0.0007228463278364727,0.0005845109037980624
TestRMContainerAllocator.testSimple,0,original,0,'Ċ',newline ×1,0.0017813289215227817,0.0014404253543036023
TestRMContainerAllocator.testSimple,0,original,0,'Ġ',spaces ×1,0.0008259488719816973,0.0006678820975655964
TestRMContainerAllocator.testSimple,0,original,0,'Ġ',spaces ×1,0.0008299353845753412,0.0006711056874067282
TestRMContainerAllocator.testSimple,0,original,0,'Ġ',spaces ×1,0.0007545618667670032,0.0006101568503994829
TestRMContainerAllocator.testSimple,0,original,0,'Ċ',newline ×1,0.0025647410411651396,0.002073911212174769
TestRMContainerAllocator.testSimple,0,original,0,'Ġ',spaces ×1,0.0009698529962096325,0.0007842464290611944
TestRMContainerAllocator.testSimple,0,original,0,'Ġ',spaces ×1,0.0007592966451808877,0.000613985505956559
TestRMContainerAllocator.testSimple,0,original,0,'Ġ',spaces ×1,0.0006158089607078186,0.0004979579176498249
TestRMContainerAllocator.testSimple,0,original,0,'Ċ',newline ×1,0.0028817548146532783,0.002330256164237534
TestRMContainerAllocator.testSimple,0,original,0,'Ġ',spaces ×1,0.0010708992068866865,0.0008659548221922665
TestRMContainerAllocator.testSimple,0,original,0,'Ġ',spaces ×1,0.0008550336338786862,0.0006914007346651908
TestRMContainerAllocator.testSimple,0,original,0,'Ġ',spaces ×1,0.00045156271973326753,0.0003651444619256812
TestRMContainerAllocator.testSimple,0,original,0,'Ċ',newline ×1,0.0033780166467936596,0.002731545402149355
TestRMContainerAllocator.testSimple,0,original,0,'Ġ',spaces ×1,0.0006820097525543992,0.0005514894681111923
TestRMContainerAllocator.testSimple,0,original,0,'Ġ',spaces ×1,0.0005643717799827238,0.0004563645777701886
TestRMContainerAllocator.testSimple,0,original,0,'Ġ',spaces ×1,0.0007922315232568399,0.0006406174394800684
TestRMContainerAllocator.testSimple,0,original,0,'Ċ',newline ×1,0.0016825155728408502,0.0013605225070161839
TestRMContainerAllocator.testSimple,0,original,0,'Ġ',spaces ×1,0.0004604333693325192,0.00037231748226882047
TestRMContainerAllocator.testSimple,0,original,0,'Ġ',spaces ×1,0.00038144143302436647,0.00030844270514650713
TestRMContainerAllocator.testSimple,0,original,0,'Ġ',spaces ×1,0.0002487013882239677,0.00020110591644246478
TestRMContainerAllocator.testSimple,0,original,0,'Ċ',newline ×1,0.001920053837306934,0.0015526016534445296
TestRMContainerAllocator.testSimple,0,original,0,'Ġ',spaces ×1,0.0005233173419982762,0.0004231669730690138
TestRMContainerAllocator.testSimple,0,original,0,'Ġ',spaces ×1,0.0005763315204180852,0.00046603551116482396
TestRMContainerAllocator.testSimple,0,original,0,'Ġ',spaces ×1,0.00034701861811579373,0.00028060759015919673
TestRMContainerAllocator.testSimple,0,original,0,'Ċ',newline ×1,0.0017156344384709806,0.0013873032172954695
TestRMContainerAllocator.testSimple,0,original,0,'Ġ',spaces ×1,0.0005504578125132096,0.00044511340945428273
TestRMContainerAllocator.testSimple,0,original,0,'Ġ',spaces ×1,0.000470454628833424,0.0003804209134166286
TestRMContainerAllocator.testSimple,0,original,0,'Ġ',spaces ×1,0.00030827564759036404,0.00024927909356792173
TestRMContainerAllocator.testSimple,0,original,0,'Ċ',newline ×1,0.0016273906558098902,0.0013159471749784608
TestRMContainerAllocator.testSimple,0,original,0,'Ġ',spaces ×1,0.0005546068957366232,0.00044846845781166964
TestRMContainerAllocator.testSimple,0,original,0,'Ġ',spaces ×1,0.0005127056293756295,0.000414586087344003
TestRMContainerAllocator.testSimple,0,original,0,'Ġ',spaces ×1,0.000502912263866369,0.0004066669367519595
TestRMContainerAllocator.testSimple,0,original,0,'Ċ',newline ×1,0.0019260634024219558,0.0015574611321491228
TestRMContainerAllocator.testSimple,0,original,0,'Ġ',spaces ×1,0.0010158871243570703,0.0008214707308426678
TestRMContainerAllocator.testSimple,0,original,0,'Ġ',spaces ×1,0.0006940022552516854,0.0005611868938577851
TestRMContainerAllocator.testSimple,0,original,0,'Ġ',spaces ×1,0.0008343802195309015,0.000674699887718825
TestRMContainerAllocator.testSimple,0,original,0,'Ċ',newline ×1,0.001887603151587935,0.0015263612494913813
TestRMContainerAllocator.testSimple,0,original,0,'Ġ',spaces ×1,0.0010816615556492565,0.0008746575159183703
TestRMContainerAllocator.testSimple,0,original,0,'Ġ',spaces ×1,0.0008393901292979305,0.0006787510210968385
TestRMContainerAllocator.testSimple,0,original,0,'Ġ',spaces ×1,0.0005848106717687572,0.0004728919566201893
TestRMContainerAllocator.testSimple,0,original,0,'Ċ',newline ×1,0.0022761244181018934,0.0018405288780585097
TestRMContainerAllocator.testSimple,0,original,0,'Ġ',spaces ×1,0.0010893284701367213,0.000880857167135834
TestRMContainerAllocator.testSimple,0,original,0,'Ġ',spaces ×1,0.0009888789694745815,0.0007996312880560774
TestRMContainerAllocator.testSimple,0,original,0,'Ġ',spaces ×1,0.001037906905968901,0.0008392764551795268
TestRMContainerAllocator.testSimple,0,original,0,'Ċ',newline ×1,0.0018623910534089675,0.0015059741412973868
TestRMContainerAllocator.testSimple,0,original,0,'Ġ',spaces ×1,0.0008958849451875942,0.0007244340862573256
TestRMContainerAllocator.testSimple,0,original,0,'Ġ',spaces ×1,0.0007318673220862872,0.0005918054964369962
TestRMContainerAllocator.testSimple,0,original,0,'Ġ',spaces ×1,0.0006108472343286476,0.0004939457465166211
TestRMContainerAllocator.testSimple,0,original,0,'Ċ',newline ×1,0.0024054402623282945,0.001945096775927506
TestRMContainerAllocator.testSimple,0,original,0,'Ġ',spaces ×1,0.0008289389965935006,0.000670299984150903
TestRMContainerAllocator.testSimple,0,original,0,'Ġ',spaces ×1,0.0009371675388740767,0.0007578161831395733
TestRMContainerAllocator.testSimple,0,original,0,'Ġ',spaces ×1,0.0009063467952877001,0.0007328937895468416
TestRMContainerAllocator.testSimple,0,original,0,'Ċ',newline ×1,0.003345252739539069,0.0027050517197387985
TestRMContainerAllocator.testSimple,0,original,0,'Ġ',spaces ×1,0.001017997051340062,0.0008231768684825555
TestRMContainerAllocator.testSimple,0,original,0,'Ġ',spaces ×1,0.0008119542293636634,0.0006565656933867425
TestRMContainerAllocator.testSimple,0,original,0,'Ġ',spaces ×1,0.00045779650465428375,0.00037018525015126687
TestRMContainerAllocator.testSimple,0,original,0,'Ċ',newline ×1,0.0021364764620349433,0.0017276061863730494
TestRMContainerAllocator.testSimple,0,original,0,'Ġ',spaces ×1,0.0004579087998116994,0.0003702760547129358
TestRMContainerAllocator.testSimple,0,original,0,'Ġ',spaces ×1,0.0003551931965498815,0.000287217750638227
TestRMContainerAllocator.testSimple,0,original,0,'Ġ',spaces ×1,0.0005745828336156483,0.0004646214810120923
TestRMContainerAllocator.testSimple,0,original,0,'Ċ',newline ×1,0.0016252089215601103,0.0013141829722578037
TestRMContainerAllocator.testSimple,0,original,0,'Ġ',spaces ×1,0.0008285995411082948,0.0006700254922916848
TestRMContainerAllocator.testSimple,0,original,0,'Ġ',spaces ×1,0.0006161754676686726,0.0004982542839820414
TestRMContainerAllocator.testSimple,0,original,0,'Ġ',spaces ×1,0.0005241510644198678,0.00042384114104551836
TestRMContainerAllocator.testSimple,0,original,0,'Ċ',newline ×1,0.0018626960442837417,0.0015062207642447536
TestRMContainerAllocator.testSimple,0,original,0,'Ġ',spaces ×1,0.0009518175389965967,0.0007696625251385509
TestRMContainerAllocator.testSimple,0,original,0,'Ġ',spaces ×1,0.0010321142656458675,0.0008345923870723712
TestRMContainerAllocator.testSimple,0,original,0,'Ġ',spaces ×1,0.000921312838393195,0.0007449956914933541
TestRMContainerAllocator.testSimple,0,original,0,'Ċ',newline ×1,0.0018143131864246365,0.0014670972232008314
TestRMContainerAllocator.testSimple,0,original,0,'Ġ',spaces ×1,0.0007429858901784116,0.000600796237669534
TestRMContainerAllocator.testSimple,0,original,0,'Ġ',spaces ×1,0.000697356055905702,0.0005638988576264954
TestRMContainerAllocator.testSimple,0,original,0,'Ġ',spaces ×1,0.0006512399960405006,0.0005266083038899998
TestRMContainerAllocator.testSimple,0,original,0,'Ċ',newline ×1,0.0027899769310486973,0.0022560423630068483
TestRMContainerAllocator.testSimple,0,original,0,'Ġ',spaces ×1,0.0009300116954262819,0.0007520297962409541
TestRMContainerAllocator.testSimple,0,original,0,'Ġ',spaces ×1,0.000816129425493231,0.0006599418572672896
TestRMContainerAllocator.testSimple,0,indent +4,5,'Ċ',newline ×1,0.04954072957367231,0.0019034424565843864
TestRMContainerAllocator.testSimple,0,indent +4,5,'Ġ',spaces ×1,0.47830509446755326,0.018377327743150138
TestRMContainerAllocator.testSimple,0,indent +4,5,'Ġ',spaces ×1,0.11086121430523467,0.004259483942061814
TestRMContainerAllocator.testSimple,0,indent +4,5,'Ġ',spaces ×1,0.35879462582856414,0.013785524151007636
TestRMContainerAllocator.testSimple,0,indent +4,5,'Ċ',newline ×1,0.06382867693238738,0.0024524106662587564
TestRMContainerAllocator.testSimple,0,indent +4,5,'Ġ',spaces ×1,0.08008294432788998,0.0030769283697226367
TestRMContainerAllocator.testSimple,0,indent +4,5,'Ġ',spaces ×1,0.05770128801652123,0.0022169855461438037
TestRMContainerAllocator.testSimple,0,indent +4,5,'Ġ',spaces ×1,0.06660518690075208,0.0025590890902625024
TestRMContainerAllocator.testSimple,0,indent +4,5,'Ġ',spaces ×1,0.0689231189985356,0.0026481481413578177
TestRMContainerAllocator.testSimple,0,indent +4,5,'Ġ',spaces ×1,0.06345154066456535,0.0024379204237801365
TestRMContainerAllocator.testSimple,0,indent +4,5,'Ġ',spaces ×1,0.06595425056794776,0.002534078964996775
TestRMContainerAllocator.testSimple,0,indent +4,5,'Ġ',spaces ×1,0.06811047283327834,0.0026169248383010697
TestRMContainerAllocator.testSimple,0,indent +4,5,'Ċ',newline ×1,0.04634228162225743,0.0017805524289588376
TestRMContainerAllocator.testSimple,0,indent +4,5,'Ġ',spaces ×1,0.10940267508967293,0.004203444285573409
TestRMContainerAllocator.testSimple,0,indent +4,5,'Ġ',spaces ×1,0.07552461975519012,0.0029017894769926473
TestRMContainerAllocator.testSimple,0,indent +4,5,'Ġ',spaces ×1,0.07265908988212172,0.0027916907507940752
TestRMContainerAllocator.testSimple,0,indent +4,5,'Ġ',spaces ×1,0.07678732786339969,0.002950304955955572
TestRMContainerAllocator.testSimple,0,indent +4,5,'Ġ',spaces ×1,0.06006948533789375,0.002307975876037238
TestRMContainerAllocator.testSimple,0,indent +4,5,'Ġ',spaces ×1,0.06864589637045124,0.0026374967576425863
TestRMContainerAllocator.testSimple,0,indent +4,5,'Ġ',spaces ×1,0.07448220528555419,0.002861738069273424
TestRMContainerAllocator.testSimple,0,indent +4,5,'Ċ',newline ×1,0.06516716838760518,0.002503837875457366
TestRMContainerAllocator.testSimple,0,indent +4,5,'Ġ',spaces ×1,0.07761890248153228,0.002982255523651949
TestRMContainerAllocator.testSimple,0,indent +4,5,'Ġ',spaces ×1,0.05769845399790803,0.0022168766581359455
TestRMContainerAllocator.testSimple,0,indent +4,5,'Ġ',spaces ×1,0.0648910605603934,0.00249322932436349
TestRMContainerAllocator.testSimple,0,indent +4,5,'Ġ',spaces ×1,0.0698685070361156,0.002684471621939603
TestRMContainerAllocator.testSimple,0,indent +4,5,'Ġ',spaces ×1,0.0491036554650439,0.0018866492962454798
TestRMContainerAllocator.testSimple,0,indent +4,5,'Ġ',spaces ×1,0.06104122215572481,0.0023453117233613115
TestRMContainerAllocator.testSimple,0,indent +4,5,'Ġ',spaces ×1,0.06037253713197397,0.002319619661995992
TestRMContainerAllocator.testSimple,0,indent +4,5,'Ċ',newline ×1,0.04381864555013172,0.0016835898673254147
TestRMContainerAllocator.testSimple,0,indent +4,5,'Ġ',spaces ×1,0.06734406420998199,0.002587478063390231
TestRMContainerAllocator.testSimple,0,indent +4,5,'Ġ',spaces ×1,0.05580723515513616,0.0021442126850575705
TestRMContainerAllocator.testSimple,0,indent +4,5,'Ġ',spaces ×1,0.04752823149313608,0.001826118720675519
TestRMContainerAllocator.testSimple,0,indent +4,5,'Ġ',spaces ×1,0.053698330258807055,0.0020631848287640535
TestRMContainerAllocator.testSimple,0,indent +4,5,'Ġ',spaces ×1,0.0496836132203489,0.0019089322990186075
TestRMContainerAllocator.testSimple,0,indent +4,5,'Ġ',spaces ×1,0.048359025521770065,0.001858039296742673
TestRMContainerAllocator.testSimple,0,indent +4,5,'Ġ',spaces ×1,0.04837598966631008,0.0018586910891816414
TestRMContainerAllocator.testSimple,0,indent +4,5,'Ċ',newline ×1,0.05491206413715147,0.002109818631191205
TestRMContainerAllocator.testSimple,0,indent +4,5,'Ġ',spaces ×1,0.05355992246835155,0.002057866956642625
TestRMContainerAllocator.testSimple,0,indent +4,5,'Ġ',spaces ×1,0.048622724451689456,0.0018681710760540377
TestRMContainerAllocator.testSimple,0,indent +4,5,'Ġ',spaces ×1,0.05294376006385346,0.0020341929072096496
TestRMContainerAllocator.testSimple,0,indent +4,5,'Ġ',spaces ×1,0.04915000040454506,0.0018884299507948472
TestRMContainerAllocator.testSimple,0,indent +4,5,'Ġ',spaces ×1,0.04790949257255872,0.0018407674457116944
TestRMContainerAllocator.testSimple,0,indent +4,5,'Ġ',spaces ×1,0.04606113279298128,0.0017697501936492547
TestRMContainerAllocator.testSimple,0,indent +4,5,'Ġ',spaces ×1,0.04915243680654572,0.0018885235616691576
TestRMContainerAllocator.testSimple,0,indent +4,5,'Ċ',newline ×1,0.04547967746974649,0.0017474096516674046
TestRMContainerAllocator.testSimple,0,indent +4,5,'Ġ',spaces ×1,0.051460872227264344,0.001977217733634162
TestRMContainerAllocator.testSimple,0,indent +4,5,'Ġ',spaces ×1,0.0445204553082854,0.0017105546395766666
TestRMContainerAllocator.testSimple,0,indent +4,5,'Ġ',spaces ×1,0.044887594524865446,0.0017246607776640428
TestRMContainerAllocator.testSimple,0,indent +4,5,'Ġ',spaces ×1,0.0547286594217294,0.0021027718976231622
TestRMContainerAllocator.testSimple,0,indent +4,5,'Ġ',spaces ×1,0.0499504987933873,0.0019191865147950567
TestRMContainerAllocator.testSimple,0,indent +4,5,'Ġ',spaces ×1,0.0502584057001554,0.001931016842770877
TestRMContainerAllocator.testSimple,0,indent +4,5,'Ġ',spaces ×1,0.04934359346908941,0.0018958681387570573
TestRMContainerAllocator.testSimple,0,indent +4,5,'Ċ',newline ×1,0.06018053128650887,0.002312242457798239
TestRMContainerAllocator.testSimple,0,indent +4,5,'Ġ',spaces ×1,0.04853595568695257,0.0018648372666384948
TestRMContainerAllocator.testSimple,0,indent +4,5,'Ġ',spaces ×1,0.04521933199907392,0.0017374067181918152
TestRMContainerAllocator.testSimple,0,indent +4,5,'Ġ',spaces ×1,0.04165696679531019,0.0016005343460435797
TestRMContainerAllocator.testSimple,0,indent +4,5,'Ġ',spaces ×1,0.042408679903615965,0.001629416493275433
TestRMContainerAllocator.testSimple,0,indent +4,5,'Ġ',spaces ×1,0.04405581925850634,0.0016927025007079017
TestRMContainerAllocator.testSimple,0,indent +4,5,'Ġ',spaces ×1,0.042469601522580044,0.0016317572096326202
TestRMContainerAllocator.testSimple,0,indent +4,5,'Ġ',spaces ×1,0.037974076087178406,0.001459031170835122
TestRMContainerAllocator.testSimple,0,indent +4,5,'Ċ',newline ×1,0.04911134270094818,0.0018869446534459065
TestRMContainerAllocator.testSimple,0,indent +4,5,'Ġ',spaces ×1,0.03849068490803004,0.001478880195496591
TestRMContainerAllocator.testSimple,0,indent +4,5,'Ġ',spaces ×1,0.03475366655172886,0.0013352973403058781
TestRMContainerAllocator.testSimple,0,indent +4,5,'Ġ',spaces ×1,0.03912307968343263,0.0015031779213311163
TestRMContainerAllocator.testSimple,0,indent +4,5,'Ġ',spaces ×1,0.03883448457137216,0.001492089586666167
TestRMContainerAllocator.testSimple,0,indent +4,5,'Ġ',spaces ×1,0.042750573723464094,0.0016425526585669627
TestRMContainerAllocator.testSimple,0,indent +4,5,'Ġ',spaces ×1,0.041224964303852016,0.0015839360462068992
TestRMContainerAllocator.testSimple,0,indent +4,5,'Ġ',spaces ×1,0.037853003125258314,0.0014543793334874217
TestRMContainerAllocator.testSimple,0,indent +4,5,'Ċ',newline ×1,0.041884320369184824,0.001609269672488977
TestRMContainerAllocator.testSimple,0,indent +4,5,'Ġ',spaces ×1,0.028663107369553763,0.001101287283702818
TestRMContainerAllocator.testSimple,0,indent +4,5,'Ġ',spaces ×1,0.027803496723200243,0.0010682595222127897
TestRMContainerAllocator.testSimple,0,indent +4,5,'Ġ',spaces ×1,0.025050310883314567,0.0009624772524803242
TestRMContainerAllocator.testSimple,0,indent +4,5,'Ġ',spaces ×1,0.024467522737825112,0.0009400855011099885
TestRMContainerAllocator.testSimple,0,indent +4,5,'Ġ',spaces ×1,0.024782780318096678,0.0009521982549634937
TestRMContainerAllocator.testSimple,0,indent +4,5,'Ġ',spaces ×1,0.02587231158908154,0.000994059973529525
TestRMContainerAllocator.testSimple,0,indent +4,5,'Ġ',spaces ×1,0.022276438267172505,0.0008559001602138523
TestRMContainerAllocator.testSimple,0,indent +4,5,'Ċ',newline ×1,0.04668325488485324,0.0017936532248124754
TestRMContainerAllocator.testSimple,0,indent +4,5,'Ġ',spaces ×1,0.02648362431428128,0.0010175476897058703
TestRMContainerAllocator.testSimple,0,indent +4,5,'Ġ',spaces ×1,0.022464766589568728,0.0008631360674705914
TestRMContainerAllocator.testSimple,0,indent +4,5,'Ġ',spaces ×1,0.021542778859949964,0.0008277116681105375
TestRMContainerAllocator.testSimple,0,indent +4,5,'Ġ',spaces ×1,0.024496254361507798,0.0009411894209116318
TestRMContainerAllocator.testSimple,0,indent +4,5,'Ġ',spaces ×1,0.021707156255911818,0.0008340273384098876
TestRMContainerAllocator.testSimple,0,indent +4,5,'Ġ',spaces ×1,0.02507594135147729,0.0009634620204016466
TestRMContainerAllocator.testSimple,0,indent +4,5,'Ġ',spaces ×1,0.028306985177226757,0.0010876044391738716
TestRMContainerAllocator.testSimple,0,indent +4,5,'Ċ',newline ×1,0.033730376582278565,0.0012959807297107096
TestRMContainerAllocator.testSimple,0,indent +4,5,'Ġ',spaces ×1,0.023289133782577215,0.0008948097131453928
TestRMContainerAllocator.testSimple,0,indent +4,5,'Ġ',spaces ×1,0.024498553028484985,0.0009412777397627181
TestRMContainerAllocator.testSimple,0,indent +4,5,'Ġ',spaces ×1,0.025328973916219355,0.0009731839790965069
TestRMContainerAllocator.testSimple,0,indent +4,5,'Ġ',spaces ×1,0.030489721400255285,0.0011714690256301257
TestRMContainerAllocator.testSimple,0,indent +4,5,'Ġ',spaces ×1,0.02603187288008784,0.0010001906005578805
TestRMContainerAllocator.testSimple,0,indent +4,5,'Ġ',spaces ×1,0.026698826285276624,0.0010258161300752036
TestRMContainerAllocator.testSimple,0,indent +4,5,'Ġ',spaces ×1,0.02851087946133874,0.0010954384182124016
TestRMContainerAllocator.testSimple,0,indent +4,5,'Ċ',newline ×1,0.05055814286485365,0.0019425332748059447
TestRMContainerAllocator.testSimple,0,indent +4,5,'Ġ',spaces ×1,0.03436309726577513,0.0013202909775106631
TestRMContainerAllocator.testSimple,0,indent +4,5,'Ġ',spaces ×1,0.029890797134768502,0.00114845729598834
TestRMContainerAllocator.testSimple,0,indent +4,5,'Ġ',spaces ×1,0.031481635575332526,0.0012095801227087863
TestRMContainerAllocator.testSimple,0,indent +4,5,'Ġ',spaces ×1,0.030373600664883118,0.0011670074615857673
TestRMContainerAllocator.testSimple,0,indent +4,5,'Ġ',spaces ×1,0.031620644578421495,0.0012149210944830016
TestRMContainerAllocator.testSimple,0,indent +4,5,'Ġ',spaces ×1,0.02679669882542257,0.001029576566182034
TestRMContainerAllocator.testSimple,0,indent +4,5,'Ġ',spaces ×1,0.029959936356706105,0.001151113747186854
TestRMContainerAllocator.testSimple,0,indent +4,5,'Ċ',newline ×1,0.036258479818905356,0.0013931149277056692
TestRMContainerAllocator.testSimple,0,indent +4,5,'Ġ',spaces ×1,0.027891884173403474,0.0010716555243870387
TestRMContainerAllocator.testSimple,0,indent +4,5,'Ġ',spaces ×1,0.026335176544194174,0.0010118440638085392
TestRMContainerAllocator.testSimple,0,indent +4,5,'Ġ',spaces ×1,0.02625536213303699,0.0010087774529582095
TestRMContainerAllocator.testSimple,0,indent +4,5,'Ġ',spaces ×1,0.025007453074102036,0.000960830579644592
TestRMContainerAllocator.testSimple,0,indent +4,5,'Ġ',spaces ×1,0.028893806425119586,0.0011101511494721924
TestRMContainerAllocator.testSimple,0,indent +4,5,'Ġ',spaces ×1,0.02960711761340113,0.0011375578270123895
TestRMContainerAllocator.testSimple,0,indent +4,5,'Ġ',spaces ×1,0.026289700840391547,0.001010096806832191
TestRMContainerAllocator.testSimple,0,indent +4,5,'Ċ',newline ×1,0.04210046750341252,0.0016175744277014776
TestRMContainerAllocator.testSimple,0,indent +4,5,'Ġ',spaces ×1,0.027771433457608973,0.0010670275948360965
TestRMContainerAllocator.testSimple,0,indent +4,5,'Ġ',spaces ×1,0.027092639470856095,0.0010409471292317659
TestRMContainerAllocator.testSimple,0,indent +4,5,'Ġ',spaces ×1,0.02643993907004001,0.0010158692253527883
TestRMContainerAllocator.testSimple,0,indent +4,5,'Ġ',spaces ×1,0.02590446851960268,0.000995295499678496
TestRMContainerAllocator.testSimple,0,indent +4,5,'Ġ',spaces ×1,0.03142079060073261,0.0012072423511636367
TestRMContainerAllocator.testSimple,0,indent +4,5,'Ġ',spaces ×1,0.0318473711288797,0.0012236323295796768
TestRMContainerAllocator.testSimple,0,indent +4,5,'Ġ',spaces ×1,0.02806551586777593,0.0010783267612000883
TestRMContainerAllocator.testSimple,0,indent +4,5,'Ċ',newline ×1,0.061837872214997265,0.0023759204277326237
TestRMContainerAllocator.testSimple,0,indent +4,5,'Ġ',spaces ×1,0.034891370191569,0.0013405881577151807
TestRMContainerAllocator.testSimple,0,indent +4,5,'Ġ',spaces ×1,0.030525109064625525,0.0011728286822880179
TestRMContainerAllocator.testSimple,0,indent +4,5,'Ġ',spaces ×1,0.02786001881393063,0.0010704312009134666
TestRMContainerAllocator.testSimple,0,indent +4,5,'Ġ',spaces ×1,0.027296507076718827,0.0010487800832447718
TestRMContainerAllocator.testSimple,0,indent +4,5,'Ġ',spaces ×1,0.022366421575252163,0.0008593574780704257
TestRMContainerAllocator.testSimple,0,indent +4,5,'Ġ',spaces ×1,0.021356660129093236,0.0008205606572690143
TestRMContainerAllocator.testSimple,0,indent +4,5,'Ġ',spaces ×1,0.028069055718199877,0.0010784627685145724
TestRMContainerAllocator.testSimple,0,indent +4,5,'Ċ',newline ×1,0.042236240497826524,0.0016227910662986321
TestRMContainerAllocator.testSimple,0,indent +4,5,'Ġ',spaces ×1,0.03138550719463752,0.0012058867002930854
TestRMContainerAllocator.testSimple,0,indent +4,5,'Ġ',spaces ×1,0.0257362953920063,0.0009888339906559554
TestRMContainerAllocator.testSimple,0,indent +4,5,'Ġ',spaces ×1,0.0250295593233284,0.0009616799408408319
TestRMContainerAllocator.testSimple,0,indent +4,5,'Ġ',spaces ×1,0.029373142429295805,0.001128568086589796
TestRMContainerAllocator.testSimple,0,indent +4,5,'Ġ',spaces ×1,0.024768922210870854,0.0009516658019720151
TestRMContainerAllocator.testSimple,0,indent +4,5,'Ġ',spaces ×1,0.024768298503369836,0.0009516418380266284
TestRMContainerAllocator.testSimple,0,indent +4,5,'Ġ',spaces ×1,0.019972403767361938,0.0007673750794143708
TestRMContainerAllocator.testSimple,0,indent +4,5,'Ċ',newline ×1,0.03441113156690253,0.0013221365403218097
TestRMContainerAllocator.testSimple,0,indent +4,5,'Ġ',spaces ×1,0.03199799854195988,0.001229419701216098
TestRMContainerAllocator.testSimple,0,indent +4,5,'Ġ',spaces ×1,0.027302579406034675,0.001049013392877666
TestRMContainerAllocator.testSimple,0,indent +4,5,'Ġ',spaces ×1,0.03035810762331801,0.0011664121915251438
TestRMContainerAllocator.testSimple,0,indent +4,5,'Ġ',spaces ×1,0.03219260464994149,0.0012368968120990127
TestRMContainerAllocator.testSimple,0,indent +4,5,'Ġ',spaces ×1,0.0332915093283595,0.001279118673558067
TestRMContainerAllocator.testSimple,0,indent +4,5,'Ġ',spaces ×1,0.031064905721899683,0.001193568624638887
TestRMContainerAllocator.testSimple,0,indent +4,5,'Ġ',spaces ×1,0.03040623587047962,0.0011682613639090941
TestRMContainerAllocator.testSimple,0,indent +4,5,'Ċ',newline ×1,0.033007249073655126,0.0012681968917801227
TestRMContainerAllocator.testSimple,0,indent +4,5,'Ġ',spaces ×1,0.028140844136300802,0.001081221006515511
TestRMContainerAllocator.testSimple,0,indent +4,5,'Ġ',spaces ×1,0.025843364082633238,0.000992947759130179
TestRMContainerAllocator.testSimple,0,indent +4,5,'Ġ',spaces ×1,0.02597976288794035,0.0009981884424887647
TestRMContainerAllocator.testSimple,0,indent +4,5,'Ġ',spaces ×1,0.02941350151935348,0.0011301187542159287
TestRMContainerAllocator.testSimple,0,indent +4,5,'Ġ',spaces ×1,0.030016385178792623,0.0011532826107766379
TestRMContainerAllocator.testSimple,0,indent +4,5,'Ġ',spaces ×1,0.03030831953634648,0.0011644992451598144
TestRMContainerAllocator.testSimple,0,indent +4,5,'Ġ',spaces ×1,0.02725343631115945,0.001047125228249522
TestRMContainerAllocator.testSimple,0,indent +4,5,'Ċ',newline ×1,0.030859561096315005,0.0011856789209156496
TestRMContainerAllocator.testSimple,0,indent +4,5,'Ġ',spaces ×1,0.023972892126579732,0.0009210809181360815
TestRMContainerAllocator.testSimple,0,indent +4,5,'Ġ',spaces ×1,0.022867754360823275,0.0008786195704365604
TestRMContainerAllocator.testSimple,0,indent +4,5,'Ġ',spaces ×1,0.024545079109522343,0.0009430653540903048
TestRMContainerAllocator.testSimple,0,indent +4,5,'Ġ',spaces ×1,0.024013023810561467,0.0009226228484185467
TestRMContainerAllocator.testSimple,0,indent +4,5,'Ġ',spaces ×1,0.024195017812822572,0.0009296153798917126
TestRMContainerAllocator.testSimple,0,indent +4,5,'Ġ',spaces ×1,0.030361986617719765,0.0011665612293511242
TestRMContainerAllocator.testSimple,0,indent +4,5,'Ġ',spaces ×1,0.02509854278845477,0.0009643304075871599
TestRMContainerAllocator.testSimple,0,indent +4,5,'Ċ',newline ×1,0.04641542690923121,0.0017833628002618658
TestRMContainerAllocator.testSimple,0,indent +4,5,'Ġ',spaces ×1,0.03566355423178166,0.0013702568343593525
TestRMContainerAllocator.testSimple,0,indent +4,5,'Ġ',spaces ×1,0.032495853702833755,0.001248548177090232
TestRMContainerAllocator.testSimple,0,indent +4,5,'Ġ',spaces ×1,0.041250672601011236,0.0015849238044559288
TestRMContainerAllocator.testSimple,0,indent +4,5,'Ġ',spaces ×1,0.04136134626541092,0.001589176082398886
TestRMContainerAllocator.testSimple,0,indent +4,5,'Ġ',spaces ×1,0.03936905718560135,0.0015126288120430962
TestRMContainerAllocator.testSimple,0,indent +4,5,'Ġ',spaces ×1,0.033022447023051654,0.0012687808238776778
TestRMContainerAllocator.testSimple,0,indent +4,5,'Ġ',spaces ×1,0.022885275440463055,0.0008792927613071542
TestRMContainerAllocator.testSimple,0,indent +4,5,'Ċ',newline ×1,0.02863051961914603,0.001100035204691781
TestRMContainerAllocator.testSimple,0,indent +4,5,'Ġ',spaces ×1,0.0376853194171897,0.0014479366288288106
TestRMContainerAllocator.testSimple,0,indent +4,5,'Ġ',spaces ×1,0.03226194430043218,0.0012395609641170494
TestRMContainerAllocator.testSimple,0,indent +4,5,'Ġ',spaces ×1,0.02681099957602641,0.001030126026315032
TestRMContainerAllocator.testSimple,0,indent +4,5,'Ġ',spaces ×1,0.025361111259038914,0.0009744187526513369
TestRMContainerAllocator.testSimple,0,indent +4,5,'Ġ',spaces ×1,0.026400410482970982,0.0010143504671204515
TestRMContainerAllocator.testSimple,0,indent +4,5,'Ġ',spaces ×1,0.030801025157696834,0.0011834298666170819
TestRMContainerAllocator.testSimple,0,indent +4,5,'Ġ',spaces ×1,0.03427002976552097,0.0013167151595355057
TestRMContainerAllocator.testSimple,0,strip indent,0,'Ċ',newline ×1,0.004083140283757567,0.0015587954595925315
TestRMContainerAllocator.testSimple,0,strip indent,0,'Ċ',newline ×1,0.007263301294192828,0.002772866052160498
TestRMContainerAllocator.testSimple,0,strip indent,0,'Ċ',newline ×1,0.006205534952096517,0.00236904907385865
TestRMContainerAllocator.testSimple,0,strip indent,0,'Ċ',newline ×1,0.0031021551759814244,0.0011842907828827432
TestRMContainerAllocator.testSimple,0,strip indent,0,'Ċ',newline ×1,0.004751483010181978,0.0018139445691017755
TestRMContainerAllocator.testSimple,0,strip indent,0,'Ċ',newline ×1,0.005038375972271178,0.0019234699382086507
TestRMContainerAllocator.testSimple,0,strip indent,0,'Ċ',newline ×1,0.0033002631328716333,0.0012599212443043196
TestRMContainerAllocator.testSimple,0,strip indent,0,'Ċ',newline ×1,0.003973945071929729,0.0015171086723215741
TestRMContainerAllocator.testSimple,0,strip indent,0,'Ċ',newline ×1,0.00376853997013919,0.0014386924245815922
TestRMContainerAllocator.testSimple,0,strip indent,0,'Ċ',newline ×1,0.0021775950481023936,0.0008313271251825382
TestRMContainerAllocator.testSimple,0,strip indent,0,'Ċ',newline ×1,0.004555901891369054,0.0017392787631777503
TestRMContainerAllocator.testSimple,0,strip indent,0,'Ċ',newline ×1,0.004179369062948612,0.001595532131286577
TestRMContainerAllocator.testSimple,0,strip indent,0,'Ċ',newline ×1,0.003458257788254852,0.0013202378962770519
TestRMContainerAllocator.testSimple,0,strip indent,0,'Ċ',newline ×1,0.004207730787294058,0.0016063596130931074
TestRMContainerAllocator.testSimple,0,strip indent,0,'Ċ',newline ×1,0.0033068805674598863,0.0012624475417796603
TestRMContainerAllocator.testSimple,0,strip indent,0,'Ċ',newline ×1,0.001937382422711045,0.0007396226223305691
TestRMContainerAllocator.testSimple,0,strip indent,0,'Ċ',newline ×1,0.003347074125030272,0.0012777919900943116
TestRMContainerAllocator.testSimple,0,strip indent,0,'Ċ',newline ×1,0.002487269373532974,0.000949549595851447
TestRMContainerAllocator.testSimple,0,strip indent,0,'Ċ',newline ×1,0.0034119088169331808,0.0013025435333524162
TestRMContainerAllocator.testSimple,0,strip indent,0,'Ċ',newline ×1,0.0027127853399158052,0.0010356434452010648
TestRMContainerAllocator.testSimple,0,strip indent,0,'Ċ',newline ×1,0.0038931181576385243,0.0014862518762640902
TestRMContainerAllocator.testSimple,0,strip indent,0,'Ċ',newline ×1,0.0025891387576831787,0.0009884396467557707
TestRMContainerAllocator.testSimple,0,strip indent,0,'Ċ',newline ×1,0.0019340438967842659,0.0007383480937337691
TestRMContainerAllocator.testSimple,0,strip indent,0,'Ċ',newline ×1,0.003928837094400537,0.001499888075996826
TestRMContainerAllocator.testSimple,0,strip indent,0,'Ċ',newline ×1,0.0019591880098118485,0.0007479472077732231
TestRMContainerAllocator.testSimple,0,strip indent,0,'Ċ',newline ×1,0.00038547553090529366,0.00014716063265066817
TestRMContainerAllocator.testSimple,0,strip indent,0,'Ċ',newline ×1,0.007923217355861687,0.0030247981654737714
TestRMContainerAllocator.testSimple,0,strip indent,0,'Ċ',newline ×1,0.0008661087810221804,0.00033064904498656143
TestRMContainerAllocator.testSimple,0,strip indent,0,'Ċ',newline ×1,0.003107620168923176,0.0011863771197686433
TestRMContainerAllocator.testSimple,0,strip indent,0,'Ċ',newline ×1,0.0010909278030418485,0.00041647682615497835
MultiMapTes.test_multimap,3,original,3,'Ċ',newline ×1,0.0006913303829014395,0.002711512898418319
MultiMapTes.test_multimap,3,original,3,'Ċ',newline ×1,0.0007629821048723597,0.0029925428851269053
MultiMapTes.test_multimap,3,original,3,'Ġ',spaces ×1,0.001297280184146313,0.005088148935986675
MultiMapTes.test_multimap,3,original,3,'Ġ',spaces ×1,0.0007960682614037771,0.0031223123013320894
MultiMapTes.test_multimap,3,original,3,'Ġ',spaces ×1,0.0008882778500579825,0.0034839736649544817
MultiMapTes.test_multimap,3,original,3,'Ċ',newline ×1,0.0014080746698626767,0.00552270336108327
MultiMapTes.test_multimap,3,original,3,'Ġ',spaces ×1,0.0007139227925406749,0.0028001240916455533
MultiMapTes.test_multimap,3,original,3,'Ġ',spaces ×1,0.0008713883109843199,0.0034177300798622504
MultiMapTes.test_multimap,3,original,3,'Ġ',spaces ×1,0.0011538418658626085,0.0045255599629382475
MultiMapTes.test_multimap,3,original,3,'Ċ',newline ×1,0.0005097021696145081,0.0019991367968830854
MultiMapTes.test_multimap,3,original,3,'Ġ',spaces ×1,0.0008407377857859992,0.003297513615384382
MultiMapTes.test_multimap,3,original,3,'Ġ',spaces ×1,0.0006806381162427707,0.002669576047854004
MultiMapTes.test_multimap,3,original,3,'Ġ',spaces ×1,0.0010762587119511986,0.004221265912316791
MultiMapTes.test_multimap,3,original,3,'Ċ',newline ×1,0.0011754202474667638,0.004610193969331977
MultiMapTes.test_multimap,3,original,3,'Ġ',spaces ×1,0.001279297010334881,0.005017615933315001
MultiMapTes.test_multimap,3,original,3,'Ġ',spaces ×1,0.0009458038851744219,0.0037096003552764783
MultiMapTes.test_multimap,3,original,3,'Ġ',spaces ×1,0.0009068814235762127,0.003556939978599844
MultiMapTes.test_multimap,3,original,3,'Ċ',newline ×1,0.001096282681187552,0.004299803254526506
MultiMapTes.test_multimap,3,original,3,'Ġ',spaces ×1,0.0005220565669995576,0.0020475928009735683
MultiMapTes.test_multimap,3,original,3,'Ġ',spaces ×1,0.0005324219349692333,0.0020882475004367546
MultiMapTes.test_multimap,3,original,3,'Ġ',spaces ×1,0.0006270635440001617,0.002459447653014183
MultiMapTes.test_multimap,3,original,3,'Ċ',newline ×1,0.0014600050679760023,0.005726383031161297
MultiMapTes.test_multimap,3,indent +4,5,'Ċ',newline ×1,0.15901957298578034,0.00461960878294265
MultiMapTes.test_multimap,3,indent +4,5,'Ġ',spaces ×1,1.7739310009404667,0.05153370165955368
MultiMapTes.test_multimap,3,indent +4,5,'Ġ',spaces ×1,0.5570026361537419,0.016181242483452818
MultiMapTes.test_multimap,3,indent +4,5,'Ġ',spaces ×1,0.8569293267709616,0.024894282948843372
MultiMapTes.test_multimap,3,indent +4,5,'Ċ',newline ×1,0.21613734363816564,0.006278912414650035
MultiMapTes.test_multimap,3,indent +4,5,'Ġ',spaces ×1,0.51285065208071,0.014898602305401524
MultiMapTes.test_multimap,3,indent +4,5,'Ġ',spaces ×1,0.31281076684990095,0.009087330187133922
MultiMapTes.test_multimap,3,indent +4,5,'Ġ',spaces ×1,0.3308564773157008,0.009611568310762287
MultiMapTes.test_multimap,3,indent +4,5,'Ġ',spaces ×1,0.3133152545422548,0.009101985840716219
MultiMapTes.test_multimap,3,indent +4,5,'Ġ',spaces ×1,0.28815689754176765,0.00837112130132867
MultiMapTes.test_multimap,3,indent +4,5,'Ġ',spaces ×1,0.3171625524912422,0.009213752028123405
MultiMapTes.test_multimap,3,indent +4,5,'Ġ',spaces ×1,0.2893691934646871,0.008406339185441244
MultiMapTes.test_multimap,3,indent +4,5,'Ċ',newline ×1,0.11905701003943747,0.003458673664645406
MultiMapTes.test_multimap,3,indent +4,5,'Ġ',spaces ×1,0.30283243503834484,0.00879745398881271
MultiMapTes.test_multimap,3,indent +4,5,'Ġ',spaces ×1,0.2873585659702056,0.008347929316402273
MultiMapTes.test_multimap,3,indent +4,5,'Ġ',spaces ×1,0.30480169224294784,0.008854662027467616
MultiMapTes.test_multimap,3,indent +4,5,'Ġ',spaces ×1,0.278428633516691,0.008088509714030245
MultiMapTes.test_multimap,3,indent +4,5,'Ġ',spaces ×1,0.24723908668295394,0.007182435689406768
MultiMapTes.test_multimap,3,indent +4,5,'Ġ',spaces ×1,0.2491700724567193,0.007238531921290257
MultiMapTes.test_multimap,3,indent +4,5,'Ġ',spaces ×1,0.28832067798965977,0.008375879216227764
MultiMapTes.test_multimap,3,indent +4,5,'Ċ',newline ×1,0.11634640059802946,0.003379928923054537
MultiMapTes.test_multimap,3,indent +4,5,'Ġ',spaces ×1,0.26227428552112314,0.007619216742845432
MultiMapTes.test_multimap,3,indent +4,5,'Ġ',spaces ×1,0.18250320332516573,0.005301821563006548
MultiMapTes.test_multimap,3,indent +4,5,'Ġ',spaces ×1,0.21006002951820685,0.006102362992725896
MultiMapTes.test_multimap,3,indent +4,5,'Ġ',spaces ×1,0.20730683041761744,0.006022380997381147
MultiMapTes.test_multimap,3,indent +4,5,'Ġ',spaces ×1,0.21321518540069617,0.006194022060554007
MultiMapTes.test_multimap,3,indent +4,5,'Ġ',spaces ×1,0.21603954977916986,0.006276071447582572
MultiMapTes.test_multimap,3,indent +4,5,'Ġ',spaces ×1,0.20661899924975607,0.006002399111852388
MultiMapTes.test_multimap,3,indent +4,5,'Ċ',newline ×1,0.19851702497851276,0.005767032164250549
MultiMapTes.test_multimap,3,indent +4,5,'Ġ',spaces ×1,0.17823238029903932,0.005177751731906878
MultiMapTes.test_multimap,3,indent +4,5,'Ġ',spaces ×1,0.18701788295847688,0.005432975566847833
MultiMapTes.test_multimap,3,indent +4,5,'Ġ',spaces ×1,0.17912787027325433,0.005203766223533583
MultiMapTes.test_multimap,3,indent +4,5,'Ġ',spaces ×1,0.175344017620757,0.0050938431579723355
MultiMapTes.test_multimap,3,indent +4,5,'Ġ',spaces ×1,0.18504036903524632,0.005375527665834011
MultiMapTes.test_multimap,3,indent +4,5,'Ġ',spaces ×1,0.17439807244354788,0.005066362914083062
MultiMapTes.test_multimap,3,indent +4,5,'Ġ',spaces ×1,0.16862556897065634,0.0048986684143291145
MultiMapTes.test_multimap,3,indent +4,5,'Ċ',newline ×1,0.14143741971430723,0.004108837258715226
MultiMapTes.test_multimap,3,indent +4,5,'Ġ',spaces ×1,0.18050861552656935,0.005243877656229927
MultiMapTes.test_multimap,3,indent +4,5,'Ġ',spaces ×1,0.15495309682723213,0.004501475344241138
MultiMapTes.test_multimap,3,indent +4,5,'Ġ',spaces ×1,0.1571518179674437,0.00456534944036559
MultiMapTes.test_multimap,3,indent +4,5,'Ġ',spaces ×1,0.16483210812229404,0.004788466225228717
MultiMapTes.test_multimap,3,indent +4,5,'Ġ',spaces ×1,0.16083159547655745,0.004672249063985488
MultiMapTes.test_multimap,3,indent +4,5,'Ġ',spaces ×1,0.16406227882969593,0.004766102247671245
MultiMapTes.test_multimap,3,indent +4,5,'Ġ',spaces ×1,0.15971467303565567,0.00463980183361645
MultiMapTes.test_multimap,3,indent +4,5,'Ċ',newline ×1,0.11081595506696608,0.003219266343793486
MultiMapTes.test_multimap,3,indent +4,5,'Ġ',spaces ×1,0.15746102117059443,0.004574331968781239
MultiMapTes.test_multimap,3,indent +4,5,'Ġ',spaces ×1,0.1139830876828623,0.0033112733425196533
MultiMapTes.test_multimap,3,indent +4,5,'Ġ',spaces ×1,0.13950096547974034,0.004052582164944024
MultiMapTes.test_multimap,3,strip indent,3,'Ċ',newline ×1,0.0009747366634288138,0.002855733812687902
MultiMapTes.test_multimap,3,strip indent,3,'Ċ',newline ×1,0.005421786191075719,0.015884472937084754
MultiMapTes.test_multimap,3,strip indent,3,'Ċ',newline ×1,0.0010824358706941622,0.003171265462749611
MultiMapTes.test_multimap,3,strip indent,3,'Ċ',newline ×1,0.014904827176790937,0.04366740324643586
MultiMapTes.test_multimap,3,strip indent,3,'Ċ',newline ×1,0.01226625255009831,0.0359370417432166
MultiMapTes.test_multimap,3,strip indent,3,'Ċ',newline ×1,0.008117543288203343,0.023782364728679357
MultiMapTes.test_multimap,3,strip indent,3,'Ċ',newline ×1,0.0013653171677572757,0.004000036673794902
WorkflowHttpHandlerTest.testWorkflowForkFailure,1,original,0,'Ċ',newline ×1,0.014694432175950897,0.001849692978924369
WorkflowHttpHandlerTest.testWorkflowForkFailure,1,original,0,'Ċ',newline ×1,0.014884530448794068,0.0018736220043112182
WorkflowHttpHandlerTest.testWorkflowForkFailure,1,original,0,'Ġ',spaces ×1,0.008258783339661194,0.0010395919607448403
WorkflowHttpHandlerTest.testWorkflowForkFailure,1,original,0,'Ġ',spaces ×1,0.006199448716687265,0.0007803688245419442
WorkflowHttpHandlerTest.testWorkflowForkFailure,1,original,0,'Ġ',spaces ×1,0.005312352093036696,0.0006687036457350068
WorkflowHttpHandlerTest.testWorkflowForkFailure,1,original,0,'Ċ',newline ×1,0.02302021180133079,0.0028977182399712587
WorkflowHttpHandlerTest.testWorkflowForkFailure,1,original,0,'Ġ',spaces ×1,0.004871272111159902,0.0006131817626263252
WorkflowHttpHandlerTest.testWorkflowForkFailure,1,original,0,'Ġ',spaces ×1,0.004683973504957019,0.0005896051512467587
WorkflowHttpHandlerTest.testWorkflowForkFailure,1,original,0,'Ġ',spaces ×1,0.0023810948228226744,0.0002997253873570149
WorkflowHttpHandlerTest.testWorkflowForkFailure,1,original,0,'Ċ',newline ×1,0.01573562972297036,0.0019807559400061266
WorkflowHttpHandlerTest.testWorkflowForkFailure,1,original,0,'Ġ',spaces ×1,0.004199884253711145,0.0005286693846597586
WorkflowHttpHandlerTest.testWorkflowForkFailure,1,original,0,'Ġ',spaces ×1,0.005724956674404722,0.0007206411270946143
WorkflowHttpHandlerTest.testWorkflowForkFailure,1,original,0,'Ġ',spaces ×1,0.004443871925456972,0.0005593818530265844
WorkflowHttpHandlerTest.testWorkflowForkFailure,1,original,0,'Ċ',newline ×1,0.015139341264394517,0.0019056968589858695
WorkflowHttpHandlerTest.testWorkflowForkFailure,1,original,0,'Ġ',spaces ×1,0.0033631797748584894,0.00042334742451615885
WorkflowHttpHandlerTest.testWorkflowForkFailure,1,original,0,'Ġ',spaces ×1,0.006038407870206946,0.0007600974646494407
WorkflowHttpHandlerTest.testWorkflowForkFailure,1,original,0,'Ġ',spaces ×1,0.0072120730573613945,0.0009078350723564263
WorkflowHttpHandlerTest.testWorkflowForkFailure,1,original,0,'Ċ',newline ×1,0.015237686320490752,0.0019180762525952968
WorkflowHttpHandlerTest.testWorkflowForkFailure,1,original,0,'Ġ',spaces ×1,0.0045965843734091065,0.0005786048579980669
WorkflowHttpHandlerTest.testWorkflowForkFailure,1,original,0,'Ġ',spaces ×1,0.005181675592875249,0.0006522544626726884
WorkflowHttpHandlerTest.testWorkflowForkFailure,1,original,0,'Ġ',spaces ×1,0.005617062430298862,0.000707059709085446
WorkflowHttpHandlerTest.testWorkflowForkFailure,1,original,0,'Ċ',newline ×1,0.0096516423179215,0.001214921054232125
WorkflowHttpHandlerTest.testWorkflowForkFailure,1,original,0,'Ġ',spaces ×1,0.004761198228698773,0.0005993259779921619
WorkflowHttpHandlerTest.testWorkflowForkFailure,1,original,0,'Ġ',spaces ×1,0.004022282900714099,0.0005063134357021837
WorkflowHttpHandlerTest.testWorkflowForkFailure,1,original,0,'Ġ',spaces ×1,0.0024040825861327674,0.00030261902107397087
WorkflowHttpHandlerTest.testWorkflowForkFailure,1,original,0,'Ċ',newline ×1,0.01216265259686763,0.0015309998266106173
WorkflowHttpHandlerTest.testWorkflowForkFailure,1,original,0,'Ġ',spaces ×1,0.004942094844201721,0.0006220967251432223
WorkflowHttpHandlerTest.testWorkflowForkFailure,1,original,0,'Ġ',spaces ×1,0.003742323328300397,0.00047107292764609184
WorkflowHttpHandlerTest.testWorkflowForkFailure,1,original,0,'Ġ',spaces ×1,0.003717334666335128,0.000467927426544966
WorkflowHttpHandlerTest.testWorkflowForkFailure,1,original,0,'Ċ',newline ×1,0.012255421052645836,0.0015426772537656072
WorkflowHttpHandlerTest.testWorkflowForkFailure,1,original,0,'Ġ',spaces ×1,0.0054906324534525,0.0006911450661990731
WorkflowHttpHandlerTest.testWorkflowForkFailure,1,original,0,'Ġ',spaces ×1,0.005329423608316014,0.0006708525591175486
WorkflowHttpHandlerTest.testWorkflowForkFailure,1,original,0,'Ġ',spaces ×1,0.001892643828569521,0.00023824057706966402
WorkflowHttpHandlerTest.testWorkflowForkFailure,1,original,0,'Ċ',newline ×1,0.006766449134991796,0.0008517412110504555
WorkflowHttpHandlerTest.testWorkflowForkFailure,1,original,0,'Ġ',spaces ×1,0.007858515578462913,0.0009892074029264075
WorkflowHttpHandlerTest.testWorkflowForkFailure,1,original,0,'Ġ',spaces ×1,0.0078031491552936995,0.0009822380363678374
WorkflowHttpHandlerTest.testWorkflowForkFailure,1,original,0,'Ġ',spaces ×1,0.00472665620470946,0.0005949779270783311
WorkflowHttpHandlerTest.testWorkflowForkFailure,1,original,0,'Ċ',newline ×1,0.006562788598709984,0.0008261050068382935
WorkflowHttpHandlerTest.testWorkflowForkFailure,1,original,0,'Ġ',spaces ×1,0.005964743278864125,0.0007508247771600155
WorkflowHttpHandlerTest.testWorkflowForkFailure,1,original,0,'Ġ',spaces ×1,0.006599512334886089,0.0008307276854250841
WorkflowHttpHandlerTest.testWorkflowForkFailure,1,original,0,'Ġ',spaces ×1,0.006070442197216133,0.0007641298538594461
WorkflowHttpHandlerTest.testWorkflowForkFailure,1,original,0,'Ċ',newline ×1,0.01330489910276241,0.0016747825408288852
WorkflowHttpHandlerTest.testWorkflowForkFailure,1,original,0,'Ġ',spaces ×1,0.00456459381141125,0.0005745779778021706
WorkflowHttpHandlerTest.testWorkflowForkFailure,1,original,0,'Ġ',spaces ×1,0.006682546583601853,0.0008411797985125955
WorkflowHttpHandlerTest.testWorkflowForkFailure,1,original,0,'Ġ',spaces ×1,0.00533138717160648,0.000671099726833086
WorkflowHttpHandlerTest.testWorkflowForkFailure,1,original,0,'Ċ',newline ×1,0.006060090796369757,0.0007628268492085479
WorkflowHttpHandlerTest.testWorkflowForkFailure,1,original,0,'Ġ',spaces ×1,0.003291854104918895,0.00041436915374498445
WorkflowHttpHandlerTest.testWorkflowForkFailure,1,original,0,'Ġ',spaces ×1,0.004629731733356615,0.0005827773526021885
WorkflowHttpHandlerTest.testWorkflowForkFailure,1,original,0,'Ġ',spaces ×1,0.005665543914522054,0.0007131624192753801
WorkflowHttpHandlerTest.testWorkflowForkFailure,1,original,0,'Ċ',newline ×1,0.0132395369770824,0.0016665549439057628
WorkflowHttpHandlerTest.testWorkflowForkFailure,1,original,0,'Ġ',spaces ×1,0.0055796027669963305,0.0007023443941026077
WorkflowHttpHandlerTest.testWorkflowForkFailure,1,original,0,'Ġ',spaces ×1,0.006680589062453117,0.0008409333913645305
WorkflowHttpHandlerTest.testWorkflowForkFailure,1,original,0,'Ġ',spaces ×1,0.0024858022276517183,0.000312905655177819
WorkflowHttpHandlerTest.testWorkflowForkFailure,1,original,0,'Ċ',newline ×1,0.007956920051837992,0.001001594275812488
WorkflowHttpHandlerTest.testWorkflowForkFailure,1,original,0,'Ġ',spaces ×1,0.003239314511553201,0.00040775562041478095
WorkflowHttpHandlerTest.testWorkflowForkFailure,1,original,0,'Ġ',spaces ×1,0.0037773416299356133,0.0004754809310240328
WorkflowHttpHandlerTest.testWorkflowForkFailure,1,original,0,'Ġ',spaces ×1,0.0012046220420321775,0.00015163436781525492
WorkflowHttpHandlerTest.testWorkflowForkFailure,1,original,0,'Ċ',newline ×1,0.009801375752590394,0.0012337690695552732
WorkflowHttpHandlerTest.testWorkflowForkFailure,1,original,0,'Ġ',spaces ×1,0.003515609141824522,0.00044253479606498234
WorkflowHttpHandlerTest.testWorkflowForkFailure,1,original,0,'Ġ',spaces ×1,0.0038509775341180113,0.00048475000745597837
WorkflowHttpHandlerTest.testWorkflowForkFailure,1,original,0,'Ġ',spaces ×1,0.002449525043207738,0.0003083391872423655
WorkflowHttpHandlerTest.testWorkflowForkFailure,1,original,0,'Ċ',newline ×1,0.007783486240722384,0.0009797629250745084
WorkflowHttpHandlerTest.testWorkflowForkFailure,1,original,0,'Ġ',spaces ×1,0.005091517033587931,0.0006409055618028324
WorkflowHttpHandlerTest.testWorkflowForkFailure,1,original,0,'Ġ',spaces ×1,0.0033772511062647045,0.0004251186833572314
WorkflowHttpHandlerTest.testWorkflowForkFailure,1,original,0,'Ġ',spaces ×1,0.003833395469438266,0.0004825368275791578
WorkflowHttpHandlerTest.testWorkflowForkFailure,1,original,0,'Ċ',newline ×1,0.015825194645722643,0.001992030115611492
WorkflowHttpHandlerTest.testWorkflowForkFailure,1,indent +4,5,'Ċ',newline ×1,0.009438131917728545,0.0018040217095663571
WorkflowHttpHandlerTest.testWorkflowForkFailure,1,indent +4,5,'Ġ',spaces ×1,0.14271911210600524,0.027279590797585768
WorkflowHttpHandlerTest.testWorkflowForkFailure,1,indent +4,5,'Ġ',spaces ×1,0.042756442151049665,0.008172544157750577
WorkflowHttpHandlerTest.testWorkflowForkFailure,1,indent +4,5,'Ġ',spaces ×1,0.09950226160845993,0.01901904335066909
WorkflowHttpHandlerTest.testWorkflowForkFailure,1,indent +4,5,'Ċ',newline ×1,0.0056395410447991085,0.0010779521377209831
WorkflowHttpHandlerTest.testWorkflowForkFailure,1,indent +4,5,'Ġ',spaces ×1,0.026404742283047546,0.005047050489371275
WorkflowHttpHandlerTest.testWorkflowForkFailure,1,indent +4,5,'Ġ',spaces ×1,0.01732411999834599,0.003311363821631184
WorkflowHttpHandlerTest.testWorkflowForkFailure,1,indent +4,5,'Ġ',spaces ×1,0.019955946679469094,0.0038144159626638465
WorkflowHttpHandlerTest.testWorkflowForkFailure,1,indent +4,5,'Ġ',spaces ×1,0.020604468513283826,0.003938375606111077
WorkflowHttpHandlerTest.testWorkflowForkFailure,1,indent +4,5,'Ġ',spaces ×1,0.020560439877468938,0.003929959892541377
WorkflowHttpHandlerTest.testWorkflowForkFailure,1,indent +4,5,'Ġ',spaces ×1,0.023186652739832815,0.0044319389980407905
WorkflowHttpHandlerTest.testWorkflowForkFailure,1,indent +4,5,'Ġ',spaces ×1,0.016907007994601337,0.003231636274205975
WorkflowHttpHandlerTest.testWorkflowForkFailure,1,indent +4,5,'Ċ',newline ×1,0.0010463992753220455,0.00020001066164476632
WorkflowHttpHandlerTest.testWorkflowForkFailure,1,indent +4,5,'Ġ',spaces ×1,0.016444884919593766,0.003143305228711767
WorkflowHttpHandlerTest.testWorkflowForkFailure,1,indent +4,5,'Ġ',spaces ×1,0.012011809585048572,0.0022959591422854414
WorkflowHttpHandlerTest.testWorkflowForkFailure,1,indent +4,5,'Ġ',spaces ×1,0.0107138877370647,0.00204787199839999
WorkflowHttpHandlerTest.testWorkflowForkFailure,1,indent +4,5,'Ġ',spaces ×1,0.009150914635080849,0.00174912247550439
WorkflowHttpHandlerTest.testWorkflowForkFailure,1,indent +4,5,'Ġ',spaces ×1,0.01139153919509068,0.0021773995312268867
WorkflowHttpHandlerTest.testWorkflowForkFailure,1,indent +4,5,'Ġ',spaces ×1,0.013148687264504409,0.002513264010742223
WorkflowHttpHandlerTest.testWorkflowForkFailure,1,indent +4,5,'Ġ',spaces ×1,0.01511525527351209,0.0028891573985984046
WorkflowHttpHandlerTest.testWorkflowForkFailure,1,indent +4,5,'Ċ',newline ×1,0.002290566486292336,0.00043782304639274414
WorkflowHttpHandlerTest.testWorkflowForkFailure,1,indent +4,5,'Ġ',spaces ×1,0.01322260839773934,0.0025273934306649375
WorkflowHttpHandlerTest.testWorkflowForkFailure,1,indent +4,5,'Ġ',spaces ×1,0.008813098273360749,0.0016845516413920767
WorkflowHttpHandlerTest.testWorkflowForkFailure,1,indent +4,5,'Ġ',spaces ×1,0.010429065033260692,0.001993430468495683
WorkflowHttpHandlerTest.testWorkflowForkFailure,1,indent +4,5,'Ġ',spaces ×1,0.008563806662666004,0.0016369015892815186
WorkflowHttpHandlerTest.testWorkflowForkFailure,1,indent +4,5,'Ġ',spaces ×1,0.007412850086995442,0.0014169056549825246
WorkflowHttpHandlerTest.testWorkflowForkFailure,1,indent +4,5,'Ġ',spaces ×1,0.007280507520963645,0.0013916094560840313
WorkflowHttpHandlerTest.testWorkflowForkFailure,1,indent +4,5,'Ġ',spaces ×1,0.0065701684596758785,0.0012558339552872033
WorkflowHttpHandlerTest.testWorkflowForkFailure,1,indent +4,5,'Ċ',newline ×1,0.004000148127969319,0.0007645955923526251
WorkflowHttpHandlerTest.testWorkflowForkFailure,1,indent +4,5,'Ġ',spaces ×1,0.01573225690958881,0.0030070922140918764
WorkflowHttpHandlerTest.testWorkflowForkFailure,1,indent +4,5,'Ġ',spaces ×1,0.009543016245997408,0.001824069490932381
WorkflowHttpHandlerTest.testWorkflowForkFailure,1,indent +4,5,'Ġ',spaces ×1,0.010554050763109342,0.002017320468338705
WorkflowHttpHandlerTest.testWorkflowForkFailure,1,indent +4,5,'Ġ',spaces ×1,0.0064256501548460715,0.0012282104635183528
WorkflowHttpHandlerTest.testWorkflowForkFailure,1,indent +4,5,'Ġ',spaces ×1,0.0074502234589338395,0.0014240492693041173
WorkflowHttpHandlerTest.testWorkflowForkFailure,1,indent +4,5,'Ġ',spaces ×1,0.005724566310629713,0.0010942040217545108
WorkflowHttpHandlerTest.testWorkflowForkFailure,1,indent +4,5,'Ġ',spaces ×1,0.005895695761799305,0.0011269140164597363
WorkflowHttpHandlerTest.testWorkflowForkFailure,1,indent +4,5,'Ċ',newline ×1,0.0014791667990638384,0.0002827306336509812
WorkflowHttpHandlerTest.testWorkflowForkFailure,1,indent +4,5,'Ġ',spaces ×1,0.005670511570941776,0.0010838719004457567
WorkflowHttpHandlerTest.testWorkflowForkFailure,1,indent +4,5,'Ġ',spaces ×1,0.005222633567797027,0.0009982636839095322
WorkflowHttpHandlerTest.testWorkflowForkFailure,1,indent +4,5,'Ġ',spaces ×1,0.00461192914616191,0.0008815325294436316
WorkflowHttpHandlerTest.testWorkflowForkFailure,1,indent +4,5,'Ġ',spaces ×1,0.004309000478589395,0.000823630192676723
WorkflowHttpHandlerTest.testWorkflowForkFailure,1,indent +4,5,'Ġ',spaces ×1,0.004768467089162887,0.0009114534767249648
WorkflowHttpHandlerTest.testWorkflowForkFailure,1,indent +4,5,'Ġ',spaces ×1,0.004549712408162541,0.0008696403089250318
WorkflowHttpHandlerTest.testWorkflowForkFailure,1,indent +4,5,'Ġ',spaces ×1,0.005274522287026465,0.0010081817881262857
WorkflowHttpHandlerTest.testWorkflowForkFailure,1,indent +4,5,'Ċ',newline ×1,0.0017894635669191195,0.00034204132251385955
WorkflowHttpHandlerTest.testWorkflowForkFailure,1,indent +4,5,'Ġ',spaces ×1,0.004735422410532778,0.0009051372567193531
WorkflowHttpHandlerTest.testWorkflowForkFailure,1,indent +4,5,'Ġ',spaces ×1,0.004063656951640331,0.0007767347844777443
WorkflowHttpHandlerTest.testWorkflowForkFailure,1,indent +4,5,'Ġ',spaces ×1,0.0034860649522155565,0.0006663327986486561
WorkflowHttpHandlerTest.testWorkflowForkFailure,1,indent +4,5,'Ġ',spaces ×1,0.0035300867556148094,0.0006747472062579987
WorkflowHttpHandlerTest.testWorkflowForkFailure,1,indent +4,5,'Ġ',spaces ×1,0.0029084312360256985,0.0005559228390011767
WorkflowHttpHandlerTest.testWorkflowForkFailure,1,indent +4,5,'Ġ',spaces ×1,0.003268004228396836,0.0006246522750872307
WorkflowHttpHandlerTest.testWorkflowForkFailure,1,indent +4,5,'Ġ',spaces ×1,0.004343043625054949,0.0008301372616413395
WorkflowHttpHandlerTest.testWorkflowForkFailure,1,indent +4,5,'Ċ',newline ×1,0.0007610885971767317,0.00014547585943688207
WorkflowHttpHandlerTest.testWorkflowForkFailure,1,indent +4,5,'Ġ',spaces ×1,0.0025262206420985514,0.00048286641055948055
WorkflowHttpHandlerTest.testWorkflowForkFailure,1,indent +4,5,'Ġ',spaces ×1,0.0009909943513640575,0.00018942046365766945
WorkflowHttpHandlerTest.testWorkflowForkFailure,1,indent +4,5,'Ġ',spaces ×1,0.0032602496922329014,0.0006231700589337271
WorkflowHttpHandlerTest.testWorkflowForkFailure,1,indent +4,5,'Ġ',spaces ×1,0.0009664333361582896,0.0001847258265169271
WorkflowHttpHandlerTest.testWorkflowForkFailure,1,indent +4,5,'Ġ',spaces ×1,0.0026176674790937835,0.0005003457253909136
WorkflowHttpHandlerTest.testWorkflowForkFailure,1,indent +4,5,'Ġ',spaces ×1,0.002344689840228058,0.0004481682827536791
WorkflowHttpHandlerTest.testWorkflowForkFailure,1,indent +4,5,'Ġ',spaces ×1,0.0021407545125249135,0.00040918771311013196
WorkflowHttpHandlerTest.testWorkflowForkFailure,1,indent +4,5,'Ċ',newline ×1,0.0033306767998768573,0.0006366316244468144
WorkflowHttpHandlerTest.testWorkflowForkFailure,1,indent +4,5,'Ġ',spaces ×1,0.004366527403286566,0.0008346259937465667
WorkflowHttpHandlerTest.testWorkflowForkFailure,1,indent +4,5,'Ġ',spaces ×1,0.0039743902083664556,0.000759672176727384
WorkflowHttpHandlerTest.testWorkflowForkFailure,1,indent +4,5,'Ġ',spaces ×1,0.0029861043824567775,0.0005707694255538382
WorkflowHttpHandlerTest.testWorkflowForkFailure,1,indent +4,5,'Ġ',spaces ×1,0.0033051192972483653,0.0006317465168867587
WorkflowHttpHandlerTest.testWorkflowForkFailure,1,indent +4,5,'Ġ',spaces ×1,0.0023397652942980978,0.0004472269960833034
WorkflowHttpHandlerTest.testWorkflowForkFailure,1,indent +4,5,'Ġ',spaces ×1,0.0021994093008486843,0.00042039909608596645
WorkflowHttpHandlerTest.testWorkflowForkFailure,1,indent +4,5,'Ġ',spaces ×1,0.00207571091322049,0.00039675516117757166
WorkflowHttpHandlerTest.testWorkflowForkFailure,1,indent +4,5,'Ċ',newline ×1,0.0028121479542563242,0.000537519077314611
WorkflowHttpHandlerTest.testWorkflowForkFailure,1,indent +4,5,'Ġ',spaces ×1,0.0012321187452074174,0.00023550941907715876
WorkflowHttpHandlerTest.testWorkflowForkFailure,1,indent +4,5,'Ġ',spaces ×1,0.0003481052042307798,6.653746219267658e-05
WorkflowHttpHandlerTest.testWorkflowForkFailure,1,indent +4,5,'Ġ',spaces ×1,0.002001021410491982,0.00038247887371163294
WorkflowHttpHandlerTest.testWorkflowForkFailure,1,indent +4,5,'Ġ',spaces ×1,0.0030267005516656995,0.0005785290512103262
WorkflowHttpHandlerTest.testWorkflowForkFailure,1,indent +4,5,'Ġ',spaces ×1,0.0007918203867974853,0.00015134998962842194
WorkflowHttpHandlerTest.testWorkflowForkFailure,1,indent +4,5,'Ġ',spaces ×1,0.0013384552490641997,0.0002558347719276188
WorkflowHttpHandlerTest.testWorkflowForkFailure,1,indent +4,5,'Ġ',spaces ×1,0.0022016717538560033,0.0004208315454708294
WorkflowHttpHandlerTest.testWorkflowForkFailure,1,indent +4,5,'Ċ',newline ×1,0.002989703363811106,0.0005714573413990636
WorkflowHttpHandlerTest.testWorkflowForkFailure,1,indent +4,5,'Ġ',spaces ×1,0.0011304658936847243,0.00021607930805679927
WorkflowHttpHandlerTest.testWorkflowForkFailure,1,indent +4,5,'Ġ',spaces ×1,0.0021737622967295373,0.0004154968810481188
WorkflowHttpHandlerTest.testWorkflowForkFailure,1,indent +4,5,'Ġ',spaces ×1,0.0018067037010734454,0.00034533663312843354
WorkflowHttpHandlerTest.testWorkflowForkFailure,1,indent +4,5,'Ġ',spaces ×1,0.001671275588538197,0.0003194506572564219
WorkflowHttpHandlerTest.testWorkflowForkFailure,1,indent +4,5,'Ġ',spaces ×1,0.0014363467482718644,0.0002745459312218541
WorkflowHttpHandlerTest.testWorkflowForkFailure,1,indent +4,5,'Ġ',spaces ×1,0.0006887709841928366,0.0001316529392929175
WorkflowHttpHandlerTest.testWorkflowForkFailure,1,indent +4,5,'Ġ',spaces ×1,0.0010091896043305396,0.0001928983374200533
WorkflowHttpHandlerTest.testWorkflowForkFailure,1,indent +4,5,'Ċ',newline ×1,0.0022687227173245478,0.0004336477886425721
WorkflowHttpHandlerTest.testWorkflowForkFailure,1,indent +4,5,'Ġ',spaces ×1,0.001345848244747539,0.00025724788257575694
WorkflowHttpHandlerTest.testWorkflowForkFailure,1,indent +4,5,'Ġ',spaces ×1,0.0018638152215147011,0.0003562530330728798
WorkflowHttpHandlerTest.testWorkflowForkFailure,1,indent +4,5,'Ġ',spaces ×1,0.001489609246032008,0.0002847266219668668
WorkflowHttpHandlerTest.testWorkflowForkFailure,1,indent +4,5,'Ġ',spaces ×1,0.0014556411871803837,0.00027823390538541585
WorkflowHttpHandlerTest.testWorkflowForkFailure,1,indent +4,5,'Ġ',spaces ×1,0.0010973374539295388,0.0002097470777973181
WorkflowHttpHandlerTest.testWorkflowForkFailure,1,indent +4,5,'Ġ',spaces ×1,0.0013341894674317744,0.0002550194026638443
WorkflowHttpHandlerTest.testWorkflowForkFailure,1,indent +4,5,'Ġ',spaces ×1,0.0008025072597347827,0.00015339269796883488
WorkflowHttpHandlerTest.testWorkflowForkFailure,1,indent +4,5,'Ċ',newline ×1,0.0022543697098673446,0.0004309043286786649
WorkflowHttpHandlerTest.testWorkflowForkFailure,1,indent +4,5,'Ġ',spaces ×1,0.002057327043486186,0.0003932412348629556
WorkflowHttpHandlerTest.testWorkflowForkFailure,1,indent +4,5,'Ġ',spaces ×1,0.002751378606268121,0.0005259035135565982
WorkflowHttpHandlerTest.testWorkflowForkFailure,1,indent +4,5,'Ġ',spaces ×1,0.0024450798902172343,0.00046735701959096964
WorkflowHttpHandlerTest.testWorkflowForkFailure,1,indent +4,5,'Ġ',spaces ×1,0.002430778797273521,0.0004646234826616411
WorkflowHttpHandlerTest.testWorkflowForkFailure,1,indent +4,5,'Ġ',spaces ×1,0.0023292105504707132,0.00044520954314139797
WorkflowHttpHandlerTest.testWorkflowForkFailure,1,indent +4,5,'Ġ',spaces ×1,0.0022413831028259817,0.0004284220449767156
WorkflowHttpHandlerTest.testWorkflowForkFailure,1,indent +4,5,'Ġ',spaces ×1,0.002147592792195781,0.00041049479433021523
WorkflowHttpHandlerTest.testWorkflowForkFailure,1,indent +4,5,'Ċ',newline ×1,0.00362976388343074,0.0006937996738537722
WorkflowHttpHandlerTest.testWorkflowForkFailure,1,indent +4,5,'Ġ',spaces ×1,0.0024420650789575217,0.0004667807630806585
WorkflowHttpHandlerTest.testWorkflowForkFailure,1,indent +4,5,'Ġ',spaces ×1,0.0029812839224775964,0.0005698480340615023
WorkflowHttpHandlerTest.testWorkflowForkFailure,1,indent +4,5,'Ġ',spaces ×1,0.0024485131373374563,0.0004680132566930971
WorkflowHttpHandlerTest.testWorkflowForkFailure,1,indent +4,5,'Ġ',spaces ×1,0.002469012432144164,0.00047193152920554585
WorkflowHttpHandlerTest.testWorkflowForkFailure,1,indent +4,5,'Ġ',spaces ×1,0.0026629150438394885,0.0005089944272545666
WorkflowHttpHandlerTest.testWorkflowForkFailure,1,indent +4,5,'Ġ',spaces ×1,0.002531519024951393,0.00048387915309957636
WorkflowHttpHandlerTest.testWorkflowForkFailure,1,indent +4,5,'Ġ',spaces ×1,0.0013877913493046154,0.0002652649639057441
WorkflowHttpHandlerTest.testWorkflowForkFailure,1,indent +4,5,'Ċ',newline ×1,0.002584410011153744,0.0004939888324493835
WorkflowHttpHandlerTest.testWorkflowForkFailure,1,indent +4,5,'Ġ',spaces ×1,0.0014500320191255666,0.0002771617587962705
WorkflowHttpHandlerTest.testWorkflowForkFailure,1,indent +4,5,'Ġ',spaces ×1,0.0015984326200350041,0.00030552731970249586
WorkflowHttpHandlerTest.testWorkflowForkFailure,1,indent +4,5,'Ġ',spaces ×1,0.0012859677190085817,0.00024580220991987775
WorkflowHttpHandlerTest.testWorkflowForkFailure,1,indent +4,5,'Ġ',spaces ×1,0.0009689507391494494,0.00018520700750564043
WorkflowHttpHandlerTest.testWorkflowForkFailure,1,indent +4,5,'Ġ',spaces ×1,5.837768778136371e-05,1.115841747391179e-05
WorkflowHttpHandlerTest.testWorkflowForkFailure,1,indent +4,5,'Ġ',spaces ×1,0.0013610734110130536,0.00026015804856137457
WorkflowHttpHandlerTest.testWorkflowForkFailure,1,indent +4,5,'Ġ',spaces ×1,0.001438397320356608,0.0002749378813016108
WorkflowHttpHandlerTest.testWorkflowForkFailure,1,indent +4,5,'Ċ',newline ×1,0.004192287657831487,0.0008013214917317307
WorkflowHttpHandlerTest.testWorkflowForkFailure,1,indent +4,5,'Ġ',spaces ×1,0.0034884243936473746,0.0006667837865774702
WorkflowHttpHandlerTest.testWorkflowForkFailure,1,indent +4,5,'Ġ',spaces ×1,0.0035130111602477065,0.00067148334588663
WorkflowHttpHandlerTest.testWorkflowForkFailure,1,indent +4,5,'Ġ',spaces ×1,0.002790351916533498,0.0005333529430014588
WorkflowHttpHandlerTest.testWorkflowForkFailure,1,indent +4,5,'Ġ',spaces ×1,0.0027474447643872453,0.0005251515918609743
WorkflowHttpHandlerTest.testWorkflowForkFailure,1,indent +4,5,'Ġ',spaces ×1,0.0013773935064212537,0.00026327750129579586
WorkflowHttpHandlerTest.testWorkflowForkFailure,1,indent +4,5,'Ġ',spaces ×1,0.0014653769970411653,0.00028009482579870957
WorkflowHttpHandlerTest.testWorkflowForkFailure,1,indent +4,5,'Ġ',spaces ×1,0.0013460441490106695,0.00025728532807310373
WorkflowHttpHandlerTest.testWorkflowForkFailure,1,strip indent,0,'Ċ',newline ×1,0.008027457111384122,0.0014965111329199373
WorkflowHttpHandlerTest.testWorkflowForkFailure,1,strip indent,0,'Ċ',newline ×1,0.008792168780506834,0.00163907178574398
WorkflowHttpHandlerTest.testWorkflowForkFailure,1,strip indent,0,'Ċ',newline ×1,0.0024311410765611575,0.000453223185909419
WorkflowHttpHandlerTest.testWorkflowForkFailure,1,strip indent,0,'Ċ',newline ×1,0.015623233128386628,0.002912546524313083
WorkflowHttpHandlerTest.testWorkflowForkFailure,1,strip indent,0,'Ċ',newline ×1,0.011567355105468616,0.0021564332831156404
WorkflowHttpHandlerTest.testWorkflowForkFailure,1,strip indent,0,'Ċ',newline ×1,0.01857392854921456,0.0034626271396131256
WorkflowHttpHandlerTest.testWorkflowForkFailure,1,strip indent,0,'Ċ',newline ×1,0.0008672138123552896,0.00016166951835484323
WorkflowHttpHandlerTest.testWorkflowForkFailure,1,strip indent,0,'Ċ',newline ×1,0.0038262296194809765,0.0007133012538355375
WorkflowHttpHandlerTest.testWorkflowForkFailure,1,strip indent,0,'Ċ',newline ×1,0.012454202239988176,0.0023217629250672036
WorkflowHttpHandlerTest.testWorkflowForkFailure,1,strip indent,0,'Ċ',newline ×1,0.01209663113128403,0.0022551030678345297
WorkflowHttpHandlerTest.testWorkflowForkFailure,1,strip indent,0,'Ċ',newline ×1,0.0065371450063890085,0.0012186811021013754
WorkflowHttpHandlerTest.testWorkflowForkFailure,1,strip indent,0,'Ċ',newline ×1,0.008848978158356948,0.0016496624205150317
WorkflowHttpHandlerTest.testWorkflowForkFailure,1,strip indent,0,'Ċ',newline ×1,0.00752508528286181,0.0014028569378470273
WorkflowHttpHandlerTest.testWorkflowForkFailure,1,strip indent,0,'Ċ',newline ×1,0.0036414189796443426,0.0006788481043312741
WorkflowHttpHandlerTest.testWorkflowForkFailure,1,strip indent,0,'Ċ',newline ×1,0.006259069855806234,0.0011668412040039618
WorkflowHttpHandlerTest.testWorkflowForkFailure,1,strip indent,0,'Ċ',newline ×1,0.008478589354856202,0.0015806130365997074
WorkflowHttpHandlerTest.testWorkflowForkFailure,1,strip indent,0,'Ċ',newline ×1,0.004819426236495929,0.0008984569979171172
WorkflowHttpHandlerTest.testWorkflowForkFailure,1,strip indent,0,'Ċ',newline ×1,0.0040668985941776144,0.0007581677408169727
extraSweepersGiveUpAfterFailingToAcquireEnoughTimes,1,original,1,'Ċ',newline ×1,0.004733134390527899,0.0013824877688959631
extraSweepersGiveUpAfterFailingToAcquireEnoughTimes,1,original,1,'Ċ',newline ×1,0.001329667849298795,0.0003883789021559474
extraSweepersGiveUpAfterFailingToAcquireEnoughTimes,1,original,1,'Ġ',spaces ×1,0.005624294354742679,0.0016427841494767155
extraSweepersGiveUpAfterFailingToAcquireEnoughTimes,1,original,1,'Ġ',spaces ×1,0.0038753305534594508,0.001131934284669438
extraSweepersGiveUpAfterFailingToAcquireEnoughTimes,1,original,1,'Ġ',spaces ×1,0.002869346596460221,0.0008380992904549842
extraSweepersGiveUpAfterFailingToAcquireEnoughTimes,1,original,1,'Ċ',newline ×1,0.004648542834649374,0.0013577796618141154
extraSweepersGiveUpAfterFailingToAcquireEnoughTimes,1,original,1,'Ġ',spaces ×1,0.0057734734346445125,0.001686357442842771
extraSweepersGiveUpAfterFailingToAcquireEnoughTimes,1,original,1,'Ġ',spaces ×1,0.0038995826040492806,0.0011390179971831125
extraSweepersGiveUpAfterFailingToAcquireEnoughTimes,1,original,1,'Ġ',spaces ×1,0.004849854847944067,0.001416580315492722
extraSweepersGiveUpAfterFailingToAcquireEnoughTimes,1,original,1,'Ċ',newline ×1,0.0017558230297978566,0.0005128533573648759
extraSweepersGiveUpAfterFailingToAcquireEnoughTimes,1,original,1,'Ġ',spaces ×1,0.004447631266808475,0.0012990959731097311
extraSweepersGiveUpAfterFailingToAcquireEnoughTimes,1,original,1,'Ġ',spaces ×1,0.0031691013448896864,0.0009256538027886183
extraSweepersGiveUpAfterFailingToAcquireEnoughTimes,1,original,1,'Ġ',spaces ×1,0.005261338075016765,0.001536769281534398
extraSweepersGiveUpAfterFailingToAcquireEnoughTimes,1,original,1,'Ċ',newline ×1,0.011258834302745904,0.0032885609051629934
extraSweepersGiveUpAfterFailingToAcquireEnoughTimes,1,original,1,'Ġ',spaces ×1,0.0021073899163046475,0.0006155415298192957
extraSweepersGiveUpAfterFailingToAcquireEnoughTimes,1,original,1,'Ġ',spaces ×1,0.0024895560038855555,0.0007271673359288284
extraSweepersGiveUpAfterFailingToAcquireEnoughTimes,1,original,1,'Ġ',spaces ×1,0.0005075762980217969,0.00014825651796427484
extraSweepersGiveUpAfterFailingToAcquireEnoughTimes,1,original,1,'Ċ',newline ×1,0.010688568725081962,0.0031219936537195247
extraSweepersGiveUpAfterFailingToAcquireEnoughTimes,1,original,1,'Ġ',spaces ×1,0.002184395214033684,0.00063803378832428
extraSweepersGiveUpAfterFailingToAcquireEnoughTimes,1,original,1,'Ġ',spaces ×1,0.0015229786037870116,0.00044484249089554435
extraSweepersGiveUpAfterFailingToAcquireEnoughTimes,1,original,1,'Ġ',spaces ×1,0.00044175485095088683,0.00012903091860485817
extraSweepersGiveUpAfterFailingToAcquireEnoughTimes,1,original,1,'Ċ',newline ×1,0.0017228139943878383,0.0005032118420492049
extraSweepersGiveUpAfterFailingToAcquireEnoughTimes,1,original,1,'Ġ',spaces ×1,0.008829509826223728,0.0025789864248370897
extraSweepersGiveUpAfterFailingToAcquireEnoughTimes,1,original,1,'Ġ',spaces ×1,0.005726697344500504,0.0016726947476464796
extraSweepersGiveUpAfterFailingToAcquireEnoughTimes,1,original,1,'Ġ',spaces ×1,0.0001950028288724634,5.695782193630577e-05
extraSweepersGiveUpAfterFailingToAcquireEnoughTimes,1,original,1,'Ċ',newline ×1,0.0171149437474063,0.004999055265255769
extraSweepersGiveUpAfterFailingToAcquireEnoughTimes,1,original,1,'Ġ',spaces ×1,0.014462982870646207,0.004224451551689434
extraSweepersGiveUpAfterFailingToAcquireEnoughTimes,1,original,1,'Ġ',spaces ×1,0.004724879424749025,0.0013800765994086174
extraSweepersGiveUpAfterFailingToAcquireEnoughTimes,1,original,1,'Ġ',spaces ×1,0.004325269226213092,0.0012633555925199037
extraSweepersGiveUpAfterFailingToAcquireEnoughTimes,1,original,1,'Ċ',newline ×1,0.007325399474260736,0.00213965510797864
extraSweepersGiveUpAfterFailingToAcquireEnoughTimes,1,original,1,'Ġ',spaces ×1,0.006572365825273151,0.0019197036501506445
extraSweepersGiveUpAfterFailingToAcquireEnoughTimes,1,original,1,'Ġ',spaces ×1,0.000492711315340814,0.00014391464743077892
extraSweepersGiveUpAfterFailingToAcquireEnoughTimes,1,original,1,'Ġ',spaces ×1,0.0021277708587554016,0.0006214945413613147
extraSweepersGiveUpAfterFailingToAcquireEnoughTimes,1,original,1,'Ċ',newline ×1,0.004186074858459021,0.0012226987053408037
extraSweepersGiveUpAfterFailingToAcquireEnoughTimes,1,original,1,'Ġ',spaces ×1,0.006814782756736417,0.0019905105225251
extraSweepersGiveUpAfterFailingToAcquireEnoughTimes,1,original,1,'Ġ',spaces ×1,0.002496716144761633,0.0007292587211226567
extraSweepersGiveUpAfterFailingToAcquireEnoughTimes,1,original,1,'Ġ',spaces ×1,0.004454215532534535,0.0013010191525680737
extraSweepersGiveUpAfterFailingToAcquireEnoughTimes,1,original,1,'Ċ',newline ×1,0.0009783715667776305,0.00028576976965042326
extraSweepersGiveUpAfterFailingToAcquireEnoughTimes,1,original,1,'Ġ',spaces ×1,0.005223089003406655,0.001525597218941283
extraSweepersGiveUpAfterFailingToAcquireEnoughTimes,1,original,1,'Ġ',spaces ×1,0.0027417368158598283,0.0008008261124052345
extraSweepersGiveUpAfterFailingToAcquireEnoughTimes,1,original,1,'Ġ',spaces ×1,0.00221772025727119,0.000647767605467943
extraSweepersGiveUpAfterFailingToAcquireEnoughTimes,1,original,1,'Ċ',newline ×1,0.0034443936351519766,0.0010060631452574523
extraSweepersGiveUpAfterFailingToAcquireEnoughTimes,1,original,1,'Ġ',spaces ×1,0.002815933265792298,0.0008224979425422403
extraSweepersGiveUpAfterFailingToAcquireEnoughTimes,1,original,1,'Ġ',spaces ×1,0.002278304190389449,0.0006654633942660004
extraSweepersGiveUpAfterFailingToAcquireEnoughTimes,1,original,1,'Ġ',spaces ×1,0.0016468559168572362,0.00048102546311497047
extraSweepersGiveUpAfterFailingToAcquireEnoughTimes,1,original,1,'Ċ',newline ×1,0.005396561715871285,0.0015762663703812886
extraSweepersGiveUpAfterFailingToAcquireEnoughTimes,1,original,1,'Ġ',spaces ×1,0.0030691937930212645,0.0008964720899780029
extraSweepersGiveUpAfterFailingToAcquireEnoughTimes,1,original,1,'Ġ',spaces ×1,0.0021143617639787504,0.0006175779169870342
extraSweepersGiveUpAfterFailingToAcquireEnoughTimes,1,original,1,'Ġ',spaces ×1,0.0013859441547605,0.00040481648823741573
extraSweepersGiveUpAfterFailingToAcquireEnoughTimes,1,original,1,'Ċ',newline ×1,0.004301171511967362,0.0012563169596702336
extraSweepersGiveUpAfterFailingToAcquireEnoughTimes,1,original,1,'Ġ',spaces ×1,0.0009679998517446634,0.00028274032489089
extraSweepersGiveUpAfterFailingToAcquireEnoughTimes,1,original,1,'Ġ',spaces ×1,0.0006003700624887554,0.00017536038483568958
extraSweepersGiveUpAfterFailingToAcquireEnoughTimes,1,original,1,'Ġ',spaces ×1,2.5527201125437934e-05,7.456167608655013e-06
extraSweepersGiveUpAfterFailingToAcquireEnoughTimes,1,original,1,'Ċ',newline ×1,0.004995168640902466,0.0014590246081836085
extraSweepersGiveUpAfterFailingToAcquireEnoughTimes,1,original,1,'Ġ',spaces ×1,0.002159049123834015,0.0006306305208910754
extraSweepersGiveUpAfterFailingToAcquireEnoughTimes,1,original,1,'Ġ',spaces ×1,0.0012581889740157076,0.00036750084067282805
extraSweepersGiveUpAfterFailingToAcquireEnoughTimes,1,original,1,'Ġ',spaces ×1,0.003790279621295841,0.001107091999674383
extraSweepersGiveUpAfterFailingToAcquireEnoughTimes,1,original,1,'Ċ',newline ×1,0.00155592457788623,0.0004544655868122129
extraSweepersGiveUpAfterFailingToAcquireEnoughTimes,1,original,1,'Ġ',spaces ×1,0.0025880394114308185,0.0007559330744726134
extraSweepersGiveUpAfterFailingToAcquireEnoughTimes,1,original,1,'Ġ',spaces ×1,0.0021649137576813617,0.0006323435051197159
extraSweepersGiveUpAfterFailingToAcquireEnoughTimes,1,original,1,'Ġ',spaces ×1,0.00026699895787980413,7.798696658930666e-05
extraSweepersGiveUpAfterFailingToAcquireEnoughTimes,1,original,1,'Ċ',newline ×1,0.0009022546003482774,0.00026353698130943793
extraSweepersGiveUpAfterFailingToAcquireEnoughTimes,1,original,1,'Ġ',spaces ×1,0.001938347389853062,0.0005661663788178206
extraSweepersGiveUpAfterFailingToAcquireEnoughTimes,1,original,1,'Ġ',spaces ×1,0.0011006184374877078,0.0003214765105958538
extraSweepersGiveUpAfterFailingToAcquireEnoughTimes,1,original,1,'Ġ',spaces ×1,0.0006537343615764335,0.00019094741125354555
extraSweepersGiveUpAfterFailingToAcquireEnoughTimes,1,original,1,'Ċ',newline ×1,0.0022996878066718516,0.0006717092739571302
extraSweepersGiveUpAfterFailingToAcquireEnoughTimes,1,original,1,'Ġ',spaces ×1,0.002388236045536311,0.0006975730773243825
extraSweepersGiveUpAfterFailingToAcquireEnoughTimes,1,original,1,'Ġ',spaces ×1,0.0014895036700224179,0.00043506489265392927
extraSweepersGiveUpAfterFailingToAcquireEnoughTimes,1,original,1,'Ġ',spaces ×1,0.0010104471747468498,0.000295138642798435
extraSweepersGiveUpAfterFailingToAcquireEnoughTimes,1,original,1,'Ċ',newline ×1,0.00024731509894089873,7.22375641886123e-05
extraSweepersGiveUpAfterFailingToAcquireEnoughTimes,1,original,1,'Ġ',spaces ×1,0.0017351016599880713,0.0005068009113633156
extraSweepersGiveUpAfterFailingToAcquireEnoughTimes,1,original,1,'Ġ',spaces ×1,0.00024121841400787444,7.045680081802515e-05
extraSweepersGiveUpAfterFailingToAcquireEnoughTimes,1,original,1,'Ġ',spaces ×1,0.001239990373442051,0.00036218526316578474
extraSweepersGiveUpAfterFailingToAcquireEnoughTimes,1,original,1,'Ċ',newline ×1,0.00022464521817560095,6.561598316123342e-05
extraSweepersGiveUpAfterFailingToAcquireEnoughTimes,1,indent +4,5,'Ċ',newline ×1,0.0064394066969339974,0.001438655333738858
extraSweepersGiveUpAfterFailingToAcquireEnoughTimes,1,indent +4,5,'Ġ',spaces ×1,0.09041436897221711,0.020199860063264224
extraSweepersGiveUpAfterFailingToAcquireEnoughTimes,1,indent +4,5,'Ġ',spaces ×1,0.029299916551054322,0.006546019409575087
extraSweepersGiveUpAfterFailingToAcquireEnoughTimes,1,indent +4,5,'Ġ',spaces ×1,0.05500784770202125,0.012289538030217506
extraSweepersGiveUpAfterFailingToAcquireEnoughTimes,1,indent +4,5,'Ċ',newline ×1,0.001447818709693318,0.00032346335726534287
extraSweepersGiveUpAfterFailingToAcquireEnoughTimes,1,indent +4,5,'Ġ',spaces ×1,0.013393918086078526,0.0029923924052464197
extraSweepersGiveUpAfterFailingToAcquireEnoughTimes,1,indent +4,5,'Ġ',spaces ×1,0.00976743781585655,0.0021821849701518666
extraSweepersGiveUpAfterFailingToAcquireEnoughTimes,1,indent +4,5,'Ġ',spaces ×1,0.008581868444210933,0.0019173118567876349
extraSweepersGiveUpAfterFailingToAcquireEnoughTimes,1,indent +4,5,'Ġ',spaces ×1,0.009454647796371292,0.002112303216901679
extraSweepersGiveUpAfterFailingToAcquireEnoughTimes,1,indent +4,5,'Ġ',spaces ×1,0.006731202814238949,0.0015038467497003527
extraSweepersGiveUpAfterFailingToAcquireEnoughTimes,1,indent +4,5,'Ġ',spaces ×1,0.00668627991442057,0.0014938103329196733
extraSweepersGiveUpAfterFailingToAcquireEnoughTimes,1,indent +4,5,'Ġ',spaces ×1,0.009344898328559658,0.0020877836198839313
extraSweepersGiveUpAfterFailingToAcquireEnoughTimes,1,indent +4,5,'Ċ',newline ×1,0.0013044761998814323,0.0002914385953582293
extraSweepersGiveUpAfterFailingToAcquireEnoughTimes,1,indent +4,5,'Ġ',spaces ×1,0.008970391780337785,0.00200411351354074
extraSweepersGiveUpAfterFailingToAcquireEnoughTimes,1,indent +4,5,'Ġ',spaces ×1,0.00737466994307128,0.0016476064872893807
extraSweepersGiveUpAfterFailingToAcquireEnoughTimes,1,indent +4,5,'Ġ',spaces ×1,0.004577571969021257,0.0010226948908105932
extraSweepersGiveUpAfterFailingToAcquireEnoughTimes,1,indent +4,5,'Ġ',spaces ×1,0.005515463111323893,0.0012322331538593555
extraSweepersGiveUpAfterFailingToAcquireEnoughTimes,1,indent +4,5,'Ġ',spaces ×1,0.006504527215486936,0.001453204186725055
extraSweepersGiveUpAfterFailingToAcquireEnoughTimes,1,indent +4,5,'Ġ',spaces ×1,0.006006437117073159,0.0013419237519752699
extraSweepersGiveUpAfterFailingToAcquireEnoughTimes,1,indent +4,5,'Ġ',spaces ×1,0.006095150464031543,0.0013617435794504118
extraSweepersGiveUpAfterFailingToAcquireEnoughTimes,1,indent +4,5,'Ċ',newline ×1,0.0034498956481769905,0.0007707559110151315
extraSweepersGiveUpAfterFailingToAcquireEnoughTimes,1,indent +4,5,'Ġ',spaces ×1,0.008667107758990818,0.0019363555359065072
extraSweepersGiveUpAfterFailingToAcquireEnoughTimes,1,indent +4,5,'Ġ',spaces ×1,0.006788120519319361,0.0015165629771188036
extraSweepersGiveUpAfterFailingToAcquireEnoughTimes,1,indent +4,5,'Ġ',spaces ×1,0.0053194303405978685,0.0011884366358778339
extraSweepersGiveUpAfterFailingToAcquireEnoughTimes,1,indent +4,5,'Ġ',spaces ×1,0.004214544683186664,0.000941589415471173
extraSweepersGiveUpAfterFailingToAcquireEnoughTimes,1,indent +4,5,'Ġ',spaces ×1,0.0038702624947989286,0.0008646718623569814
extraSweepersGiveUpAfterFailingToAcquireEnoughTimes,1,indent +4,5,'Ġ',spaces ×1,0.003980086677260686,0.0008892081516935976
extraSweepersGiveUpAfterFailingToAcquireEnoughTimes,1,indent +4,5,'Ġ',spaces ×1,0.007895904651829551,0.0017640577582181056
extraSweepersGiveUpAfterFailingToAcquireEnoughTimes,1,indent +4,5,'Ċ',newline ×1,0.0053551233503765375,0.0011964109635312999
extraSweepersGiveUpAfterFailingToAcquireEnoughTimes,1,indent +4,5,'Ġ',spaces ×1,0.002648649994683164,0.0005917461998281033
extraSweepersGiveUpAfterFailingToAcquireEnoughTimes,1,indent +4,5,'Ġ',spaces ×1,0.001825827627628572,0.0004079159429744175
extraSweepersGiveUpAfterFailingToAcquireEnoughTimes,1,indent +4,5,'Ġ',spaces ×1,0.0035949915182975738,0.0008031723986322045
extraSweepersGiveUpAfterFailingToAcquireEnoughTimes,1,indent +4,5,'Ġ',spaces ×1,0.0033541225570475224,0.0007493588359635323
extraSweepersGiveUpAfterFailingToAcquireEnoughTimes,1,indent +4,5,'Ġ',spaces ×1,0.002515065833635393,0.0005619015922672995
extraSweepersGiveUpAfterFailingToAcquireEnoughTimes,1,indent +4,5,'Ġ',spaces ×1,0.002290764176424655,0.0005117894017037905
extraSweepersGiveUpAfterFailingToAcquireEnoughTimes,1,indent +4,5,'Ġ',spaces ×1,0.003269755943938197,0.0007305101308495963
extraSweepersGiveUpAfterFailingToAcquireEnoughTimes,1,indent +4,5,'Ċ',newline ×1,0.0039990137964552724,0.0008934367401743606
extraSweepersGiveUpAfterFailingToAcquireEnoughTimes,1,indent +4,5,'Ġ',spaces ×1,0.004871625309409678,0.0010883906026150601
extraSweepersGiveUpAfterFailingToAcquireEnoughTimes,1,indent +4,5,'Ġ',spaces ×1,0.005292594986946409,0.001182441234984484
extraSweepersGiveUpAfterFailingToAcquireEnoughTimes,1,indent +4,5,'Ġ',spaces ×1,0.005555709911685228,0.001241224863302607
extraSweepersGiveUpAfterFailingToAcquireEnoughTimes,1,indent +4,5,'Ġ',spaces ×1,0.005271268985065842,0.0011776767018843444
extraSweepersGiveUpAfterFailingToAcquireEnoughTimes,1,indent +4,5,'Ġ',spaces ×1,0.004686184382808061,0.0010469604537356738
extraSweepersGiveUpAfterFailingToAcquireEnoughTimes,1,indent +4,5,'Ġ',spaces ×1,0.005330738745824084,0.001190963094954028
extraSweepersGiveUpAfterFailingToAcquireEnoughTimes,1,indent +4,5,'Ġ',spaces ×1,0.0052923908467855775,0.0011823956271598765
extraSweepersGiveUpAfterFailingToAcquireEnoughTimes,1,indent +4,5,'Ċ',newline ×1,0.0018191378296949032,0.0004064213466658026
extraSweepersGiveUpAfterFailingToAcquireEnoughTimes,1,indent +4,5,'Ġ',spaces ×1,0.0025877490380175117,0.0005781400571723589
extraSweepersGiveUpAfterFailingToAcquireEnoughTimes,1,indent +4,5,'Ġ',spaces ×1,0.0028955180762885203,0.0006469000515797759
extraSweepersGiveUpAfterFailingToAcquireEnoughTimes,1,indent +4,5,'Ġ',spaces ×1,0.003423622373773771,0.0007648860866456017
extraSweepersGiveUpAfterFailingToAcquireEnoughTimes,1,indent +4,5,'Ġ',spaces ×1,0.0026474953441047214,0.0005914882344142909
extraSweepersGiveUpAfterFailingToAcquireEnoughTimes,1,indent +4,5,'Ġ',spaces ×1,0.0026213647201333143,0.0005856502801865685
extraSweepersGiveUpAfterFailingToAcquireEnoughTimes,1,indent +4,5,'Ġ',spaces ×1,0.0023357291906470263,0.0005218352274432113
extraSweepersGiveUpAfterFailingToAcquireEnoughTimes,1,indent +4,5,'Ġ',spaces ×1,0.007116518381488244,0.0015899317451176708
extraSweepersGiveUpAfterFailingToAcquireEnoughTimes,1,indent +4,5,'Ċ',newline ×1,0.0002914183692923686,6.51070216657638e-05
extraSweepersGiveUpAfterFailingToAcquireEnoughTimes,1,indent +4,5,'Ġ',spaces ×1,0.0007877257454581149,0.00017598917082940548
extraSweepersGiveUpAfterFailingToAcquireEnoughTimes,1,indent +4,5,'Ġ',spaces ×1,0.000686323687571074,0.00015333450428990162
extraSweepersGiveUpAfterFailingToAcquireEnoughTimes,1,indent +4,5,'Ġ',spaces ×1,0.000840195304320357,0.00018771161891643662
extraSweepersGiveUpAfterFailingToAcquireEnoughTimes,1,indent +4,5,'Ġ',spaces ×1,0.0007524368926855758,0.00016810513761763288
extraSweepersGiveUpAfterFailingToAcquireEnoughTimes,1,indent +4,5,'Ġ',spaces ×1,1.9160710910997713e-05,4.280776203102696e-06
extraSweepersGiveUpAfterFailingToAcquireEnoughTimes,1,indent +4,5,'Ġ',spaces ×1,0.0001709792941261857,3.819921384537817e-05
extraSweepersGiveUpAfterFailingToAcquireEnoughTimes,1,indent +4,5,'Ġ',spaces ×1,0.0005738462349120607,0.00012820543653428132
extraSweepersGiveUpAfterFailingToAcquireEnoughTimes,1,indent +4,5,'Ċ',newline ×1,0.0006881791068668702,0.00015374903143375947
extraSweepersGiveUpAfterFailingToAcquireEnoughTimes,1,indent +4,5,'Ġ',spaces ×1,0.0018232964673086396,0.0004073504456442748
extraSweepersGiveUpAfterFailingToAcquireEnoughTimes,1,indent +4,5,'Ġ',spaces ×1,0.001303138182302239,0.00029113966314016343
extraSweepersGiveUpAfterFailingToAcquireEnoughTimes,1,indent +4,5,'Ġ',spaces ×1,0.0004775281235279503,0.00010668659618143009
extraSweepersGiveUpAfterFailingToAcquireEnoughTimes,1,indent +4,5,'Ġ',spaces ×1,6.140651906291213e-05,1.3719092508671361e-05
extraSweepersGiveUpAfterFailingToAcquireEnoughTimes,1,indent +4,5,'Ġ',spaces ×1,3.0437450704218223e-05,6.800160769762596e-06
extraSweepersGiveUpAfterFailingToAcquireEnoughTimes,1,indent +4,5,'Ġ',spaces ×1,0.0007146067072439147,0.00015965333442776925
extraSweepersGiveUpAfterFailingToAcquireEnoughTimes,1,indent +4,5,'Ġ',spaces ×1,0.001018775455904347,0.00022760897276714564
extraSweepersGiveUpAfterFailingToAcquireEnoughTimes,1,indent +4,5,'Ċ',newline ×1,0.000336080829968414,7.50852526260925e-05
extraSweepersGiveUpAfterFailingToAcquireEnoughTimes,1,indent +4,5,'Ġ',spaces ×1,0.001645806655792041,0.00036769668932162516
extraSweepersGiveUpAfterFailingToAcquireEnoughTimes,1,indent +4,5,'Ġ',spaces ×1,0.0016837925731530109,0.0003761832852442499
extraSweepersGiveUpAfterFailingToAcquireEnoughTimes,1,indent +4,5,'Ġ',spaces ×1,0.0015068282336383612,0.00033664692686428564
extraSweepersGiveUpAfterFailingToAcquireEnoughTimes,1,indent +4,5,'Ġ',spaces ×1,0.004414995159587854,0.000986372911932481
extraSweepersGiveUpAfterFailingToAcquireEnoughTimes,1,indent +4,5,'Ġ',spaces ×1,0.0002437151472747887,5.444944123606421e-05
extraSweepersGiveUpAfterFailingToAcquireEnoughTimes,1,indent +4,5,'Ġ',spaces ×1,0.00048420322610675257,0.00010817790933809407
extraSweepersGiveUpAfterFailingToAcquireEnoughTimes,1,indent +4,5,'Ġ',spaces ×1,0.0010536927331585941,0.00023540999070648143
extraSweepersGiveUpAfterFailingToAcquireEnoughTimes,1,indent +4,5,'Ċ',newline ×1,0.00028847921075460237,6.445037171242653e-05
extraSweepersGiveUpAfterFailingToAcquireEnoughTimes,1,indent +4,5,'Ġ',spaces ×1,0.0007996525234567344,0.00017865378320591573
extraSweepersGiveUpAfterFailingToAcquireEnoughTimes,1,indent +4,5,'Ġ',spaces ×1,0.0004722931485457917,0.00010551702807763912
extraSweepersGiveUpAfterFailingToAcquireEnoughTimes,1,indent +4,5,'Ġ',spaces ×1,0.0007836087992685198,0.00017506938630994085
extraSweepersGiveUpAfterFailingToAcquireEnoughTimes,1,indent +4,5,'Ġ',spaces ×1,0.0006699616672959975,0.00014967899550666385
extraSweepersGiveUpAfterFailingToAcquireEnoughTimes,1,indent +4,5,'Ġ',spaces ×1,0.0005086902031082766,0.00011364864938114131
extraSweepersGiveUpAfterFailingToAcquireEnoughTimes,1,indent +4,5,'Ġ',spaces ×1,0.005023667356191794,0.001122358965206572
extraSweepersGiveUpAfterFailingToAcquireEnoughTimes,1,indent +4,5,'Ġ',spaces ×1,0.0029657054236279443,0.0006625809064105357
extraSweepersGiveUpAfterFailingToAcquireEnoughTimes,1,indent +4,5,'Ċ',newline ×1,0.0016820468359100712,0.000375793262635947
extraSweepersGiveUpAfterFailingToAcquireEnoughTimes,1,indent +4,5,'Ġ',spaces ×1,0.001655196921848073,0.00036979460873913446
extraSweepersGiveUpAfterFailingToAcquireEnoughTimes,1,indent +4,5,'Ġ',spaces ×1,0.004728920847069122,0.0010565083896167215
extraSweepersGiveUpAfterFailingToAcquireEnoughTimes,1,indent +4,5,'Ġ',spaces ×1,0.0001939418370678079,4.332937356877341e-05
extraSweepersGiveUpAfterFailingToAcquireEnoughTimes,1,indent +4,5,'Ġ',spaces ×1,0.0027596873855920264,0.0006165535372418965
extraSweepersGiveUpAfterFailingToAcquireEnoughTimes,1,indent +4,5,'Ġ',spaces ×1,0.0016922460738075498,0.00037807191790526943
extraSweepersGiveUpAfterFailingToAcquireEnoughTimes,1,indent +4,5,'Ġ',spaces ×1,0.0015658231661543113,0.000349827236529778
extraSweepersGiveUpAfterFailingToAcquireEnoughTimes,1,indent +4,5,'Ġ',spaces ×1,5.7768617587009886e-05,1.2906333413269737e-05
extraSweepersGiveUpAfterFailingToAcquireEnoughTimes,1,indent +4,5,'Ċ',newline ×1,0.0011472381839682732,0.00025630937912660227
extraSweepersGiveUpAfterFailingToAcquireEnoughTimes,1,indent +4,5,'Ġ',spaces ×1,0.0013710550893333926,0.0003063132692113466
extraSweepersGiveUpAfterFailingToAcquireEnoughTimes,1,indent +4,5,'Ġ',spaces ×1,0.002138382793677389,0.00047774522661600847
extraSweepersGiveUpAfterFailingToAcquireEnoughTimes,1,indent +4,5,'Ġ',spaces ×1,0.00024469404034077277,5.466813991388006e-05
extraSweepersGiveUpAfterFailingToAcquireEnoughTimes,1,indent +4,5,'Ġ',spaces ×1,0.00011818605199095895,2.6404450296839797e-05
extraSweepersGiveUpAfterFailingToAcquireEnoughTimes,1,indent +4,5,'Ġ',spaces ×1,0.0010739709446543964,0.00023994043248476063
extraSweepersGiveUpAfterFailingToAcquireEnoughTimes,1,indent +4,5,'Ġ',spaces ×1,0.0022674748622583977,0.0005065862366264303
extraSweepersGiveUpAfterFailingToAcquireEnoughTimes,1,indent +4,5,'Ġ',spaces ×1,0.001206116772756206,0.00026946369594325984
extraSweepersGiveUpAfterFailingToAcquireEnoughTimes,1,indent +4,5,'Ċ',newline ×1,0.0027483161165567436,0.0006140130334938139
extraSweepersGiveUpAfterFailingToAcquireEnoughTimes,1,indent +4,5,'Ġ',spaces ×1,0.0026926809322529123,0.0006015833395158949
extraSweepersGiveUpAfterFailingToAcquireEnoughTimes,1,indent +4,5,'Ġ',spaces ×1,0.0001802567827859365,4.0271937183447066e-05
extraSweepersGiveUpAfterFailingToAcquireEnoughTimes,1,indent +4,5,'Ġ',spaces ×1,0.0006620394932026743,0.00014790906878040292
extraSweepersGiveUpAfterFailingToAcquireEnoughTimes,1,indent +4,5,'Ġ',spaces ×1,0.0002965398837755797,6.625124107523216e-05
extraSweepersGiveUpAfterFailingToAcquireEnoughTimes,1,indent +4,5,'Ġ',spaces ×1,0.00016296806138691415,3.640939014692098e-05
extraSweepersGiveUpAfterFailingToAcquireEnoughTimes,1,indent +4,5,'Ġ',spaces ×1,0.0006103488078726029,0.00013636063215344914
extraSweepersGiveUpAfterFailingToAcquireEnoughTimes,1,indent +4,5,'Ġ',spaces ×1,0.0007541231824044717,0.00016848187880086544
extraSweepersGiveUpAfterFailingToAcquireEnoughTimes,1,indent +4,5,'Ċ',newline ×1,0.000760393330601415,0.0001698827193707211
extraSweepersGiveUpAfterFailingToAcquireEnoughTimes,1,indent +4,5,'Ġ',spaces ×1,0.002336969562835917,0.0005221123442878762
extraSweepersGiveUpAfterFailingToAcquireEnoughTimes,1,indent +4,5,'Ġ',spaces ×1,0.004488431733267266,0.001002779690287651
extraSweepersGiveUpAfterFailingToAcquireEnoughTimes,1,indent +4,5,'Ġ',spaces ×1,0.0005191366919714981,0.00011598254404399478
extraSweepersGiveUpAfterFailingToAcquireEnoughTimes,1,indent +4,5,'Ġ',spaces ×1,0.0010244237083373645,0.0002288708729501133
extraSweepersGiveUpAfterFailingToAcquireEnoughTimes,1,indent +4,5,'Ġ',spaces ×1,0.0006631263957861218,0.00014815189832550305
extraSweepersGiveUpAfterFailingToAcquireEnoughTimes,1,indent +4,5,'Ġ',spaces ×1,0.0023789673317955455,0.0005314952450988578
extraSweepersGiveUpAfterFailingToAcquireEnoughTimes,1,indent +4,5,'Ġ',spaces ×1,0.0019703347555335084,0.0004402008971803237
extraSweepersGiveUpAfterFailingToAcquireEnoughTimes,1,indent +4,5,'Ċ',newline ×1,0.0003251685709582883,7.264729826679849e-05
extraSweepersGiveUpAfterFailingToAcquireEnoughTimes,1,indent +4,5,'Ġ',spaces ×1,0.0016259103640569464,0.00036325157386713045
extraSweepersGiveUpAfterFailingToAcquireEnoughTimes,1,indent +4,5,'Ġ',spaces ×1,0.0012077607301847378,0.00026983097948882667
extraSweepersGiveUpAfterFailingToAcquireEnoughTimes,1,indent +4,5,'Ġ',spaces ×1,0.0010082166697045543,0.00022524998927704048
extraSweepersGiveUpAfterFailingToAcquireEnoughTimes,1,indent +4,5,'Ġ',spaces ×1,0.001079399194323904,0.00024115318091135426
extraSweepersGiveUpAfterFailingToAcquireEnoughTimes,1,indent +4,5,'Ġ',spaces ×1,0.0009539917766381657,0.00021313537448364303
extraSweepersGiveUpAfterFailingToAcquireEnoughTimes,1,indent +4,5,'Ġ',spaces ×1,0.0005473814230658357,0.00012229281996712228
extraSweepersGiveUpAfterFailingToAcquireEnoughTimes,1,indent +4,5,'Ġ',spaces ×1,0.0008096598715151052,0.00018088956754729166
extraSweepersGiveUpAfterFailingToAcquireEnoughTimes,1,indent +4,5,'Ċ',newline ×1,0.001983268084730946,0.000443090387456152
extraSweepersGiveUpAfterFailingToAcquireEnoughTimes,1,indent +4,5,'Ġ',spaces ×1,0.0014254335389169066,0.0003184621907216187
extraSweepersGiveUpAfterFailingToAcquireEnoughTimes,1,indent +4,5,'Ġ',spaces ×1,0.000982564770870896,0.00021951898907555554
extraSweepersGiveUpAfterFailingToAcquireEnoughTimes,1,indent +4,5,'Ġ',spaces ×1,0.0015016970681525263,0.0003355005512831303
extraSweepersGiveUpAfterFailingToAcquireEnoughTimes,1,indent +4,5,'Ġ',spaces ×1,0.0013467849384680695,0.0003008909712208083
extraSweepersGiveUpAfterFailingToAcquireEnoughTimes,1,indent +4,5,'Ġ',spaces ×1,0.0007731093903482116,0.00017272366855126926
extraSweepersGiveUpAfterFailingToAcquireEnoughTimes,1,indent +4,5,'Ġ',spaces ×1,6.707439798345137e-05,1.4985377528982666e-05
extraSweepersGiveUpAfterFailingToAcquireEnoughTimes,1,indent +4,5,'Ġ',spaces ×1,0.00047810306101485974,0.00010681504541923059
extraSweepersGiveUpAfterFailingToAcquireEnoughTimes,1,indent +4,5,'Ċ',newline ×1,0.001955925733934319,0.0004369817161667216
extraSweepersGiveUpAfterFailingToAcquireEnoughTimes,1,indent +4,5,'Ġ',spaces ×1,0.0007279337789433057,0.00016263079239646347
extraSweepersGiveUpAfterFailingToAcquireEnoughTimes,1,indent +4,5,'Ġ',spaces ×1,0.001054448799813362,0.0002355789067847378
extraSweepersGiveUpAfterFailingToAcquireEnoughTimes,1,indent +4,5,'Ġ',spaces ×1,0.006392428597840005,0.0014281597561163631
extraSweepersGiveUpAfterFailingToAcquireEnoughTimes,1,indent +4,5,'Ġ',spaces ×1,0.0055031287713664025,0.0012294774863261277
extraSweepersGiveUpAfterFailingToAcquireEnoughTimes,1,indent +4,5,'Ġ',spaces ×1,0.0056300360356892655,0.0012578303798924284
extraSweepersGiveUpAfterFailingToAcquireEnoughTimes,1,indent +4,5,'Ġ',spaces ×1,0.004929733738599609,0.0011013728547888645
extraSweepersGiveUpAfterFailingToAcquireEnoughTimes,1,indent +4,5,'Ġ',spaces ×1,0.0027747087680118736,0.0006199095284000158
extraSweepersGiveUpAfterFailingToAcquireEnoughTimes,1,indent +4,5,'Ċ',newline ×1,0.007921181784816283,0.001769705030382217
extraSweepersGiveUpAfterFailingToAcquireEnoughTimes,1,indent +4,5,'Ġ',spaces ×1,0.0008883795115304368,0.00019847665830085155
extraSweepersGiveUpAfterFailingToAcquireEnoughTimes,1,indent +4,5,'Ġ',spaces ×1,0.005535106295663203,0.0012366217215102882
extraSweepersGiveUpAfterFailingToAcquireEnoughTimes,1,indent +4,5,'Ġ',spaces ×1,0.0066322988082336345,0.001481750183593504
extraSweepersGiveUpAfterFailingToAcquireEnoughTimes,1,indent +4,5,'Ġ',spaces ×1,0.002322360914771175,0.0005188485638735934
extraSweepersGiveUpAfterFailingToAcquireEnoughTimes,1,indent +4,5,'Ġ',spaces ×1,0.0002434850060242406,5.4398024397029654e-05
extraSweepersGiveUpAfterFailingToAcquireEnoughTimes,1,indent +4,5,'Ġ',spaces ×1,0.0009480466652171864,0.00021180715176717194
extraSweepersGiveUpAfterFailingToAcquireEnoughTimes,1,indent +4,5,'Ġ',spaces ×1,0.0031652223640030778,0.0007071558376039032
extraSweepersGiveUpAfterFailingToAcquireEnoughTimes,1,indent +4,5,'Ċ',newline ×1,0.002375793866294078,0.000530786247626731
extraSweepersGiveUpAfterFailingToAcquireEnoughTimes,1,indent +4,5,'Ġ',spaces ×1,0.0003648632596525323,8.151565808607627e-05
extraSweepersGiveUpAfterFailingToAcquireEnoughTimes,1,indent +4,5,'Ġ',spaces ×1,0.0012782688811026905,0.00028558350641626467
extraSweepersGiveUpAfterFailingToAcquireEnoughTimes,1,indent +4,5,'Ġ',spaces ×1,0.002413347167741546,0.0005391761909817029
extraSweepersGiveUpAfterFailingToAcquireEnoughTimes,1,strip indent,0,'Ċ',newline ×1,0.010285864088682959,0.003307374198821034
extraSweepersGiveUpAfterFailingToAcquireEnoughTimes,1,strip indent,0,'Ċ',newline ×1,0.026140408763493665,0.008405333061530308
extraSweepersGiveUpAfterFailingToAcquireEnoughTimes,1,strip indent,0,'Ċ',newline ×1,0.013182572186791915,0.00423879790251769
extraSweepersGiveUpAfterFailingToAcquireEnoughTimes,1,strip indent,0,'Ċ',newline ×1,0.01707872161241085,0.005491587553823828
extraSweepersGiveUpAfterFailingToAcquireEnoughTimes,1,strip indent,0,'Ċ',newline ×1,0.008761147959687784,0.0028171084572083988
extraSweepersGiveUpAfterFailingToAcquireEnoughTimes,1,strip indent,0,'Ċ',newline ×1,0.04489903077968868,0.014437085175585673
extraSweepersGiveUpAfterFailingToAcquireEnoughTimes,1,strip indent,0,'Ċ',newline ×1,0.015711923231888164,0.0050520995672282435
extraSweepersGiveUpAfterFailingToAcquireEnoughTimes,1,strip indent,0,'Ċ',newline ×1,0.018311473904005088,0.005887973612165995
extraSweepersGiveUpAfterFailingToAcquireEnoughTimes,1,strip indent,0,'Ċ',newline ×1,0.02687497370177692,0.008641529175273407
extraSweepersGiveUpAfterFailingToAcquireEnoughTimes,1,strip indent,0,'Ċ',newline ×1,0.018087249264056596,0.005815875168854702
extraSweepersGiveUpAfterFailingToAcquireEnoughTimes,1,strip indent,0,'Ċ',newline ×1,0.0165675440082291,0.005327220651392557
extraSweepersGiveUpAfterFailingToAcquireEnoughTimes,1,strip indent,0,'Ċ',newline ×1,0.009811462627244104,0.0031548325027692475
extraSweepersGiveUpAfterFailingToAcquireEnoughTimes,1,strip indent,0,'Ċ',newline ×1,0.006970018320992886,0.0022411786274257
extraSweepersGiveUpAfterFailingToAcquireEnoughTimes,1,strip indent,0,'Ċ',newline ×1,0.0035592318256063493,0.0011444552840810887
extraSweepersGiveUpAfterFailingToAcquireEnoughTimes,1,strip indent,0,'Ċ',newline ×1,0.012619019617542845,0.004057590061237304
extraSweepersGiveUpAfterFailingToAcquireEnoughTimes,1,strip indent,0,'Ċ',newline ×1,0.009589955165250002,0.003083607756036333
extraSweepersGiveUpAfterFailingToAcquireEnoughTimes,1,strip indent,0,'Ċ',newline ×1,0.007750479041707368,0.0024921323274385556
extraSweepersGiveUpAfterFailingToAcquireEnoughTimes,1,strip indent,0,'Ċ',newline ×1,0.006931762401827432,0.002228877605468856
extraSweepersGiveUpAfterFailingToAcquireEnoughTimes,1,strip indent,0,'Ċ',newline ×1,0.013442716652554629,0.004322446207279594
extraSweepersGiveUpAfterFailingToAcquireEnoughTimes,1,strip indent,0,'Ċ',newline ×1,0.00840010246694791,0.0027010158725705837
TopicReaderTest.testMultiReaderIsAbleToSeekWithTimeOnMiddleOfTopic,2,original,2,'Ċ',newline ×1,0.0011286793567028739,0.00012351266922452567
TopicReaderTest.testMultiReaderIsAbleToSeekWithTimeOnMiddleOfTopic,2,original,2,'Ċ',newline ×1,0.0186159060850895,0.0020371598337009253
TopicReaderTest.testMultiReaderIsAbleToSeekWithTimeOnMiddleOfTopic,2,original,2,'Ġ',spaces ×1,0.009747033336264338,0.001066628974148382
TopicReaderTest.testMultiReaderIsAbleToSeekWithTimeOnMiddleOfTopic,2,original,2,'Ġ',spaces ×1,0.014130900761679754,0.0015463605861637225
TopicReaderTest.testMultiReaderIsAbleToSeekWithTimeOnMiddleOfTopic,2,original,2,'Ġ',spaces ×1,0.010769033654979776,0.0011784676345821174
TopicReaderTest.testMultiReaderIsAbleToSeekWithTimeOnMiddleOfTopic,2,original,2,'Ċ',newline ×1,0.03248721171529645,0.003555112628568135
TopicReaderTest.testMultiReaderIsAbleToSeekWithTimeOnMiddleOfTopic,2,original,2,'Ġ',spaces ×1,0.00476778592808039,0.0005217442516080015
TopicReaderTest.testMultiReaderIsAbleToSeekWithTimeOnMiddleOfTopic,2,original,2,'Ġ',spaces ×1,0.007989258573201253,0.0008742736771438815
TopicReaderTest.testMultiReaderIsAbleToSeekWithTimeOnMiddleOfTopic,2,original,2,'Ġ',spaces ×1,0.006373753736972455,0.000697487140486884
TopicReaderTest.testMultiReaderIsAbleToSeekWithTimeOnMiddleOfTopic,2,original,2,'Ċ',newline ×1,0.020360712821375603,0.002228096024745626
TopicReaderTest.testMultiReaderIsAbleToSeekWithTimeOnMiddleOfTopic,2,original,2,'Ġ',spaces ×1,0.00386934335949117,0.0004234266566840018
TopicReaderTest.testMultiReaderIsAbleToSeekWithTimeOnMiddleOfTopic,2,original,2,'Ġ',spaces ×1,0.0026753012330564246,0.00029276126502369515
TopicReaderTest.testMultiReaderIsAbleToSeekWithTimeOnMiddleOfTopic,2,original,2,'Ġ',spaces ×1,0.00504971403345165,0.0005525959657082216
TopicReaderTest.testMultiReaderIsAbleToSeekWithTimeOnMiddleOfTopic,2,original,2,'Ċ',newline ×1,0.023817991418063334,0.0026064299644901596
TopicReaderTest.testMultiReaderIsAbleToSeekWithTimeOnMiddleOfTopic,2,original,2,'Ġ',spaces ×1,0.009980739382555733,0.0010922036933278696
TopicReaderTest.testMultiReaderIsAbleToSeekWithTimeOnMiddleOfTopic,2,original,2,'Ġ',spaces ×1,0.00830562703812504,0.0009088942390679971
TopicReaderTest.testMultiReaderIsAbleToSeekWithTimeOnMiddleOfTopic,2,original,2,'Ġ',spaces ×1,0.011214393895110622,0.0012272039135778866
TopicReaderTest.testMultiReaderIsAbleToSeekWithTimeOnMiddleOfTopic,2,original,2,'Ċ',newline ×1,0.020692688767468492,0.002264424531133879
TopicReaderTest.testMultiReaderIsAbleToSeekWithTimeOnMiddleOfTopic,2,original,2,'Ġ',spaces ×1,0.008833665221868979,0.0009666780597247379
TopicReaderTest.testMultiReaderIsAbleToSeekWithTimeOnMiddleOfTopic,2,original,2,'Ġ',spaces ×1,0.008353769580855347,0.0009141625324239119
TopicReaderTest.testMultiReaderIsAbleToSeekWithTimeOnMiddleOfTopic,2,original,2,'Ġ',spaces ×1,0.0061310544732386925,0.0006709282832662185
TopicReaderTest.testMultiReaderIsAbleToSeekWithTimeOnMiddleOfTopic,2,original,2,'Ċ',newline ×1,0.027789745878947628,0.003041063584795999
TopicReaderTest.testMultiReaderIsAbleToSeekWithTimeOnMiddleOfTopic,2,original,2,'Ġ',spaces ×1,0.004266653937354837,0.00046690480633886317
TopicReaderTest.testMultiReaderIsAbleToSeekWithTimeOnMiddleOfTopic,2,original,2,'Ġ',spaces ×1,0.0031950655188339077,0.00034963966358986665
TopicReaderTest.testMultiReaderIsAbleToSeekWithTimeOnMiddleOfTopic,2,original,2,'Ġ',spaces ×1,0.0069880796430334775,0.0007647135250050043
TopicReaderTest.testMultiReaderIsAbleToSeekWithTimeOnMiddleOfTopic,2,original,2,'Ċ',newline ×1,0.025972826887363562,0.0028422360674124608
TopicReaderTest.testMultiReaderIsAbleToSeekWithTimeOnMiddleOfTopic,2,original,2,'Ġ',spaces ×1,0.013211083877485449,0.0014457039755063764
TopicReaderTest.testMultiReaderIsAbleToSeekWithTimeOnMiddleOfTopic,2,original,2,'Ġ',spaces ×1,0.010994202704167486,0.0012031081404323932
TopicReaderTest.testMultiReaderIsAbleToSeekWithTimeOnMiddleOfTopic,2,original,2,'Ġ',spaces ×1,0.015168090210456606,0.0016598614104227662
TopicReaderTest.testMultiReaderIsAbleToSeekWithTimeOnMiddleOfTopic,2,original,2,'Ċ',newline ×1,0.029105150664039195,0.0031850098306031183
TopicReaderTest.testMultiReaderIsAbleToSeekWithTimeOnMiddleOfTopic,2,original,2,'Ġ',spaces ×1,0.010678520842905524,0.0011685627143300393
TopicReaderTest.testMultiReaderIsAbleToSeekWithTimeOnMiddleOfTopic,2,original,2,'Ġ',spaces ×1,0.009975648134122297,0.0010916465522054024
TopicReaderTest.testMultiReaderIsAbleToSeekWithTimeOnMiddleOfTopic,2,original,2,'Ġ',spaces ×1,0.008884220043981126,0.0009722103315645302
TopicReaderTest.testMultiReaderIsAbleToSeekWithTimeOnMiddleOfTopic,2,original,2,'Ġ',spaces ×1,0.010361103721820725,0.0011338273967662676
TopicReaderTest.testMultiReaderIsAbleToSeekWithTimeOnMiddleOfTopic,2,original,2,'Ġ',spaces ×1,0.008739744385847438,0.0009564001955253722
TopicReaderTest.testMultiReaderIsAbleToSeekWithTimeOnMiddleOfTopic,2,original,2,'Ġ',spaces ×1,0.010485645497509109,0.001147456145315519
TopicReaderTest.testMultiReaderIsAbleToSeekWithTimeOnMiddleOfTopic,2,original,2,'Ġ',spaces ×1,0.008065861330672277,0.0008826564042567828
TopicReaderTest.testMultiReaderIsAbleToSeekWithTimeOnMiddleOfTopic,2,original,2,'Ċ',newline ×1,0.0204922264279567,0.002242487708700604
TopicReaderTest.testMultiReaderIsAbleToSeekWithTimeOnMiddleOfTopic,2,original,2,'Ġ',spaces ×1,0.0037132161402661057,0.00040634147702640417
TopicReaderTest.testMultiReaderIsAbleToSeekWithTimeOnMiddleOfTopic,2,original,2,'Ġ',spaces ×1,0.003604453663679178,0.0003944394751735805
TopicReaderTest.testMultiReaderIsAbleToSeekWithTimeOnMiddleOfTopic,2,original,2,'Ġ',spaces ×1,0.0038958750732962415,0.0004263300523842106
TopicReaderTest.testMultiReaderIsAbleToSeekWithTimeOnMiddleOfTopic,2,original,2,'Ċ',newline ×1,0.032671525732514015,0.0035752823216761392
TopicReaderTest.testMultiReaderIsAbleToSeekWithTimeOnMiddleOfTopic,2,original,2,'Ġ',spaces ×1,0.003071868004670239,0.00033615801911234943
TopicReaderTest.testMultiReaderIsAbleToSeekWithTimeOnMiddleOfTopic,2,original,2,'Ġ',spaces ×1,0.005122325477897441,0.0005605419188848146
TopicReaderTest.testMultiReaderIsAbleToSeekWithTimeOnMiddleOfTopic,2,original,2,'Ġ',spaces ×1,0.0011155657050746176,0.00012207762737117062
TopicReaderTest.testMultiReaderIsAbleToSeekWithTimeOnMiddleOfTopic,2,original,2,'Ċ',newline ×1,0.024559613881207178,0.0026875865564272594
TopicReaderTest.testMultiReaderIsAbleToSeekWithTimeOnMiddleOfTopic,2,original,2,'Ġ',spaces ×1,0.0009655500991626537,0.00010566124852851324
TopicReaderTest.testMultiReaderIsAbleToSeekWithTimeOnMiddleOfTopic,2,original,2,'Ġ',spaces ×1,0.003688546101853439,0.0004036418065875638
TopicReaderTest.testMultiReaderIsAbleToSeekWithTimeOnMiddleOfTopic,2,original,2,'Ġ',spaces ×1,0.009954970568783066,0.0010893837826482684
TopicReaderTest.testMultiReaderIsAbleToSeekWithTimeOnMiddleOfTopic,2,original,2,'Ċ',newline ×1,0.010975393767075691,0.001201049856995483
TopicReaderTest.testMultiReaderIsAbleToSeekWithTimeOnMiddleOfTopic,2,original,2,'Ġ',spaces ×1,0.009686447562518987,0.001059999003831408
TopicReaderTest.testMultiReaderIsAbleToSeekWithTimeOnMiddleOfTopic,2,original,2,'Ġ',spaces ×1,0.007139773681693357,0.0007813135766574616
TopicReaderTest.testMultiReaderIsAbleToSeekWithTimeOnMiddleOfTopic,2,original,2,'Ġ',spaces ×1,0.008817308850631107,0.0009648881633662908
TopicReaderTest.testMultiReaderIsAbleToSeekWithTimeOnMiddleOfTopic,2,original,2,'Ċ',newline ×1,0.01701139859704616,0.0018615767493979651
TopicReaderTest.testMultiReaderIsAbleToSeekWithTimeOnMiddleOfTopic,2,original,2,'Ġ',spaces ×1,0.005493036259617663,0.0006011092225115333
TopicReaderTest.testMultiReaderIsAbleToSeekWithTimeOnMiddleOfTopic,2,original,2,'Ġ',spaces ×1,0.004509215115733276,0.0004934485527216139
TopicReaderTest.testMultiReaderIsAbleToSeekWithTimeOnMiddleOfTopic,2,original,2,'Ġ',spaces ×1,0.0072187250914810056,0.0007899533194719295
TopicReaderTest.testMultiReaderIsAbleToSeekWithTimeOnMiddleOfTopic,2,original,2,'Ċ',newline ×1,0.012659887311103957,0.001385385906626258
TopicReaderTest.testMultiReaderIsAbleToSeekWithTimeOnMiddleOfTopic,2,original,2,'Ġ',spaces ×1,0.008100081584077868,0.0008864011656139952
TopicReaderTest.testMultiReaderIsAbleToSeekWithTimeOnMiddleOfTopic,2,original,2,'Ġ',spaces ×1,0.008238855217412522,0.000901587322576429
TopicReaderTest.testMultiReaderIsAbleToSeekWithTimeOnMiddleOfTopic,2,original,2,'Ġ',spaces ×1,0.006476143348344714,0.0007086917524312299
TopicReaderTest.testMultiReaderIsAbleToSeekWithTimeOnMiddleOfTopic,2,original,2,'Ċ',newline ×1,0.021112627673581706,0.0023103789245559297
TopicReaderTest.testMultiReaderIsAbleToSeekWithTimeOnMiddleOfTopic,2,original,2,'Ġ',spaces ×1,0.00963840046630244,0.0010547411552963473
TopicReaderTest.testMultiReaderIsAbleToSeekWithTimeOnMiddleOfTopic,2,original,2,'Ġ',spaces ×1,0.008579569888086372,0.0009388721175617959
TopicReaderTest.testMultiReaderIsAbleToSeekWithTimeOnMiddleOfTopic,2,original,2,'Ġ',spaces ×1,0.007443192495221396,0.0008145170434607023
TopicReaderTest.testMultiReaderIsAbleToSeekWithTimeOnMiddleOfTopic,2,original,2,'Ġ',spaces ×1,0.008330703950788516,0.0009116384342201297
TopicReaderTest.testMultiReaderIsAbleToSeekWithTimeOnMiddleOfTopic,2,original,2,'Ġ',spaces ×1,0.008010147850847305,0.0008765596146202017
TopicReaderTest.testMultiReaderIsAbleToSeekWithTimeOnMiddleOfTopic,2,original,2,'Ġ',spaces ×1,0.007974967016555746,0.000872709735801128
TopicReaderTest.testMultiReaderIsAbleToSeekWithTimeOnMiddleOfTopic,2,original,2,'Ġ',spaces ×1,0.00552440016235123,0.000604541410157135
TopicReaderTest.testMultiReaderIsAbleToSeekWithTimeOnMiddleOfTopic,2,original,2,'Ċ',newline ×1,0.02015123597004745,0.002205172734003541
TopicReaderTest.testMultiReaderIsAbleToSeekWithTimeOnMiddleOfTopic,2,original,2,'Ġ',spaces ×1,0.008873300702475032,0.0009710154155703797
TopicReaderTest.testMultiReaderIsAbleToSeekWithTimeOnMiddleOfTopic,2,original,2,'Ġ',spaces ×1,0.008849490170634163,0.0009684098019159293
TopicReaderTest.testMultiReaderIsAbleToSeekWithTimeOnMiddleOfTopic,2,original,2,'Ġ',spaces ×1,0.00924722394145043,0.001011934262058231
TopicReaderTest.testMultiReaderIsAbleToSeekWithTimeOnMiddleOfTopic,2,original,2,'Ġ',spaces ×1,0.008295423654844652,0.0009077776711990115
TopicReaderTest.testMultiReaderIsAbleToSeekWithTimeOnMiddleOfTopic,2,original,2,'Ġ',spaces ×1,0.00836957150776036,0.0009158917553066893
TopicReaderTest.testMultiReaderIsAbleToSeekWithTimeOnMiddleOfTopic,2,original,2,'Ġ',spaces ×1,0.009090431060059157,0.0009947762382306199
TopicReaderTest.testMultiReaderIsAbleToSeekWithTimeOnMiddleOfTopic,2,original,2,'Ġ',spaces ×1,0.00976032646340133,0.0010680836562113436
TopicReaderTest.testMultiReaderIsAbleToSeekWithTimeOnMiddleOfTopic,2,original,2,'Ċ',newline ×1,0.014233382514830849,0.001557575281288011
TopicReaderTest.testMultiReaderIsAbleToSeekWithTimeOnMiddleOfTopic,2,original,2,'Ġ',spaces ×1,0.005891093783766117,0.0006446691113502059
TopicReaderTest.testMultiReaderIsAbleToSeekWithTimeOnMiddleOfTopic,2,original,2,'Ġ',spaces ×1,0.00532553609001106,0.0005827794879232197
TopicReaderTest.testMultiReaderIsAbleToSeekWithTimeOnMiddleOfTopic,2,original,2,'Ġ',spaces ×1,0.005382259314740389,0.0005889867750962643
TopicReaderTest.testMultiReaderIsAbleToSeekWithTimeOnMiddleOfTopic,2,original,2,'Ġ',spaces ×1,0.005386654179868321,0.0005894677101994086
TopicReaderTest.testMultiReaderIsAbleToSeekWithTimeOnMiddleOfTopic,2,original,2,'Ġ',spaces ×1,0.005180970887736202,0.0005669595529665713
TopicReaderTest.testMultiReaderIsAbleToSeekWithTimeOnMiddleOfTopic,2,original,2,'Ġ',spaces ×1,0.0057245266548987825,0.0006264414804740917
TopicReaderTest.testMultiReaderIsAbleToSeekWithTimeOnMiddleOfTopic,2,original,2,'Ġ',spaces ×1,0.004732828852562236,0.0005179188589666906
TopicReaderTest.testMultiReaderIsAbleToSeekWithTimeOnMiddleOfTopic,2,original,2,'Ċ',newline ×1,0.016227602481303907,0.0017758050465594007
TopicReaderTest.testMultiReaderIsAbleToSeekWithTimeOnMiddleOfTopic,2,original,2,'Ġ',spaces ×1,0.006363073875983792,0.0006963184311188753
TopicReaderTest.testMultiReaderIsAbleToSeekWithTimeOnMiddleOfTopic,2,original,2,'Ġ',spaces ×1,0.006332017749291311,0.0006929199237564578
TopicReaderTest.testMultiReaderIsAbleToSeekWithTimeOnMiddleOfTopic,2,original,2,'Ġ',spaces ×1,0.005396947955450178,0.0005905941698010332
TopicReaderTest.testMultiReaderIsAbleToSeekWithTimeOnMiddleOfTopic,2,original,2,'Ċ',newline ×1,0.013093199166448494,0.0014328037171340872
TopicReaderTest.testMultiReaderIsAbleToSeekWithTimeOnMiddleOfTopic,2,original,2,'Ġ',spaces ×1,0.006988383886173748,0.0007647468186788232
TopicReaderTest.testMultiReaderIsAbleToSeekWithTimeOnMiddleOfTopic,2,original,2,'Ġ',spaces ×1,0.006443398565007214,0.0007051084534462922
TopicReaderTest.testMultiReaderIsAbleToSeekWithTimeOnMiddleOfTopic,2,original,2,'Ġ',spaces ×1,0.0058619122014912,0.0006414757375212568
TopicReaderTest.testMultiReaderIsAbleToSeekWithTimeOnMiddleOfTopic,2,original,2,'Ċ',newline ×1,0.01581208603496586,0.0017303346079542124
TopicReaderTest.testMultiReaderIsAbleToSeekWithTimeOnMiddleOfTopic,2,original,2,'Ġ',spaces ×1,0.004931029022565845,0.000539608129610758
TopicReaderTest.testMultiReaderIsAbleToSeekWithTimeOnMiddleOfTopic,2,original,2,'Ġ',spaces ×1,0.006596644568982011,0.0007218783384331249
TopicReaderTest.testMultiReaderIsAbleToSeekWithTimeOnMiddleOfTopic,2,original,2,'Ġ',spaces ×1,0.0047050840512607404,0.000514882713718263
TopicReaderTest.testMultiReaderIsAbleToSeekWithTimeOnMiddleOfTopic,2,original,2,'Ċ',newline ×1,0.014390377652475899,0.0015747554382481391
TopicReaderTest.testMultiReaderIsAbleToSeekWithTimeOnMiddleOfTopic,2,indent +4,5,'Ċ',newline ×1,0.06707188801256869,0.002159556356414077
TopicReaderTest.testMultiReaderIsAbleToSeekWithTimeOnMiddleOfTopic,2,indent +4,5,'Ġ',spaces ×1,0.22933006186330107,0.007383886267237916
TopicReaderTest.testMultiReaderIsAbleToSeekWithTimeOnMiddleOfTopic,2,indent +4,5,'Ġ',spaces ×1,0.06493278746702309,0.002090682371842834
TopicReaderTest.testMultiReaderIsAbleToSeekWithTimeOnMiddleOfTopic,2,indent +4,5,'Ġ',spaces ×1,0.21421172774239589,0.006897111621158555
TopicReaderTest.testMultiReaderIsAbleToSeekWithTimeOnMiddleOfTopic,2,indent +4,5,'Ċ',newline ×1,0.08132569307528696,0.0026184952090152164
TopicReaderTest.testMultiReaderIsAbleToSeekWithTimeOnMiddleOfTopic,2,indent +4,5,'Ġ',spaces ×1,0.06943339646441679,0.002235591350195055
TopicReaderTest.testMultiReaderIsAbleToSeekWithTimeOnMiddleOfTopic,2,indent +4,5,'Ġ',spaces ×1,0.05483286499630462,0.0017654887263792948
TopicReaderTest.testMultiReaderIsAbleToSeekWithTimeOnMiddleOfTopic,2,indent +4,5,'Ġ',spaces ×1,0.05351767720088747,0.0017231427861108609
TopicReaderTest.testMultiReaderIsAbleToSeekWithTimeOnMiddleOfTopic,2,indent +4,5,'Ġ',spaces ×1,0.051140197343845784,0.001646593550810392
TopicReaderTest.testMultiReaderIsAbleToSeekWithTimeOnMiddleOfTopic,2,indent +4,5,'Ġ',spaces ×1,0.05178370796083855,0.001667313072573165
TopicReaderTest.testMultiReaderIsAbleToSeekWithTimeOnMiddleOfTopic,2,indent +4,5,'Ġ',spaces ×1,0.048377263965292766,0.0015576336226377325
TopicReaderTest.testMultiReaderIsAbleToSeekWithTimeOnMiddleOfTopic,2,indent +4,5,'Ġ',spaces ×1,0.055032368694819915,0.00177191227420273
TopicReaderTest.testMultiReaderIsAbleToSeekWithTimeOnMiddleOfTopic,2,indent +4,5,'Ċ',newline ×1,0.06949280770879294,0.002237504251922392
TopicReaderTest.testMultiReaderIsAbleToSeekWithTimeOnMiddleOfTopic,2,indent +4,5,'Ġ',spaces ×1,0.05291358334294329,0.001703692390878963
TopicReaderTest.testMultiReaderIsAbleToSeekWithTimeOnMiddleOfTopic,2,indent +4,5,'Ġ',spaces ×1,0.049167702562206664,0.001583083878279866
TopicReaderTest.testMultiReaderIsAbleToSeekWithTimeOnMiddleOfTopic,2,indent +4,5,'Ġ',spaces ×1,0.05206641732980487,0.0016764156464362209
TopicReaderTest.testMultiReaderIsAbleToSeekWithTimeOnMiddleOfTopic,2,indent +4,5,'Ġ',spaces ×1,0.05602920614459683,0.0018040080853505233
TopicReaderTest.testMultiReaderIsAbleToSeekWithTimeOnMiddleOfTopic,2,indent +4,5,'Ġ',spaces ×1,0.05215982873549802,0.001679423273042593
TopicReaderTest.testMultiReaderIsAbleToSeekWithTimeOnMiddleOfTopic,2,indent +4,5,'Ġ',spaces ×1,0.05177996315633373,0.0016671924987141078
TopicReaderTest.testMultiReaderIsAbleToSeekWithTimeOnMiddleOfTopic,2,indent +4,5,'Ġ',spaces ×1,0.05407126005872095,0.0017409668464565624
TopicReaderTest.testMultiReaderIsAbleToSeekWithTimeOnMiddleOfTopic,2,indent +4,5,'Ċ',newline ×1,0.05510397708405968,0.001774217895182511
TopicReaderTest.testMultiReaderIsAbleToSeekWithTimeOnMiddleOfTopic,2,indent +4,5,'Ġ',spaces ×1,0.05198243479571272,0.0016737116072224674
TopicReaderTest.testMultiReaderIsAbleToSeekWithTimeOnMiddleOfTopic,2,indent +4,5,'Ġ',spaces ×1,0.043611840455348355,0.001404198242527707
TopicReaderTest.testMultiReaderIsAbleToSeekWithTimeOnMiddleOfTopic,2,indent +4,5,'Ġ',spaces ×1,0.039634665648486334,0.0012761426086514201
TopicReaderTest.testMultiReaderIsAbleToSeekWithTimeOnMiddleOfTopic,2,indent +4,5,'Ġ',spaces ×1,0.04535297231856891,0.001460258575611941
TopicReaderTest.testMultiReaderIsAbleToSeekWithTimeOnMiddleOfTopic,2,indent +4,5,'Ġ',spaces ×1,0.042580483207180275,0.00137099097541458
TopicReaderTest.testMultiReaderIsAbleToSeekWithTimeOnMiddleOfTopic,2,indent +4,5,'Ġ',spaces ×1,0.04146569173641927,0.00133509732342275
TopicReaderTest.testMultiReaderIsAbleToSeekWithTimeOnMiddleOfTopic,2,indent +4,5,'Ġ',spaces ×1,0.04194727865698474,0.0013506032846576292
TopicReaderTest.testMultiReaderIsAbleToSeekWithTimeOnMiddleOfTopic,2,indent +4,5,'Ċ',newline ×1,0.05568208190321672,0.0017928315047569163
TopicReaderTest.testMultiReaderIsAbleToSeekWithTimeOnMiddleOfTopic,2,indent +4,5,'Ġ',spaces ×1,0.06518622473493985,0.0020988424531988153
TopicReaderTest.testMultiReaderIsAbleToSeekWithTimeOnMiddleOfTopic,2,indent +4,5,'Ġ',spaces ×1,0.037275788287897335,0.0012001923297938065
TopicReaderTest.testMultiReaderIsAbleToSeekWithTimeOnMiddleOfTopic,2,indent +4,5,'Ġ',spaces ×1,0.038034097200224985,0.0012246080854891844
TopicReaderTest.testMultiReaderIsAbleToSeekWithTimeOnMiddleOfTopic,2,indent +4,5,'Ġ',spaces ×1,0.04044489777576284,0.0013022301692148413
TopicReaderTest.testMultiReaderIsAbleToSeekWithTimeOnMiddleOfTopic,2,indent +4,5,'Ġ',spaces ×1,0.044469799617416914,0.0014318225008703625
TopicReaderTest.testMultiReaderIsAbleToSeekWithTimeOnMiddleOfTopic,2,indent +4,5,'Ġ',spaces ×1,0.042957177875907825,0.0013831196539173447
TopicReaderTest.testMultiReaderIsAbleToSeekWithTimeOnMiddleOfTopic,2,indent +4,5,'Ġ',spaces ×1,0.04390725250179825,0.0014137098125993981
TopicReaderTest.testMultiReaderIsAbleToSeekWithTimeOnMiddleOfTopic,2,indent +4,5,'Ċ',newline ×1,0.06122352816858773,0.0019712529844663662
TopicReaderTest.testMultiReaderIsAbleToSeekWithTimeOnMiddleOfTopic,2,indent +4,5,'Ġ',spaces ×1,0.06390952900866731,0.002057735866630656
TopicReaderTest.testMultiReaderIsAbleToSeekWithTimeOnMiddleOfTopic,2,indent +4,5,'Ġ',spaces ×1,0.05670871586109147,0.001825886693079981
TopicReaderTest.testMultiReaderIsAbleToSeekWithTimeOnMiddleOfTopic,2,indent +4,5,'Ġ',spaces ×1,0.050258133607820575,0.0016181931821262925
TopicReaderTest.testMultiReaderIsAbleToSeekWithTimeOnMiddleOfTopic,2,indent +4,5,'Ġ',spaces ×1,0.05854661445992376,0.0018850626864679865
TopicReaderTest.testMultiReaderIsAbleToSeekWithTimeOnMiddleOfTopic,2,indent +4,5,'Ġ',spaces ×1,0.05149850993542285,0.001658130369851157
TopicReaderTest.testMultiReaderIsAbleToSeekWithTimeOnMiddleOfTopic,2,indent +4,5,'Ġ',spaces ×1,0.05618081451798333,0.0018088895168434172
TopicReaderTest.testMultiReaderIsAbleToSeekWithTimeOnMiddleOfTopic,2,indent +4,5,'Ġ',spaces ×1,0.05688041034540704,0.001831414849897267
TopicReaderTest.testMultiReaderIsAbleToSeekWithTimeOnMiddleOfTopic,2,indent +4,5,'Ċ',newline ×1,0.07160285269561661,0.0023054427161379935
TopicReaderTest.testMultiReaderIsAbleToSeekWithTimeOnMiddleOfTopic,2,indent +4,5,'Ġ',spaces ×1,0.053883091090659876,0.0017349082501787892
TopicReaderTest.testMultiReaderIsAbleToSeekWithTimeOnMiddleOfTopic,2,indent +4,5,'Ġ',spaces ×1,0.05199224578482882,0.0016740274978964322
TopicReaderTest.testMultiReaderIsAbleToSeekWithTimeOnMiddleOfTopic,2,indent +4,5,'Ġ',spaces ×1,0.05156861299870667,0.0016603875228910464
TopicReaderTest.testMultiReaderIsAbleToSeekWithTimeOnMiddleOfTopic,2,indent +4,5,'Ġ',spaces ×1,0.048396081594106945,0.0015582395058344404
TopicReaderTest.testMultiReaderIsAbleToSeekWithTimeOnMiddleOfTopic,2,indent +4,5,'Ġ',spaces ×1,0.04482807664859486,0.0014433581749502765
TopicReaderTest.testMultiReaderIsAbleToSeekWithTimeOnMiddleOfTopic,2,indent +4,5,'Ġ',spaces ×1,0.05476079665714219,0.0017631682960985002
TopicReaderTest.testMultiReaderIsAbleToSeekWithTimeOnMiddleOfTopic,2,indent +4,5,'Ġ',spaces ×1,0.05005390685435347,0.0016116175630902362
TopicReaderTest.testMultiReaderIsAbleToSeekWithTimeOnMiddleOfTopic,2,indent +4,5,'Ċ',newline ×1,0.05674192655670349,0.0018269559990281962
TopicReaderTest.testMultiReaderIsAbleToSeekWithTimeOnMiddleOfTopic,2,indent +4,5,'Ġ',spaces ×1,0.04948986691689227,0.0015934568094822942
TopicReaderTest.testMultiReaderIsAbleToSeekWithTimeOnMiddleOfTopic,2,indent +4,5,'Ġ',spaces ×1,0.03253945596378718,0.0010476936171482814
TopicReaderTest.testMultiReaderIsAbleToSeekWithTimeOnMiddleOfTopic,2,indent +4,5,'Ġ',spaces ×1,0.028362108843746958,0.0009131929076358192
TopicReaderTest.testMultiReaderIsAbleToSeekWithTimeOnMiddleOfTopic,2,indent +4,5,'Ġ',spaces ×1,0.0322126290444469,0.0010371705623779092
TopicReaderTest.testMultiReaderIsAbleToSeekWithTimeOnMiddleOfTopic,2,indent +4,5,'Ġ',spaces ×1,0.03377771646411903,0.0010875626802330572
TopicReaderTest.testMultiReaderIsAbleToSeekWithTimeOnMiddleOfTopic,2,indent +4,5,'Ġ',spaces ×1,0.03595362932197471,0.0011576219343024344
TopicReaderTest.testMultiReaderIsAbleToSeekWithTimeOnMiddleOfTopic,2,indent +4,5,'Ġ',spaces ×1,0.035649046925633365,0.0011478151006264906
TopicReaderTest.testMultiReaderIsAbleToSeekWithTimeOnMiddleOfTopic,2,indent +4,5,'Ċ',newline ×1,0.046267424958475925,0.001489701790491784
TopicReaderTest.testMultiReaderIsAbleToSeekWithTimeOnMiddleOfTopic,2,indent +4,5,'Ġ',spaces ×1,0.02823379756850039,0.0009090615876704949
TopicReaderTest.testMultiReaderIsAbleToSeekWithTimeOnMiddleOfTopic,2,indent +4,5,'Ġ',spaces ×1,0.021537017463049198,0.0006934410874465503
TopicReaderTest.testMultiReaderIsAbleToSeekWithTimeOnMiddleOfTopic,2,indent +4,5,'Ġ',spaces ×1,0.022753188127842605,0.0007325989100077218
TopicReaderTest.testMultiReaderIsAbleToSeekWithTimeOnMiddleOfTopic,2,indent +4,5,'Ġ',spaces ×1,0.02654848220873664,0.0008547984141475121
TopicReaderTest.testMultiReaderIsAbleToSeekWithTimeOnMiddleOfTopic,2,indent +4,5,'Ġ',spaces ×1,0.025006764983022355,0.0008051587613326032
TopicReaderTest.testMultiReaderIsAbleToSeekWithTimeOnMiddleOfTopic,2,indent +4,5,'Ġ',spaces ×1,0.023561807923108035,0.000758634557289046
TopicReaderTest.testMultiReaderIsAbleToSeekWithTimeOnMiddleOfTopic,2,indent +4,5,'Ġ',spaces ×1,0.020833368571404717,0.0006707852552989625
TopicReaderTest.testMultiReaderIsAbleToSeekWithTimeOnMiddleOfTopic,2,indent +4,5,'Ġ',spaces ×1,0.026895232530919237,0.0008659629554262329
TopicReaderTest.testMultiReaderIsAbleToSeekWithTimeOnMiddleOfTopic,2,indent +4,5,'Ġ',spaces ×1,0.025387186096260526,0.0008174074225459816
TopicReaderTest.testMultiReaderIsAbleToSeekWithTimeOnMiddleOfTopic,2,indent +4,5,'Ġ',spaces ×1,0.023281603486439373,0.0007496126363288094
TopicReaderTest.testMultiReaderIsAbleToSeekWithTimeOnMiddleOfTopic,2,indent +4,5,'Ġ',spaces ×1,0.01868333535033912,0.0006015592644012029
TopicReaderTest.testMultiReaderIsAbleToSeekWithTimeOnMiddleOfTopic,2,indent +4,5,'Ċ',newline ×1,0.058293687573481176,0.0018769190381898472
TopicReaderTest.testMultiReaderIsAbleToSeekWithTimeOnMiddleOfTopic,2,indent +4,5,'Ġ',spaces ×1,0.026975669204389003,0.0008685528263039974
TopicReaderTest.testMultiReaderIsAbleToSeekWithTimeOnMiddleOfTopic,2,indent +4,5,'Ġ',spaces ×1,0.022391488372421407,0.0007209530322923533
TopicReaderTest.testMultiReaderIsAbleToSeekWithTimeOnMiddleOfTopic,2,indent +4,5,'Ġ',spaces ×1,0.019356111559828665,0.0006232210691110248
TopicReaderTest.testMultiReaderIsAbleToSeekWithTimeOnMiddleOfTopic,2,indent +4,5,'Ġ',spaces ×1,0.02111921063850681,0.0006799886946419133
TopicReaderTest.testMultiReaderIsAbleToSeekWithTimeOnMiddleOfTopic,2,indent +4,5,'Ġ',spaces ×1,0.02051422557291676,0.0006605096046290341
TopicReaderTest.testMultiReaderIsAbleToSeekWithTimeOnMiddleOfTopic,2,indent +4,5,'Ġ',spaces ×1,0.025175755429425076,0.0008105998545165891
TopicReaderTest.testMultiReaderIsAbleToSeekWithTimeOnMiddleOfTopic,2,indent +4,5,'Ġ',spaces ×1,0.02793648842862815,0.0008994889356719291
TopicReaderTest.testMultiReaderIsAbleToSeekWithTimeOnMiddleOfTopic,2,indent +4,5,'Ċ',newline ×1,0.05289630446286077,0.0017031360517565733
TopicReaderTest.testMultiReaderIsAbleToSeekWithTimeOnMiddleOfTopic,2,indent +4,5,'Ġ',spaces ×1,0.03326670695680283,0.0010711093812070045
TopicReaderTest.testMultiReaderIsAbleToSeekWithTimeOnMiddleOfTopic,2,indent +4,5,'Ġ',spaces ×1,0.0237202036822104,0.0007637345265687903
TopicReaderTest.testMultiReaderIsAbleToSeekWithTimeOnMiddleOfTopic,2,indent +4,5,'Ġ',spaces ×1,0.0270463147555036,0.0008708274461705697
TopicReaderTest.testMultiReaderIsAbleToSeekWithTimeOnMiddleOfTopic,2,indent +4,5,'Ġ',spaces ×1,0.035403188757766615,0.0011398990483887266
TopicReaderTest.testMultiReaderIsAbleToSeekWithTimeOnMiddleOfTopic,2,indent +4,5,'Ġ',spaces ×1,0.037817247432206845,0.0012176260352027403
TopicReaderTest.testMultiReaderIsAbleToSeekWithTimeOnMiddleOfTopic,2,indent +4,5,'Ġ',spaces ×1,0.030697112209100506,0.0009883745002421372
TopicReaderTest.testMultiReaderIsAbleToSeekWithTimeOnMiddleOfTopic,2,indent +4,5,'Ġ',spaces ×1,0.03188326334599735,0.0010265657649173368
TopicReaderTest.testMultiReaderIsAbleToSeekWithTimeOnMiddleOfTopic,2,indent +4,5,'Ċ',newline ×1,0.05583669614901186,0.00179780971824088
TopicReaderTest.testMultiReaderIsAbleToSeekWithTimeOnMiddleOfTopic,2,indent +4,5,'Ġ',spaces ×1,0.03604555154263068,0.0011605816126683706
TopicReaderTest.testMultiReaderIsAbleToSeekWithTimeOnMiddleOfTopic,2,indent +4,5,'Ġ',spaces ×1,0.03834280540072667,0.0012345477603130932
TopicReaderTest.testMultiReaderIsAbleToSeekWithTimeOnMiddleOfTopic,2,indent +4,5,'Ġ',spaces ×1,0.03787468459531227,0.0012194753761763457
TopicReaderTest.testMultiReaderIsAbleToSeekWithTimeOnMiddleOfTopic,2,indent +4,5,'Ġ',spaces ×1,0.0344622134335332,0.0011096018657256073
TopicReaderTest.testMultiReaderIsAbleToSeekWithTimeOnMiddleOfTopic,2,indent +4,5,'Ġ',spaces ×1,0.038760473994263536,0.0012479957024058824
TopicReaderTest.testMultiReaderIsAbleToSeekWithTimeOnMiddleOfTopic,2,indent +4,5,'Ġ',spaces ×1,0.03558407573898352,0.0011457231818916677
TopicReaderTest.testMultiReaderIsAbleToSeekWithTimeOnMiddleOfTopic,2,indent +4,5,'Ġ',spaces ×1,0.033649351629008256,0.001083429635766625
TopicReaderTest.testMultiReaderIsAbleToSeekWithTimeOnMiddleOfTopic,2,indent +4,5,'Ċ',newline ×1,0.05386292631570015,0.0017342589920584309
TopicReaderTest.testMultiReaderIsAbleToSeekWithTimeOnMiddleOfTopic,2,indent +4,5,'Ġ',spaces ×1,0.03368668022495422,0.001084631528378266
TopicReaderTest.testMultiReaderIsAbleToSeekWithTimeOnMiddleOfTopic,2,indent +4,5,'Ġ',spaces ×1,0.03042372589431107,0.0009795721067006058
TopicReaderTest.testMultiReaderIsAbleToSeekWithTimeOnMiddleOfTopic,2,indent +4,5,'Ġ',spaces ×1,0.025144742701103066,0.0008096013179230613
TopicReaderTest.testMultiReaderIsAbleToSeekWithTimeOnMiddleOfTopic,2,indent +4,5,'Ġ',spaces ×1,0.027509741185177138,0.0008857486824975422
TopicReaderTest.testMultiReaderIsAbleToSeekWithTimeOnMiddleOfTopic,2,indent +4,5,'Ġ',spaces ×1,0.027107112213647047,0.0008727849807066916
TopicReaderTest.testMultiReaderIsAbleToSeekWithTimeOnMiddleOfTopic,2,indent +4,5,'Ġ',spaces ×1,0.02726863948329684,0.0008779857772287912
TopicReaderTest.testMultiReaderIsAbleToSeekWithTimeOnMiddleOfTopic,2,indent +4,5,'Ġ',spaces ×1,0.032216112382559725,0.0010372827176367814
TopicReaderTest.testMultiReaderIsAbleToSeekWithTimeOnMiddleOfTopic,2,indent +4,5,'Ċ',newline ×1,0.07450985065348896,0.0023990411834545772
TopicReaderTest.testMultiReaderIsAbleToSeekWithTimeOnMiddleOfTopic,2,indent +4,5,'Ġ',spaces ×1,0.03629831285339209,0.0011687199298007
TopicReaderTest.testMultiReaderIsAbleToSeekWithTimeOnMiddleOfTopic,2,indent +4,5,'Ġ',spaces ×1,0.030284420749496298,0.0009750868101049658
TopicReaderTest.testMultiReaderIsAbleToSeekWithTimeOnMiddleOfTopic,2,indent +4,5,'Ġ',spaces ×1,0.029522474403379982,0.0009505539376339593
TopicReaderTest.testMultiReaderIsAbleToSeekWithTimeOnMiddleOfTopic,2,indent +4,5,'Ġ',spaces ×1,0.031131067034188775,0.001002346820519454
TopicReaderTest.testMultiReaderIsAbleToSeekWithTimeOnMiddleOfTopic,2,indent +4,5,'Ġ',spaces ×1,0.028749934481611932,0.0009256799770511711
TopicReaderTest.testMultiReaderIsAbleToSeekWithTimeOnMiddleOfTopic,2,indent +4,5,'Ġ',spaces ×1,0.027901504234477608,0.0008983625272601416
TopicReaderTest.testMultiReaderIsAbleToSeekWithTimeOnMiddleOfTopic,2,indent +4,5,'Ġ',spaces ×1,0.02423185216875673,0.0007802083992166529
TopicReaderTest.testMultiReaderIsAbleToSeekWithTimeOnMiddleOfTopic,2,indent +4,5,'Ċ',newline ×1,0.04601056419237466,0.0014814314805812678
TopicReaderTest.testMultiReaderIsAbleToSeekWithTimeOnMiddleOfTopic,2,indent +4,5,'Ġ',spaces ×1,0.02542385360518365,0.0008185880297171107
TopicReaderTest.testMultiReaderIsAbleToSeekWithTimeOnMiddleOfTopic,2,indent +4,5,'Ġ',spaces ×1,0.019339811250219947,0.000622696237646307
TopicReaderTest.testMultiReaderIsAbleToSeekWithTimeOnMiddleOfTopic,2,indent +4,5,'Ġ',spaces ×1,0.02856676616277183,0.0009197823898657515
TopicReaderTest.testMultiReaderIsAbleToSeekWithTimeOnMiddleOfTopic,2,indent +4,5,'Ġ',spaces ×1,0.018836233147308996,0.0006064822122875979
TopicReaderTest.testMultiReaderIsAbleToSeekWithTimeOnMiddleOfTopic,2,indent +4,5,'Ġ',spaces ×1,0.023041221631989794,0.0007418729084468998
TopicReaderTest.testMultiReaderIsAbleToSeekWithTimeOnMiddleOfTopic,2,indent +4,5,'Ġ',spaces ×1,0.01728191080609161,0.0005564367045293638
TopicReaderTest.testMultiReaderIsAbleToSeekWithTimeOnMiddleOfTopic,2,indent +4,5,'Ġ',spaces ×1,0.022325691701647193,0.000718834534918689
TopicReaderTest.testMultiReaderIsAbleToSeekWithTimeOnMiddleOfTopic,2,indent +4,5,'Ċ',newline ×1,0.052781747832106166,0.0016994475988525918
TopicReaderTest.testMultiReaderIsAbleToSeekWithTimeOnMiddleOfTopic,2,indent +4,5,'Ġ',spaces ×1,0.030806812557799233,0.0009919065923354562
TopicReaderTest.testMultiReaderIsAbleToSeekWithTimeOnMiddleOfTopic,2,indent +4,5,'Ġ',spaces ×1,0.0407701214526902,0.0013127016033667054
TopicReaderTest.testMultiReaderIsAbleToSeekWithTimeOnMiddleOfTopic,2,indent +4,5,'Ġ',spaces ×1,0.033477641930424074,0.0010779009890858288
TopicReaderTest.testMultiReaderIsAbleToSeekWithTimeOnMiddleOfTopic,2,indent +4,5,'Ġ',spaces ×1,0.032893900074679905,0.0010591058802491573
TopicReaderTest.testMultiReaderIsAbleToSeekWithTimeOnMiddleOfTopic,2,indent +4,5,'Ġ',spaces ×1,0.029999828101258823,0.0009659235990980714
TopicReaderTest.testMultiReaderIsAbleToSeekWithTimeOnMiddleOfTopic,2,indent +4,5,'Ġ',spaces ×1,0.03455440850536102,0.0011125703292547465
TopicReaderTest.testMultiReaderIsAbleToSeekWithTimeOnMiddleOfTopic,2,indent +4,5,'Ġ',spaces ×1,0.03332488044099449,0.0010729824299802449
TopicReaderTest.testMultiReaderIsAbleToSeekWithTimeOnMiddleOfTopic,2,indent +4,5,'Ġ',spaces ×1,0.03197031366853393,0.0010293685796722537
TopicReaderTest.testMultiReaderIsAbleToSeekWithTimeOnMiddleOfTopic,2,indent +4,5,'Ġ',spaces ×1,0.04008890613626463,0.0012907680793484495
TopicReaderTest.testMultiReaderIsAbleToSeekWithTimeOnMiddleOfTopic,2,indent +4,5,'Ġ',spaces ×1,0.040086601014435674,0.0012906938598707287
TopicReaderTest.testMultiReaderIsAbleToSeekWithTimeOnMiddleOfTopic,2,indent +4,5,'Ġ',spaces ×1,0.028991224529815167,0.0009334489466266079
TopicReaderTest.testMultiReaderIsAbleToSeekWithTimeOnMiddleOfTopic,2,indent +4,5,'Ċ',newline ×1,0.06314195226341421,0.0020330217086076056
TopicReaderTest.testMultiReaderIsAbleToSeekWithTimeOnMiddleOfTopic,2,indent +4,5,'Ġ',spaces ×1,0.025033399834092952,0.0008060163406200816
TopicReaderTest.testMultiReaderIsAbleToSeekWithTimeOnMiddleOfTopic,2,indent +4,5,'Ġ',spaces ×1,0.019291603463773545,0.0006211440607994368
TopicReaderTest.testMultiReaderIsAbleToSeekWithTimeOnMiddleOfTopic,2,indent +4,5,'Ġ',spaces ×1,0.02415959598853225,0.0007778819208973795
TopicReaderTest.testMultiReaderIsAbleToSeekWithTimeOnMiddleOfTopic,2,indent +4,5,'Ġ',spaces ×1,0.02550840164911605,0.0008213102770118696
TopicReaderTest.testMultiReaderIsAbleToSeekWithTimeOnMiddleOfTopic,2,indent +4,5,'Ġ',spaces ×1,0.022320732892075847,0.0007186748729642195
TopicReaderTest.testMultiReaderIsAbleToSeekWithTimeOnMiddleOfTopic,2,indent +4,5,'Ġ',spaces ×1,0.03806076483118502,0.0012254667202116697
TopicReaderTest.testMultiReaderIsAbleToSeekWithTimeOnMiddleOfTopic,2,indent +4,5,'Ġ',spaces ×1,0.031170246865337904,0.0010036083185316386
TopicReaderTest.testMultiReaderIsAbleToSeekWithTimeOnMiddleOfTopic,2,indent +4,5,'Ġ',spaces ×1,0.03206300344411024,0.0010323529714935025
TopicReaderTest.testMultiReaderIsAbleToSeekWithTimeOnMiddleOfTopic,2,indent +4,5,'Ġ',spaces ×1,0.03335982927795192,0.0010741076999739349
TopicReaderTest.testMultiReaderIsAbleToSeekWithTimeOnMiddleOfTopic,2,indent +4,5,'Ġ',spaces ×1,0.03950418849408733,0.0012719415524936393
TopicReaderTest.testMultiReaderIsAbleToSeekWithTimeOnMiddleOfTopic,2,indent +4,5,'Ġ',spaces ×1,0.026278139278372657,0.0008460940103953807
TopicReaderTest.testMultiReaderIsAbleToSeekWithTimeOnMiddleOfTopic,2,indent +4,5,'Ċ',newline ×1,0.05439062837376895,0.0017512497517874802
TopicReaderTest.testMultiReaderIsAbleToSeekWithTimeOnMiddleOfTopic,2,indent +4,5,'Ġ',spaces ×1,0.024353052386431616,0.0007841107599259493
TopicReaderTest.testMultiReaderIsAbleToSeekWithTimeOnMiddleOfTopic,2,indent +4,5,'Ġ',spaces ×1,0.02547773668070448,0.0008203229374659777
TopicReaderTest.testMultiReaderIsAbleToSeekWithTimeOnMiddleOfTopic,2,indent +4,5,'Ġ',spaces ×1,0.026819117508331252,0.0008635122314982337
TopicReaderTest.testMultiReaderIsAbleToSeekWithTimeOnMiddleOfTopic,2,indent +4,5,'Ġ',spaces ×1,0.02340657933125342,0.0007536365633131791
TopicReaderTest.testMultiReaderIsAbleToSeekWithTimeOnMiddleOfTopic,2,indent +4,5,'Ġ',spaces ×1,0.029703622732224252,0.0009563864859131448
TopicReaderTest.testMultiReaderIsAbleToSeekWithTimeOnMiddleOfTopic,2,indent +4,5,'Ġ',spaces ×1,0.0320584640410878,0.0010322068134391831
TopicReaderTest.testMultiReaderIsAbleToSeekWithTimeOnMiddleOfTopic,2,indent +4,5,'Ġ',spaces ×1,0.026710009847185568,0.0008599992225440727
TopicReaderTest.testMultiReaderIsAbleToSeekWithTimeOnMiddleOfTopic,2,indent +4,5,'Ġ',spaces ×1,0.02236448282065124,0.0007200835173180201
TopicReaderTest.testMultiReaderIsAbleToSeekWithTimeOnMiddleOfTopic,2,indent +4,5,'Ġ',spaces ×1,0.02417323139095455,0.0007783209486457534
TopicReaderTest.testMultiReaderIsAbleToSeekWithTimeOnMiddleOfTopic,2,indent +4,5,'Ġ',spaces ×1,0.025148846296258014,0.0008097334439935151
TopicReaderTest.testMultiReaderIsAbleToSeekWithTimeOnMiddleOfTopic,2,indent +4,5,'Ġ',spaces ×1,0.022588618904673546,0.0007273001697680216
TopicReaderTest.testMultiReaderIsAbleToSeekWithTimeOnMiddleOfTopic,2,indent +4,5,'Ċ',newline ×1,0.04161529818777292,0.0013399142977551378
TopicReaderTest.testMultiReaderIsAbleToSeekWithTimeOnMiddleOfTopic,2,indent +4,5,'Ġ',spaces ×1,0.019175336189203238,0.000617400529205482
TopicReaderTest.testMultiReaderIsAbleToSeekWithTimeOnMiddleOfTopic,2,indent +4,5,'Ġ',spaces ×1,0.017689542325863353,0.000569561476556548
TopicReaderTest.testMultiReaderIsAbleToSeekWithTimeOnMiddleOfTopic,2,indent +4,5,'Ġ',spaces ×1,0.020350963851899544,0.0006552529628700343
TopicReaderTest.testMultiReaderIsAbleToSeekWithTimeOnMiddleOfTopic,2,indent +4,5,'Ġ',spaces ×1,0.024432899861760355,0.0007866816600153799
TopicReaderTest.testMultiReaderIsAbleToSeekWithTimeOnMiddleOfTopic,2,indent +4,5,'Ġ',spaces ×1,0.018359201391300747,0.000591122916591226
TopicReaderTest.testMultiReaderIsAbleToSeekWithTimeOnMiddleOfTopic,2,indent +4,5,'Ġ',spaces ×1,0.01596973600277403,0.0005141877754892291
TopicReaderTest.testMultiReaderIsAbleToSeekWithTimeOnMiddleOfTopic,2,indent +4,5,'Ġ',spaces ×1,0.012057364699079856,0.0003882186613357478
TopicReaderTest.testMultiReaderIsAbleToSeekWithTimeOnMiddleOfTopic,2,indent +4,5,'Ċ',newline ×1,0.031230053193248182,0.0010055339410155058
TopicReaderTest.testMultiReaderIsAbleToSeekWithTimeOnMiddleOfTopic,2,indent +4,5,'Ġ',spaces ×1,0.013758599845224179,0.0004429944143743762
TopicReaderTest.testMultiReaderIsAbleToSeekWithTimeOnMiddleOfTopic,2,indent +4,5,'Ġ',spaces ×1,0.010161249453610261,0.000327168229445711
TopicReaderTest.testMultiReaderIsAbleToSeekWithTimeOnMiddleOfTopic,2,indent +4,5,'Ġ',spaces ×1,0.008516214016568338,0.00027420197428491133
TopicReaderTest.testMultiReaderIsAbleToSeekWithTimeOnMiddleOfTopic,2,indent +4,5,'Ġ',spaces ×1,0.013361280392405639,0.0004302016665438626
TopicReaderTest.testMultiReaderIsAbleToSeekWithTimeOnMiddleOfTopic,2,indent +4,5,'Ġ',spaces ×1,0.024547932282481328,0.0007903854322323648
TopicReaderTest.testMultiReaderIsAbleToSeekWithTimeOnMiddleOfTopic,2,indent +4,5,'Ġ',spaces ×1,0.018907715796767307,0.0006087837847434394
TopicReaderTest.testMultiReaderIsAbleToSeekWithTimeOnMiddleOfTopic,2,indent +4,5,'Ġ',spaces ×1,0.016876182895779475,0.0005433732242300619
TopicReaderTest.testMultiReaderIsAbleToSeekWithTimeOnMiddleOfTopic,2,indent +4,5,'Ċ',newline ×1,0.04841011049273394,0.0015586912032310868
TopicReaderTest.testMultiReaderIsAbleToSeekWithTimeOnMiddleOfTopic,2,indent +4,5,'Ġ',spaces ×1,0.021075797322900568,0.0006785908884305703
TopicReaderTest.testMultiReaderIsAbleToSeekWithTimeOnMiddleOfTopic,2,indent +4,5,'Ġ',spaces ×1,0.025045505312852816,0.0008064061084405193
TopicReaderTest.testMultiReaderIsAbleToSeekWithTimeOnMiddleOfTopic,2,indent +4,5,'Ġ',spaces ×1,0.02315750963400395,0.0007456171074155841
TopicReaderTest.testMultiReaderIsAbleToSeekWithTimeOnMiddleOfTopic,2,indent +4,5,'Ġ',spaces ×1,0.02609677142170294,0.0008402543938387856
TopicReaderTest.testMultiReaderIsAbleToSeekWithTimeOnMiddleOfTopic,2,indent +4,5,'Ġ',spaces ×1,0.0263102578096231,0.0008471281512310699
TopicReaderTest.testMultiReaderIsAbleToSeekWithTimeOnMiddleOfTopic,2,indent +4,5,'Ġ',spaces ×1,0.028095938177613133,0.0009046228409361529
TopicReaderTest.testMultiReaderIsAbleToSeekWithTimeOnMiddleOfTopic,2,indent +4,5,'Ġ',spaces ×1,0.01851637265295896,0.0005961834599457833
TopicReaderTest.testMultiReaderIsAbleToSeekWithTimeOnMiddleOfTopic,2,indent +4,5,'Ċ',newline ×1,0.04682286820736057,0.0015075857510347067
TopicReaderTest.testMultiReaderIsAbleToSeekWithTimeOnMiddleOfTopic,2,indent +4,5,'Ġ',spaces ×1,0.029105726575126944,0.0009371356420082725
TopicReaderTest.testMultiReaderIsAbleToSeekWithTimeOnMiddleOfTopic,2,indent +4,5,'Ġ',spaces ×1,0.02779988946990863,0.0008950907718759882
TopicReaderTest.testMultiReaderIsAbleToSeekWithTimeOnMiddleOfTopic,2,indent +4,5,'Ġ',spaces ×1,0.015224325003270516,0.0004901873021192663
TopicReaderTest.testMultiReaderIsAbleToSeekWithTimeOnMiddleOfTopic,2,strip indent,2,'Ċ',newline ×1,0.039210204885742214,0.0019768524504161335
TopicReaderTest.testMultiReaderIsAbleToSeekWithTimeOnMiddleOfTopic,2,strip indent,2,'Ċ',newline ×1,0.05850286285767234,0.002949526230060641
TopicReaderTest.testMultiReaderIsAbleToSeekWithTimeOnMiddleOfTopic,2,strip indent,2,'Ċ',newline ×1,0.06174985942290794,0.0031132293562030097
TopicReaderTest.testMultiReaderIsAbleToSeekWithTimeOnMiddleOfTopic,2,strip indent,2,'Ċ',newline ×1,0.052885367214102655,0.002666310162698782
TopicReaderTest.testMultiReaderIsAbleToSeekWithTimeOnMiddleOfTopic,2,strip indent,2,'Ċ',newline ×1,0.04128669059328953,0.0020815421828768695
TopicReaderTest.testMultiReaderIsAbleToSeekWithTimeOnMiddleOfTopic,2,strip indent,2,'Ċ',newline ×1,0.02328193957895407,0.0011738005307855843
TopicReaderTest.testMultiReaderIsAbleToSeekWithTimeOnMiddleOfTopic,2,strip indent,2,'Ċ',newline ×1,0.07473968226863248,0.003768134455471683
TopicReaderTest.testMultiReaderIsAbleToSeekWithTimeOnMiddleOfTopic,2,strip indent,2,'Ċ',newline ×1,0.07426716567689406,0.003744311688287418
TopicReaderTest.testMultiReaderIsAbleToSeekWithTimeOnMiddleOfTopic,2,strip indent,2,'Ċ',newline ×1,0.05974654269244181,0.0030122285682927775
TopicReaderTest.testMultiReaderIsAbleToSeekWithTimeOnMiddleOfTopic,2,strip indent,2,'Ċ',newline ×1,0.07563717512381671,0.003813383159353031
TopicReaderTest.testMultiReaderIsAbleToSeekWithTimeOnMiddleOfTopic,2,strip indent,2,'Ċ',newline ×1,0.059544855367259134,0.003002060141880136
TopicReaderTest.testMultiReaderIsAbleToSeekWithTimeOnMiddleOfTopic,2,strip indent,2,'Ċ',newline ×1,0.08515033754534777,0.0042930062191919435
TopicReaderTest.testMultiReaderIsAbleToSeekWithTimeOnMiddleOfTopic,2,strip indent,2,'Ċ',newline ×1,0.03515369987338832,0.0017723365113343392
TopicReaderTest.testMultiReaderIsAbleToSeekWithTimeOnMiddleOfTopic,2,strip indent,2,'Ċ',newline ×1,0.026336612151826498,0.0013278072996483915
TopicReaderTest.testMultiReaderIsAbleToSeekWithTimeOnMiddleOfTopic,2,strip indent,2,'Ċ',newline ×1,0.04938618524693911,0.0024898926594902095
TopicReaderTest.testMultiReaderIsAbleToSeekWithTimeOnMiddleOfTopic,2,strip indent,2,'Ċ',newline ×1,0.03269785665038887,0.0016485207927638492
TopicReaderTest.testMultiReaderIsAbleToSeekWithTimeOnMiddleOfTopic,2,strip indent,2,'Ċ',newline ×1,0.06224261769704685,0.0031380726439270315
TopicReaderTest.testMultiReaderIsAbleToSeekWithTimeOnMiddleOfTopic,2,strip indent,2,'Ċ',newline ×1,0.053065914149340525,0.0026754127586270647
TopicReaderTest.testMultiReaderIsAbleToSeekWithTimeOnMiddleOfTopic,2,strip indent,2,'Ċ',newline ×1,0.05002850834948838,0.002522276524938848
TopicReaderTest.testMultiReaderIsAbleToSeekWithTimeOnMiddleOfTopic,2,strip indent,2,'Ċ',newline ×1,0.044564192531951846,0.0022467832918577663
TopicReaderTest.testMultiReaderIsAbleToSeekWithTimeOnMiddleOfTopic,2,strip indent,2,'Ċ',newline ×1,0.06008879063575489,0.0030294836091006453
TopicReaderTest.testMultiReaderIsAbleToSeekWithTimeOnMiddleOfTopic,2,strip indent,2,'Ċ',newline ×1,0.05472005552347658,0.002758809247840122
TestExchangeClient.testAddLocation,0,original,0,'Ċ',newline ×1,0.0026429193481213643,0.0013130015817342411
TestExchangeClient.testAddLocation,0,original,0,'Ċ',newline ×1,0.00308711079808599,0.0015336757679559835
TestExchangeClient.testAddLocation,0,original,0,'Ġ',spaces ×1,0.0007753267248355893,0.0003851820967573507
TestExchangeClient.testAddLocation,0,original,0,'Ġ',spaces ×1,0.00086581227883321,0.000430135294291519
TestExchangeClient.testAddLocation,0,original,0,'Ġ',spaces ×1,0.0013783848889666935,0.0006847812214694707
TestExchangeClient.testAddLocation,0,original,0,'Ċ',newline ×1,0.0027999667893736967,0.0013910227059574232
TestExchangeClient.testAddLocation,0,original,0,'Ġ',spaces ×1,0.00014574244914012605,7.240480735169992e-05
TestExchangeClient.testAddLocation,0,original,0,'Ġ',spaces ×1,0.0004683719535166003,0.00023268705352071635
TestExchangeClient.testAddLocation,0,original,0,'Ġ',spaces ×1,0.000245326763963394,0.00012187826668060983
TestExchangeClient.testAddLocation,0,original,0,'Ċ',newline ×1,0.0018337776570601805,0.0009110202193572056
TestExchangeClient.testAddLocation,0,original,0,'Ġ',spaces ×1,0.0004729788637685194,0.00023497576522581517
TestExchangeClient.testAddLocation,0,original,0,'Ġ',spaces ×1,0.0004882432744388286,0.00024255912011275237
TestExchangeClient.testAddLocation,0,original,0,'Ġ',spaces ×1,0.0008092572981363336,0.00040203879593914545
TestExchangeClient.testAddLocation,0,original,0,'Ċ',newline ×1,0.0015019214741913709,0.0007461541619329569
TestExchangeClient.testAddLocation,0,original,0,'Ġ',spaces ×1,0.000486772909430517,0.00024182864319410855
TestExchangeClient.testAddLocation,0,original,0,'Ġ',spaces ×1,0.0006229199314843239,0.00030946644509378507
TestExchangeClient.testAddLocation,0,original,0,'Ġ',spaces ×1,9.621986701495699e-05,4.780200261301935e-05
TestExchangeClient.testAddLocation,0,original,0,'Ċ',newline ×1,0.0024408215670842985,0.0012125994614972894
TestExchangeClient.testAddLocation,0,original,0,'Ġ',spaces ×1,0.0012123916852026105,0.0006023158449704498
TestExchangeClient.testAddLocation,0,original,0,'Ġ',spaces ×1,0.0009843996329414028,0.0004890494581415865
TestExchangeClient.testAddLocation,0,original,0,'Ġ',spaces ×1,0.0004764972343667196,0.00023672369074001894
TestExchangeClient.testAddLocation,0,original,0,'Ċ',newline ×1,0.002940203439535301,0.0014606922339398724
TestExchangeClient.testAddLocation,0,original,0,'Ġ',spaces ×1,0.0013157021777816759,0.0006536404683504544
TestExchangeClient.testAddLocation,0,original,0,'Ġ',spaces ×1,0.0012538307494846215,0.0006229027603398283
TestExchangeClient.testAddLocation,0,original,0,'Ġ',spaces ×1,0.001109258482911823,0.000551079299355323
TestExchangeClient.testAddLocation,0,original,0,'Ċ',newline ×1,0.0037320295358990716,0.0018540712137877047
TestExchangeClient.testAddLocation,0,original,0,'Ġ',spaces ×1,0.0012147017824521444,0.000603463500628105
TestExchangeClient.testAddLocation,0,original,0,'Ġ',spaces ×1,0.0012115665334696277,0.0006019059098237918
TestExchangeClient.testAddLocation,0,original,0,'Ġ',spaces ×1,0.000794009721332501,0.0003944638041122941
TestExchangeClient.testAddLocation,0,original,0,'Ċ',newline ×1,0.001766692130306138,0.0008776921487136032
TestExchangeClient.testAddLocation,0,original,0,'Ġ',spaces ×1,0.0009145554864361642,0.0004543509059888535
TestExchangeClient.testAddLocation,0,original,0,'Ġ',spaces ×1,0.0005556749843017116,0.00027605917442653387
TestExchangeClient.testAddLocation,0,original,0,'Ġ',spaces ×1,0.0002877153313611893,0.0001429368949283145
TestExchangeClient.testAddLocation,0,original,0,'Ċ',newline ×1,0.002051303751727375,0.0010190871214249956
TestExchangeClient.testAddLocation,0,original,0,'Ġ',spaces ×1,0.0006261650075706602,0.0003110785979720922
TestExchangeClient.testAddLocation,0,original,0,'Ġ',spaces ×1,0.0005752297419703305,0.00028577397248405955
TestExchangeClient.testAddLocation,0,original,0,'Ġ',spaces ×1,0.0005018551751174192,0.00024932150850500616
TestExchangeClient.testAddLocation,0,original,0,'Ċ',newline ×1,0.0025988726899198833,0.0012911192144460526
TestExchangeClient.testAddLocation,0,original,0,'Ġ',spaces ×1,0.0012188177339399915,0.0006055083041586123
TestExchangeClient.testAddLocation,0,original,0,'Ġ',spaces ×1,0.0014626312766388497,0.0007266348029446544
TestExchangeClient.testAddLocation,0,original,0,'Ġ',spaces ×1,0.0011945483107047754,0.0005934512615862511
TestExchangeClient.testAddLocation,0,original,0,'Ċ',newline ×1,0.002045589606521299,0.0010162483357090521
TestExchangeClient.testAddLocation,0,original,0,'Ġ',spaces ×1,0.001491385910217587,0.0007409200967421771
TestExchangeClient.testAddLocation,0,original,0,'Ġ',spaces ×1,0.0014136765770706757,0.0007023141220990484
TestExchangeClient.testAddLocation,0,original,0,'Ġ',spaces ×1,0.0007619999661947921,0.0003785613668485114
TestExchangeClient.testAddLocation,0,original,0,'Ċ',newline ×1,0.002752918958264888,0.0013676493568210064
TestExchangeClient.testAddLocation,0,original,0,'Ġ',spaces ×1,0.0016759384989382085,0.0008326057704179814
TestExchangeClient.testAddLocation,0,original,0,'Ġ',spaces ×1,0.0013777688907164343,0.0006844751937136442
TestExchangeClient.testAddLocation,0,original,0,'Ġ',spaces ×1,0.0011627986854506724,0.0005776780567747843
TestExchangeClient.testAddLocation,0,original,0,'Ċ',newline ×1,0.002807038586910425,0.001394535972965752
TestExchangeClient.testAddLocation,0,original,0,'Ġ',spaces ×1,0.0018816986420417375,0.0009348273510896861
TestExchangeClient.testAddLocation,0,original,0,'Ġ',spaces ×1,0.0014641963381121898,0.000727412325040237
TestExchangeClient.testAddLocation,0,original,0,'Ġ',spaces ×1,0.0011164795962892893,0.0005546667464309346
TestExchangeClient.testAddLocation,0,original,0,'Ċ',newline ×1,0.0032559588165351813,0.0016175594155799897
TestExchangeClient.testAddLocation,0,original,0,'Ġ',spaces ×1,0.0021715196141175795,0.0010788103277271789
TestExchangeClient.testAddLocation,0,original,0,'Ġ',spaces ×1,0.0018569351474558393,0.0009225248540105893
TestExchangeClient.testAddLocation,0,original,0,'Ġ',spaces ×1,0.0018686882032958613,0.0009283637688148299
TestExchangeClient.testAddLocation,0,original,0,'Ċ',newline ×1,0.003408966238442419,0.0016935734593396237
TestExchangeClient.testAddLocation,0,original,0,'Ġ',spaces ×1,0.001960169804186584,0.0009738118021626806
TestExchangeClient.testAddLocation,0,original,0,'Ġ',spaces ×1,0.0019884979977349312,0.0009878852406741859
TestExchangeClient.testAddLocation,0,original,0,'Ġ',spaces ×1,0.0019229422529008452,0.000955317165254062
TestExchangeClient.testAddLocation,0,original,0,'Ċ',newline ×1,0.005021079525404359,0.0024944708825698895
TestExchangeClient.testAddLocation,0,original,0,'Ġ',spaces ×1,0.002300193629827643,0.0011427355421971181
TestExchangeClient.testAddLocation,0,original,0,'Ġ',spaces ×1,0.002136102640737733,0.0010612151854081243
TestExchangeClient.testAddLocation,0,original,0,'Ġ',spaces ×1,0.0021331125790728543,0.0010597297236219904
TestExchangeClient.testAddLocation,0,original,0,'Ċ',newline ×1,0.0026301919993822667,0.0013066786384943738
TestExchangeClient.testAddLocation,0,original,0,'Ġ',spaces ×1,0.0010468197476439628,0.0005200597534026777
TestExchangeClient.testAddLocation,0,original,0,'Ġ',spaces ×1,0.0009580242743320419,0.00047594618747329507
TestExchangeClient.testAddLocation,0,original,0,'Ġ',spaces ×1,0.0009771093462280149,0.00048542764577232957
TestExchangeClient.testAddLocation,0,original,0,'Ċ',newline ×1,0.0025489659197035245,0.0012663255451727526
TestExchangeClient.testAddLocation,0,original,0,'Ġ',spaces ×1,0.0010445059304913526,0.0005189102496982303
TestExchangeClient.testAddLocation,0,original,0,'Ġ',spaces ×1,0.0007798944553474981,0.00038745134397873685
TestExchangeClient.testAddLocation,0,original,0,'Ġ',spaces ×1,0.0007750854436895953,0.0003850622283525286
TestExchangeClient.testAddLocation,0,original,0,'Ċ',newline ×1,0.0016065191383175532,0.0007981182517720985
TestExchangeClient.testAddLocation,0,original,0,'Ġ',spaces ×1,0.0008991594478777997,0.00044670215840450397
TestExchangeClient.testAddLocation,0,original,0,'Ġ',spaces ×1,0.0011268736696034786,0.0005598305191022017
TestExchangeClient.testAddLocation,0,original,0,'Ġ',spaces ×1,0.001226879547785875,0.0006095134109882309
TestExchangeClient.testAddLocation,0,original,0,'Ċ',newline ×1,0.0028385376650025204,0.001410184706018272
TestExchangeClient.testAddLocation,0,original,0,'Ġ',spaces ×1,0.0013323248152971906,0.0006618985899484441
TestExchangeClient.testAddLocation,0,original,0,'Ġ',spaces ×1,0.0014597411796073239,0.0007251990035599869
TestExchangeClient.testAddLocation,0,original,0,'Ġ',spaces ×1,0.0015656985356272003,0.0007778385879458541
TestExchangeClient.testAddLocation,0,original,0,'Ċ',newline ×1,0.00232979752707119,0.001157442749942184
TestExchangeClient.testAddLocation,0,original,0,'Ġ',spaces ×1,0.0016543133262898223,0.0008218623907863668
TestExchangeClient.testAddLocation,0,original,0,'Ġ',spaces ×1,0.0016943773903581034,0.0008417662064399724
TestExchangeClient.testAddLocation,0,original,0,'Ġ',spaces ×1,0.0018462583819963537,0.0009172206399618046
TestExchangeClient.testAddLocation,0,original,0,'Ċ',newline ×1,0.002118720030506477,0.001052579509580736
TestExchangeClient.testAddLocation,0,original,0,'Ġ',spaces ×1,0.0010063611791983772,0.0004999599480864401
TestExchangeClient.testAddLocation,0,original,0,'Ġ',spaces ×1,0.0009323983110733504,0.00046321521620243795
TestExchangeClient.testAddLocation,0,original,0,'Ġ',spaces ×1,0.0010157265342092083,0.0005046126537966862
TestExchangeClient.testAddLocation,0,indent +4,5,'Ċ',newline ×1,0.1158899949872014,0.002013072129121848
TestExchangeClient.testAddLocation,0,indent +4,5,'Ġ',spaces ×1,0.75952125599934,0.013193296557625593
TestExchangeClient.testAddLocation,0,indent +4,5,'Ġ',spaces ×1,0.167139437986863,0.002903302777134485
TestExchangeClient.testAddLocation,0,indent +4,5,'Ġ',spaces ×1,0.6751871411012526,0.011728367197207134
TestExchangeClient.testAddLocation,0,indent +4,5,'Ċ',newline ×1,0.1408099175360787,0.002445944712717698
TestExchangeClient.testAddLocation,0,indent +4,5,'Ġ',spaces ×1,0.15342752671482424,0.0026651194341998224
TestExchangeClient.testAddLocation,0,indent +4,5,'Ġ',spaces ×1,0.11498735407906047,0.001997392766507462
TestExchangeClient.testAddLocation,0,indent +4,5,'Ġ',spaces ×1,0.12326281793231404,0.0021411420663532323
TestExchangeClient.testAddLocation,0,indent +4,5,'Ġ',spaces ×1,0.11891937785034691,0.002065694154093987
TestExchangeClient.testAddLocation,0,indent +4,5,'Ġ',spaces ×1,0.11571416430675896,0.002010017854744821
TestExchangeClient.testAddLocation,0,indent +4,5,'Ġ',spaces ×1,0.11593732667710717,0.002013894306271688
TestExchangeClient.testAddLocation,0,indent +4,5,'Ġ',spaces ×1,0.14000461363771363,0.0024319561468069744
TestExchangeClient.testAddLocation,0,indent +4,5,'Ċ',newline ×1,0.11561531246369076,0.0020083007445644736
TestExchangeClient.testAddLocation,0,indent +4,5,'Ġ',spaces ×1,0.1645751020621107,0.0028587588699542765
TestExchangeClient.testAddLocation,0,indent +4,5,'Ġ',spaces ×1,0.09636873175117042,0.0016739771886997272
TestExchangeClient.testAddLocation,0,indent +4,5,'Ġ',spaces ×1,0.1069050141816854,0.0018569981346214896
TestExchangeClient.testAddLocation,0,indent +4,5,'Ġ',spaces ×1,0.12503718323582513,0.002171963754970731
TestExchangeClient.testAddLocation,0,indent +4,5,'Ġ',spaces ×1,0.11298095101893332,0.0019625404560852135
TestExchangeClient.testAddLocation,0,indent +4,5,'Ġ',spaces ×1,0.1187656393660902,0.0020630236331584673
TestExchangeClient.testAddLocation,0,indent +4,5,'Ġ',spaces ×1,0.11340140535773091,0.0019698439762130316
TestExchangeClient.testAddLocation,0,indent +4,5,'Ċ',newline ×1,0.10965510594407216,0.0019047687215474772
TestExchangeClient.testAddLocation,0,indent +4,5,'Ġ',spaces ×1,0.10802016623334097,0.0018763689311701373
TestExchangeClient.testAddLocation,0,indent +4,5,'Ġ',spaces ×1,0.07373354118646838,0.0012807916400404515
TestExchangeClient.testAddLocation,0,indent +4,5,'Ġ',spaces ×1,0.0680549151828578,0.0011821508234554003
TestExchangeClient.testAddLocation,0,indent +4,5,'Ġ',spaces ×1,0.06902956706451263,0.0011990810557741796
TestExchangeClient.testAddLocation,0,indent +4,5,'Ġ',spaces ×1,0.07288089938772468,0.0012659807891006027
TestExchangeClient.testAddLocation,0,indent +4,5,'Ġ',spaces ×1,0.07232019486986697,0.001256241047221274
TestExchangeClient.testAddLocation,0,indent +4,5,'Ġ',spaces ×1,0.0639965798433529,0.0011116553353548975
TestExchangeClient.testAddLocation,0,indent +4,5,'Ċ',newline ×1,0.13550507520595328,0.002353796721466679
TestExchangeClient.testAddLocation,0,indent +4,5,'Ġ',spaces ×1,0.1106247112894207,0.0019216112927908729
TestExchangeClient.testAddLocation,0,indent +4,5,'Ġ',spaces ×1,0.08977718640888471,0.0015594784675817936
TestExchangeClient.testAddLocation,0,indent +4,5,'Ġ',spaces ×1,0.0944244977937805,0.0016402047893433705
TestExchangeClient.testAddLocation,0,indent +4,5,'Ġ',spaces ×1,0.09025655256201413,0.0015678053179075337
TestExchangeClient.testAddLocation,0,indent +4,5,'Ġ',spaces ×1,0.08353646816526694,0.0014510738036302884
TestExchangeClient.testAddLocation,0,indent +4,5,'Ġ',spaces ×1,0.0851540069054888,0.001479171329702967
TestExchangeClient.testAddLocation,0,indent +4,5,'Ġ',spaces ×1,0.1046897058607217,0.001818517026404717
TestExchangeClient.testAddLocation,0,indent +4,5,'Ċ',newline ×1,0.12440210777671729,0.002160932149466214
TestExchangeClient.testAddLocation,0,indent +4,5,'Ġ',spaces ×1,0.08851078481723348,0.001537480384410678
TestExchangeClient.testAddLocation,0,indent +4,5,'Ġ',spaces ×1,0.07684445392778998,0.0013348298832587392
TestExchangeClient.testAddLocation,0,indent +4,5,'Ġ',spaces ×1,0.08152657109805161,0.0014161608004080366
TestExchangeClient.testAddLocation,0,indent +4,5,'Ġ',spaces ×1,0.08048164240517003,0.0013980098217252612
TestExchangeClient.testAddLocation,0,indent +4,5,'Ġ',spaces ×1,0.07151957406424746,0.0012423338291739719
TestExchangeClient.testAddLocation,0,indent +4,5,'Ġ',spaces ×1,0.07227698087408674,0.0012554903966538733
TestExchangeClient.testAddLocation,0,indent +4,5,'Ġ',spaces ×1,0.07950598940894296,0.001381062199502861
TestExchangeClient.testAddLocation,0,indent +4,5,'Ċ',newline ×1,0.11476804157611976,0.00199358318926754
TestExchangeClient.testAddLocation,0,indent +4,5,'Ġ',spaces ×1,0.08343938721898742,0.0014493874548885729
TestExchangeClient.testAddLocation,0,indent +4,5,'Ġ',spaces ×1,0.06960369217746593,0.0012090539206763037
TestExchangeClient.testAddLocation,0,indent +4,5,'Ġ',spaces ×1,0.06685206989378983,0.001161256747764607
TestExchangeClient.testAddLocation,0,indent +4,5,'Ġ',spaces ×1,0.06427931643843665,0.0011165666235080187
TestExchangeClient.testAddLocation,0,indent +4,5,'Ġ',spaces ×1,0.06041183346772457,0.0010493863446664011
TestExchangeClient.testAddLocation,0,indent +4,5,'Ġ',spaces ×1,0.06569276707416147,0.0011411190284070043
TestExchangeClient.testAddLocation,0,indent +4,5,'Ġ',spaces ×1,0.06319734795304072,0.0010977722435205203
TestExchangeClient.testAddLocation,0,indent +4,5,'Ċ',newline ×1,0.07290744828975346,0.0012664419579421304
TestExchangeClient.testAddLocation,0,indent +4,5,'Ġ',spaces ×1,0.040014722679406985,0.0006950774567670844
TestExchangeClient.testAddLocation,0,indent +4,5,'Ġ',spaces ×1,0.04199276024974286,0.0007294370432321525
TestExchangeClient.testAddLocation,0,indent +4,5,'Ġ',spaces ×1,0.03965943969767589,0.0006889059984927687
TestExchangeClient.testAddLocation,0,indent +4,5,'Ġ',spaces ×1,0.03803109343104339,0.0006606207398189764
TestExchangeClient.testAddLocation,0,indent +4,5,'Ġ',spaces ×1,0.03728532359833197,0.0006476663129494521
TestExchangeClient.testAddLocation,0,indent +4,5,'Ġ',spaces ×1,0.04448948209526158,0.0007728064571486728
TestExchangeClient.testAddLocation,0,indent +4,5,'Ġ',spaces ×1,0.039177195461316594,0.0006805291542988263
TestExchangeClient.testAddLocation,0,indent +4,5,'Ċ',newline ×1,0.07898214990051132,0.0013719628228511225
TestExchangeClient.testAddLocation,0,indent +4,5,'Ġ',spaces ×1,0.045658342851162326,0.0007931102030482904
TestExchangeClient.testAddLocation,0,indent +4,5,'Ġ',spaces ×1,0.03499793258865292,0.0006079330892963033
TestExchangeClient.testAddLocation,0,indent +4,5,'Ġ',spaces ×1,0.038555624686926845,0.0006697321324994996
TestExchangeClient.testAddLocation,0,indent +4,5,'Ġ',spaces ×1,0.04091254339014863,0.0007106730899357802
TestExchangeClient.testAddLocation,0,indent +4,5,'Ġ',spaces ×1,0.04492429461077352,0.0007803593866010135
TestExchangeClient.testAddLocation,0,indent +4,5,'Ġ',spaces ×1,0.051158052656753265,0.0008886431481408839
TestExchangeClient.testAddLocation,0,indent +4,5,'Ġ',spaces ×1,0.046061166174039096,0.000800107462857759
TestExchangeClient.testAddLocation,0,indent +4,5,'Ċ',newline ×1,0.11173440293669618,0.0019408872391510077
TestExchangeClient.testAddLocation,0,indent +4,5,'Ġ',spaces ×1,0.06567231587950298,0.0011407637800529182
TestExchangeClient.testAddLocation,0,indent +4,5,'Ġ',spaces ×1,0.05388463969323991,0.000936005445217369
TestExchangeClient.testAddLocation,0,indent +4,5,'Ġ',spaces ×1,0.05747770660746247,0.000998418968178433
TestExchangeClient.testAddLocation,0,indent +4,5,'Ġ',spaces ×1,0.053005955583133035,0.0009207422251908798
TestExchangeClient.testAddLocation,0,indent +4,5,'Ġ',spaces ×1,0.06470493445947842,0.0011239598395997598
TestExchangeClient.testAddLocation,0,indent +4,5,'Ġ',spaces ×1,0.05780608744484842,0.0010041231216004118
TestExchangeClient.testAddLocation,0,indent +4,5,'Ġ',spaces ×1,0.05850504489159736,0.0010162643919115189
TestExchangeClient.testAddLocation,0,indent +4,5,'Ċ',newline ×1,0.100018683170528,0.0017373788263973467
TestExchangeClient.testAddLocation,0,indent +4,5,'Ġ',spaces ×1,0.061495316130327105,0.0010682070267340185
TestExchangeClient.testAddLocation,0,indent +4,5,'Ġ',spaces ×1,0.0609585072918623,0.001058882365778609
TestExchangeClient.testAddLocation,0,indent +4,5,'Ġ',spaces ×1,0.05926055772809481,0.0010293880600462425
TestExchangeClient.testAddLocation,0,indent +4,5,'Ġ',spaces ×1,0.05835507084957002,0.001013659261381223
TestExchangeClient.testAddLocation,0,indent +4,5,'Ġ',spaces ×1,0.05813897359135068,0.0010099055346876544
TestExchangeClient.testAddLocation,0,indent +4,5,'Ġ',spaces ×1,0.0606310783304746,0.0010531947469594892
TestExchangeClient.testAddLocation,0,indent +4,5,'Ġ',spaces ×1,0.06012361387860822,0.0010443798139302392
TestExchangeClient.testAddLocation,0,indent +4,5,'Ċ',newline ×1,0.09251536592796056,0.0016070421323743636
TestExchangeClient.testAddLocation,0,indent +4,5,'Ġ',spaces ×1,0.05849247400272924,0.0010160460287471965
TestExchangeClient.testAddLocation,0,indent +4,5,'Ġ',spaces ×1,0.055010019718591915,0.0009555539072218479
TestExchangeClient.testAddLocation,0,indent +4,5,'Ġ',spaces ×1,0.05503137098133354,0.0009559247902471813
TestExchangeClient.testAddLocation,0,indent +4,5,'Ġ',spaces ×1,0.051068567609013,0.0008870887442805769
TestExchangeClient.testAddLocation,0,indent +4,5,'Ġ',spaces ×1,0.04618795999461933,0.0008023099403570733
TestExchangeClient.testAddLocation,0,indent +4,5,'Ġ',spaces ×1,0.04791174877358244,0.0008322530872853896
TestExchangeClient.testAddLocation,0,indent +4,5,'Ġ',spaces ×1,0.040883660931738654,0.0007101713859530329
TestExchangeClient.testAddLocation,0,indent +4,5,'Ċ',newline ×1,0.08704957128572202,0.0015120983120816016
TestExchangeClient.testAddLocation,0,indent +4,5,'Ġ',spaces ×1,0.0590190660123277,0.0010251932178385241
TestExchangeClient.testAddLocation,0,indent +4,5,'Ġ',spaces ×1,0.04453393477533116,0.0007735786243346557
TestExchangeClient.testAddLocation,0,indent +4,5,'Ġ',spaces ×1,0.0456807949681549,0.0007935002085096119
TestExchangeClient.testAddLocation,0,indent +4,5,'Ġ',spaces ×1,0.042688593250024456,0.0007415240402118729
TestExchangeClient.testAddLocation,0,indent +4,5,'Ġ',spaces ×1,0.04581039571741337,0.0007957514438839369
TestExchangeClient.testAddLocation,0,indent +4,5,'Ġ',spaces ×1,0.048247595424334835,0.0008380869259387025
TestExchangeClient.testAddLocation,0,indent +4,5,'Ġ',spaces ×1,0.047363900359431416,0.0008227366629069709
TestExchangeClient.testAddLocation,0,indent +4,5,'Ċ',newline ×1,0.0693879645738263,0.0012053066150834687
TestExchangeClient.testAddLocation,0,indent +4,5,'Ġ',spaces ×1,0.06221573309344888,0.0010807210604948036
TestExchangeClient.testAddLocation,0,indent +4,5,'Ġ',spaces ×1,0.05257852996319225,0.0009133176101249248
TestExchangeClient.testAddLocation,0,indent +4,5,'Ġ',spaces ×1,0.060419339252726155,0.001049516724226738
TestExchangeClient.testAddLocation,0,indent +4,5,'Ġ',spaces ×1,0.05137582243206297,0.0008924259273643149
TestExchangeClient.testAddLocation,0,indent +4,5,'Ġ',spaces ×1,0.05784269348179031,0.0010047589883353568
TestExchangeClient.testAddLocation,0,indent +4,5,'Ġ',spaces ×1,0.04425291617918804,0.0007686971787558279
TestExchangeClient.testAddLocation,0,indent +4,5,'Ġ',spaces ×1,0.04989251029539293,0.0008666599902663936
TestExchangeClient.testAddLocation,0,indent +4,5,'Ċ',newline ×1,0.06476806002851684,0.001125056365004565
TestExchangeClient.testAddLocation,0,indent +4,5,'Ġ',spaces ×1,0.05751016882660728,0.0009989828545485815
TestExchangeClient.testAddLocation,0,indent +4,5,'Ġ',spaces ×1,0.05348226358190186,0.0009290159537151171
TestExchangeClient.testAddLocation,0,indent +4,5,'Ġ',spaces ×1,0.04979114768749703,0.0008648992667379054
TestExchangeClient.testAddLocation,0,indent +4,5,'Ġ',spaces ×1,0.05194561825018042,0.0009023235900647843
TestExchangeClient.testAddLocation,0,indent +4,5,'Ġ',spaces ×1,0.044994195475019205,0.0007815736025618482
TestExchangeClient.testAddLocation,0,indent +4,5,'Ġ',spaces ×1,0.04243727555584043,0.0007371585154245701
TestExchangeClient.testAddLocation,0,indent +4,5,'Ġ',spaces ×1,0.05850817846388544,0.0010163188237633661
TestExchangeClient.testAddLocation,0,indent +4,5,'Ċ',newline ×1,0.062032082700236815,0.0010775309534616787
TestExchangeClient.testAddLocation,0,indent +4,5,'Ġ',spaces ×1,0.03142118845578317,0.0005458031019089075
TestExchangeClient.testAddLocation,0,indent +4,5,'Ġ',spaces ×1,0.03692450184368482,0.0006413986431826079
TestExchangeClient.testAddLocation,0,indent +4,5,'Ġ',spaces ×1,0.042146268274114454,0.0007321035609543523
TestExchangeClient.testAddLocation,0,indent +4,5,'Ġ',spaces ×1,0.04457817594647499,0.0007743471174957711
TestExchangeClient.testAddLocation,0,indent +4,5,'Ġ',spaces ×1,0.04322122845649755,0.0007507762029137391
TestExchangeClient.testAddLocation,0,indent +4,5,'Ġ',spaces ×1,0.041275643080096604,0.0007169803286754813
TestExchangeClient.testAddLocation,0,indent +4,5,'Ġ',spaces ×1,0.04188747420827027,0.0007276081675324216
TestExchangeClient.testAddLocation,0,indent +4,5,'Ċ',newline ×1,0.08058117435657974,0.0013997387457567285
TestExchangeClient.testAddLocation,0,indent +4,5,'Ġ',spaces ×1,0.06420911227100012,0.001115347139006097
TestExchangeClient.testAddLocation,0,indent +4,5,'Ġ',spaces ×1,0.05739362702501818,0.0009969584601849215
TestExchangeClient.testAddLocation,0,indent +4,5,'Ġ',spaces ×1,0.049313565994460615,0.0008566034134527568
TestExchangeClient.testAddLocation,0,indent +4,5,'Ġ',spaces ×1,0.04018134861366977,0.0006979718397057528
TestExchangeClient.testAddLocation,0,indent +4,5,'Ġ',spaces ×1,0.03900906426577575,0.0006776086241545582
TestExchangeClient.testAddLocation,0,indent +4,5,'Ġ',spaces ×1,0.04274445920094101,0.0007424944621086849
TestExchangeClient.testAddLocation,0,indent +4,5,'Ġ',spaces ×1,0.042844553468942226,0.0007442331538846259
TestExchangeClient.testAddLocation,0,indent +4,5,'Ċ',newline ×1,0.07941623147084273,0.0013795030553888504
TestExchangeClient.testAddLocation,0,indent +4,5,'Ġ',spaces ×1,0.06347185543521465,0.0011025405875148468
TestExchangeClient.testAddLocation,0,indent +4,5,'Ġ',spaces ×1,0.060320296600522336,0.0010477962995881153
TestExchangeClient.testAddLocation,0,indent +4,5,'Ġ',spaces ×1,0.06579037334134188,0.001142814502257963
TestExchangeClient.testAddLocation,0,indent +4,5,'Ġ',spaces ×1,0.06779733313581864,0.0011776764834581126
TestExchangeClient.testAddLocation,0,indent +4,5,'Ġ',spaces ×1,0.06484643451851405,0.0011264177724449997
TestExchangeClient.testAddLocation,0,indent +4,5,'Ġ',spaces ×1,0.0676630341436884,0.0011753436370544486
TestExchangeClient.testAddLocation,0,indent +4,5,'Ġ',spaces ×1,0.056518267130210215,0.000981752983582877
TestExchangeClient.testAddLocation,0,indent +4,5,'Ċ',newline ×1,0.10443551302519441,0.0018141015588513795
TestExchangeClient.testAddLocation,0,indent +4,5,'Ġ',spaces ×1,0.06370613758105895,0.0011066101955789606
TestExchangeClient.testAddLocation,0,indent +4,5,'Ġ',spaces ×1,0.053546449509424464,0.0009301308981224567
TestExchangeClient.testAddLocation,0,indent +4,5,'Ġ',spaces ×1,0.050735495309963734,0.0008813030976225314
TestExchangeClient.testAddLocation,0,indent +4,5,'Ġ',spaces ×1,0.042967862354292854,0.0007463750961670451
TestExchangeClient.testAddLocation,0,indent +4,5,'Ġ',spaces ×1,0.04388675712426154,0.0007623367971855331
TestExchangeClient.testAddLocation,0,indent +4,5,'Ġ',spaces ×1,0.046924633542344524,0.0008151063598180516
TestExchangeClient.testAddLocation,0,indent +4,5,'Ġ',spaces ×1,0.057167848141164455,0.0009930365583979694
TestExchangeClient.testAddLocation,0,strip indent,0,'Ċ',newline ×1,0.003448920261084118,0.0010100656746536898
TestExchangeClient.testAddLocation,0,strip indent,0,'Ċ',newline ×1,0.004885557859171006,0.0014308055627624268
TestExchangeClient.testAddLocation,0,strip indent,0,'Ċ',newline ×1,0.002379553743920882,0.0006968863806009396
TestExchangeClient.testAddLocation,0,strip indent,0,'Ċ',newline ×1,0.00012592682592985852,3.687947379504175e-05
TestExchangeClient.testAddLocation,0,strip indent,0,'Ċ',newline ×1,0.0034895663117578577,0.0010219694524994766
TestExchangeClient.testAddLocation,0,strip indent,0,'Ċ',newline ×1,0.004174320008709046,0.0012225093758739885
TestExchangeClient.testAddLocation,0,strip indent,0,'Ċ',newline ×1,0.0023112344940311403,0.0006768781101835701
TestExchangeClient.testAddLocation,0,strip indent,0,'Ċ',newline ×1,0.0035593102460564486,0.0010423949621423598
TestExchangeClient.testAddLocation,0,strip indent,0,'Ċ',newline ×1,0.0038060013093339823,0.0011146419717563583
TestExchangeClient.testAddLocation,0,strip indent,0,'Ċ',newline ×1,0.00099530288732747,0.0002914886997292243
TestExchangeClient.testAddLocation,0,strip indent,0,'Ċ',newline ×1,0.0047858984011079474,0.0014016188637018803
TestExchangeClient.testAddLocation,0,strip indent,0,'Ċ',newline ×1,0.002010776196782103,0.0005888845963466475
TestExchangeClient.testAddLocation,0,strip indent,0,'Ċ',newline ×1,0.0016779062750708752,0.0004913988742675044
TestExchangeClient.testAddLocation,0,strip indent,0,'Ċ',newline ×1,0.0022299603728901315,0.0006530758202528733
TestExchangeClient.testAddLocation,0,strip indent,0,'Ċ',newline ×1,0.003493046081708873,0.0010229885529474839
TestExchangeClient.testAddLocation,0,strip indent,0,'Ċ',newline ×1,0.0032958912109511936,0.0009652489264939224
TestExchangeClient.testAddLocation,0,strip indent,0,'Ċ',newline ×1,0.004224665122186623,0.0012372536631177476
TestExchangeClient.testAddLocation,0,strip indent,0,'Ċ',newline ×1,0.0042266725609999105,0.0012378415703135585
TestExchangeClient.testAddLocation,0,strip indent,0,'Ċ',newline ×1,0.005947319700678872,0.001741757718677762
TestExchangeClient.testAddLocation,0,strip indent,0,'Ċ',newline ×1,0.005528956582766095,0.001619234090134387
TestExchangeClient.testAddLocation,0,strip indent,0,'Ċ',newline ×1,0.002357092294771765,0.0006903082236500535
TestExchangeClient.testAddLocation,0,strip indent,0,'Ċ',newline ×1,0.0025663647547039805,0.0007515966595738887
TestExchangeClient.testAddLocation,0,strip indent,0,'Ċ',newline ×1,0.0025376443201056554,0.0007431854691279298
TestExchangeClient.testAddLocation,0,strip indent,0,'Ċ',newline ×1,0.0026181016613593478,0.0007667485533752611
TestExchangeClient.testAddLocation,0,strip indent,0,'Ċ',newline ×1,0.00237117700238743,0.000694433131917908
TestExchangeClient.testAddLocation,0,strip indent,0,'Ċ',newline ×1,0.002022827468373037,0.0005924139837631329
TestExchangeClient.testAddLocation,0,strip indent,0,'Ċ',newline ×1,0.001982353720321608,0.0005805606672070465
TestDelegationToken.testDelegationTokenSecretManager,1,original,0,'Ċ',newline ×1,0.011005416059498384,0.0022127817759998625
TestDelegationToken.testDelegationTokenSecretManager,1,original,0,'Ċ',newline ×1,0.01235276058781924,0.002483682885248558
TestDelegationToken.testDelegationTokenSecretManager,1,original,0,'Ġ',spaces ×1,0.005606289798390085,0.0011272173473300703
TestDelegationToken.testDelegationTokenSecretManager,1,original,0,'Ġ',spaces ×1,0.005581394977076163,0.001122211920309192
TestDelegationToken.testDelegationTokenSecretManager,1,original,0,'Ġ',spaces ×1,0.005139102529684017,0.0010332832817224627
TestDelegationToken.testDelegationTokenSecretManager,1,original,0,'Ċ',newline ×1,0.009830250049699302,0.0019764993931985705
TestDelegationToken.testDelegationTokenSecretManager,1,original,0,'Ġ',spaces ×1,0.0018923133081747202,0.00038047415746696303
TestDelegationToken.testDelegationTokenSecretManager,1,original,0,'Ġ',spaces ×1,7.245145801557519e-05,1.4567306231291279e-05
TestDelegationToken.testDelegationTokenSecretManager,1,original,0,'Ġ',spaces ×1,0.003353067928976602,0.000674177838149556
TestDelegationToken.testDelegationTokenSecretManager,1,original,0,'Ċ',newline ×1,0.006489171834911793,0.001304732242742568
TestDelegationToken.testDelegationTokenSecretManager,1,original,0,'Ġ',spaces ×1,0.0025089471376047025,0.0005044563942902626
TestDelegationToken.testDelegationTokenSecretManager,1,original,0,'Ġ',spaces ×1,0.0029830453805913663,0.0005997800009983456
TestDelegationToken.testDelegationTokenSecretManager,1,original,0,'Ġ',spaces ×1,0.0035463639688185613,0.0007130425164154975
TestDelegationToken.testDelegationTokenSecretManager,1,original,0,'Ċ',newline ×1,0.006785387258929288,0.0013642901993425169
TestDelegationToken.testDelegationTokenSecretManager,1,original,0,'Ġ',spaces ×1,0.0021574614056985735,0.0004337856247454258
TestDelegationToken.testDelegationTokenSecretManager,1,original,0,'Ġ',spaces ×1,0.0021450749144967234,0.00043129515988232043
TestDelegationToken.testDelegationTokenSecretManager,1,original,0,'Ġ',spaces ×1,0.002973964699539839,0.0005979542121834697
TestDelegationToken.testDelegationTokenSecretManager,1,original,0,'Ġ',spaces ×1,0.0027879761946624474,0.0005605588086918446
TestDelegationToken.testDelegationTokenSecretManager,1,original,0,'Ġ',spaces ×1,0.0031110316337913074,0.000625513298779024
TestDelegationToken.testDelegationTokenSecretManager,1,original,0,'Ġ',spaces ×1,0.0034842544414801415,0.0007005545896104218
TestDelegationToken.testDelegationTokenSecretManager,1,original,0,'Ġ',spaces ×1,0.0033857693625494656,0.0006807528859140292
TestDelegationToken.testDelegationTokenSecretManager,1,original,0,'Ċ',newline ×1,0.007098475135222896,0.0014272405815183066
TestDelegationToken.testDelegationTokenSecretManager,1,original,0,'Ġ',spaces ×1,0.00453869087147638,0.0009125627230269043
TestDelegationToken.testDelegationTokenSecretManager,1,original,0,'Ġ',spaces ×1,0.004174739064298369,0.0008393854872084861
TestDelegationToken.testDelegationTokenSecretManager,1,original,0,'Ġ',spaces ×1,0.003979738365761992,0.0008001780651813896
TestDelegationToken.testDelegationTokenSecretManager,1,original,0,'Ġ',spaces ×1,0.0038816722643554144,0.0007804606023555708
TestDelegationToken.testDelegationTokenSecretManager,1,original,0,'Ġ',spaces ×1,0.0032752720428739744,0.000658535965267605
TestDelegationToken.testDelegationTokenSecretManager,1,original,0,'Ġ',spaces ×1,0.0028852183109482022,0.0005801105986117783
TestDelegationToken.testDelegationTokenSecretManager,1,original,0,'Ġ',spaces ×1,0.0016835278720327442,0.00033849513498462674
TestDelegationToken.testDelegationTokenSecretManager,1,original,0,'Ċ',newline ×1,0.010713522861714661,0.002154092859097289
TestDelegationToken.testDelegationTokenSecretManager,1,original,0,'Ġ',spaces ×1,0.0037946133062071383,0.0007629562685814944
TestDelegationToken.testDelegationTokenSecretManager,1,original,0,'Ġ',spaces ×1,0.00367339856643734,0.0007385844714867647
TestDelegationToken.testDelegationTokenSecretManager,1,original,0,'Ġ',spaces ×1,0.0042721080192707215,0.0008589627796930369
TestDelegationToken.testDelegationTokenSecretManager,1,original,0,'Ċ',newline ×1,0.009552833028586172,0.0019207210995518254
TestDelegationToken.testDelegationTokenSecretManager,1,original,0,'Ġ',spaces ×1,0.003727598115990603,0.0007494819945672621
TestDelegationToken.testDelegationTokenSecretManager,1,original,0,'Ġ',spaces ×1,0.004984916723251598,0.0010022822236300667
TestDelegationToken.testDelegationTokenSecretManager,1,original,0,'Ġ',spaces ×1,0.004888949076005194,0.000982986682256222
TestDelegationToken.testDelegationTokenSecretManager,1,original,0,'Ċ',newline ×1,0.010694954150307145,0.0021503593786014845
TestDelegationToken.testDelegationTokenSecretManager,1,original,0,'Ġ',spaces ×1,0.00362959034917235,0.0007297762606677517
TestDelegationToken.testDelegationTokenSecretManager,1,original,0,'Ġ',spaces ×1,0.003786985211259576,0.0007614225410609438
TestDelegationToken.testDelegationTokenSecretManager,1,original,0,'Ġ',spaces ×1,0.0034769072000521606,0.0006990773313361492
TestDelegationToken.testDelegationTokenSecretManager,1,original,0,'Ċ',newline ×1,0.0065907612153970185,0.0013251581065679354
TestDelegationToken.testDelegationTokenSecretManager,1,original,0,'Ġ',spaces ×1,0.002310628375775412,0.0004645818325615429
TestDelegationToken.testDelegationTokenSecretManager,1,original,0,'Ġ',spaces ×1,0.0018974923978794913,0.00038151548068936816
TestDelegationToken.testDelegationTokenSecretManager,1,original,0,'Ġ',spaces ×1,0.0012918584366792244,0.00025974491017886626
TestDelegationToken.testDelegationTokenSecretManager,1,original,0,'Ċ',newline ×1,0.006821502931001648,0.0013715517240824866
TestDelegationToken.testDelegationTokenSecretManager,1,original,0,'Ġ',spaces ×1,0.0010482014375526442,0.00021075450724023482
TestDelegationToken.testDelegationTokenSecretManager,1,original,0,'Ġ',spaces ×1,0.0011039454139998516,0.00022196255739820116
TestDelegationToken.testDelegationTokenSecretManager,1,original,0,'Ġ',spaces ×1,0.00012899882171598563,2.593688782644703e-05
TestDelegationToken.testDelegationTokenSecretManager,1,original,0,'Ċ',newline ×1,0.010595453130245801,0.0021303534067513685
TestDelegationToken.testDelegationTokenSecretManager,1,original,0,'Ġ',spaces ×1,0.0025341793657335174,0.0005095296613316412
TestDelegationToken.testDelegationTokenSecretManager,1,original,0,'Ġ',spaces ×1,0.0028499256208546777,0.0005730145450829741
TestDelegationToken.testDelegationTokenSecretManager,1,original,0,'Ġ',spaces ×1,0.003241355139384023,0.0006517165314965267
TestDelegationToken.testDelegationTokenSecretManager,1,original,0,'Ċ',newline ×1,0.008406459242203323,0.0016902277670618998
TestDelegationToken.testDelegationTokenSecretManager,1,original,0,'Ġ',spaces ×1,0.0034951412307281005,0.0007027435199258953
TestDelegationToken.testDelegationTokenSecretManager,1,original,0,'Ġ',spaces ×1,0.00383136184539871,0.0007703450394719456
TestDelegationToken.testDelegationTokenSecretManager,1,original,0,'Ġ',spaces ×1,0.003593346361768231,0.0007224889364644849
TestDelegationToken.testDelegationTokenSecretManager,1,original,0,'Ċ',newline ×1,0.007091468393155863,0.0014258317850610676
TestDelegationToken.testDelegationTokenSecretManager,1,original,0,'Ġ',spaces ×1,0.0026449832643735387,0.0005318082236590296
TestDelegationToken.testDelegationTokenSecretManager,1,original,0,'Ġ',spaces ×1,0.0031245946451226164,0.0006282403182882682
TestDelegationToken.testDelegationTokenSecretManager,1,original,0,'Ġ',spaces ×1,0.0029516383242862683,0.0005934652045877417
TestDelegationToken.testDelegationTokenSecretManager,1,original,0,'Ċ',newline ×1,0.008847528783222616,0.001778910524446049
TestDelegationToken.testDelegationTokenSecretManager,1,original,0,'Ġ',spaces ×1,0.004135308410980531,0.0008314574424525428
TestDelegationToken.testDelegationTokenSecretManager,1,original,0,'Ġ',spaces ×1,0.004497610726484819,0.0009043030265555197
TestDelegationToken.testDelegationTokenSecretManager,1,original,0,'Ġ',spaces ×1,0.00454342093385859,0.0009135137634766346
TestDelegationToken.testDelegationTokenSecretManager,1,original,0,'Ċ',newline ×1,0.007706039381656759,0.0015493992609348498
TestDelegationToken.testDelegationTokenSecretManager,1,original,0,'Ġ',spaces ×1,0.003235111399317397,0.0006504611464971031
TestDelegationToken.testDelegationTokenSecretManager,1,original,0,'Ġ',spaces ×1,0.0030592667317538465,0.0006151052931892625
TestDelegationToken.testDelegationTokenSecretManager,1,original,0,'Ġ',spaces ×1,0.0026075699288098724,0.0005242857868272846
TestDelegationToken.testDelegationTokenSecretManager,1,original,0,'Ċ',newline ×1,0.007071036212101263,0.0014217236298003195
TestDelegationToken.testDelegationTokenSecretManager,1,original,0,'Ġ',spaces ×1,0.0037876282444824867,0.0007615518312385552
TestDelegationToken.testDelegationTokenSecretManager,1,original,0,'Ġ',spaces ×1,0.0031238209246619046,0.0006280847517448567
TestDelegationToken.testDelegationTokenSecretManager,1,original,0,'Ġ',spaces ×1,0.003164739275174094,0.0006363119173356753
TestDelegationToken.testDelegationTokenSecretManager,1,original,0,'Ġ',spaces ×1,0.003921706020923,0.0007885099088496322
TestDelegationToken.testDelegationTokenSecretManager,1,original,0,'Ġ',spaces ×1,0.003634883264084858,0.0007308404699259021
TestDelegationToken.testDelegationTokenSecretManager,1,original,0,'Ġ',spaces ×1,0.0033616807777443044,0.0006759095632101607
TestDelegationToken.testDelegationTokenSecretManager,1,original,0,'Ġ',spaces ×1,0.002189810703582516,0.0004402898710580583
TestDelegationToken.testDelegationTokenSecretManager,1,original,0,'Ċ',newline ×1,0.006129436613150354,0.001232402806163751
TestDelegationToken.testDelegationTokenSecretManager,1,original,0,'Ġ',spaces ×1,0.0018967222202790723,0.00038136062648401356
TestDelegationToken.testDelegationTokenSecretManager,1,original,0,'Ġ',spaces ×1,0.0019886720379139987,0.0003998483310532082
TestDelegationToken.testDelegationTokenSecretManager,1,original,0,'Ġ',spaces ×1,0.0020519441143743338,0.00041257000345197803
TestDelegationToken.testDelegationTokenSecretManager,1,original,0,'Ġ',spaces ×1,0.0024208176914103817,0.0004867368249969739
TestDelegationToken.testDelegationTokenSecretManager,1,original,0,'Ġ',spaces ×1,0.003025746715710482,0.000608365658791891
TestDelegationToken.testDelegationTokenSecretManager,1,original,0,'Ġ',spaces ×1,0.0031608830498750327,0.000635536573176056
TestDelegationToken.testDelegationTokenSecretManager,1,original,0,'Ġ',spaces ×1,0.0032910000877574156,0.00066169829287994
TestDelegationToken.testDelegationTokenSecretManager,1,original,0,'Ċ',newline ×1,0.006807289837258963,0.0013686939970647743
TestDelegationToken.testDelegationTokenSecretManager,1,original,0,'Ġ',spaces ×1,0.0029143594596507724,0.0005859698048818671
TestDelegationToken.testDelegationTokenSecretManager,1,original,0,'Ġ',spaces ×1,0.003448817867509021,0.0006934296063600621
TestDelegationToken.testDelegationTokenSecretManager,1,original,0,'Ġ',spaces ×1,0.002826800185413202,0.0005683648760627108
TestDelegationToken.testDelegationTokenSecretManager,1,original,0,'Ċ',newline ×1,0.0068239758896562015,0.0013720489445250407
TestDelegationToken.testDelegationTokenSecretManager,1,original,0,'Ġ',spaces ×1,0.0021102863753168924,0.0004243004724398272
TestDelegationToken.testDelegationTokenSecretManager,1,original,0,'Ġ',spaces ×1,0.0026810263283998403,0.0005390551496087089
TestDelegationToken.testDelegationTokenSecretManager,1,original,0,'Ġ',spaces ×1,0.002419479168670661,0.0004864676976228517
TestDelegationToken.testDelegationTokenSecretManager,1,original,0,'Ċ',newline ×1,0.005838101691493399,0.0011738261379242553
TestDelegationToken.testDelegationTokenSecretManager,1,original,0,'Ġ',spaces ×1,0.0036262045893669763,0.0007290955097034319
TestDelegationToken.testDelegationTokenSecretManager,1,original,0,'Ġ',spaces ×1,0.0031170743651166553,0.0006267282683614282
TestDelegationToken.testDelegationTokenSecretManager,1,original,0,'Ġ',spaces ×1,0.0032318956396392828,0.0006498145762653866
TestDelegationToken.testDelegationTokenSecretManager,1,original,0,'Ċ',newline ×1,0.006918250598672109,0.0013910040986891622
TestDelegationToken.testDelegationTokenSecretManager,1,original,0,'Ġ',spaces ×1,0.0028353774745456897,0.0005700894513970044
TestDelegationToken.testDelegationTokenSecretManager,1,original,0,'Ġ',spaces ×1,0.0030255490214789764,0.0006083259098000918
TestDelegationToken.testDelegationTokenSecretManager,1,original,0,'Ġ',spaces ×1,0.0028403315236504227,0.0005710855272851941
TestDelegationToken.testDelegationTokenSecretManager,1,original,0,'Ċ',newline ×1,0.005394167723415021,0.0010845674502926025
TestDelegationToken.testDelegationTokenSecretManager,1,original,0,'Ġ',spaces ×1,0.0034474517498820747,0.0006931549306756139
TestDelegationToken.testDelegationTokenSecretManager,1,original,0,'Ġ',spaces ×1,0.002642562957223501,0.0005313215894850036
TestDelegationToken.testDelegationTokenSecretManager,1,original,0,'Ġ',spaces ×1,0.002228767481318863,0.0004481226369762779
TestDelegationToken.testDelegationTokenSecretManager,1,original,0,'Ċ',newline ×1,0.007393106864765074,0.0014864801157837622
TestDelegationToken.testDelegationTokenSecretManager,1,original,0,'Ġ',spaces ×1,0.0038226168559714856,0.0007685867458162349
TestDelegationToken.testDelegationTokenSecretManager,1,original,0,'Ġ',spaces ×1,0.002993453896683751,0.0006018727682867346
TestDelegationToken.testDelegationTokenSecretManager,1,original,0,'Ġ',spaces ×1,0.002183781881254807,0.00043907769806020226
TestDelegationToken.testDelegationTokenSecretManager,1,original,0,'Ċ',newline ×1,0.0068754444645233465,0.0013823973696901583
TestDelegationToken.testDelegationTokenSecretManager,1,original,0,'Ġ',spaces ×1,0.0038693330299998754,0.0007779796390949258
TestDelegationToken.testDelegationTokenSecretManager,1,original,0,'Ġ',spaces ×1,0.004096093042804471,0.0008235726835692821
TestDelegationToken.testDelegationTokenSecretManager,1,original,0,'Ġ',spaces ×1,0.0042302979810606885,0.000850556328714278
TestDelegationToken.testDelegationTokenSecretManager,1,original,0,'Ġ',spaces ×1,0.0034220775171478583,0.000688053111764752
TestDelegationToken.testDelegationTokenSecretManager,1,original,0,'Ġ',spaces ×1,0.0029953761549138284,0.0006022592632595085
TestDelegationToken.testDelegationTokenSecretManager,1,original,0,'Ġ',spaces ×1,0.002869235565347237,0.0005768970601135463
TestDelegationToken.testDelegationTokenSecretManager,1,original,0,'Ġ',spaces ×1,0.0018333573137016839,0.000368620289385048
TestDelegationToken.testDelegationTokenSecretManager,1,original,0,'Ċ',newline ×1,0.005334497234353493,0.0010725699237977826
TestDelegationToken.testDelegationTokenSecretManager,1,original,0,'Ġ',spaces ×1,0.002256754395475538,0.000453749769406125
TestDelegationToken.testDelegationTokenSecretManager,1,original,0,'Ġ',spaces ×1,0.001218267358591175,0.0002449484685369461
TestDelegationToken.testDelegationTokenSecretManager,1,original,0,'Ġ',spaces ×1,0.001018090920345364,0.0002047003968474982
TestDelegationToken.testDelegationTokenSecretManager,1,original,0,'Ġ',spaces ×1,0.0008782314745088915,0.00017657983954414333
TestDelegationToken.testDelegationTokenSecretManager,1,original,0,'Ġ',spaces ×1,0.0009162464290155333,0.00018422323967485994
TestDelegationToken.testDelegationTokenSecretManager,1,original,0,'Ġ',spaces ×1,0.0007983732785461572,0.00016052331249098814
TestDelegationToken.testDelegationTokenSecretManager,1,original,0,'Ġ',spaces ×1,0.0005518024253730773,0.00011094704136735038
TestDelegationToken.testDelegationTokenSecretManager,1,original,0,'Ċ',newline ×1,0.0039677575059978544,0.0007977691577849252
TestDelegationToken.testDelegationTokenSecretManager,1,original,0,'Ġ',spaces ×1,0.0014500298425446684,0.00029154732478010805
TestDelegationToken.testDelegationTokenSecretManager,1,original,0,'Ġ',spaces ×1,0.0013430196515267715,0.00027003153662175837
TestDelegationToken.testDelegationTokenSecretManager,1,original,0,'Ġ',spaces ×1,0.0002755243605695668,5.5397749673095125e-05
TestDelegationToken.testDelegationTokenSecretManager,1,original,0,'Ċ',newline ×1,0.0024254939615108734,0.0004876770498101095
TestDelegationToken.testDelegationTokenSecretManager,1,original,0,'Ġ',spaces ×1,0.0007197031702917329,0.00014470566589587516
TestDelegationToken.testDelegationTokenSecretManager,1,original,0,'Ġ',spaces ×1,0.00024416475961931163,4.909249477766908e-05
TestDelegationToken.testDelegationTokenSecretManager,1,original,0,'Ġ',spaces ×1,0.00016096323916725108,3.236374893139975e-05
TestDelegationToken.testDelegationTokenSecretManager,1,original,0,'Ċ',newline ×1,0.0035035276001803527,0.0007044297083798729
TestDelegationToken.testDelegationTokenSecretManager,1,indent +4,5,'Ċ',newline ×1,0.024350568806807332,0.0019900719453346256
TestDelegationToken.testDelegationTokenSecretManager,1,indent +4,5,'Ġ',spaces ×1,0.21041804927580585,0.01719660267396945
TestDelegationToken.testDelegationTokenSecretManager,1,indent +4,5,'Ġ',spaces ×1,0.02932400933480541,0.0023965308065252646
TestDelegationToken.testDelegationTokenSecretManager,1,indent +4,5,'Ġ',spaces ×1,0.25690005694646745,0.020995386191599356
TestDelegationToken.testDelegationTokenSecretManager,1,indent +4,5,'Ċ',newline ×1,0.03715399767205575,0.0030364435841644926
TestDelegationToken.testDelegationTokenSecretManager,1,indent +4,5,'Ġ',spaces ×1,0.049524658143584185,0.004047446840185621
TestDelegationToken.testDelegationTokenSecretManager,1,indent +4,5,'Ġ',spaces ×1,0.038115011798971185,0.0031149833204728293
TestDelegationToken.testDelegationTokenSecretManager,1,indent +4,5,'Ġ',spaces ×1,0.0427788280660928,0.0034961378628997537
TestDelegationToken.testDelegationTokenSecretManager,1,indent +4,5,'Ġ',spaces ×1,0.039526959806239104,0.0032303760301802716
TestDelegationToken.testDelegationTokenSecretManager,1,indent +4,5,'Ġ',spaces ×1,0.03843452573747752,0.003141095881957926
TestDelegationToken.testDelegationTokenSecretManager,1,indent +4,5,'Ġ',spaces ×1,0.03783139258161973,0.0030918042870758306
TestDelegationToken.testDelegationTokenSecretManager,1,indent +4,5,'Ġ',spaces ×1,0.04262154283625394,0.0034832835872645033
TestDelegationToken.testDelegationTokenSecretManager,1,indent +4,5,'Ċ',newline ×1,0.01886504273810212,0.0015417624367830148
TestDelegationToken.testDelegationTokenSecretManager,1,indent +4,5,'Ġ',spaces ×1,0.03253942490823774,0.0026593135109477944
TestDelegationToken.testDelegationTokenSecretManager,1,indent +4,5,'Ġ',spaces ×1,0.0286822311105442,0.00234408090897413
TestDelegationToken.testDelegationTokenSecretManager,1,indent +4,5,'Ġ',spaces ×1,0.027477960090803152,0.002245660786225449
TestDelegationToken.testDelegationTokenSecretManager,1,indent +4,5,'Ġ',spaces ×1,0.0300795636346845,0.002458279155292624
TestDelegationToken.testDelegationTokenSecretManager,1,indent +4,5,'Ġ',spaces ×1,0.03252249719776755,0.0026579300787178232
TestDelegationToken.testDelegationTokenSecretManager,1,indent +4,5,'Ġ',spaces ×1,0.03431232856774834,0.0028042056431425385
TestDelegationToken.testDelegationTokenSecretManager,1,indent +4,5,'Ġ',spaces ×1,0.03282096502071782,0.0026823226276455666
TestDelegationToken.testDelegationTokenSecretManager,1,indent +4,5,'Ċ',newline ×1,0.021191608497297842,0.0017319030976885297
TestDelegationToken.testDelegationTokenSecretManager,1,indent +4,5,'Ġ',spaces ×1,0.025280832361060906,0.00206609856367669
TestDelegationToken.testDelegationTokenSecretManager,1,indent +4,5,'Ġ',spaces ×1,0.02341153038771247,0.0019133281933402311
TestDelegationToken.testDelegationTokenSecretManager,1,indent +4,5,'Ġ',spaces ×1,0.02335975488905629,0.001909096794552431
TestDelegationToken.testDelegationTokenSecretManager,1,indent +4,5,'Ġ',spaces ×1,0.02177208379034531,0.0017793429585319742
TestDelegationToken.testDelegationTokenSecretManager,1,indent +4,5,'Ġ',spaces ×1,0.022826314922742466,0.0018655009377203464
TestDelegationToken.testDelegationTokenSecretManager,1,indent +4,5,'Ġ',spaces ×1,0.020243232069106394,0.0016543961885754725
TestDelegationToken.testDelegationTokenSecretManager,1,indent +4,5,'Ġ',spaces ×1,0.02202667843494491,0.0018001499328441498
TestDelegationToken.testDelegationTokenSecretManager,1,indent +4,5,'Ċ',newline ×1,0.026370791699324755,0.0021551764623427777
TestDelegationToken.testDelegationTokenSecretManager,1,indent +4,5,'Ġ',spaces ×1,0.025312974558040276,0.0020687254133810048
TestDelegationToken.testDelegationTokenSecretManager,1,indent +4,5,'Ġ',spaces ×1,0.020935279843209427,0.0017109544099049353
TestDelegationToken.testDelegationTokenSecretManager,1,indent +4,5,'Ġ',spaces ×1,0.018791040965887747,0.001535714575972975
TestDelegationToken.testDelegationTokenSecretManager,1,indent +4,5,'Ġ',spaces ×1,0.019478306071397226,0.001591881929447671
TestDelegationToken.testDelegationTokenSecretManager,1,indent +4,5,'Ġ',spaces ×1,0.020648505414854357,0.0016875175140756578
TestDelegationToken.testDelegationTokenSecretManager,1,indent +4,5,'Ġ',spaces ×1,0.02156123510677601,0.0017621111618864396
TestDelegationToken.testDelegationTokenSecretManager,1,indent +4,5,'Ġ',spaces ×1,0.021074238606372024,0.0017223109387122203
TestDelegationToken.testDelegationTokenSecretManager,1,indent +4,5,'Ġ',spaces ×1,0.02049703214487519,0.0016751382260415577
TestDelegationToken.testDelegationTokenSecretManager,1,indent +4,5,'Ġ',spaces ×1,0.01055038895930626,0.000862239943833017
TestDelegationToken.testDelegationTokenSecretManager,1,indent +4,5,'Ġ',spaces ×1,0.01760311282453137,0.001438630089530673
TestDelegationToken.testDelegationTokenSecretManager,1,indent +4,5,'Ġ',spaces ×1,0.018431860207965212,0.0015063602083063832
TestDelegationToken.testDelegationTokenSecretManager,1,indent +4,5,'Ċ',newline ×1,0.024212712570236578,0.0019788055214960097
TestDelegationToken.testDelegationTokenSecretManager,1,indent +4,5,'Ġ',spaces ×1,0.02019574914516313,0.0016505156042831036
TestDelegationToken.testDelegationTokenSecretManager,1,indent +4,5,'Ġ',spaces ×1,0.01717544130162187,0.0014036782530330054
TestDelegationToken.testDelegationTokenSecretManager,1,indent +4,5,'Ġ',spaces ×1,0.01664809249290814,0.0013605802014863228
TestDelegationToken.testDelegationTokenSecretManager,1,indent +4,5,'Ġ',spaces ×1,0.018009484915205282,0.0014718412109395104
TestDelegationToken.testDelegationTokenSecretManager,1,indent +4,5,'Ġ',spaces ×1,0.01896797404346498,0.0015501745894815602
TestDelegationToken.testDelegationTokenSecretManager,1,indent +4,5,'Ġ',spaces ×1,0.017744411179098876,0.0014501778235313722
TestDelegationToken.testDelegationTokenSecretManager,1,indent +4,5,'Ġ',spaces ×1,0.01822951842387334,0.0014898236456049147
TestDelegationToken.testDelegationTokenSecretManager,1,indent +4,5,'Ġ',spaces ×1,0.019897608056442567,0.0016261497580015807
TestDelegationToken.testDelegationTokenSecretManager,1,indent +4,5,'Ġ',spaces ×1,0.021337330191354933,0.0017438123330526163
TestDelegationToken.testDelegationTokenSecretManager,1,indent +4,5,'Ġ',spaces ×1,0.02222203567114641,0.0018161156771422473
TestDelegationToken.testDelegationTokenSecretManager,1,indent +4,5,'Ġ',spaces ×1,0.022200447246458643,0.0018143513438876138
TestDelegationToken.testDelegationTokenSecretManager,1,indent +4,5,'Ċ',newline ×1,0.018976035834112556,0.0015508334465096727
TestDelegationToken.testDelegationTokenSecretManager,1,indent +4,5,'Ġ',spaces ×1,0.025733169691991752,0.0021030662353255496
TestDelegationToken.testDelegationTokenSecretManager,1,indent +4,5,'Ġ',spaces ×1,0.02035620763915099,0.0016636292177600346
TestDelegationToken.testDelegationTokenSecretManager,1,indent +4,5,'Ġ',spaces ×1,0.017577515446401223,0.0014365381209818034
TestDelegationToken.testDelegationTokenSecretManager,1,indent +4,5,'Ġ',spaces ×1,0.017240079829730005,0.0014089608943707208
TestDelegationToken.testDelegationTokenSecretManager,1,indent +4,5,'Ġ',spaces ×1,0.016672440195793052,0.0013625700392116353
TestDelegationToken.testDelegationTokenSecretManager,1,indent +4,5,'Ġ',spaces ×1,0.017766856067959927,0.0014520121520841427
TestDelegationToken.testDelegationTokenSecretManager,1,indent +4,5,'Ġ',spaces ×1,0.0176899526065953,0.0014457271481413156
TestDelegationToken.testDelegationTokenSecretManager,1,indent +4,5,'Ċ',newline ×1,0.023806894193939464,0.0019456396528882767
TestDelegationToken.testDelegationTokenSecretManager,1,indent +4,5,'Ġ',spaces ×1,0.014978688445465337,0.0012241466673622553
TestDelegationToken.testDelegationTokenSecretManager,1,indent +4,5,'Ġ',spaces ×1,0.014949405202739288,0.001221753468243176
TestDelegationToken.testDelegationTokenSecretManager,1,indent +4,5,'Ġ',spaces ×1,0.014763511486859279,0.0012065611385804948
TestDelegationToken.testDelegationTokenSecretManager,1,indent +4,5,'Ġ',spaces ×1,0.014468758499361536,0.0011824721878920476
TestDelegationToken.testDelegationTokenSecretManager,1,indent +4,5,'Ġ',spaces ×1,0.013080695412541851,0.0010690314946026898
TestDelegationToken.testDelegationTokenSecretManager,1,indent +4,5,'Ġ',spaces ×1,0.013621955575128438,0.0011132664639472128
TestDelegationToken.testDelegationTokenSecretManager,1,indent +4,5,'Ġ',spaces ×1,0.012467622808186083,0.001018927589430644
TestDelegationToken.testDelegationTokenSecretManager,1,indent +4,5,'Ċ',newline ×1,0.015553478234553005,0.0012711218753257095
TestDelegationToken.testDelegationTokenSecretManager,1,indent +4,5,'Ġ',spaces ×1,0.009789677402880956,0.0008000701136764982
TestDelegationToken.testDelegationTokenSecretManager,1,indent +4,5,'Ġ',spaces ×1,0.007712965738390896,0.0006303490014166689
TestDelegationToken.testDelegationTokenSecretManager,1,indent +4,5,'Ġ',spaces ×1,0.006800492375797459,0.0005557763023487643
TestDelegationToken.testDelegationTokenSecretManager,1,indent +4,5,'Ġ',spaces ×1,0.01936119016809804,0.0015823105278365893
TestDelegationToken.testDelegationTokenSecretManager,1,indent +4,5,'Ġ',spaces ×1,0.015184574163700434,0.0012409728612411512
TestDelegationToken.testDelegationTokenSecretManager,1,indent +4,5,'Ġ',spaces ×1,0.010825183773775227,0.0008846977950371024
TestDelegationToken.testDelegationTokenSecretManager,1,indent +4,5,'Ġ',spaces ×1,0.010800922691283757,0.0008827150364406697
TestDelegationToken.testDelegationTokenSecretManager,1,indent +4,5,'Ċ',newline ×1,0.02513287083112408,0.0020540062757284203
TestDelegationToken.testDelegationTokenSecretManager,1,indent +4,5,'Ġ',spaces ×1,0.010083570717752587,0.0008240888068531407
TestDelegationToken.testDelegationTokenSecretManager,1,indent +4,5,'Ġ',spaces ×1,0.006387141811613458,0.0005219948589707
TestDelegationToken.testDelegationTokenSecretManager,1,indent +4,5,'Ġ',spaces ×1,0.009423012198319293,0.0007701040729356116
TestDelegationToken.testDelegationTokenSecretManager,1,indent +4,5,'Ġ',spaces ×1,0.017294897197244422,0.00141344089260292
TestDelegationToken.testDelegationTokenSecretManager,1,indent +4,5,'Ġ',spaces ×1,0.014199912087396986,0.0011605004751858968
TestDelegationToken.testDelegationTokenSecretManager,1,indent +4,5,'Ġ',spaces ×1,0.0049266656720474665,0.00040263614438624303
TestDelegationToken.testDelegationTokenSecretManager,1,indent +4,5,'Ġ',spaces ×1,0.008838297050077508,0.000722317706146395
TestDelegationToken.testDelegationTokenSecretManager,1,indent +4,5,'Ċ',newline ×1,0.0264909211224245,0.002164994146546245
TestDelegationToken.testDelegationTokenSecretManager,1,indent +4,5,'Ġ',spaces ×1,0.013872890182716268,0.0011337743184715184
TestDelegationToken.testDelegationTokenSecretManager,1,indent +4,5,'Ġ',spaces ×1,0.014781920860604689,0.0012080656610626013
TestDelegationToken.testDelegationTokenSecretManager,1,indent +4,5,'Ġ',spaces ×1,0.009566601635532732,0.0007818390477081504
TestDelegationToken.testDelegationTokenSecretManager,1,indent +4,5,'Ġ',spaces ×1,0.007916697342483257,0.0006469991483967627
TestDelegationToken.testDelegationTokenSecretManager,1,indent +4,5,'Ġ',spaces ×1,0.02052943505937424,0.0016777863831176098
TestDelegationToken.testDelegationTokenSecretManager,1,indent +4,5,'Ġ',spaces ×1,0.02641937211713196,0.0021591467402996413
TestDelegationToken.testDelegationTokenSecretManager,1,indent +4,5,'Ġ',spaces ×1,0.0170686375064482,0.0013949496176521774
TestDelegationToken.testDelegationTokenSecretManager,1,indent +4,5,'Ċ',newline ×1,0.011131865714868749,0.0009097616500933492
TestDelegationToken.testDelegationTokenSecretManager,1,indent +4,5,'Ġ',spaces ×1,0.010681781817257544,0.0008729781422915716
TestDelegationToken.testDelegationTokenSecretManager,1,indent +4,5,'Ġ',spaces ×1,0.008103913666664481,0.0006622995694020237
TestDelegationToken.testDelegationTokenSecretManager,1,indent +4,5,'Ġ',spaces ×1,0.014966815862577353,0.0012231763699408072
TestDelegationToken.testDelegationTokenSecretManager,1,indent +4,5,'Ġ',spaces ×1,0.013880388011296268,0.0011343870851968612
TestDelegationToken.testDelegationTokenSecretManager,1,indent +4,5,'Ġ',spaces ×1,0.0110232531353699,0.0009008851902009354
TestDelegationToken.testDelegationTokenSecretManager,1,indent +4,5,'Ġ',spaces ×1,0.013630743061802113,0.0011139846291300481
TestDelegationToken.testDelegationTokenSecretManager,1,indent +4,5,'Ġ',spaces ×1,0.015346149886997536,0.001254177781279439
TestDelegationToken.testDelegationTokenSecretManager,1,indent +4,5,'Ċ',newline ×1,0.02142811545282159,0.0017512318394850145
TestDelegationToken.testDelegationTokenSecretManager,1,indent +4,5,'Ġ',spaces ×1,0.010930193681315849,0.0008932798233517901
TestDelegationToken.testDelegationTokenSecretManager,1,indent +4,5,'Ġ',spaces ×1,0.010258006486432611,0.0008383447255656412
TestDelegationToken.testDelegationTokenSecretManager,1,indent +4,5,'Ġ',spaces ×1,0.010000448421622605,0.0008172955630947514
TestDelegationToken.testDelegationTokenSecretManager,1,indent +4,5,'Ġ',spaces ×1,0.010140575953402375,0.0008287476105592832
TestDelegationToken.testDelegationTokenSecretManager,1,indent +4,5,'Ġ',spaces ×1,0.009802466426602551,0.00080111530804212
TestDelegationToken.testDelegationTokenSecretManager,1,indent +4,5,'Ġ',spaces ×1,0.011818299051126245,0.0009658610264843682
TestDelegationToken.testDelegationTokenSecretManager,1,indent +4,5,'Ġ',spaces ×1,0.013470723580529656,0.0011009068943586824
TestDelegationToken.testDelegationTokenSecretManager,1,indent +4,5,'Ċ',newline ×1,0.013954952550982887,0.0011404809386803022
TestDelegationToken.testDelegationTokenSecretManager,1,indent +4,5,'Ġ',spaces ×1,0.007844555409413749,0.000641103284598965
TestDelegationToken.testDelegationTokenSecretManager,1,indent +4,5,'Ġ',spaces ×1,0.010451126496039043,0.0008541276305256713
TestDelegationToken.testDelegationTokenSecretManager,1,indent +4,5,'Ġ',spaces ×1,0.005732759325520876,0.0004685148668841449
TestDelegationToken.testDelegationTokenSecretManager,1,indent +4,5,'Ġ',spaces ×1,0.012402668641065033,0.0010136191522131922
TestDelegationToken.testDelegationTokenSecretManager,1,indent +4,5,'Ġ',spaces ×1,0.01293186716671086,0.0010568683735252542
TestDelegationToken.testDelegationTokenSecretManager,1,indent +4,5,'Ġ',spaces ×1,0.00816636387919538,0.0006674033686982103
TestDelegationToken.testDelegationTokenSecretManager,1,indent +4,5,'Ġ',spaces ×1,0.011034624999875007,0.0009018145659661305
TestDelegationToken.testDelegationTokenSecretManager,1,indent +4,5,'Ċ',newline ×1,0.020532558294970603,0.0016780416323312237
TestDelegationToken.testDelegationTokenSecretManager,1,indent +4,5,'Ġ',spaces ×1,0.008777759674401142,0.0007173702351475229
TestDelegationToken.testDelegationTokenSecretManager,1,indent +4,5,'Ġ',spaces ×1,0.004334612317097603,0.0003542500561114761
TestDelegationToken.testDelegationTokenSecretManager,1,indent +4,5,'Ġ',spaces ×1,0.0033794346593639807,0.00027618731045049084
TestDelegationToken.testDelegationTokenSecretManager,1,indent +4,5,'Ġ',spaces ×1,0.0049713217561914835,0.00040628570267576717
TestDelegationToken.testDelegationTokenSecretManager,1,indent +4,5,'Ġ',spaces ×1,0.01170885934749873,0.0009569169691351219
TestDelegationToken.testDelegationTokenSecretManager,1,indent +4,5,'Ġ',spaces ×1,0.008932812655198257,0.0007300420782396886
TestDelegationToken.testDelegationTokenSecretManager,1,indent +4,5,'Ġ',spaces ×1,0.006354007012474554,0.0005192868879699489
TestDelegationToken.testDelegationTokenSecretManager,1,indent +4,5,'Ċ',newline ×1,0.01227275361561581,0.0010030017309334207
TestDelegationToken.testDelegationTokenSecretManager,1,indent +4,5,'Ġ',spaces ×1,0.0009811558249269237,8.01858345355313e-05
TestDelegationToken.testDelegationTokenSecretManager,1,indent +4,5,'Ġ',spaces ×1,0.0066007946913715435,0.0005394558310498268
TestDelegationToken.testDelegationTokenSecretManager,1,indent +4,5,'Ġ',spaces ×1,0.006909607065354945,0.0005646937976333732
TestDelegationToken.testDelegationTokenSecretManager,1,indent +4,5,'Ġ',spaces ×1,0.009178369923187081,0.0007501104648911316
TestDelegationToken.testDelegationTokenSecretManager,1,indent +4,5,'Ġ',spaces ×1,0.009512371155665477,0.0007774070133921517
TestDelegationToken.testDelegationTokenSecretManager,1,indent +4,5,'Ġ',spaces ×1,0.009817710114060678,0.0008023611119900503
TestDelegationToken.testDelegationTokenSecretManager,1,indent +4,5,'Ġ',spaces ×1,0.01680361176766208,0.0013732901528678313
TestDelegationToken.testDelegationTokenSecretManager,1,indent +4,5,'Ċ',newline ×1,0.014963308317963282,0.0012228897127300928
TestDelegationToken.testDelegationTokenSecretManager,1,indent +4,5,'Ġ',spaces ×1,0.0071748733314863505,0.0005863729197294534
TestDelegationToken.testDelegationTokenSecretManager,1,indent +4,5,'Ġ',spaces ×1,0.009830796037730129,0.0008034305707686102
TestDelegationToken.testDelegationTokenSecretManager,1,indent +4,5,'Ġ',spaces ×1,0.010553484294520124,0.0008624929128629968
TestDelegationToken.testDelegationTokenSecretManager,1,indent +4,5,'Ġ',spaces ×1,0.011072554946661132,0.0009049144246834348
TestDelegationToken.testDelegationTokenSecretManager,1,indent +4,5,'Ġ',spaces ×1,0.010637135991223273,0.000869329422355212
TestDelegationToken.testDelegationTokenSecretManager,1,indent +4,5,'Ġ',spaces ×1,0.012215736101012838,0.0009983419237188822
TestDelegationToken.testDelegationTokenSecretManager,1,indent +4,5,'Ġ',spaces ×1,0.01207761445327506,0.0009870538089160154
TestDelegationToken.testDelegationTokenSecretManager,1,indent +4,5,'Ġ',spaces ×1,0.011034987078241253,0.0009018441571434207
TestDelegationToken.testDelegationTokenSecretManager,1,indent +4,5,'Ġ',spaces ×1,0.011940596503503426,0.0009758558948134271
TestDelegationToken.testDelegationTokenSecretManager,1,indent +4,5,'Ġ',spaces ×1,0.01104329945538391,0.0009025234935762526
TestDelegationToken.testDelegationTokenSecretManager,1,indent +4,5,'Ġ',spaces ×1,0.01203712232228684,0.0009837445534104955
TestDelegationToken.testDelegationTokenSecretManager,1,indent +4,5,'Ċ',newline ×1,0.014043514436230455,0.0011477187377089582
TestDelegationToken.testDelegationTokenSecretManager,1,indent +4,5,'Ġ',spaces ×1,0.010779736290451203,0.0008809835589440252
TestDelegationToken.testDelegationTokenSecretManager,1,indent +4,5,'Ġ',spaces ×1,0.009630961477631669,0.0007870989131833032
TestDelegationToken.testDelegationTokenSecretManager,1,indent +4,5,'Ġ',spaces ×1,0.013661622470591415,0.0011165082763436988
TestDelegationToken.testDelegationTokenSecretManager,1,indent +4,5,'Ġ',spaces ×1,0.009073660714051508,0.0007415530114216821
TestDelegationToken.testDelegationTokenSecretManager,1,indent +4,5,'Ġ',spaces ×1,0.006421135944240364,0.0005247730597668916
TestDelegationToken.testDelegationTokenSecretManager,1,indent +4,5,'Ġ',spaces ×1,0.011236927995558008,0.0009183479586503024
TestDelegationToken.testDelegationTokenSecretManager,1,indent +4,5,'Ġ',spaces ×1,0.00889934043395061,0.0007273065311162738
TestDelegationToken.testDelegationTokenSecretManager,1,indent +4,5,'Ġ',spaces ×1,0.010408385284520925,0.0008506345669086916
TestDelegationToken.testDelegationTokenSecretManager,1,indent +4,5,'Ġ',spaces ×1,0.012643741064584517,0.001033321010951943
TestDelegationToken.testDelegationTokenSecretManager,1,indent +4,5,'Ġ',spaces ×1,0.015135551316178632,0.001236966425321417
TestDelegationToken.testDelegationTokenSecretManager,1,indent +4,5,'Ġ',spaces ×1,0.01345143486556218,0.0010993305069312315
TestDelegationToken.testDelegationTokenSecretManager,1,indent +4,5,'Ċ',newline ×1,0.012859823930701331,0.0010509805758326762
TestDelegationToken.testDelegationTokenSecretManager,1,indent +4,5,'Ġ',spaces ×1,0.008870248016982156,0.0007249289274023634
TestDelegationToken.testDelegationTokenSecretManager,1,indent +4,5,'Ġ',spaces ×1,0.008517095226440199,0.0006960672007441461
TestDelegationToken.testDelegationTokenSecretManager,1,indent +4,5,'Ġ',spaces ×1,0.008377265087688797,0.0006846394579899965
TestDelegationToken.testDelegationTokenSecretManager,1,indent +4,5,'Ġ',spaces ×1,0.008652170810099342,0.0007071063732444868
TestDelegationToken.testDelegationTokenSecretManager,1,indent +4,5,'Ġ',spaces ×1,0.007719117226442299,0.0006308517372619908
TestDelegationToken.testDelegationTokenSecretManager,1,indent +4,5,'Ġ',spaces ×1,0.007687391397685456,0.0006282589156218723
TestDelegationToken.testDelegationTokenSecretManager,1,indent +4,5,'Ġ',spaces ×1,0.009234567659532456,0.0007547032749966999
TestDelegationToken.testDelegationTokenSecretManager,1,indent +4,5,'Ċ',newline ×1,0.015300982367677653,0.0012504864254942003
TestDelegationToken.testDelegationTokenSecretManager,1,indent +4,5,'Ġ',spaces ×1,0.010895191829539304,0.0008904192658096686
TestDelegationToken.testDelegationTokenSecretManager,1,indent +4,5,'Ġ',spaces ×1,0.010375624621342274,0.0008479571725028507
TestDelegationToken.testDelegationTokenSecretManager,1,indent +4,5,'Ġ',spaces ×1,0.009795494618421422,0.0008005455308028451
TestDelegationToken.testDelegationTokenSecretManager,1,indent +4,5,'Ġ',spaces ×1,0.008625430667844942,0.0007049210112787383
TestDelegationToken.testDelegationTokenSecretManager,1,indent +4,5,'Ġ',spaces ×1,0.007460811077757029,0.0006097414369694453
TestDelegationToken.testDelegationTokenSecretManager,1,indent +4,5,'Ġ',spaces ×1,0.007811503417974781,0.0006384020811313177
TestDelegationToken.testDelegationTokenSecretManager,1,indent +4,5,'Ġ',spaces ×1,0.007111077923051774,0.0005811591830987378
TestDelegationToken.testDelegationTokenSecretManager,1,indent +4,5,'Ċ',newline ×1,0.010728190425010645,0.0008767709271354996
TestDelegationToken.testDelegationTokenSecretManager,1,indent +4,5,'Ġ',spaces ×1,0.009307343960990484,0.0007606509831166166
TestDelegationToken.testDelegationTokenSecretManager,1,indent +4,5,'Ġ',spaces ×1,0.010602034618301075,0.0008664607313587344
TestDelegationToken.testDelegationTokenSecretManager,1,indent +4,5,'Ġ',spaces ×1,0.011145711202731532,0.0009108931849327939
TestDelegationToken.testDelegationTokenSecretManager,1,indent +4,5,'Ġ',spaces ×1,0.010812391469940997,0.0008836523326013509
TestDelegationToken.testDelegationTokenSecretManager,1,indent +4,5,'Ġ',spaces ×1,0.009626589116713576,0.0007867415780891209
TestDelegationToken.testDelegationTokenSecretManager,1,indent +4,5,'Ġ',spaces ×1,0.010882911384459168,0.00088941563548694
TestDelegationToken.testDelegationTokenSecretManager,1,indent +4,5,'Ġ',spaces ×1,0.011819359229727898,0.000965947670525784
TestDelegationToken.testDelegationTokenSecretManager,1,indent +4,5,'Ċ',newline ×1,0.012200648756836782,0.000997108897065066
TestDelegationToken.testDelegationTokenSecretManager,1,indent +4,5,'Ġ',spaces ×1,0.006790103539574965,0.0005549272654463786
TestDelegationToken.testDelegationTokenSecretManager,1,indent +4,5,'Ġ',spaces ×1,0.005733926700137456,0.00046861027161545046
TestDelegationToken.testDelegationTokenSecretManager,1,indent +4,5,'Ġ',spaces ×1,0.0062968072620079776,0.0005146121873669858
TestDelegationToken.testDelegationTokenSecretManager,1,indent +4,5,'Ġ',spaces ×1,0.010676896645145715,0.0008725788972453874
TestDelegationToken.testDelegationTokenSecretManager,1,indent +4,5,'Ġ',spaces ×1,0.018466262519245557,0.0015091717678669362
TestDelegationToken.testDelegationTokenSecretManager,1,indent +4,5,'Ġ',spaces ×1,0.012735325349719974,0.0010408058183060385
TestDelegationToken.testDelegationTokenSecretManager,1,indent +4,5,'Ġ',spaces ×1,0.00934305135763127,0.0007635692019417924
TestDelegationToken.testDelegationTokenSecretManager,1,indent +4,5,'Ċ',newline ×1,0.014419549184544744,0.0011784505127663866
TestDelegationToken.testDelegationTokenSecretManager,1,indent +4,5,'Ġ',spaces ×1,0.005920805995973429,0.0004838831486787202
TestDelegationToken.testDelegationTokenSecretManager,1,indent +4,5,'Ġ',spaces ×1,0.004621202928197385,0.00037767192931168413
TestDelegationToken.testDelegationTokenSecretManager,1,indent +4,5,'Ġ',spaces ×1,0.004768741125295151,0.0003897296200062618
TestDelegationToken.testDelegationTokenSecretManager,1,indent +4,5,'Ġ',spaces ×1,0.01171196069264484,0.0009571704293321727
TestDelegationToken.testDelegationTokenSecretManager,1,indent +4,5,'Ġ',spaces ×1,0.008290719853502257,0.0006775664715672359
TestDelegationToken.testDelegationTokenSecretManager,1,indent +4,5,'Ġ',spaces ×1,0.012355812017547884,0.0010097897528815215
TestDelegationToken.testDelegationTokenSecretManager,1,indent +4,5,'Ġ',spaces ×1,0.003063310884818548,0.0002503518131375787
TestDelegationToken.testDelegationTokenSecretManager,1,indent +4,5,'Ċ',newline ×1,0.011901629909690523,0.000972671315193643
TestDelegationToken.testDelegationTokenSecretManager,1,indent +4,5,'Ġ',spaces ×1,0.004905605868061687,0.00040091501312976784
TestDelegationToken.testDelegationTokenSecretManager,1,indent +4,5,'Ġ',spaces ×1,0.011975030681755148,0.0009786700587306268
TestDelegationToken.testDelegationTokenSecretManager,1,indent +4,5,'Ġ',spaces ×1,0.010849601796245745,0.0008866933796932416
TestDelegationToken.testDelegationTokenSecretManager,1,indent +4,5,'Ġ',spaces ×1,0.008886482227056377,0.0007262556826941882
TestDelegationToken.testDelegationTokenSecretManager,1,indent +4,5,'Ġ',spaces ×1,0.009963303914484387,0.000814259895132926
TestDelegationToken.testDelegationTokenSecretManager,1,indent +4,5,'Ġ',spaces ×1,0.009332204696710023,0.0007626827489077303
TestDelegationToken.testDelegationTokenSecretManager,1,indent +4,5,'Ġ',spaces ×1,0.005299202960388352,0.0004330820864092063
TestDelegationToken.testDelegationTokenSecretManager,1,indent +4,5,'Ċ',newline ×1,0.016755159116987304,0.0013693303167937757
TestDelegationToken.testDelegationTokenSecretManager,1,indent +4,5,'Ġ',spaces ×1,0.01910119775817846,0.0015610624163412943
TestDelegationToken.testDelegationTokenSecretManager,1,indent +4,5,'Ġ',spaces ×1,0.01199869015297305,0.0009806036501093644
TestDelegationToken.testDelegationTokenSecretManager,1,indent +4,5,'Ġ',spaces ×1,0.011967163108115892,0.000978027074260672
TestDelegationToken.testDelegationTokenSecretManager,1,indent +4,5,'Ġ',spaces ×1,0.010461950176472478,0.0008550122054588788
TestDelegationToken.testDelegationTokenSecretManager,1,indent +4,5,'Ġ',spaces ×1,0.009363935062520229,0.0007652759413425799
TestDelegationToken.testDelegationTokenSecretManager,1,indent +4,5,'Ġ',spaces ×1,0.009822760621385807,0.0008027738692039449
TestDelegationToken.testDelegationTokenSecretManager,1,indent +4,5,'Ġ',spaces ×1,0.01063332126373124,0.000869017660349929
TestDelegationToken.testDelegationTokenSecretManager,1,indent +4,5,'Ġ',spaces ×1,0.00989799023065451,0.0008089220760919203
TestDelegationToken.testDelegationTokenSecretManager,1,indent +4,5,'Ġ',spaces ×1,0.009770407052395255,0.000798495227102693
TestDelegationToken.testDelegationTokenSecretManager,1,indent +4,5,'Ġ',spaces ×1,0.010304636770789258,0.0008421556271276284
TestDelegationToken.testDelegationTokenSecretManager,1,indent +4,5,'Ġ',spaces ×1,0.00920741961508752,0.0007524845768607673
TestDelegationToken.testDelegationTokenSecretManager,1,indent +4,5,'Ċ',newline ×1,0.009491803103315289,0.0007757260709765133
TestDelegationToken.testDelegationTokenSecretManager,1,indent +4,5,'Ġ',spaces ×1,0.009466409234114338,0.0007736507343763193
TestDelegationToken.testDelegationTokenSecretManager,1,indent +4,5,'Ġ',spaces ×1,0.008847135475118069,0.0007230400343126778
TestDelegationToken.testDelegationTokenSecretManager,1,indent +4,5,'Ġ',spaces ×1,0.016736942937703815,0.001367841583301311
TestDelegationToken.testDelegationTokenSecretManager,1,indent +4,5,'Ġ',spaces ×1,0.010838747155293862,0.0008858062744840613
TestDelegationToken.testDelegationTokenSecretManager,1,indent +4,5,'Ġ',spaces ×1,0.0018247005193520074,0.0001491252767444515
TestDelegationToken.testDelegationTokenSecretManager,1,indent +4,5,'Ġ',spaces ×1,0.006116250258614925,0.0004998560052902143
TestDelegationToken.testDelegationTokenSecretManager,1,indent +4,5,'Ġ',spaces ×1,0.0062303202828267665,0.0005091784797173482
TestDelegationToken.testDelegationTokenSecretManager,1,strip indent,0,'Ċ',newline ×1,0.00614903907484656,0.0012313694741801946
TestDelegationToken.testDelegationTokenSecretManager,1,strip indent,0,'Ċ',newline ×1,0.0074796515570157845,0.0014978299036168391
TestDelegationToken.testDelegationTokenSecretManager,1,strip indent,0,'Ċ',newline ×1,0.022913160587348585,0.004588451327243165
TestDelegationToken.testDelegationTokenSecretManager,1,strip indent,0,'Ċ',newline ×1,0.0034951026206578462,0.0006999081683852637
TestDelegationToken.testDelegationTokenSecretManager,1,strip indent,0,'Ċ',newline ×1,0.0071911833052070336,0.0014400629915475277
TestDelegationToken.testDelegationTokenSecretManager,1,strip indent,0,'Ċ',newline ×1,7.840548744150657e-06,1.570100997383871e-06
TestDelegationToken.testDelegationTokenSecretManager,1,strip indent,0,'Ċ',newline ×1,0.0010178487050619886,0.00020382824202144924
TestDelegationToken.testDelegationTokenSecretManager,1,strip indent,0,'Ċ',newline ×1,0.007778981544147328,0.0015577719212840028
TestDelegationToken.testDelegationTokenSecretManager,1,strip indent,0,'Ċ',newline ×1,0.017695743461916078,0.003543642845117382
TestDelegationToken.testDelegationTokenSecretManager,1,strip indent,0,'Ċ',newline ×1,0.08087138498097873,0.01619481574082155
TestDelegationToken.testDelegationTokenSecretManager,1,strip indent,0,'Ċ',newline ×1,0.0050626235376567096,0.0010138104519513366
TestDelegationToken.testDelegationTokenSecretManager,1,strip indent,0,'Ċ',newline ×1,0.006635208253286959,0.0013287267812865427
TestDelegationToken.testDelegationTokenSecretManager,1,strip indent,0,'Ċ',newline ×1,0.03030583408815627,0.0060688635299746265
TestDelegationToken.testDelegationTokenSecretManager,1,strip indent,0,'Ċ',newline ×1,0.0205318827714416,0.004111590995676072
TestDelegationToken.testDelegationTokenSecretManager,1,strip indent,0,'Ċ',newline ×1,0.008145356424362652,0.0016311399448259306
TestDelegationToken.testDelegationTokenSecretManager,1,strip indent,0,'Ċ',newline ×1,0.0008272306044111817,0.000165656210991793
TestDelegationToken.testDelegationTokenSecretManager,1,strip indent,0,'Ċ',newline ×1,0.005411798306745399,0.0010837340849899604
TestDelegationToken.testDelegationTokenSecretManager,1,strip indent,0,'Ċ',newline ×1,0.0028165389801451056,0.000564023106825979
TestDelegationToken.testDelegationTokenSecretManager,1,strip indent,0,'Ċ',newline ×1,0.004439161070227702,0.000888959618944018
TestDelegationToken.testDelegationTokenSecretManager,1,strip indent,0,'Ċ',newline ×1,0.0045898869048232455,0.0009191430654032385
TestDelegationToken.testDelegationTokenSecretManager,1,strip indent,0,'Ċ',newline ×1,0.008549876730756417,0.001712146741321484
TestDelegationToken.testDelegationTokenSecretManager,1,strip indent,0,'Ċ',newline ×1,0.007774963729450477,0.0015569673379482337
TestDelegationToken.testDelegationTokenSecretManager,1,strip indent,0,'Ċ',newline ×1,0.001340576280330573,0.00026845571955489496
TestDelegationToken.testDelegationTokenSecretManager,1,strip indent,0,'Ċ',newline ×1,0.003580641683983069,0.0007170377052359096
TestDelegationToken.testDelegationTokenSecretManager,1,strip indent,0,'Ċ',newline ×1,0.003549835092052225,0.0007108685629609252
TestDelegationToken.testDelegationTokenSecretManager,1,strip indent,0,'Ċ',newline ×1,0.008970272683122362,0.001796332698917672
TestDelegationToken.testDelegationTokenSecretManager,1,strip indent,0,'Ċ',newline ×1,0.006691457613480454,0.0013399909388632557
TestDelegationToken.testDelegationTokenSecretManager,1,strip indent,0,'Ċ',newline ×1,0.002894676694696211,0.0005796704942159895
TestDelegationToken.testDelegationTokenSecretManager,1,strip indent,0,'Ċ',newline ×1,0.009619530279467069,0.001926349108845662
TestDFSIO.testReadSkip,4,original,2,'Ċ',newline ×1,0.0019040145818409512,0.006289850802210141
TestDFSIO.testReadSkip,4,original,2,'Ċ',newline ×1,0.001410288038996858,0.0046588410813823995
TestDFSIO.testReadSkip,4,original,2,'Ġ',spaces ×1,0.0006294748369197682,0.0020794498349601584
TestDFSIO.testReadSkip,4,original,2,'Ġ',spaces ×1,0.0007729163481453242,0.002553304243984671
TestDFSIO.testReadSkip,4,original,2,'Ġ',spaces ×1,0.0011571401956023237,0.0038225753400174594
TestDFSIO.testReadSkip,4,original,2,'Ċ',newline ×1,0.0019023573627805004,0.006284376232458298
TestDFSIO.testReadSkip,4,original,2,'Ġ',spaces ×1,0.0007632273653153227,0.0025212970014944582
TestDFSIO.testReadSkip,4,original,2,'Ġ',spaces ×1,0.0007531351565742796,0.002487957715203622
TestDFSIO.testReadSkip,4,original,2,'Ġ',spaces ×1,0.0004042839974060628,0.001335539154824426
TestDFSIO.testReadSkip,4,original,2,'Ċ',newline ×1,0.0012932606490314203,0.004272244870578718
TestDFSIO.testReadSkip,4,original,2,'Ġ',spaces ×1,0.0004477824716341669,0.0014792349624237673
TestDFSIO.testReadSkip,4,original,2,'Ġ',spaces ×1,0.0006540021276597521,0.0021604749493727626
TestDFSIO.testReadSkip,4,original,2,'Ġ',spaces ×1,0.0007889598998045188,0.0026063035997859886
TestDFSIO.testReadSkip,4,original,2,'Ċ',newline ×1,0.001651391496124823,0.005455318580922183
TestDFSIO.testReadSkip,4,original,2,'Ġ',spaces ×1,0.0006584071522937248,0.002175026806271337
TestDFSIO.testReadSkip,4,original,2,'Ġ',spaces ×1,0.000665403333274604,0.0021981384646455305
TestDFSIO.testReadSkip,4,original,2,'Ġ',spaces ×1,0.0007278083283329972,0.0024042913544256267
TestDFSIO.testReadSkip,4,original,2,'Ċ',newline ×1,0.002061230525781563,0.006809208605740705
TestDFSIO.testReadSkip,4,original,2,'Ġ',spaces ×1,0.0009079796768932342,0.0029994815972341528
TestDFSIO.testReadSkip,4,original,2,'Ġ',spaces ×1,0.0008754044882227676,0.002891870511402565
TestDFSIO.testReadSkip,4,original,2,'Ġ',spaces ×1,0.000905327114577192,0.0029907189431186893
TestDFSIO.testReadSkip,4,original,2,'Ċ',newline ×1,0.0013102728338663652,0.004328444074855801
TestDFSIO.testReadSkip,4,original,2,'Ġ',spaces ×1,0.0007460878437281532,0.002464677144360632
TestDFSIO.testReadSkip,4,original,2,'Ġ',spaces ×1,0.000805259390974944,0.0026601484435133885
TestDFSIO.testReadSkip,4,original,2,'Ġ',spaces ×1,0.0009784148942711506,0.0032321620676221364
TestDFSIO.testReadSkip,4,original,2,'Ċ',newline ×1,0.0010657170118339395,0.003520561799128406
TestDFSIO.testReadSkip,4,indent +4,5,'Ċ',newline ×1,0.1898571015798423,0.007334637738317759
TestDFSIO.testReadSkip,4,indent +4,5,'Ġ',spaces ×1,0.9800292773152472,0.037860894653075655
TestDFSIO.testReadSkip,4,indent +4,5,'Ġ',spaces ×1,0.21743923792482062,0.008400202188927612
TestDFSIO.testReadSkip,4,indent +4,5,'Ġ',spaces ×1,0.6763513642360179,0.026129084449348295
TestDFSIO.testReadSkip,4,indent +4,5,'Ċ',newline ×1,0.18364875818643056,0.007094794459521027
TestDFSIO.testReadSkip,4,indent +4,5,'Ġ',spaces ×1,0.24606209481017208,0.009505972184059871
TestDFSIO.testReadSkip,4,indent +4,5,'Ġ',spaces ×1,0.16577848391803496,0.006404422664353058
TestDFSIO.testReadSkip,4,indent +4,5,'Ġ',spaces ×1,0.17714661506772694,0.006843600988739367
TestDFSIO.testReadSkip,4,indent +4,5,'Ġ',spaces ×1,0.17705625690796362,0.006840110235098602
TestDFSIO.testReadSkip,4,indent +4,5,'Ġ',spaces ×1,0.19056203766096474,0.007361871119322093
TestDFSIO.testReadSkip,4,indent +4,5,'Ġ',spaces ×1,0.21299424792034094,0.008228481504465401
TestDFSIO.testReadSkip,4,indent +4,5,'Ġ',spaces ×1,0.218547930794198,0.008443033668457596
TestDFSIO.testReadSkip,4,indent +4,5,'Ċ',newline ×1,0.14113348974244633,0.005452327099653435
TestDFSIO.testReadSkip,4,indent +4,5,'Ġ',spaces ×1,0.19518298410708843,0.00754038942550318
TestDFSIO.testReadSkip,4,indent +4,5,'Ġ',spaces ×1,0.1978314020633123,0.007642704198703217
TestDFSIO.testReadSkip,4,indent +4,5,'Ġ',spaces ×1,0.18908664445077722,0.007304873121205344
TestDFSIO.testReadSkip,4,indent +4,5,'Ġ',spaces ×1,0.19996285284955329,0.007725047283286523
TestDFSIO.testReadSkip,4,indent +4,5,'Ġ',spaces ×1,0.1878321847414195,0.0072564103170811335
TestDFSIO.testReadSkip,4,indent +4,5,'Ġ',spaces ×1,0.21247341453493207,0.008208360454622084
TestDFSIO.testReadSkip,4,indent +4,5,'Ġ',spaces ×1,0.1939424170618806,0.0074924633285019145
TestDFSIO.testReadSkip,4,indent +4,5,'Ċ',newline ×1,0.1946110220127075,0.0075182931503181855
TestDFSIO.testReadSkip,4,indent +4,5,'Ġ',spaces ×1,0.20888236327904738,0.008069629483578747
TestDFSIO.testReadSkip,4,indent +4,5,'Ġ',spaces ×1,0.18147133371828822,0.007010675300724868
TestDFSIO.testReadSkip,4,indent +4,5,'Ġ',spaces ×1,0.17296523341175152,0.0066820641305601145
TestDFSIO.testReadSkip,4,indent +4,5,'Ġ',spaces ×1,0.16584672435262043,0.006407058956925866
TestDFSIO.testReadSkip,4,indent +4,5,'Ġ',spaces ×1,0.15290680330182974,0.005907158597759851
TestDFSIO.testReadSkip,4,indent +4,5,'Ġ',spaces ×1,0.14497788093916114,0.005600845203625558
TestDFSIO.testReadSkip,4,indent +4,5,'Ġ',spaces ×1,0.14451800809018134,0.005583079206331343
TestDFSIO.testReadSkip,4,indent +4,5,'Ċ',newline ×1,0.14527285024642045,0.0056122405793827285
TestDFSIO.testReadSkip,4,indent +4,5,'Ġ',spaces ×1,0.20747353236489585,0.008015202947495245
TestDFSIO.testReadSkip,4,indent +4,5,'Ġ',spaces ×1,0.14796070986144869,0.005716079078989211
TestDFSIO.testReadSkip,4,indent +4,5,'Ġ',spaces ×1,0.18190392249781778,0.007027387248611505
TestDFSIO.testReadSkip,4,indent +4,5,'Ġ',spaces ×1,0.15279791001457804,0.005902951787440512
TestDFSIO.testReadSkip,4,indent +4,5,'Ġ',spaces ×1,0.12932537592316246,0.004996151183574526
TestDFSIO.testReadSkip,4,indent +4,5,'Ġ',spaces ×1,0.12545951326392474,0.004846803585219486
TestDFSIO.testReadSkip,4,indent +4,5,'Ġ',spaces ×1,0.13776361366829823,0.005322140659318958
TestDFSIO.testReadSkip,4,indent +4,5,'Ċ',newline ×1,0.1644914522810417,0.006354701528106122
TestDFSIO.testReadSkip,4,indent +4,5,'Ġ',spaces ×1,0.15702553092274807,0.006066274979453559
TestDFSIO.testReadSkip,4,indent +4,5,'Ġ',spaces ×1,0.13586751759705834,0.0052488898950132385
TestDFSIO.testReadSkip,4,indent +4,5,'Ġ',spaces ×1,0.1547797658207059,0.005979515657143414
TestDFSIO.testReadSkip,4,indent +4,5,'Ġ',spaces ×1,0.1520648598363195,0.005874632291057205
TestDFSIO.testReadSkip,4,indent +4,5,'Ġ',spaces ×1,0.1558987631073736,0.006022745221165893
TestDFSIO.testReadSkip,4,indent +4,5,'Ġ',spaces ×1,0.1482252140340778,0.0057262975131186925
TestDFSIO.testReadSkip,4,indent +4,5,'Ġ',spaces ×1,0.1629554355213467,0.0062953614960578105
TestDFSIO.testReadSkip,4,indent +4,5,'Ċ',newline ×1,0.11580220507392512,0.0044737184779913616
TestDFSIO.testReadSkip,4,indent +4,5,'Ġ',spaces ×1,0.14018686356436377,0.0054157566472865315
TestDFSIO.testReadSkip,4,indent +4,5,'Ġ',spaces ×1,0.1310750403076854,0.0050637449386530834
TestDFSIO.testReadSkip,4,indent +4,5,'Ġ',spaces ×1,0.1349928236802956,0.005215098359389975
TestDFSIO.testReadSkip,4,indent +4,5,'Ġ',spaces ×1,0.14663005129323367,0.005664672529168154
TestDFSIO.testReadSkip,4,indent +4,5,'Ġ',spaces ×1,0.1194227594605628,0.004613589226132415
TestDFSIO.testReadSkip,4,indent +4,5,'Ġ',spaces ×1,0.13629234963945724,0.005265302181436537
TestDFSIO.testReadSkip,4,indent +4,5,'Ġ',spaces ×1,0.1288574036211884,0.004978072284876587
TestDFSIO.testReadSkip,4,indent +4,5,'Ċ',newline ×1,0.13120916376902886,0.005068926451448641
TestDFSIO.testReadSkip,4,indent +4,5,'Ġ',spaces ×1,0.13045068556301753,0.0050396246090249975
TestDFSIO.testReadSkip,4,indent +4,5,'Ġ',spaces ×1,0.10147604645800688,0.003920264418306104
TestDFSIO.testReadSkip,4,indent +4,5,'Ġ',spaces ×1,0.10110491883354095,0.003905926863073832
TestDFSIO.testReadSkip,4,strip indent,2,'Ċ',newline ×1,0.0024390425284640865,0.006843590823658518
TestDFSIO.testReadSkip,4,strip indent,2,'Ċ',newline ×1,0.00012427928983477156,0.0003487092158329963
TestDFSIO.testReadSkip,4,strip indent,2,'Ċ',newline ×1,0.0008170928266725654,0.0022926410283689753
TestDFSIO.testReadSkip,4,strip indent,2,'Ċ',newline ×1,0.002196209900966219,0.006162238562746614
TestDFSIO.testReadSkip,4,strip indent,2,'Ċ',newline ×1,0.0013182992733179316,0.0036989518240977785
TestDFSIO.testReadSkip,4,strip indent,2,'Ċ',newline ×1,0.0018816117095340585,0.005279522795842592
TestDFSIO.testReadSkip,4,strip indent,2,'Ċ',newline ×1,0.0008052602169651827,0.002259440484192991
TestDFSIO.testReadSkip,4,strip indent,2,'Ċ',newline ×1,0.0010293125668943944,0.002888098077531572
ZKSessionTest.testReacquireLocksAfterSessionLost,0,original,0,'Ċ',newline ×1,0.00579455529778439,0.006103875742723795
ZKSessionTest.testReacquireLocksAfterSessionLost,0,original,0,'Ċ',newline ×1,0.024355137323281824,0.025655244324811064
ZKSessionTest.testReacquireLocksAfterSessionLost,0,original,0,'Ġ',spaces ×1,0.003918510352888519,0.004127685225431126
ZKSessionTest.testReacquireLocksAfterSessionLost,0,original,0,'Ġ',spaces ×1,0.012633803091394133,0.01330821094371044
ZKSessionTest.testReacquireLocksAfterSessionLost,0,original,0,'Ġ',spaces ×1,0.012779972678576449,0.013462183242131208
ZKSessionTest.testReacquireLocksAfterSessionLost,0,original,0,'Ċ',newline ×1,0.009029563584477656,0.00951157272616748
ZKSessionTest.testReacquireLocksAfterSessionLost,0,original,0,'Ġ',spaces ×1,0.005146695003048575,0.005421431873524054
ZKSessionTest.testReacquireLocksAfterSessionLost,0,original,0,'Ġ',spaces ×1,0.0022792152659285234,0.0024008825628890444
ZKSessionTest.testReacquireLocksAfterSessionLost,0,original,0,'Ġ',spaces ×1,0.008934364539377638,0.009411291839670693
ZKSessionTest.testReacquireLocksAfterSessionLost,0,original,0,'Ċ',newline ×1,0.0020847913926021746,0.002196080105544843
ZKSessionTest.testReacquireLocksAfterSessionLost,0,original,0,'Ġ',spaces ×1,0.0019562064823872133,0.002060631175643092
ZKSessionTest.testReacquireLocksAfterSessionLost,0,original,0,'Ġ',spaces ×1,0.000560462135559931,0.000590380289453358
ZKSessionTest.testReacquireLocksAfterSessionLost,0,original,0,'Ġ',spaces ×1,0.0063037199124580294,0.00664022018692093
ZKSessionTest.testReacquireLocksAfterSessionLost,0,original,0,'Ċ',newline ×1,0.012818923262682469,0.01350321305602919
ZKSessionTest.testReacquireLocksAfterSessionLost,0,original,0,'Ġ',spaces ×1,0.002989365672396454,0.003148941666127295
ZKSessionTest.testReacquireLocksAfterSessionLost,0,original,0,'Ġ',spaces ×1,0.005432822214220745,0.005722832904984537
ZKSessionTest.testReacquireLocksAfterSessionLost,0,original,0,'Ġ',spaces ×1,0.0017432238560215565,0.0018362792763365109
ZKSessionTest.testReacquireLocksAfterSessionLost,0,original,0,'Ċ',newline ×1,0.014945090989346283,0.01574287821492545
ZKSessionTest.testReacquireLocksAfterSessionLost,0,original,0,'Ġ',spaces ×1,0.0005548977192467582,0.0005845188377955616
ZKSessionTest.testReacquireLocksAfterSessionLost,0,original,0,'Ġ',spaces ×1,0.006660153591537744,0.0070156807314870236
ZKSessionTest.testReacquireLocksAfterSessionLost,0,original,0,'Ġ',spaces ×1,0.008806211985013745,0.009276298345303843
ZKSessionTest.testReacquireLocksAfterSessionLost,0,original,0,'Ċ',newline ×1,0.001598615454005239,0.0016839515010542646
ZKSessionTest.testReacquireLocksAfterSessionLost,0,original,0,'Ġ',spaces ×1,0.005045728390443238,0.005315075539718361
ZKSessionTest.testReacquireLocksAfterSessionLost,0,original,0,'Ġ',spaces ×1,0.012931649241438229,0.01362195648532482
ZKSessionTest.testReacquireLocksAfterSessionLost,0,original,0,'Ġ',spaces ×1,0.009608093906284868,0.010120985703736173
ZKSessionTest.testReacquireLocksAfterSessionLost,0,original,0,'Ċ',newline ×1,0.023518798409751258,0.02477426061775297
ZKSessionTest.testReacquireLocksAfterSessionLost,0,original,0,'Ġ',spaces ×1,0.003034549922577019,0.0031965379068147845
ZKSessionTest.testReacquireLocksAfterSessionLost,0,original,0,'Ġ',spaces ×1,0.009102635872968237,0.009588545702739731
ZKSessionTest.testReacquireLocksAfterSessionLost,0,original,0,'Ġ',spaces ×1,0.011498861656010335,0.01211268494717709
ZKSessionTest.testReacquireLocksAfterSessionLost,0,original,0,'Ċ',newline ×1,0.009442371961904355,0.009946417319389575
ZKSessionTest.testReacquireLocksAfterSessionLost,0,original,0,'Ġ',spaces ×1,0.002658694257901012,0.0028006186073202383
ZKSessionTest.testReacquireLocksAfterSessionLost,0,original,0,'Ġ',spaces ×1,0.002598074379675285,0.0027367627658943456
ZKSessionTest.testReacquireLocksAfterSessionLost,0,original,0,'Ġ',spaces ×1,0.004663613104912081,0.004912562473155787
ZKSessionTest.testReacquireLocksAfterSessionLost,0,original,0,'Ċ',newline ×1,0.00885638291665024,0.009329147462598995
ZKSessionTest.testReacquireLocksAfterSessionLost,0,original,0,'Ġ',spaces ×1,0.0006440974399371441,0.0006784801486122804
ZKSessionTest.testReacquireLocksAfterSessionLost,0,original,0,'Ġ',spaces ×1,0.0005210952908430158,0.0005489119944442431
ZKSessionTest.testReacquireLocksAfterSessionLost,0,original,0,'Ġ',spaces ×1,0.0013981986002066763,0.001472836150614548
ZKSessionTest.testReacquireLocksAfterSessionLost,0,original,0,'Ċ',newline ×1,0.01303418068500432,0.013729961182680769
ZKSessionTest.testReacquireLocksAfterSessionLost,0,original,0,'Ġ',spaces ×1,0.0012316146573191583,0.001297359753226953
ZKSessionTest.testReacquireLocksAfterSessionLost,0,original,0,'Ġ',spaces ×1,0.00048241001799020303,0.0005081616544384757
ZKSessionTest.testReacquireLocksAfterSessionLost,0,original,0,'Ġ',spaces ×1,0.002176133359118718,0.0022922980178885564
ZKSessionTest.testReacquireLocksAfterSessionLost,0,original,0,'Ċ',newline ×1,0.006290859404755975,0.006626673169597323
ZKSessionTest.testReacquireLocksAfterSessionLost,0,original,0,'Ġ',spaces ×1,0.0004618175222950015,0.00048646990615122654
ZKSessionTest.testReacquireLocksAfterSessionLost,0,original,0,'Ġ',spaces ×1,6.0417287649091884e-05,6.36424363166341e-05
ZKSessionTest.testReacquireLocksAfterSessionLost,0,original,0,'Ġ',spaces ×1,0.0012053206450338386,0.0012696621344245901
ZKSessionTest.testReacquireLocksAfterSessionLost,0,original,0,'Ċ',newline ×1,0.004504859161227434,0.00474533404989974
ZKSessionTest.testReacquireLocksAfterSessionLost,0,original,0,'Ġ',spaces ×1,0.0012602057778002,0.0013274771026684626
ZKSessionTest.testReacquireLocksAfterSessionLost,0,original,0,'Ġ',spaces ×1,0.0006517352160497141,0.0006865256385499978
ZKSessionTest.testReacquireLocksAfterSessionLost,0,original,0,'Ġ',spaces ×1,0.0015905081377005068,0.001675411406294971
ZKSessionTest.testReacquireLocksAfterSessionLost,0,original,0,'Ċ',newline ×1,0.002468776133074594,0.0026005624208386272
ZKSessionTest.testReacquireLocksAfterSessionLost,0,original,0,'Ġ',spaces ×1,0.0013202625728888397,0.001390739802891109
ZKSessionTest.testReacquireLocksAfterSessionLost,0,original,0,'Ġ',spaces ×1,0.000626692354867987,0.0006601459588265184
ZKSessionTest.testReacquireLocksAfterSessionLost,0,original,0,'Ġ',spaces ×1,0.001570200503738502,0.001654019726008446
ZKSessionTest.testReacquireLocksAfterSessionLost,0,original,0,'Ċ',newline ×1,0.003590423974438437,0.0037820851950534254
ZKSessionTest.testReacquireLocksAfterSessionLost,0,original,0,'Ġ',spaces ×1,0.00039591286414798055,0.0004170471767918365
ZKSessionTest.testReacquireLocksAfterSessionLost,0,original,0,'Ġ',spaces ×1,2.3312970250209924e-05,2.4557445099455267e-05
ZKSessionTest.testReacquireLocksAfterSessionLost,0,original,0,'Ġ',spaces ×1,0.0005750973728438383,0.0006057967735932895
ZKSessionTest.testReacquireLocksAfterSessionLost,0,original,0,'Ċ',newline ×1,0.0031613668873793736,0.0033301245162167046
ZKSessionTest.testReacquireLocksAfterSessionLost,0,original,0,'Ġ',spaces ×1,0.0008158351154909839,0.0008593853912157408
ZKSessionTest.testReacquireLocksAfterSessionLost,0,original,0,'Ġ',spaces ×1,0.00047951223170945037,0.0005051091807838628
ZKSessionTest.testReacquireLocksAfterSessionLost,0,original,0,'Ġ',spaces ×1,0.0007761676105760991,0.000817600386399768
ZKSessionTest.testReacquireLocksAfterSessionLost,0,original,0,'Ċ',newline ×1,0.0031367425700717932,0.003304185722750993
ZKSessionTest.testReacquireLocksAfterSessionLost,0,original,0,'Ġ',spaces ×1,0.0007985972521534552,0.0008412273496620499
ZKSessionTest.testReacquireLocksAfterSessionLost,0,original,0,'Ġ',spaces ×1,0.0006914169353586815,0.0007283256165417849
ZKSessionTest.testReacquireLocksAfterSessionLost,0,original,0,'Ġ',spaces ×1,0.0010738909655708265,0.0011312165780149404
ZKSessionTest.testReacquireLocksAfterSessionLost,0,original,0,'Ċ',newline ×1,0.003031829153705974,0.003193671899975592
ZKSessionTest.testReacquireLocksAfterSessionLost,0,original,0,'Ġ',spaces ×1,0.0007011509098703064,0.000738579202511448
ZKSessionTest.testReacquireLocksAfterSessionLost,0,original,0,'Ġ',spaces ×1,0.0005205546556341105,0.0005483424994670252
ZKSessionTest.testReacquireLocksAfterSessionLost,0,original,0,'Ġ',spaces ×1,0.0005628913600727507,0.0005929391889401055
ZKSessionTest.testReacquireLocksAfterSessionLost,0,original,0,'Ċ',newline ×1,0.003615376941123681,0.003808370181602314
ZKSessionTest.testReacquireLocksAfterSessionLost,0,original,0,'Ġ',spaces ×1,0.0005679201693257962,0.0005982364421781903
ZKSessionTest.testReacquireLocksAfterSessionLost,0,original,0,'Ġ',spaces ×1,0.00016958992814863745,0.0001786428458164067
ZKSessionTest.testReacquireLocksAfterSessionLost,0,original,0,'Ġ',spaces ×1,1.4212195708824491e-05,1.4970860088453484e-05
ZKSessionTest.testReacquireLocksAfterSessionLost,0,original,0,'Ċ',newline ×1,0.0025211162648629036,0.002655696532841283
ZKSessionTest.testReacquireLocksAfterSessionLost,0,original,0,'Ġ',spaces ×1,0.0001318486973255344,0.00013888694195787212
ZKSessionTest.testReacquireLocksAfterSessionLost,0,original,0,'Ġ',spaces ×1,0.00020481796659295042,0.00021575140001489735
ZKSessionTest.testReacquireLocksAfterSessionLost,0,original,0,'Ġ',spaces ×1,0.00016559955097805604,0.00017443945743470573
ZKSessionTest.testReacquireLocksAfterSessionLost,0,original,0,'Ċ',newline ×1,0.002783294713887054,0.002931870387955817
ZKSessionTest.testReacquireLocksAfterSessionLost,0,original,0,'Ġ',spaces ×1,0.00041757553668100373,0.0004398662292646721
ZKSessionTest.testReacquireLocksAfterSessionLost,0,original,0,'Ġ',spaces ×1,0.00017479715259494582,0.00018412803826886167
ZKSessionTest.testReacquireLocksAfterSessionLost,0,original,0,'Ġ',spaces ×1,0.0014461858999095423,0.0015233850710342281
ZKSessionTest.testReacquireLocksAfterSessionLost,0,original,0,'Ċ',newline ×1,0.0011240654317186383,0.0011840694184979445
ZKSessionTest.testReacquireLocksAfterSessionLost,0,original,0,'Ġ',spaces ×1,0.0018751993515179499,0.001975299785106598
ZKSessionTest.testReacquireLocksAfterSessionLost,0,original,0,'Ġ',spaces ×1,0.00021463366674238303,0.00022609107423681403
ZKSessionTest.testReacquireLocksAfterSessionLost,0,original,0,'Ġ',spaces ×1,0.0002379327336851573,0.00025063387385328763
ZKSessionTest.testReacquireLocksAfterSessionLost,0,original,0,'Ġ',spaces ×1,3.142767066674966e-05,3.310531814347062e-05
ZKSessionTest.testReacquireLocksAfterSessionLost,0,original,0,'Ġ',spaces ×1,0.00010969326301632489,0.0001155488234828957
ZKSessionTest.testReacquireLocksAfterSessionLost,0,original,0,'Ġ',spaces ×1,0.0002518529427172613,0.00026529716065929886
ZKSessionTest.testReacquireLocksAfterSessionLost,0,original,0,'Ġ',spaces ×1,0.0004777604736267213,0.0005032639117133652
ZKSessionTest.testReacquireLocksAfterSessionLost,0,original,0,'Ċ',newline ×1,0.003068837890433007,0.003232656208307823
ZKSessionTest.testReacquireLocksAfterSessionLost,0,original,0,'Ġ',spaces ×1,0.00013673637943350142,0.00014403553451136322
ZKSessionTest.testReacquireLocksAfterSessionLost,0,original,0,'Ġ',spaces ×1,0.0005594521827274766,0.0005893164241041619
ZKSessionTest.testReacquireLocksAfterSessionLost,0,original,0,'Ġ',spaces ×1,4.059453769267307e-05,4.27615237366251e-05
ZKSessionTest.testReacquireLocksAfterSessionLost,0,original,0,'Ċ',newline ×1,0.00509101022014978,0.0053627745688462035
ZKSessionTest.testReacquireLocksAfterSessionLost,0,original,0,'Ġ',spaces ×1,0.0005201639920383587,0.0005479309817709932
ZKSessionTest.testReacquireLocksAfterSessionLost,0,original,0,'Ġ',spaces ×1,0.00022279384088192268,0.00023468684844674917
ZKSessionTest.testReacquireLocksAfterSessionLost,0,original,0,'Ġ',spaces ×1,0.0002998536778737945,0.0003158602337335864
ZKSessionTest.testReacquireLocksAfterSessionLost,0,original,0,'Ċ',newline ×1,4.866081246172719e-05,5.125838611289756e-05
ZKSessionTest.testReacquireLocksAfterSessionLost,0,indent +4,5,'Ċ',newline ×1,0.059308506554940965,0.0020538752810747825
ZKSessionTest.testReacquireLocksAfterSessionLost,0,indent +4,5,'Ġ',spaces ×1,0.48939836912959234,0.01694804457809842
ZKSessionTest.testReacquireLocksAfterSessionLost,0,indent +4,5,'Ġ',spaces ×1,0.1099066097062737,0.003806106105425841
ZKSessionTest.testReacquireLocksAfterSessionLost,0,indent +4,5,'Ġ',spaces ×1,0.5405194415224236,0.018718386018620213
ZKSessionTest.testReacquireLocksAfterSessionLost,0,indent +4,5,'Ċ',newline ×1,0.07224034159751291,0.0025017094599420375
ZKSessionTest.testReacquireLocksAfterSessionLost,0,indent +4,5,'Ġ',spaces ×1,0.14633936479844878,0.005067785743842497
ZKSessionTest.testReacquireLocksAfterSessionLost,0,indent +4,5,'Ġ',spaces ×1,0.0901125745541363,0.0031206314261057726
ZKSessionTest.testReacquireLocksAfterSessionLost,0,indent +4,5,'Ġ',spaces ×1,0.0812714641900609,0.002814460539519593
ZKSessionTest.testReacquireLocksAfterSessionLost,0,indent +4,5,'Ġ',spaces ×1,0.0881115777405665,0.0030513361743514014
ZKSessionTest.testReacquireLocksAfterSessionLost,0,indent +4,5,'Ġ',spaces ×1,0.09119882403956497,0.0031582486432099573
ZKSessionTest.testReacquireLocksAfterSessionLost,0,indent +4,5,'Ġ',spaces ×1,0.06383746539330093,0.002210714782647728
ZKSessionTest.testReacquireLocksAfterSessionLost,0,indent +4,5,'Ġ',spaces ×1,0.13219059591184973,0.004577808700719587
ZKSessionTest.testReacquireLocksAfterSessionLost,0,indent +4,5,'Ċ',newline ×1,0.07157086814819534,0.0024785253494533427
ZKSessionTest.testReacquireLocksAfterSessionLost,0,indent +4,5,'Ġ',spaces ×1,0.15038741725684263,0.005207971281529021
ZKSessionTest.testReacquireLocksAfterSessionLost,0,indent +4,5,'Ġ',spaces ×1,0.1009648532115108,0.0034964498065107675
ZKSessionTest.testReacquireLocksAfterSessionLost,0,indent +4,5,'Ġ',spaces ×1,0.11174632722545942,0.003869816196208779
ZKSessionTest.testReacquireLocksAfterSessionLost,0,indent +4,5,'Ġ',spaces ×1,0.10564816828680836,0.0036586347210428496
ZKSessionTest.testReacquireLocksAfterSessionLost,0,indent +4,5,'Ġ',spaces ×1,0.09772139860803901,0.0033841277869167004
ZKSessionTest.testReacquireLocksAfterSessionLost,0,indent +4,5,'Ġ',spaces ×1,0.08821478104653002,0.0030549101425956923
ZKSessionTest.testReacquireLocksAfterSessionLost,0,indent +4,5,'Ġ',spaces ×1,0.11733993056462143,0.004063524726363719
ZKSessionTest.testReacquireLocksAfterSessionLost,0,indent +4,5,'Ċ',newline ×1,0.04069295514312815,0.0014092119248514947
ZKSessionTest.testReacquireLocksAfterSessionLost,0,indent +4,5,'Ġ',spaces ×1,0.1025927677497814,0.003552825082572709
ZKSessionTest.testReacquireLocksAfterSessionLost,0,indent +4,5,'Ġ',spaces ×1,0.06989598673085626,0.0024205235931855874
ZKSessionTest.testReacquireLocksAfterSessionLost,0,indent +4,5,'Ġ',spaces ×1,0.07422445739542416,0.0025704201159479317
ZKSessionTest.testReacquireLocksAfterSessionLost,0,indent +4,5,'Ġ',spaces ×1,0.062024975847251175,0.002147947606536329
ZKSessionTest.testReacquireLocksAfterSessionLost,0,indent +4,5,'Ġ',spaces ×1,0.051323866302863216,0.0017773642678219801
ZKSessionTest.testReacquireLocksAfterSessionLost,0,indent +4,5,'Ġ',spaces ×1,0.0455500062935201,0.0015774133832285441
ZKSessionTest.testReacquireLocksAfterSessionLost,0,indent +4,5,'Ġ',spaces ×1,0.063587198023581,0.002202047932069536
ZKSessionTest.testReacquireLocksAfterSessionLost,0,indent +4,5,'Ċ',newline ×1,0.045267364592212526,0.0015676253977027447
ZKSessionTest.testReacquireLocksAfterSessionLost,0,indent +4,5,'Ġ',spaces ×1,0.08259140720045348,0.0028601706488942304
ZKSessionTest.testReacquireLocksAfterSessionLost,0,indent +4,5,'Ġ',spaces ×1,0.055102164451372435,0.0019082081150627636
ZKSessionTest.testReacquireLocksAfterSessionLost,0,indent +4,5,'Ġ',spaces ×1,0.06969889532889367,0.002413698245826211
ZKSessionTest.testReacquireLocksAfterSessionLost,0,indent +4,5,'Ġ',spaces ×1,0.06213466475021274,0.002151746173377533
ZKSessionTest.testReacquireLocksAfterSessionLost,0,indent +4,5,'Ġ',spaces ×1,0.06101964485157019,0.0021131326263375827
ZKSessionTest.testReacquireLocksAfterSessionLost,0,indent +4,5,'Ġ',spaces ×1,0.059492194588480825,0.0020602364648818184
ZKSessionTest.testReacquireLocksAfterSessionLost,0,indent +4,5,'Ġ',spaces ×1,0.06585568228624838,0.002280606372051221
ZKSessionTest.testReacquireLocksAfterSessionLost,0,indent +4,5,'Ċ',newline ×1,0.05952041317553132,0.002061213684875651
ZKSessionTest.testReacquireLocksAfterSessionLost,0,indent +4,5,'Ġ',spaces ×1,0.07957778545764196,0.0027558078253532886
ZKSessionTest.testReacquireLocksAfterSessionLost,0,indent +4,5,'Ġ',spaces ×1,0.06403857212595276,0.0022176791823779536
ZKSessionTest.testReacquireLocksAfterSessionLost,0,indent +4,5,'Ġ',spaces ×1,0.06063331394082907,0.0020997538455525488
ZKSessionTest.testReacquireLocksAfterSessionLost,0,indent +4,5,'Ġ',spaces ×1,0.06657324131456632,0.0023054557037336674
ZKSessionTest.testReacquireLocksAfterSessionLost,0,indent +4,5,'Ġ',spaces ×1,0.057902419336687855,0.0020051819662645367
ZKSessionTest.testReacquireLocksAfterSessionLost,0,indent +4,5,'Ġ',spaces ×1,0.05410384088999755,0.0018736358048778326
ZKSessionTest.testReacquireLocksAfterSessionLost,0,indent +4,5,'Ġ',spaces ×1,0.057837304046106784,0.0020029269999281216
ZKSessionTest.testReacquireLocksAfterSessionLost,0,indent +4,5,'Ċ',newline ×1,0.05880349826303763,0.00203638665915986
ZKSessionTest.testReacquireLocksAfterSessionLost,0,indent +4,5,'Ġ',spaces ×1,0.09440909582979576,0.0032694215298409626
ZKSessionTest.testReacquireLocksAfterSessionLost,0,indent +4,5,'Ġ',spaces ×1,0.07085830923790132,0.0024538491736874474
ZKSessionTest.testReacquireLocksAfterSessionLost,0,indent +4,5,'Ġ',spaces ×1,0.06586278255160852,0.0022808522568384016
ZKSessionTest.testReacquireLocksAfterSessionLost,0,indent +4,5,'Ġ',spaces ×1,0.052930812595200584,0.001833013405855646
ZKSessionTest.testReacquireLocksAfterSessionLost,0,indent +4,5,'Ġ',spaces ×1,0.058137049413470726,0.002013307291667135
ZKSessionTest.testReacquireLocksAfterSessionLost,0,indent +4,5,'Ġ',spaces ×1,0.046081739699156035,0.001595827505609887
ZKSessionTest.testReacquireLocksAfterSessionLost,0,indent +4,5,'Ġ',spaces ×1,0.0353804125117146,0.0012252366298369677
ZKSessionTest.testReacquireLocksAfterSessionLost,0,indent +4,5,'Ċ',newline ×1,0.05727165679695681,0.001983338428737902
ZKSessionTest.testReacquireLocksAfterSessionLost,0,indent +4,5,'Ġ',spaces ×1,0.06248366931542655,0.002163832329160446
ZKSessionTest.testReacquireLocksAfterSessionLost,0,indent +4,5,'Ġ',spaces ×1,0.05146872883968689,0.001782380910472732
ZKSessionTest.testReacquireLocksAfterSessionLost,0,indent +4,5,'Ġ',spaces ×1,0.04856743346691182,0.001681907990222763
ZKSessionTest.testReacquireLocksAfterSessionLost,0,indent +4,5,'Ġ',spaces ×1,0.055353109209526095,0.0019168984238502498
ZKSessionTest.testReacquireLocksAfterSessionLost,0,indent +4,5,'Ġ',spaces ×1,0.04744981940466851,0.0016432046063481968
ZKSessionTest.testReacquireLocksAfterSessionLost,0,indent +4,5,'Ġ',spaces ×1,0.05056685447834511,0.0017511486713726115
ZKSessionTest.testReacquireLocksAfterSessionLost,0,indent +4,5,'Ġ',spaces ×1,0.04071977197568104,0.0014101406015742187
ZKSessionTest.testReacquireLocksAfterSessionLost,0,indent +4,5,'Ċ',newline ×1,0.04012691772281721,0.0013896098418912195
ZKSessionTest.testReacquireLocksAfterSessionLost,0,indent +4,5,'Ġ',spaces ×1,0.05141039424959242,0.0017803607622750082
ZKSessionTest.testReacquireLocksAfterSessionLost,0,indent +4,5,'Ġ',spaces ×1,0.04280864584953345,0.0014824790680775701
ZKSessionTest.testReacquireLocksAfterSessionLost,0,indent +4,5,'Ġ',spaces ×1,0.04336739178233161,0.0015018286441575567
ZKSessionTest.testReacquireLocksAfterSessionLost,0,indent +4,5,'Ġ',spaces ×1,0.03285241736859622,0.0011376912331185708
ZKSessionTest.testReacquireLocksAfterSessionLost,0,indent +4,5,'Ġ',spaces ×1,0.039122140628165866,0.0013548140434877845
ZKSessionTest.testReacquireLocksAfterSessionLost,0,indent +4,5,'Ġ',spaces ×1,0.03255746478392758,0.0011274769171978208
ZKSessionTest.testReacquireLocksAfterSessionLost,0,indent +4,5,'Ġ',spaces ×1,0.032658493892272746,0.0011309755921831192
ZKSessionTest.testReacquireLocksAfterSessionLost,0,indent +4,5,'Ċ',newline ×1,0.0416216698867186,0.0014413736562089205
ZKSessionTest.testReacquireLocksAfterSessionLost,0,indent +4,5,'Ġ',spaces ×1,0.03287651009485805,0.0011385255730437726
ZKSessionTest.testReacquireLocksAfterSessionLost,0,indent +4,5,'Ġ',spaces ×1,0.025486396073276383,0.0008826032206710971
ZKSessionTest.testReacquireLocksAfterSessionLost,0,indent +4,5,'Ġ',spaces ×1,0.021650863857008346,0.000749777336723719
ZKSessionTest.testReacquireLocksAfterSessionLost,0,indent +4,5,'Ġ',spaces ×1,0.02780042317211777,0.0009627388257321482
ZKSessionTest.testReacquireLocksAfterSessionLost,0,indent +4,5,'Ġ',spaces ×1,0.036876776662258984,0.0012770562678418897
ZKSessionTest.testReacquireLocksAfterSessionLost,0,indent +4,5,'Ġ',spaces ×1,0.022058040923862293,0.0007638780275218788
ZKSessionTest.testReacquireLocksAfterSessionLost,0,indent +4,5,'Ġ',spaces ×1,0.02971768126865488,0.0010291341750783712
ZKSessionTest.testReacquireLocksAfterSessionLost,0,indent +4,5,'Ċ',newline ×1,0.0340706166085906,0.0011798779184995418
ZKSessionTest.testReacquireLocksAfterSessionLost,0,indent +4,5,'Ġ',spaces ×1,0.022712106739335384,0.000786528566013381
ZKSessionTest.testReacquireLocksAfterSessionLost,0,indent +4,5,'Ġ',spaces ×1,0.020217782453000037,0.0007001492033844654
ZKSessionTest.testReacquireLocksAfterSessionLost,0,indent +4,5,'Ġ',spaces ×1,0.027904511235610927,0.0009663434334533947
ZKSessionTest.testReacquireLocksAfterSessionLost,0,indent +4,5,'Ġ',spaces ×1,0.02514476022549672,0.0008707722462689062
ZKSessionTest.testReacquireLocksAfterSessionLost,0,indent +4,5,'Ġ',spaces ×1,0.029500318271045285,0.0010216068149450132
ZKSessionTest.testReacquireLocksAfterSessionLost,0,indent +4,5,'Ġ',spaces ×1,0.02877524357304753,0.0009964972128718131
ZKSessionTest.testReacquireLocksAfterSessionLost,0,indent +4,5,'Ġ',spaces ×1,0.03390186847849368,0.0011740341090147658
ZKSessionTest.testReacquireLocksAfterSessionLost,0,indent +4,5,'Ċ',newline ×1,0.040000486355372684,0.00138523147737944
ZKSessionTest.testReacquireLocksAfterSessionLost,0,indent +4,5,'Ġ',spaces ×1,0.033221319611205155,0.0011504664527495973
ZKSessionTest.testReacquireLocksAfterSessionLost,0,indent +4,5,'Ġ',spaces ×1,0.028619812492795386,0.0009911145776954425
ZKSessionTest.testReacquireLocksAfterSessionLost,0,indent +4,5,'Ġ',spaces ×1,0.031987599171060505,0.0011077422625287141
ZKSessionTest.testReacquireLocksAfterSessionLost,0,indent +4,5,'Ġ',spaces ×1,0.03426601167625612,0.0011866445211815766
ZKSessionTest.testReacquireLocksAfterSessionLost,0,indent +4,5,'Ġ',spaces ×1,0.029464103495918166,0.0010203526840325383
ZKSessionTest.testReacquireLocksAfterSessionLost,0,indent +4,5,'Ġ',spaces ×1,0.03402900304595896,0.0011784368256005425
ZKSessionTest.testReacquireLocksAfterSessionLost,0,indent +4,5,'Ġ',spaces ×1,0.034670138865646974,0.0012006395936073374
ZKSessionTest.testReacquireLocksAfterSessionLost,0,indent +4,5,'Ċ',newline ×1,0.034898757656077056,0.0012085567459642018
ZKSessionTest.testReacquireLocksAfterSessionLost,0,indent +4,5,'Ġ',spaces ×1,0.024726817912377855,0.0008562987510539346
ZKSessionTest.testReacquireLocksAfterSessionLost,0,indent +4,5,'Ġ',spaces ×1,0.028614232842327503,0.0009909213523583249
ZKSessionTest.testReacquireLocksAfterSessionLost,0,indent +4,5,'Ġ',spaces ×1,0.02769960460290132,0.000959247441793907
ZKSessionTest.testReacquireLocksAfterSessionLost,0,indent +4,5,'Ġ',spaces ×1,0.03112260506459901,0.0010777872001483983
ZKSessionTest.testReacquireLocksAfterSessionLost,0,indent +4,5,'Ġ',spaces ×1,0.028190615243453253,0.0009762513199212395
ZKSessionTest.testReacquireLocksAfterSessionLost,0,indent +4,5,'Ġ',spaces ×1,0.0300344944230983,0.0010401055305285021
ZKSessionTest.testReacquireLocksAfterSessionLost,0,indent +4,5,'Ġ',spaces ×1,0.04211333830083254,0.0014584003132753632
ZKSessionTest.testReacquireLocksAfterSessionLost,0,indent +4,5,'Ċ',newline ×1,0.030728284218631694,0.0010641317249832207
ZKSessionTest.testReacquireLocksAfterSessionLost,0,indent +4,5,'Ġ',spaces ×1,0.031981969821447076,0.001107547316092003
ZKSessionTest.testReacquireLocksAfterSessionLost,0,indent +4,5,'Ġ',spaces ×1,0.02963551008404066,0.0010262885568913843
ZKSessionTest.testReacquireLocksAfterSessionLost,0,indent +4,5,'Ġ',spaces ×1,0.0351008060552795,0.0012155537559516007
ZKSessionTest.testReacquireLocksAfterSessionLost,0,indent +4,5,'Ġ',spaces ×1,0.033633082167874875,0.0011647259407377608
ZKSessionTest.testReacquireLocksAfterSessionLost,0,indent +4,5,'Ġ',spaces ×1,0.03165716563567106,0.0010962992283031626
ZKSessionTest.testReacquireLocksAfterSessionLost,0,indent +4,5,'Ġ',spaces ×1,0.030797384182090257,0.0010665246819992473
ZKSessionTest.testReacquireLocksAfterSessionLost,0,indent +4,5,'Ġ',spaces ×1,0.03103064177392999,0.0010746024777461166
ZKSessionTest.testReacquireLocksAfterSessionLost,0,indent +4,5,'Ċ',newline ×1,0.042008778952840165,0.001454779384799481
ZKSessionTest.testReacquireLocksAfterSessionLost,0,indent +4,5,'Ġ',spaces ×1,0.02520839361280701,0.0008729758937528736
ZKSessionTest.testReacquireLocksAfterSessionLost,0,indent +4,5,'Ġ',spaces ×1,0.022328942350397007,0.0007732594430369049
ZKSessionTest.testReacquireLocksAfterSessionLost,0,indent +4,5,'Ġ',spaces ×1,0.023484120542654884,0.0008132636864773839
ZKSessionTest.testReacquireLocksAfterSessionLost,0,indent +4,5,'Ġ',spaces ×1,0.0292598621067826,0.001013279730001411
ZKSessionTest.testReacquireLocksAfterSessionLost,0,indent +4,5,'Ġ',spaces ×1,0.027624349122928202,0.0009566413169888756
ZKSessionTest.testReacquireLocksAfterSessionLost,0,indent +4,5,'Ġ',spaces ×1,0.03427292923665991,0.001186884078829273
ZKSessionTest.testReacquireLocksAfterSessionLost,0,indent +4,5,'Ġ',spaces ×1,0.03175514757298773,0.001099692378640882
ZKSessionTest.testReacquireLocksAfterSessionLost,0,indent +4,5,'Ċ',newline ×1,0.04060914590035222,0.001406309580111055
ZKSessionTest.testReacquireLocksAfterSessionLost,0,indent +4,5,'Ġ',spaces ×1,0.02811377394844218,0.0009735902777612449
ZKSessionTest.testReacquireLocksAfterSessionLost,0,indent +4,5,'Ġ',spaces ×1,0.030685883543734704,0.001062663374098493
ZKSessionTest.testReacquireLocksAfterSessionLost,0,indent +4,5,'Ġ',spaces ×1,0.03365070345251178,0.0011653361722717987
ZKSessionTest.testReacquireLocksAfterSessionLost,0,indent +4,5,'Ġ',spaces ×1,0.031122123815717558,0.00107777053432356
ZKSessionTest.testReacquireLocksAfterSessionLost,0,indent +4,5,'Ġ',spaces ×1,0.034130056888226436,0.0011819363571306195
ZKSessionTest.testReacquireLocksAfterSessionLost,0,indent +4,5,'Ġ',spaces ×1,0.031504927536087655,0.0010910271672155596
ZKSessionTest.testReacquireLocksAfterSessionLost,0,indent +4,5,'Ġ',spaces ×1,0.028091058760693274,0.0009728036424987427
ZKSessionTest.testReacquireLocksAfterSessionLost,0,indent +4,5,'Ċ',newline ×1,0.035453140643348355,0.0012277552316443316
ZKSessionTest.testReacquireLocksAfterSessionLost,0,indent +4,5,'Ġ',spaces ×1,0.03156207153148881,0.0010930060846834537
ZKSessionTest.testReacquireLocksAfterSessionLost,0,indent +4,5,'Ġ',spaces ×1,0.027241871206388133,0.000943395966802711
ZKSessionTest.testReacquireLocksAfterSessionLost,0,indent +4,5,'Ġ',spaces ×1,0.023759650545283853,0.0008228053912760012
ZKSessionTest.testReacquireLocksAfterSessionLost,0,indent +4,5,'Ġ',spaces ×1,0.034934459053954155,0.0012097930984346801
ZKSessionTest.testReacquireLocksAfterSessionLost,0,indent +4,5,'Ġ',spaces ×1,0.03171978357325136,0.0010984677103914602
ZKSessionTest.testReacquireLocksAfterSessionLost,0,indent +4,5,'Ġ',spaces ×1,0.04200342105394431,0.0014545938388004346
ZKSessionTest.testReacquireLocksAfterSessionLost,0,indent +4,5,'Ġ',spaces ×1,0.02763528449011459,0.0009570200127554398
ZKSessionTest.testReacquireLocksAfterSessionLost,0,indent +4,5,'Ċ',newline ×1,0.03340051798855386,0.0011566721581201124
ZKSessionTest.testReacquireLocksAfterSessionLost,0,indent +4,5,'Ġ',spaces ×1,0.03931878448006458,0.001361623892024705
ZKSessionTest.testReacquireLocksAfterSessionLost,0,indent +4,5,'Ġ',spaces ×1,0.0352416892058051,0.0012204325909989208
ZKSessionTest.testReacquireLocksAfterSessionLost,0,indent +4,5,'Ġ',spaces ×1,0.04016277752785675,0.0013908516800596894
ZKSessionTest.testReacquireLocksAfterSessionLost,0,indent +4,5,'Ġ',spaces ×1,0.03376560195954495,0.00116931514960803
ZKSessionTest.testReacquireLocksAfterSessionLost,0,indent +4,5,'Ġ',spaces ×1,0.028292937327183756,0.00097979477111719
ZKSessionTest.testReacquireLocksAfterSessionLost,0,indent +4,5,'Ġ',spaces ×1,0.03143524087514664,0.0010886138926510618
ZKSessionTest.testReacquireLocksAfterSessionLost,0,indent +4,5,'Ġ',spaces ×1,0.03305525166631451,0.0011447154590591086
ZKSessionTest.testReacquireLocksAfterSessionLost,0,indent +4,5,'Ċ',newline ×1,0.035797561313429815,0.0012396826454617108
ZKSessionTest.testReacquireLocksAfterSessionLost,0,indent +4,5,'Ġ',spaces ×1,0.030437246935587803,0.0010540529973902188
ZKSessionTest.testReacquireLocksAfterSessionLost,0,indent +4,5,'Ġ',spaces ×1,0.02984642577334779,0.001033592644379365
ZKSessionTest.testReacquireLocksAfterSessionLost,0,indent +4,5,'Ġ',spaces ×1,0.033595424815174794,0.0011634218528361415
ZKSessionTest.testReacquireLocksAfterSessionLost,0,indent +4,5,'Ġ',spaces ×1,0.030104955549721465,0.0010425456251229248
ZKSessionTest.testReacquireLocksAfterSessionLost,0,indent +4,5,'Ġ',spaces ×1,0.030217364460825732,0.0010464383868412747
ZKSessionTest.testReacquireLocksAfterSessionLost,0,indent +4,5,'Ġ',spaces ×1,0.027881830160133226,0.0009655579795113252
ZKSessionTest.testReacquireLocksAfterSessionLost,0,indent +4,5,'Ġ',spaces ×1,0.02900330659018617,0.0010043951185962554
ZKSessionTest.testReacquireLocksAfterSessionLost,0,indent +4,5,'Ċ',newline ×1,0.04237801589794113,0.0014675661953002634
ZKSessionTest.testReacquireLocksAfterSessionLost,0,indent +4,5,'Ġ',spaces ×1,0.02617584487238956,0.0009064790848315524
ZKSessionTest.testReacquireLocksAfterSessionLost,0,indent +4,5,'Ġ',spaces ×1,0.02626592034851175,0.0009095984315253868
ZKSessionTest.testReacquireLocksAfterSessionLost,0,indent +4,5,'Ġ',spaces ×1,0.02738641697664093,0.000948401639711219
ZKSessionTest.testReacquireLocksAfterSessionLost,0,indent +4,5,'Ġ',spaces ×1,0.03031332705374614,0.0010497616065437384
ZKSessionTest.testReacquireLocksAfterSessionLost,0,indent +4,5,'Ġ',spaces ×1,0.028396032411213024,0.0009833649915963027
ZKSessionTest.testReacquireLocksAfterSessionLost,0,indent +4,5,'Ġ',spaces ×1,0.030931001578680208,0.00107115190132947
ZKSessionTest.testReacquireLocksAfterSessionLost,0,indent +4,5,'Ġ',spaces ×1,0.0296274641631301,0.0010260099237065076
ZKSessionTest.testReacquireLocksAfterSessionLost,0,indent +4,5,'Ċ',newline ×1,0.031196845982628438,0.0010803581903021241
ZKSessionTest.testReacquireLocksAfterSessionLost,0,indent +4,5,'Ġ',spaces ×1,0.024659312920813182,0.0008539610284981422
ZKSessionTest.testReacquireLocksAfterSessionLost,0,indent +4,5,'Ġ',spaces ×1,0.021756259095282095,0.0007534272123858706
ZKSessionTest.testReacquireLocksAfterSessionLost,0,indent +4,5,'Ġ',spaces ×1,0.02000159980176097,0.0006926627190777695
ZKSessionTest.testReacquireLocksAfterSessionLost,0,indent +4,5,'Ġ',spaces ×1,0.023579318523978765,0.0008165604274005129
ZKSessionTest.testReacquireLocksAfterSessionLost,0,indent +4,5,'Ġ',spaces ×1,0.023154095228564382,0.0008018347891047699
ZKSessionTest.testReacquireLocksAfterSessionLost,0,indent +4,5,'Ġ',spaces ×1,0.0397011091944535,0.0013748639367643235
ZKSessionTest.testReacquireLocksAfterSessionLost,0,indent +4,5,'Ġ',spaces ×1,0.03212512938236359,0.0011125049840640258
ZKSessionTest.testReacquireLocksAfterSessionLost,0,indent +4,5,'Ċ',newline ×1,0.029877447191773196,0.001034666927449177
ZKSessionTest.testReacquireLocksAfterSessionLost,0,indent +4,5,'Ġ',spaces ×1,0.02947147556367779,0.001020607981436257
ZKSessionTest.testReacquireLocksAfterSessionLost,0,indent +4,5,'Ġ',spaces ×1,0.027763503155515495,0.0009614602720493635
ZKSessionTest.testReacquireLocksAfterSessionLost,0,indent +4,5,'Ġ',spaces ×1,0.03843930759196439,0.0013311672856174566
ZKSessionTest.testReacquireLocksAfterSessionLost,0,indent +4,5,'Ġ',spaces ×1,0.031065027877590093,0.0010757932810966364
ZKSessionTest.testReacquireLocksAfterSessionLost,0,indent +4,5,'Ġ',spaces ×1,0.025825838009413335,0.0008943582191104191
ZKSessionTest.testReacquireLocksAfterSessionLost,0,indent +4,5,'Ġ',spaces ×1,0.028316672472347926,0.0009806167278781522
ZKSessionTest.testReacquireLocksAfterSessionLost,0,indent +4,5,'Ġ',spaces ×1,0.030197497890820237,0.0010457504002534448
ZKSessionTest.testReacquireLocksAfterSessionLost,0,indent +4,5,'Ġ',spaces ×1,0.03440501327557598,0.0011914581974222429
ZKSessionTest.testReacquireLocksAfterSessionLost,0,indent +4,5,'Ġ',spaces ×1,0.029931611331796983,0.0010365426514351195
ZKSessionTest.testReacquireLocksAfterSessionLost,0,indent +4,5,'Ġ',spaces ×1,0.032536231207855516,0.001126741590689762
ZKSessionTest.testReacquireLocksAfterSessionLost,0,indent +4,5,'Ġ',spaces ×1,0.03310224213703665,0.0011463427562525199
ZKSessionTest.testReacquireLocksAfterSessionLost,0,indent +4,5,'Ċ',newline ×1,0.03238942789449178,0.0011216577382373598
ZKSessionTest.testReacquireLocksAfterSessionLost,0,indent +4,5,'Ġ',spaces ×1,0.03158390238997634,0.0010937620953000867
ZKSessionTest.testReacquireLocksAfterSessionLost,0,indent +4,5,'Ġ',spaces ×1,0.03072527827477378,0.0010640276280476427
ZKSessionTest.testReacquireLocksAfterSessionLost,0,indent +4,5,'Ġ',spaces ×1,0.039442886980484405,0.0013659216070193614
ZKSessionTest.testReacquireLocksAfterSessionLost,0,indent +4,5,'Ġ',spaces ×1,0.036519116184687214,0.0012646703546471008
ZKSessionTest.testReacquireLocksAfterSessionLost,0,indent +4,5,'Ġ',spaces ×1,0.03590432276635474,0.0012433798336370866
ZKSessionTest.testReacquireLocksAfterSessionLost,0,indent +4,5,'Ġ',spaces ×1,0.030876569733008737,0.0010692669065990035
ZKSessionTest.testReacquireLocksAfterSessionLost,0,indent +4,5,'Ġ',spaces ×1,0.02942312264659675,0.0010189335022269615
ZKSessionTest.testReacquireLocksAfterSessionLost,0,indent +4,5,'Ċ',newline ×1,0.03355637332798378,0.001162069485547032
ZKSessionTest.testReacquireLocksAfterSessionLost,0,indent +4,5,'Ġ',spaces ×1,0.028288517312992006,0.0009796417044085886
ZKSessionTest.testReacquireLocksAfterSessionLost,0,indent +4,5,'Ġ',spaces ×1,0.028052640071947656,0.0009714731892513181
ZKSessionTest.testReacquireLocksAfterSessionLost,0,indent +4,5,'Ġ',spaces ×1,0.04110241371689291,0.001423391625068706
ZKSessionTest.testReacquireLocksAfterSessionLost,0,indent +4,5,'Ġ',spaces ×1,0.03570378491037414,0.0012364351343141194
ZKSessionTest.testReacquireLocksAfterSessionLost,0,indent +4,5,'Ġ',spaces ×1,0.03434504628646701,0.0011893815186494044
ZKSessionTest.testReacquireLocksAfterSessionLost,0,indent +4,5,'Ġ',spaces ×1,0.032134257625091533,0.0011128210984494254
ZKSessionTest.testReacquireLocksAfterSessionLost,0,indent +4,5,'Ġ',spaces ×1,0.028149236021948878,0.0009748183423412152
ZKSessionTest.testReacquireLocksAfterSessionLost,0,strip indent,0,'Ċ',newline ×1,0.003376343096323594,0.0021484311966983778
ZKSessionTest.testReacquireLocksAfterSessionLost,0,strip indent,0,'Ċ',newline ×1,0.003960848366406695,0.002520362994224677
ZKSessionTest.testReacquireLocksAfterSessionLost,0,strip indent,0,'Ċ',newline ×1,0.005001765795740707,0.0031827185115900053
ZKSessionTest.testReacquireLocksAfterSessionLost,0,strip indent,0,'Ċ',newline ×1,0.003284608257186233,0.0020900585773868463
ZKSessionTest.testReacquireLocksAfterSessionLost,0,strip indent,0,'Ċ',newline ×1,0.002926530664427689,0.0018622070086411263
ZKSessionTest.testReacquireLocksAfterSessionLost,0,strip indent,0,'Ċ',newline ×1,0.0012166848064401757,0.0007741996355617037
ZKSessionTest.testReacquireLocksAfterSessionLost,0,strip indent,0,'Ċ',newline ×1,0.002949413264936693,0.0018767676416670356
ZKSessionTest.testReacquireLocksAfterSessionLost,0,strip indent,0,'Ċ',newline ×1,0.0007662551150824622,0.0004875826735930419
ZKSessionTest.testReacquireLocksAfterSessionLost,0,strip indent,0,'Ċ',newline ×1,0.002315708347480081,0.0014735291746855773
ZKSessionTest.testReacquireLocksAfterSessionLost,0,strip indent,0,'Ċ',newline ×1,0.00031158031384356187,0.00019826446763288966
ZKSessionTest.testReacquireLocksAfterSessionLost,0,strip indent,0,'Ċ',newline ×1,0.005592238568855352,0.003558447544561163
ZKSessionTest.testReacquireLocksAfterSessionLost,0,strip indent,0,'Ċ',newline ×1,0.002433421221994743,0.0015484321109824589
ZKSessionTest.testReacquireLocksAfterSessionLost,0,strip indent,0,'Ċ',newline ×1,0.0025140028036713426,0.001599707700877874
ZKSessionTest.testReacquireLocksAfterSessionLost,0,strip indent,0,'Ċ',newline ×1,0.0028055845100409347,0.0017852466749925292
ZKSessionTest.testReacquireLocksAfterSessionLost,0,strip indent,0,'Ċ',newline ×1,0.0028841765440836427,0.001835256277965992
ZKSessionTest.testReacquireLocksAfterSessionLost,0,strip indent,0,'Ċ',newline ×1,0.002206601776530431,0.0014041025926986184
ZKSessionTest.testReacquireLocksAfterSessionLost,0,strip indent,0,'Ċ',newline ×1,0.0035150565842446795,0.0022366972219068364
ZKSessionTest.testReacquireLocksAfterSessionLost,0,strip indent,0,'Ċ',newline ×1,0.0028751053808259534,0.0018294841246103734
ZKSessionTest.testReacquireLocksAfterSessionLost,0,strip indent,0,'Ċ',newline ×1,0.003988518312814106,0.002537969906311717
ZKSessionTest.testReacquireLocksAfterSessionLost,0,strip indent,0,'Ċ',newline ×1,0.0024514947728204095,0.0015599326544169386
ZKSessionTest.testReacquireLocksAfterSessionLost,0,strip indent,0,'Ċ',newline ×1,0.0020836893599448106,0.0013258910890923436
ZKSessionTest.testReacquireLocksAfterSessionLost,0,strip indent,0,'Ċ',newline ×1,0.0018383795674692279,0.0011697958120501447
ZKSessionTest.testReacquireLocksAfterSessionLost,0,strip indent,0,'Ċ',newline ×1,0.002799777860291514,0.0017815517935441537
ZKSessionTest.testReacquireLocksAfterSessionLost,0,strip indent,0,'Ċ',newline ×1,0.0021633065609084692,0.0013765530252357356
ZKSessionTest.testReacquireLocksAfterSessionLost,0,strip indent,0,'Ċ',newline ×1,0.0015642378264244727,0.0009953542188900545
ResponseContextTest.serializeWithTruncateArrayTest,3,original,3,'Ċ',newline ×1,0.0018594484274056925,0.0006030464886355691
ResponseContextTest.serializeWithTruncateArrayTest,3,original,3,'Ċ',newline ×1,0.0007036440143731915,0.00022820210868080675
ResponseContextTest.serializeWithTruncateArrayTest,3,original,3,'Ġ',spaces ×1,0.0020013517954175918,0.0006490678391306352
ResponseContextTest.serializeWithTruncateArrayTest,3,original,3,'Ġ',spaces ×1,0.003131478558095633,0.001015584579203353
ResponseContextTest.serializeWithTruncateArrayTest,3,original,3,'Ġ',spaces ×1,0.00419030371421544,0.001358977158995374
ResponseContextTest.serializeWithTruncateArrayTest,3,original,3,'Ċ',newline ×1,0.004715558364982614,0.0015293249718823286
ResponseContextTest.serializeWithTruncateArrayTest,3,original,3,'Ġ',spaces ×1,0.0010988957305761997,0.00035638805676647663
ResponseContextTest.serializeWithTruncateArrayTest,3,original,3,'Ġ',spaces ×1,0.003751885063563638,0.0012167915388237049
ResponseContextTest.serializeWithTruncateArrayTest,3,original,3,'Ġ',spaces ×1,0.0014349113787670452,0.00046536287627830803
ResponseContextTest.serializeWithTruncateArrayTest,3,original,3,'Ċ',newline ×1,0.003540788587301923,0.0011483298450780065
ResponseContextTest.serializeWithTruncateArrayTest,3,original,3,'Ġ',spaces ×1,0.0021078374273237103,0.0006836026965994806
ResponseContextTest.serializeWithTruncateArrayTest,3,original,3,'Ġ',spaces ×1,0.0031647838150210155,0.001026385964144144
ResponseContextTest.serializeWithTruncateArrayTest,3,original,3,'Ġ',spaces ×1,0.003435524700419485,0.0011141912174995306
ResponseContextTest.serializeWithTruncateArrayTest,3,original,3,'Ċ',newline ×1,0.00013302439824583543,4.314176993708485e-05
ResponseContextTest.serializeWithTruncateArrayTest,3,original,3,'Ġ',spaces ×1,0.003751356468847687,0.0012166201077785266
ResponseContextTest.serializeWithTruncateArrayTest,3,original,3,'Ġ',spaces ×1,0.00042799490043311014,0.00013880504457992418
ResponseContextTest.serializeWithTruncateArrayTest,3,original,3,'Ġ',spaces ×1,0.0017137998699307355,0.0005558105180834558
ResponseContextTest.serializeWithTruncateArrayTest,3,original,3,'Ċ',newline ×1,0.0017248185449718315,0.0005593840365500153
ResponseContextTest.serializeWithTruncateArrayTest,3,original,3,'Ġ',spaces ×1,0.002618325446465952,0.0008491614735448387
ResponseContextTest.serializeWithTruncateArrayTest,3,original,3,'Ġ',spaces ×1,0.0035243257684860504,0.0011429907106693116
ResponseContextTest.serializeWithTruncateArrayTest,3,original,3,'Ġ',spaces ×1,0.002606066368968989,0.0008451856743080891
ResponseContextTest.serializeWithTruncateArrayTest,3,original,3,'Ċ',newline ×1,0.0008362331162171154,0.0002712027055889334
ResponseContextTest.serializeWithTruncateArrayTest,3,original,3,'Ġ',spaces ×1,0.0025405404956154627,0.0008239346693013224
ResponseContextTest.serializeWithTruncateArrayTest,3,original,3,'Ġ',spaces ×1,0.0001831177534284365,5.938778219620899e-05
ResponseContextTest.serializeWithTruncateArrayTest,3,original,3,'Ġ',spaces ×1,0.005353278228332859,0.0017361469082471247
ResponseContextTest.serializeWithTruncateArrayTest,3,original,3,'Ċ',newline ×1,0.0007484762894338416,0.00024274187523436996
ResponseContextTest.serializeWithTruncateArrayTest,3,original,3,'Ġ',spaces ×1,0.001754990848968223,0.0005691693587514248
ResponseContextTest.serializeWithTruncateArrayTest,3,original,3,'Ġ',spaces ×1,0.0010064767299505888,0.000326415214826331
ResponseContextTest.serializeWithTruncateArrayTest,3,original,3,'Ġ',spaces ×1,0.0035700227898670667,0.0011578109271801694
ResponseContextTest.serializeWithTruncateArrayTest,3,original,3,'Ċ',newline ×1,0.002348702032420518,0.0007617186325939409
ResponseContextTest.serializeWithTruncateArrayTest,3,original,3,'Ġ',spaces ×1,0.003372854878852108,0.0010938664721166468
ResponseContextTest.serializeWithTruncateArrayTest,3,original,3,'Ġ',spaces ×1,0.002302322821861622,0.0007466771720936064
ResponseContextTest.serializeWithTruncateArrayTest,3,original,3,'Ġ',spaces ×1,5.810999100515512e-05,1.8845925229125835e-05
ResponseContextTest.serializeWithTruncateArrayTest,3,original,3,'Ċ',newline ×1,0.0037080262797646243,0.0012025674898121798
ResponseContextTest.serializeWithTruncateArrayTest,3,original,3,'Ġ',spaces ×1,0.00018598384384041911,6.031729749417809e-05
ResponseContextTest.serializeWithTruncateArrayTest,3,original,3,'Ġ',spaces ×1,0.00011510739711432602,3.7331022803693726e-05
ResponseContextTest.serializeWithTruncateArrayTest,3,original,3,'Ġ',spaces ×1,0.0028715733766581752,0.0009312935041006535
ResponseContextTest.serializeWithTruncateArrayTest,3,original,3,'Ċ',newline ×1,0.002917373752098633,0.0009461472398539457
ResponseContextTest.serializeWithTruncateArrayTest,3,original,3,'Ġ',spaces ×1,0.0011679061487487724,0.00037876915093659335
ResponseContextTest.serializeWithTruncateArrayTest,3,original,3,'Ġ',spaces ×1,0.00041345432313443756,0.00013408932138294765
ResponseContextTest.serializeWithTruncateArrayTest,3,original,3,'Ġ',spaces ×1,3.932198212385407e-05,1.2752697464734333e-05
ResponseContextTest.serializeWithTruncateArrayTest,3,original,3,'Ċ',newline ×1,0.005873938228371853,0.0019050046082880875
ResponseContextTest.serializeWithTruncateArrayTest,3,original,3,'Ġ',spaces ×1,0.0006883335435696829,0.00022323669769046535
ResponseContextTest.serializeWithTruncateArrayTest,3,original,3,'Ġ',spaces ×1,0.0009454686326225654,0.00030662939106819
ResponseContextTest.serializeWithTruncateArrayTest,3,original,3,'Ġ',spaces ×1,0.0004080076112547039,0.0001323228725665824
ResponseContextTest.serializeWithTruncateArrayTest,3,original,3,'Ċ',newline ×1,0.003537296376740397,0.0011471972698015615
ResponseContextTest.serializeWithTruncateArrayTest,3,original,3,'Ġ',spaces ×1,0.0018068347336910292,0.0005859830935012159
ResponseContextTest.serializeWithTruncateArrayTest,3,original,3,'Ġ',spaces ×1,0.0014006402604927436,0.0004542482482884548
ResponseContextTest.serializeWithTruncateArrayTest,3,original,3,'Ġ',spaces ×1,0.00039278762277348905,0.00012738680632489797
ResponseContextTest.serializeWithTruncateArrayTest,3,original,3,'Ċ',newline ×1,0.003956635895736712,0.0012831952468090105
ResponseContextTest.serializeWithTruncateArrayTest,3,original,3,'Ġ',spaces ×1,0.00034802997643954703,0.0001128712429656419
ResponseContextTest.serializeWithTruncateArrayTest,3,original,3,'Ġ',spaces ×1,0.0014419538890407717,0.0004676468659976013
ResponseContextTest.serializeWithTruncateArrayTest,3,original,3,'Ġ',spaces ×1,0.0012996254120149343,0.00042148764639341434
ResponseContextTest.serializeWithTruncateArrayTest,3,original,3,'Ċ',newline ×1,0.005003617395803084,0.0016227467546517569
ResponseContextTest.serializeWithTruncateArrayTest,3,indent +4,5,'Ċ',newline ×1,0.18818497216904773,0.0021426999574577525
ResponseContextTest.serializeWithTruncateArrayTest,3,indent +4,5,'Ġ',spaces ×1,2.105086934257824,0.023968809158827185
ResponseContextTest.serializeWithTruncateArrayTest,3,indent +4,5,'Ġ',spaces ×1,0.3920364055598823,0.004463780395601717
ResponseContextTest.serializeWithTruncateArrayTest,3,indent +4,5,'Ġ',spaces ×1,2.107891556184506,0.02400074296955458
ResponseContextTest.serializeWithTruncateArrayTest,3,indent +4,5,'Ċ',newline ×1,0.19026684598510255,0.002166404458862285
ResponseContextTest.serializeWithTruncateArrayTest,3,indent +4,5,'Ġ',spaces ×1,0.6466219753771543,0.007362526684050297
ResponseContextTest.serializeWithTruncateArrayTest,3,indent +4,5,'Ġ',spaces ×1,0.41522306371540585,0.0047277868721592505
ResponseContextTest.serializeWithTruncateArrayTest,3,indent +4,5,'Ġ',spaces ×1,0.39853302750659325,0.004537751825989538
ResponseContextTest.serializeWithTruncateArrayTest,3,indent +4,5,'Ġ',spaces ×1,0.4319054002211188,0.004917734248451215
ResponseContextTest.serializeWithTruncateArrayTest,3,indent +4,5,'Ġ',spaces ×1,0.4220739337578856,0.0048057918200537265
ResponseContextTest.serializeWithTruncateArrayTest,3,indent +4,5,'Ġ',spaces ×1,0.32703270202882007,0.003723639293019497
ResponseContextTest.serializeWithTruncateArrayTest,3,indent +4,5,'Ġ',spaces ×1,0.3834567944417884,0.004366091764220302
ResponseContextTest.serializeWithTruncateArrayTest,3,indent +4,5,'Ċ',newline ×1,0.21908491945996325,0.0024945310042334494
ResponseContextTest.serializeWithTruncateArrayTest,3,indent +4,5,'Ġ',spaces ×1,0.49840827034745594,0.005674945067934273
ResponseContextTest.serializeWithTruncateArrayTest,3,indent +4,5,'Ġ',spaces ×1,0.3906934825322122,0.0044484896894359085
ResponseContextTest.serializeWithTruncateArrayTest,3,indent +4,5,'Ġ',spaces ×1,0.33431104158754077,0.0038065114675777533
ResponseContextTest.serializeWithTruncateArrayTest,3,indent +4,5,'Ġ',spaces ×1,0.3520516681831063,0.004008508680285286
ResponseContextTest.serializeWithTruncateArrayTest,3,indent +4,5,'Ġ',spaces ×1,0.3890907048322977,0.004430240242257225
ResponseContextTest.serializeWithTruncateArrayTest,3,indent +4,5,'Ġ',spaces ×1,0.3377855002364779,0.003846072131287811
ResponseContextTest.serializeWithTruncateArrayTest,3,indent +4,5,'Ġ',spaces ×1,0.3168486721865354,0.0036076825295314452
ResponseContextTest.serializeWithTruncateArrayTest,3,indent +4,5,'Ċ',newline ×1,0.19092351543174826,0.002173881387435134
ResponseContextTest.serializeWithTruncateArrayTest,3,indent +4,5,'Ġ',spaces ×1,0.26048371720091074,0.002965903405206285
ResponseContextTest.serializeWithTruncateArrayTest,3,indent +4,5,'Ġ',spaces ×1,0.25777222627782115,0.002935029996885816
ResponseContextTest.serializeWithTruncateArrayTest,3,indent +4,5,'Ġ',spaces ×1,0.2542095638330314,0.0028944650326333575
ResponseContextTest.serializeWithTruncateArrayTest,3,indent +4,5,'Ġ',spaces ×1,0.25603978086631834,0.002915304135321321
ResponseContextTest.serializeWithTruncateArrayTest,3,indent +4,5,'Ġ',spaces ×1,0.24110327489719183,0.002745235025467719
ResponseContextTest.serializeWithTruncateArrayTest,3,indent +4,5,'Ġ',spaces ×1,0.22622442198736453,0.002575822361271195
ResponseContextTest.serializeWithTruncateArrayTest,3,indent +4,5,'Ġ',spaces ×1,0.2521607531765748,0.0028711369929082463
ResponseContextTest.serializeWithTruncateArrayTest,3,indent +4,5,'Ċ',newline ×1,0.1820051620160975,0.0020723357896966386
ResponseContextTest.serializeWithTruncateArrayTest,3,indent +4,5,'Ġ',spaces ×1,0.2495795864854341,0.0028417474742046464
ResponseContextTest.serializeWithTruncateArrayTest,3,indent +4,5,'Ġ',spaces ×1,0.22204684186115148,0.0025282558597831163
ResponseContextTest.serializeWithTruncateArrayTest,3,indent +4,5,'Ġ',spaces ×1,0.213537473707265,0.0024313670244464343
ResponseContextTest.serializeWithTruncateArrayTest,3,indent +4,5,'Ġ',spaces ×1,0.23688101494179784,0.002697159793303743
ResponseContextTest.serializeWithTruncateArrayTest,3,indent +4,5,'Ġ',spaces ×1,0.255506539044465,0.002909232570648381
ResponseContextTest.serializeWithTruncateArrayTest,3,indent +4,5,'Ġ',spaces ×1,0.26242659704113025,0.0029880253020984782
ResponseContextTest.serializeWithTruncateArrayTest,3,indent +4,5,'Ġ',spaces ×1,0.2449460688633115,0.0027889896057236114
ResponseContextTest.serializeWithTruncateArrayTest,3,indent +4,5,'Ċ',newline ×1,0.15749168293661547,0.0017932219477392473
ResponseContextTest.serializeWithTruncateArrayTest,3,indent +4,5,'Ġ',spaces ×1,0.17593352142674806,0.002003203255453622
ResponseContextTest.serializeWithTruncateArrayTest,3,indent +4,5,'Ġ',spaces ×1,0.18794227018083373,0.0021399365192627307
ResponseContextTest.serializeWithTruncateArrayTest,3,indent +4,5,'Ġ',spaces ×1,0.1761329964315428,0.0020054745052742696
ResponseContextTest.serializeWithTruncateArrayTest,3,indent +4,5,'Ġ',spaces ×1,0.19661382337236566,0.002238672015728926
ResponseContextTest.serializeWithTruncateArrayTest,3,indent +4,5,'Ġ',spaces ×1,0.17629134606109192,0.0020072774959200563
ResponseContextTest.serializeWithTruncateArrayTest,3,indent +4,5,'Ġ',spaces ×1,0.16728344364075132,0.0019047122809064524
ResponseContextTest.serializeWithTruncateArrayTest,3,indent +4,5,'Ġ',spaces ×1,0.18371471115927263,0.002091800951203067
ResponseContextTest.serializeWithTruncateArrayTest,3,indent +4,5,'Ċ',newline ×1,0.13824149033276042,0.001574036608984987
ResponseContextTest.serializeWithTruncateArrayTest,3,indent +4,5,'Ġ',spaces ×1,0.11806083324912416,0.001344256873779919
ResponseContextTest.serializeWithTruncateArrayTest,3,indent +4,5,'Ġ',spaces ×1,0.1305922775551625,0.0014869416209833887
ResponseContextTest.serializeWithTruncateArrayTest,3,indent +4,5,'Ġ',spaces ×1,0.12048631563766074,0.001371873749616653
ResponseContextTest.serializeWithTruncateArrayTest,3,indent +4,5,'Ġ',spaces ×1,0.12079945750494629,0.0013754392259561147
ResponseContextTest.serializeWithTruncateArrayTest,3,indent +4,5,'Ġ',spaces ×1,0.11888579210584896,0.0013536499687058024
ResponseContextTest.serializeWithTruncateArrayTest,3,indent +4,5,'Ġ',spaces ×1,0.12717757553489886,0.0014480613544604211
ResponseContextTest.serializeWithTruncateArrayTest,3,indent +4,5,'Ġ',spaces ×1,0.11245379699645806,0.0012804143883700888
ResponseContextTest.serializeWithTruncateArrayTest,3,indent +4,5,'Ċ',newline ×1,0.13826059868674628,0.0015742541793297424
ResponseContextTest.serializeWithTruncateArrayTest,3,indent +4,5,'Ġ',spaces ×1,0.12537017914076742,0.0014274820907063746
ResponseContextTest.serializeWithTruncateArrayTest,3,indent +4,5,'Ġ',spaces ×1,0.12392416680959047,0.0014110175955621344
ResponseContextTest.serializeWithTruncateArrayTest,3,indent +4,5,'Ġ',spaces ×1,0.12425810966124137,0.0014148199147684891
ResponseContextTest.serializeWithTruncateArrayTest,3,indent +4,5,'Ġ',spaces ×1,0.13112530385185972,0.0014930107316572794
ResponseContextTest.serializeWithTruncateArrayTest,3,indent +4,5,'Ġ',spaces ×1,0.14218504547782118,0.0016189384698730256
ResponseContextTest.serializeWithTruncateArrayTest,3,indent +4,5,'Ġ',spaces ×1,0.13086926145851882,0.0014900953977759633
ResponseContextTest.serializeWithTruncateArrayTest,3,indent +4,5,'Ġ',spaces ×1,0.14866441433664382,0.0016927134542308673
ResponseContextTest.serializeWithTruncateArrayTest,3,indent +4,5,'Ċ',newline ×1,0.13972755681224805,0.001590957166166977
ResponseContextTest.serializeWithTruncateArrayTest,3,indent +4,5,'Ġ',spaces ×1,0.1330023482547354,0.0015143830172113834
ResponseContextTest.serializeWithTruncateArrayTest,3,indent +4,5,'Ġ',spaces ×1,0.1318944334301863,0.0015017681467460859
ResponseContextTest.serializeWithTruncateArrayTest,3,indent +4,5,'Ġ',spaces ×1,0.13665530124775183,0.001555976042055579
ResponseContextTest.serializeWithTruncateArrayTest,3,indent +4,5,'Ġ',spaces ×1,0.14424363056933354,0.0016423778026590907
ResponseContextTest.serializeWithTruncateArrayTest,3,indent +4,5,'Ġ',spaces ×1,0.14110582460971818,0.0016066503127395509
ResponseContextTest.serializeWithTruncateArrayTest,3,indent +4,5,'Ġ',spaces ×1,0.13633784394640955,0.0015523614295908296
ResponseContextTest.serializeWithTruncateArrayTest,3,indent +4,5,'Ġ',spaces ×1,0.1432277886791563,0.0016308112872791523
ResponseContextTest.serializeWithTruncateArrayTest,3,indent +4,5,'Ċ',newline ×1,0.15987788780845474,0.0018203916043725225
ResponseContextTest.serializeWithTruncateArrayTest,3,indent +4,5,'Ġ',spaces ×1,0.11473981682848218,0.0013064433243704912
ResponseContextTest.serializeWithTruncateArrayTest,3,indent +4,5,'Ġ',spaces ×1,0.1201420215571501,0.0013679535698958175
ResponseContextTest.serializeWithTruncateArrayTest,3,indent +4,5,'Ġ',spaces ×1,0.1273236296270836,0.0014497243464278648
ResponseContextTest.serializeWithTruncateArrayTest,3,indent +4,5,'Ġ',spaces ×1,0.13197668460927064,0.001502704669975829
ResponseContextTest.serializeWithTruncateArrayTest,3,indent +4,5,'Ġ',spaces ×1,0.1264588357303182,0.001439877684261109
ResponseContextTest.serializeWithTruncateArrayTest,3,indent +4,5,'Ġ',spaces ×1,0.13844705196015678,0.0015763771619271287
ResponseContextTest.serializeWithTruncateArrayTest,3,indent +4,5,'Ġ',spaces ×1,0.13373835901899445,0.0015227633369313323
ResponseContextTest.serializeWithTruncateArrayTest,3,indent +4,5,'Ċ',newline ×1,0.10345109974724437,0.0011779084401503403
ResponseContextTest.serializeWithTruncateArrayTest,3,indent +4,5,'Ġ',spaces ×1,0.09456399558658057,0.001076718650724057
ResponseContextTest.serializeWithTruncateArrayTest,3,indent +4,5,'Ġ',spaces ×1,0.09752450276398608,0.0011104273923412237
ResponseContextTest.serializeWithTruncateArrayTest,3,indent +4,5,'Ġ',spaces ×1,0.1091643742054999,0.0012429605683705028
ResponseContextTest.serializeWithTruncateArrayTest,3,indent +4,5,'Ġ',spaces ×1,0.11504596183080865,0.001309929133443872
ResponseContextTest.serializeWithTruncateArrayTest,3,indent +4,5,'Ġ',spaces ×1,0.12597334591383685,0.0014343498304844203
ResponseContextTest.serializeWithTruncateArrayTest,3,indent +4,5,'Ġ',spaces ×1,0.10565603058120669,0.0012030140856738537
ResponseContextTest.serializeWithTruncateArrayTest,3,indent +4,5,'Ġ',spaces ×1,0.10174832381692471,0.0011585203993764016
ResponseContextTest.serializeWithTruncateArrayTest,3,indent +4,5,'Ċ',newline ×1,0.13787161874656303,0.001569825200269003
ResponseContextTest.serializeWithTruncateArrayTest,3,indent +4,5,'Ġ',spaces ×1,0.11023344679860125,0.001255133175850019
ResponseContextTest.serializeWithTruncateArrayTest,3,indent +4,5,'Ġ',spaces ×1,0.1128939428434199,0.0012854259494777054
ResponseContextTest.serializeWithTruncateArrayTest,3,indent +4,5,'Ġ',spaces ×1,0.1304042394279778,0.0014848005930231051
ResponseContextTest.serializeWithTruncateArrayTest,3,indent +4,5,'Ġ',spaces ×1,0.13116412976924283,0.0014934528088888783
ResponseContextTest.serializeWithTruncateArrayTest,3,indent +4,5,'Ġ',spaces ×1,0.12397862753587714,0.001411637692876774
ResponseContextTest.serializeWithTruncateArrayTest,3,indent +4,5,'Ġ',spaces ×1,0.10439907048278829,0.0011887021652353408
ResponseContextTest.serializeWithTruncateArrayTest,3,indent +4,5,'Ġ',spaces ×1,0.10652799893842257,0.0012129424372333642
ResponseContextTest.serializeWithTruncateArrayTest,3,indent +4,5,'Ċ',newline ×1,0.14695436182672073,0.001673242561321463
ResponseContextTest.serializeWithTruncateArrayTest,3,indent +4,5,'Ġ',spaces ×1,0.13645593592010613,0.0015537060410340245
ResponseContextTest.serializeWithTruncateArrayTest,3,indent +4,5,'Ġ',spaces ×1,0.12547566699900592,0.0014286831899586404
ResponseContextTest.serializeWithTruncateArrayTest,3,indent +4,5,'Ġ',spaces ×1,0.12157100931934758,0.0013842242209577825
ResponseContextTest.serializeWithTruncateArrayTest,3,indent +4,5,'Ġ',spaces ×1,0.10804624639701639,0.0012302294114664447
ResponseContextTest.serializeWithTruncateArrayTest,3,indent +4,5,'Ġ',spaces ×1,0.12110165475203208,0.0013788800853457416
ResponseContextTest.serializeWithTruncateArrayTest,3,indent +4,5,'Ġ',spaces ×1,0.11170882155359627,0.001271931995587454
ResponseContextTest.serializeWithTruncateArrayTest,3,indent +4,5,'Ġ',spaces ×1,0.11362328991427414,0.0012937303954686822
ResponseContextTest.serializeWithTruncateArrayTest,3,indent +4,5,'Ċ',newline ×1,0.12380941649308214,0.001409711032686966
ResponseContextTest.serializeWithTruncateArrayTest,3,indent +4,5,'Ġ',spaces ×1,0.12277305742694361,0.0013979109059216303
ResponseContextTest.serializeWithTruncateArrayTest,3,indent +4,5,'Ġ',spaces ×1,0.09903518833471181,0.0011276282658797244
ResponseContextTest.serializeWithTruncateArrayTest,3,indent +4,5,'Ġ',spaces ×1,0.11033555408746017,0.0012562957834747
ResponseContextTest.serializeWithTruncateArrayTest,3,indent +4,5,'Ġ',spaces ×1,0.11156024595361361,0.0012702402933856645
ResponseContextTest.serializeWithTruncateArrayTest,3,indent +4,5,'Ġ',spaces ×1,0.12674217352223582,0.001443103807302128
ResponseContextTest.serializeWithTruncateArrayTest,3,indent +4,5,'Ġ',spaces ×1,0.12962890230744195,0.0014759724980055327
ResponseContextTest.serializeWithTruncateArrayTest,3,indent +4,5,'Ġ',spaces ×1,0.13160432386589088,0.0014984649193740538
ResponseContextTest.serializeWithTruncateArrayTest,3,indent +4,5,'Ċ',newline ×1,0.09342708702639746,0.0010637736535999008
ResponseContextTest.serializeWithTruncateArrayTest,3,indent +4,5,'Ġ',spaces ×1,0.09078691156183918,0.0010337122528919411
ResponseContextTest.serializeWithTruncateArrayTest,3,indent +4,5,'Ġ',spaces ×1,0.07233609239734173,0.0008236286899849347
ResponseContextTest.serializeWithTruncateArrayTest,3,indent +4,5,'Ġ',spaces ×1,0.07407743862989397,0.0008434558975212365
ResponseContextTest.serializeWithTruncateArrayTest,3,strip indent,3,'Ċ',newline ×1,0.009192163950142527,0.002063522816895586
ResponseContextTest.serializeWithTruncateArrayTest,3,strip indent,3,'Ċ',newline ×1,0.031260050479654404,0.007017480081072149
ResponseContextTest.serializeWithTruncateArrayTest,3,strip indent,3,'Ċ',newline ×1,0.06534805432693817,0.014669799393784572
ResponseContextTest.serializeWithTruncateArrayTest,3,strip indent,3,'Ċ',newline ×1,0.019531880958867445,0.004384656565539878
ResponseContextTest.serializeWithTruncateArrayTest,3,strip indent,3,'Ċ',newline ×1,0.11074678249030892,0.02486123113186875
ResponseContextTest.serializeWithTruncateArrayTest,3,strip indent,3,'Ċ',newline ×1,0.015044053994917449,0.00337719701753579
ResponseContextTest.serializeWithTruncateArrayTest,3,strip indent,3,'Ċ',newline ×1,0.008482378663658035,0.0019041851308293132
ResponseContextTest.serializeWithTruncateArrayTest,3,strip indent,3,'Ċ',newline ×1,0.07613647111968982,0.017091660484466854
ResponseContextTest.serializeWithTruncateArrayTest,3,strip indent,3,'Ċ',newline ×1,0.01082413591558916,0.0024298795752713816
ResponseContextTest.serializeWithTruncateArrayTest,3,strip indent,3,'Ċ',newline ×1,0.01141722543658524,0.0025630205598834005
ResponseContextTest.serializeWithTruncateArrayTest,3,strip indent,3,'Ċ',newline ×1,0.0171435710467201,0.003848511646425644
ResponseContextTest.serializeWithTruncateArrayTest,3,strip indent,3,'Ċ',newline ×1,0.01855439566152442,0.0041652236632126706
ResponseContextTest.serializeWithTruncateArrayTest,3,strip indent,3,'Ċ',newline ×1,0.0021437811020353493,0.0004812513399971414
ResponseContextTest.serializeWithTruncateArrayTest,3,strip indent,3,'Ċ',newline ×1,0.02276490303743051,0.005110428523353863
ResponseContextTest.serializeWithTruncateArrayTest,3,strip indent,3,'Ċ',newline ×1,0.037783591391784645,0.008481931280174606
shouldTogglePrepareForBulkLoadDuringRestoreCalls,1,original,1,'Ċ',newline ×1,0.0043346166936861705,0.0020215585577731273
shouldTogglePrepareForBulkLoadDuringRestoreCalls,1,original,1,'Ċ',newline ×1,0.00030577606020407285,0.00014260642980683556
shouldTogglePrepareForBulkLoadDuringRestoreCalls,1,original,1,'Ġ',spaces ×1,0.0006391428548177764,0.00029808049917734436
shouldTogglePrepareForBulkLoadDuringRestoreCalls,1,original,1,'Ġ',spaces ×1,2.5797224244240022e-05,1.2031190558025282e-05
shouldTogglePrepareForBulkLoadDuringRestoreCalls,1,original,1,'Ġ',spaces ×1,0.0009499390506534754,0.0004430281967050554
shouldTogglePrepareForBulkLoadDuringRestoreCalls,1,original,1,'Ċ',newline ×1,0.0037506507535434866,0.0017492112137823595
shouldTogglePrepareForBulkLoadDuringRestoreCalls,1,original,1,'Ġ',spaces ×1,0.00021192917134012587,9.883855026638194e-05
shouldTogglePrepareForBulkLoadDuringRestoreCalls,1,original,1,'Ġ',spaces ×1,0.0022871611397607136,0.0010666756721128812
shouldTogglePrepareForBulkLoadDuringRestoreCalls,1,original,1,'Ġ',spaces ×1,0.008748428634275364,0.00408005182983021
shouldTogglePrepareForBulkLoadDuringRestoreCalls,1,original,1,'Ċ',newline ×1,0.0005201330121624899,0.00024257723720969075
shouldTogglePrepareForBulkLoadDuringRestoreCalls,1,original,1,'Ġ',spaces ×1,0.0013755936025607316,0.0006415430050193842
shouldTogglePrepareForBulkLoadDuringRestoreCalls,1,original,1,'Ġ',spaces ×1,0.0018686690045005843,0.00087150123866686
shouldTogglePrepareForBulkLoadDuringRestoreCalls,1,original,1,'Ġ',spaces ×1,0.00023048461878579353,0.00010749235433439507
shouldTogglePrepareForBulkLoadDuringRestoreCalls,1,original,1,'Ċ',newline ×1,0.001442071659505673,0.0006725467348571176
shouldTogglePrepareForBulkLoadDuringRestoreCalls,1,original,1,'Ġ',spaces ×1,0.0011413670057522306,0.0005323054842194463
shouldTogglePrepareForBulkLoadDuringRestoreCalls,1,original,1,'Ġ',spaces ×1,0.0017268035562126279,0.0008053386846729675
shouldTogglePrepareForBulkLoadDuringRestoreCalls,1,original,1,'Ġ',spaces ×1,2.6621169307792288e-05,1.2415458259662016e-05
shouldTogglePrepareForBulkLoadDuringRestoreCalls,1,original,1,'Ċ',newline ×1,0.0004067098588405513,0.00018967946966739205
shouldTogglePrepareForBulkLoadDuringRestoreCalls,1,original,1,'Ġ',spaces ×1,0.0025423887406753128,0.0011857075444259184
shouldTogglePrepareForBulkLoadDuringRestoreCalls,1,original,1,'Ġ',spaces ×1,0.0011180486915666923,0.0005214303963106859
shouldTogglePrepareForBulkLoadDuringRestoreCalls,1,original,1,'Ġ',spaces ×1,0.003557481908961176,0.001659122018253416
shouldTogglePrepareForBulkLoadDuringRestoreCalls,1,original,1,'Ċ',newline ×1,0.005789367585147744,0.002700018574398337
shouldTogglePrepareForBulkLoadDuringRestoreCalls,1,original,1,'Ġ',spaces ×1,0.0011425162544627969,0.0005328414655368345
shouldTogglePrepareForBulkLoadDuringRestoreCalls,1,original,1,'Ġ',spaces ×1,0.0016404755356125634,0.0007650774202631575
shouldTogglePrepareForBulkLoadDuringRestoreCalls,1,original,1,'Ġ',spaces ×1,0.005842374436607817,0.002724739665503302
shouldTogglePrepareForBulkLoadDuringRestoreCalls,1,original,1,'Ċ',newline ×1,0.000393474283986402,0.00018350672326228868
shouldTogglePrepareForBulkLoadDuringRestoreCalls,1,original,1,'Ġ',spaces ×1,0.0013698185598797524,0.0006388496672277765
shouldTogglePrepareForBulkLoadDuringRestoreCalls,1,original,1,'Ġ',spaces ×1,0.0020467971559831087,0.0009545758250620825
shouldTogglePrepareForBulkLoadDuringRestoreCalls,1,original,1,'Ġ',spaces ×1,0.0033921648830268353,0.0015820222255520304
shouldTogglePrepareForBulkLoadDuringRestoreCalls,1,original,1,'Ċ',newline ×1,0.013128186734576504,0.0061226632287888876
shouldTogglePrepareForBulkLoadDuringRestoreCalls,1,original,1,'Ġ',spaces ×1,0.002303740546574821,0.0010744078994576153
shouldTogglePrepareForBulkLoadDuringRestoreCalls,1,original,1,'Ġ',spaces ×1,0.002081084036391296,0.0009705663823377643
shouldTogglePrepareForBulkLoadDuringRestoreCalls,1,original,1,'Ġ',spaces ×1,0.0037131774796479292,0.0017317346009963468
shouldTogglePrepareForBulkLoadDuringRestoreCalls,1,original,1,'Ġ',spaces ×1,0.0024369307771470354,0.001136524545392475
shouldTogglePrepareForBulkLoadDuringRestoreCalls,1,original,1,'Ġ',spaces ×1,0.0017701308642313882,0.0008255454749153849
shouldTogglePrepareForBulkLoadDuringRestoreCalls,1,original,1,'Ġ',spaces ×1,0.000976676293827199,0.00045549778895939084
shouldTogglePrepareForBulkLoadDuringRestoreCalls,1,original,1,'Ġ',spaces ×1,0.0008010568655058412,0.0003735932093107689
shouldTogglePrepareForBulkLoadDuringRestoreCalls,1,original,1,'Ċ',newline ×1,0.009793990486927565,0.0045676761482593255
shouldTogglePrepareForBulkLoadDuringRestoreCalls,1,original,1,'Ġ',spaces ×1,0.0018609696290031426,0.0008679104394044862
shouldTogglePrepareForBulkLoadDuringRestoreCalls,1,original,1,'Ġ',spaces ×1,0.0017476113065993065,0.0008150429074070026
shouldTogglePrepareForBulkLoadDuringRestoreCalls,1,original,1,'Ġ',spaces ×1,0.0015383719181836552,0.0007174588057052293
shouldTogglePrepareForBulkLoadDuringRestoreCalls,1,original,1,'Ġ',spaces ×1,0.0021472021640318137,0.0010014022500052138
shouldTogglePrepareForBulkLoadDuringRestoreCalls,1,original,1,'Ġ',spaces ×1,0.0016437281585798074,0.0007665943635730975
shouldTogglePrepareForBulkLoadDuringRestoreCalls,1,original,1,'Ġ',spaces ×1,0.001981924838653149,0.0009243209726660268
shouldTogglePrepareForBulkLoadDuringRestoreCalls,1,original,1,'Ġ',spaces ×1,0.0010027001293131112,0.0004676346654239825
shouldTogglePrepareForBulkLoadDuringRestoreCalls,1,original,1,'Ċ',newline ×1,0.0049553824598749935,0.002311068435045442
shouldTogglePrepareForBulkLoadDuringRestoreCalls,1,original,1,'Ġ',spaces ×1,0.0017627050130106284,0.0008220822406446492
shouldTogglePrepareForBulkLoadDuringRestoreCalls,1,original,1,'Ġ',spaces ×1,0.0005870991444884231,0.00027380859339434425
shouldTogglePrepareForBulkLoadDuringRestoreCalls,1,original,1,'Ġ',spaces ×1,0.001338680346210863,0.0006243275706355215
shouldTogglePrepareForBulkLoadDuringRestoreCalls,1,original,1,'Ġ',spaces ×1,7.389638894002659e-05,3.446345732665097e-05
shouldTogglePrepareForBulkLoadDuringRestoreCalls,1,original,1,'Ġ',spaces ×1,0.0005019096443710133,0.00023407830692042953
shouldTogglePrepareForBulkLoadDuringRestoreCalls,1,original,1,'Ġ',spaces ×1,0.00020715870425642673,9.661372181230568e-05
shouldTogglePrepareForBulkLoadDuringRestoreCalls,1,original,1,'Ġ',spaces ×1,6.850440122189027e-05,3.1948766943327476e-05
shouldTogglePrepareForBulkLoadDuringRestoreCalls,1,original,1,'Ġ',spaces ×1,0.0005094435504145846,0.00023759193530146374
shouldTogglePrepareForBulkLoadDuringRestoreCalls,1,original,1,'Ġ',spaces ×1,0.0005628760873945717,0.00026251155565745976
shouldTogglePrepareForBulkLoadDuringRestoreCalls,1,original,1,'Ġ',spaces ×1,4.396121378312561e-05,2.0502428291484314e-05
shouldTogglePrepareForBulkLoadDuringRestoreCalls,1,original,1,'Ġ',spaces ×1,9.744707419602911e-05,4.544691738438595e-05
shouldTogglePrepareForBulkLoadDuringRestoreCalls,1,original,1,'Ċ',newline ×1,0.0007362809546649334,0.00034338331852879357
shouldTogglePrepareForBulkLoadDuringRestoreCalls,1,original,1,'Ġ',spaces ×1,0.005978725437965243,0.0027883304171507414
shouldTogglePrepareForBulkLoadDuringRestoreCalls,1,original,1,'Ġ',spaces ×1,0.002371141097645964,0.0011058418578546662
shouldTogglePrepareForBulkLoadDuringRestoreCalls,1,original,1,'Ġ',spaces ×1,0.0019480308434504383,0.0009085136473818867
shouldTogglePrepareForBulkLoadDuringRestoreCalls,1,original,1,'Ġ',spaces ×1,0.0013210784142627897,0.0006161184627310559
shouldTogglePrepareForBulkLoadDuringRestoreCalls,1,original,1,'Ġ',spaces ×1,0.0010203023411155347,0.0004758439038456303
shouldTogglePrepareForBulkLoadDuringRestoreCalls,1,original,1,'Ġ',spaces ×1,0.0006155834094778846,0.0002870929536320554
shouldTogglePrepareForBulkLoadDuringRestoreCalls,1,original,1,'Ġ',spaces ×1,0.0008928032013306758,0.00041638144260511744
shouldTogglePrepareForBulkLoadDuringRestoreCalls,1,original,1,'Ġ',spaces ×1,0.0006979815422686407,0.00032552141507601886
shouldTogglePrepareForBulkLoadDuringRestoreCalls,1,original,1,'Ġ',spaces ×1,0.00035886911234292765,0.00016736772278712038
shouldTogglePrepareForBulkLoadDuringRestoreCalls,1,original,1,'Ġ',spaces ×1,2.6378655363604677e-05,1.2302355723983166e-05
shouldTogglePrepareForBulkLoadDuringRestoreCalls,1,original,1,'Ġ',spaces ×1,0.0009561892766773583,0.0004459431483142718
shouldTogglePrepareForBulkLoadDuringRestoreCalls,1,original,1,'Ċ',newline ×1,0.001512614989775757,0.0007054464081336562
shouldTogglePrepareForBulkLoadDuringRestoreCalls,1,original,1,'Ġ',spaces ×1,0.0017363017372826375,0.0008097684025885851
shouldTogglePrepareForBulkLoadDuringRestoreCalls,1,original,1,'Ġ',spaces ×1,0.0026920130835551004,0.0012554886559231363
shouldTogglePrepareForBulkLoadDuringRestoreCalls,1,original,1,'Ġ',spaces ×1,0.002179447089138738,0.0010164404895777245
shouldTogglePrepareForBulkLoadDuringRestoreCalls,1,original,1,'Ġ',spaces ×1,0.002043242343747356,0.0009529179481137169
shouldTogglePrepareForBulkLoadDuringRestoreCalls,1,original,1,'Ġ',spaces ×1,0.0018590391008149133,0.0008670100885647863
shouldTogglePrepareForBulkLoadDuringRestoreCalls,1,original,1,'Ġ',spaces ×1,0.0004860499842808405,0.00022668175173589332
shouldTogglePrepareForBulkLoadDuringRestoreCalls,1,original,1,'Ġ',spaces ×1,0.0014448284865404182,0.0006738324511449055
shouldTogglePrepareForBulkLoadDuringRestoreCalls,1,original,1,'Ċ',newline ×1,0.0015909631262474337,0.0007419860509584992
shouldTogglePrepareForBulkLoadDuringRestoreCalls,1,original,1,'Ġ',spaces ×1,2.1100039442308412e-05,9.840539156802627e-06
shouldTogglePrepareForBulkLoadDuringRestoreCalls,1,original,1,'Ġ',spaces ×1,3.703641499735506e-05,1.727287254630798e-05
shouldTogglePrepareForBulkLoadDuringRestoreCalls,1,original,1,'Ġ',spaces ×1,7.307234772884643e-05,3.4079144784126627e-05
shouldTogglePrepareForBulkLoadDuringRestoreCalls,1,original,1,'Ċ',newline ×1,0.004345104893947628,0.002026449996276807
shouldTogglePrepareForBulkLoadDuringRestoreCalls,1,original,1,'Ġ',spaces ×1,4.603719788684804e-05,2.1470616190726715e-05
shouldTogglePrepareForBulkLoadDuringRestoreCalls,1,original,1,'Ġ',spaces ×1,0.0012196181091830157,0.0005687998732218495
shouldTogglePrepareForBulkLoadDuringRestoreCalls,1,original,1,'Ġ',spaces ×1,0.0019797082933350053,0.0009232872304753708
shouldTogglePrepareForBulkLoadDuringRestoreCalls,1,original,1,'Ċ',newline ×1,0.004571769553098688,0.002132160815440816
shouldTogglePrepareForBulkLoadDuringRestoreCalls,1,original,1,'Ġ',spaces ×1,0.002031176812245405,0.0009472908811351354
shouldTogglePrepareForBulkLoadDuringRestoreCalls,1,original,1,'Ġ',spaces ×1,0.0011540566136971353,0.0005382236050934728
shouldTogglePrepareForBulkLoadDuringRestoreCalls,1,original,1,'Ġ',spaces ×1,0.0031923968342973726,0.0014888553236049853
shouldTogglePrepareForBulkLoadDuringRestoreCalls,1,original,1,'Ċ',newline ×1,0.0009507513946404608,0.00044340705395006576
shouldTogglePrepareForBulkLoadDuringRestoreCalls,1,original,1,'Ġ',spaces ×1,0.0015264962139850853,0.0007119202695095904
shouldTogglePrepareForBulkLoadDuringRestoreCalls,1,original,1,'Ġ',spaces ×1,0.002524795253598522,0.001177502375001604
shouldTogglePrepareForBulkLoadDuringRestoreCalls,1,original,1,'Ġ',spaces ×1,0.00336204350954129,0.0015679743581984349
shouldTogglePrepareForBulkLoadDuringRestoreCalls,1,original,1,'Ċ',newline ×1,0.004504115698247512,0.002100608722394169
shouldTogglePrepareForBulkLoadDuringRestoreCalls,1,original,1,'Ġ',spaces ×1,7.916426538898092e-05,3.6920265268212905e-05
shouldTogglePrepareForBulkLoadDuringRestoreCalls,1,original,1,'Ġ',spaces ×1,0.0013208878586804607,0.0006160295922967335
shouldTogglePrepareForBulkLoadDuringRestoreCalls,1,original,1,'Ġ',spaces ×1,0.0026844082115439934,0.0012519419307612052
shouldTogglePrepareForBulkLoadDuringRestoreCalls,1,original,1,'Ċ',newline ×1,0.008008966382938885,0.0037351848328205615
shouldTogglePrepareForBulkLoadDuringRestoreCalls,1,original,1,'Ġ',spaces ×1,0.0009933209490354867,0.0004632604465495093
shouldTogglePrepareForBulkLoadDuringRestoreCalls,1,original,1,'Ġ',spaces ×1,0.00037287916380694235,0.00017390166602440247
shouldTogglePrepareForBulkLoadDuringRestoreCalls,1,original,1,'Ġ',spaces ×1,0.0034844501267250185,0.0016250617922168257
shouldTogglePrepareForBulkLoadDuringRestoreCalls,1,original,1,'Ċ',newline ×1,0.0013685435504914513,0.000638255034225067
shouldTogglePrepareForBulkLoadDuringRestoreCalls,1,original,1,'Ġ',spaces ×1,1.956681833207815e-05,9.125482561173502e-06
shouldTogglePrepareForBulkLoadDuringRestoreCalls,1,original,1,'Ġ',spaces ×1,4.75587959502706e-05,2.2180252083349797e-05
shouldTogglePrepareForBulkLoadDuringRestoreCalls,1,original,1,'Ġ',spaces ×1,0.0009489090918882322,0.0004425478492826262
shouldTogglePrepareForBulkLoadDuringRestoreCalls,1,original,1,'Ċ',newline ×1,0.00840791145723276,0.003921242998054631
shouldTogglePrepareForBulkLoadDuringRestoreCalls,1,indent +4,5,'Ċ',newline ×1,0.10450623054807724,0.0018412703507479499
shouldTogglePrepareForBulkLoadDuringRestoreCalls,1,indent +4,5,'Ġ',spaces ×1,1.0321301756418189,0.018184855396227093
shouldTogglePrepareForBulkLoadDuringRestoreCalls,1,indent +4,5,'Ġ',spaces ×1,0.16953048079677652,0.002986917107258467
shouldTogglePrepareForBulkLoadDuringRestoreCalls,1,indent +4,5,'Ġ',spaces ×1,0.7371322513637124,0.012987357326907818
shouldTogglePrepareForBulkLoadDuringRestoreCalls,1,indent +4,5,'Ċ',newline ×1,0.10312185931365474,0.0018168794441483873
shouldTogglePrepareForBulkLoadDuringRestoreCalls,1,indent +4,5,'Ġ',spaces ×1,0.3078197469325842,0.005423402704597236
shouldTogglePrepareForBulkLoadDuringRestoreCalls,1,indent +4,5,'Ġ',spaces ×1,0.19516359912636,0.003438540905475579
shouldTogglePrepareForBulkLoadDuringRestoreCalls,1,indent +4,5,'Ġ',spaces ×1,0.21920243492631378,0.0038620754200478073
shouldTogglePrepareForBulkLoadDuringRestoreCalls,1,indent +4,5,'Ġ',spaces ×1,0.2150289242075244,0.0037885433300974343
shouldTogglePrepareForBulkLoadDuringRestoreCalls,1,indent +4,5,'Ġ',spaces ×1,0.18012404891393474,0.0031735626572936756
shouldTogglePrepareForBulkLoadDuringRestoreCalls,1,indent +4,5,'Ġ',spaces ×1,0.20358180241182827,0.0035868592213770503
shouldTogglePrepareForBulkLoadDuringRestoreCalls,1,indent +4,5,'Ġ',spaces ×1,0.18206158906423814,0.0032076997150884846
shouldTogglePrepareForBulkLoadDuringRestoreCalls,1,indent +4,5,'Ċ',newline ×1,0.10714454916104522,0.0018877542571371444
shouldTogglePrepareForBulkLoadDuringRestoreCalls,1,indent +4,5,'Ġ',spaces ×1,0.22104222834558013,0.0038944903015015776
shouldTogglePrepareForBulkLoadDuringRestoreCalls,1,indent +4,5,'Ġ',spaces ×1,0.15226502438986608,0.0026827211487261138
shouldTogglePrepareForBulkLoadDuringRestoreCalls,1,indent +4,5,'Ġ',spaces ×1,0.14811619728486225,0.002609623953479858
shouldTogglePrepareForBulkLoadDuringRestoreCalls,1,indent +4,5,'Ġ',spaces ×1,0.1437556250416931,0.0025327960711465825
shouldTogglePrepareForBulkLoadDuringRestoreCalls,1,indent +4,5,'Ġ',spaces ×1,0.12839055920609233,0.002262082640837116
shouldTogglePrepareForBulkLoadDuringRestoreCalls,1,indent +4,5,'Ġ',spaces ×1,0.1263156850057387,0.0022255259271693555
shouldTogglePrepareForBulkLoadDuringRestoreCalls,1,indent +4,5,'Ġ',spaces ×1,0.1295174752693088,0.0022819375061795943
shouldTogglePrepareForBulkLoadDuringRestoreCalls,1,indent +4,5,'Ċ',newline ×1,0.11769672065339884,0.002073670449913231
shouldTogglePrepareForBulkLoadDuringRestoreCalls,1,indent +4,5,'Ġ',spaces ×1,0.11814838763801178,0.002081628262790205
shouldTogglePrepareForBulkLoadDuringRestoreCalls,1,indent +4,5,'Ġ',spaces ×1,0.10169257374089363,0.00179169720253394
shouldTogglePrepareForBulkLoadDuringRestoreCalls,1,indent +4,5,'Ġ',spaces ×1,0.12049691928774015,0.0021230064817897762
shouldTogglePrepareForBulkLoadDuringRestoreCalls,1,indent +4,5,'Ġ',spaces ×1,0.12033427755242847,0.002120140935846218
shouldTogglePrepareForBulkLoadDuringRestoreCalls,1,indent +4,5,'Ġ',spaces ×1,0.12517424148487769,0.002205415106015512
shouldTogglePrepareForBulkLoadDuringRestoreCalls,1,indent +4,5,'Ġ',spaces ×1,0.10843455688437695,0.0019104825955409857
shouldTogglePrepareForBulkLoadDuringRestoreCalls,1,indent +4,5,'Ġ',spaces ×1,0.12443192732527489,0.0021923364498832518
shouldTogglePrepareForBulkLoadDuringRestoreCalls,1,indent +4,5,'Ċ',newline ×1,0.12021354637668479,0.0021180138020558026
shouldTogglePrepareForBulkLoadDuringRestoreCalls,1,indent +4,5,'Ġ',spaces ×1,0.10240656891279255,0.0018042769131760713
shouldTogglePrepareForBulkLoadDuringRestoreCalls,1,indent +4,5,'Ġ',spaces ×1,0.09817840449771428,0.0017297818927859744
shouldTogglePrepareForBulkLoadDuringRestoreCalls,1,indent +4,5,'Ġ',spaces ×1,0.08691752059004082,0.0015313790649959585
shouldTogglePrepareForBulkLoadDuringRestoreCalls,1,indent +4,5,'Ġ',spaces ×1,0.09190407086857749,0.0016192359050353627
shouldTogglePrepareForBulkLoadDuringRestoreCalls,1,indent +4,5,'Ġ',spaces ×1,0.09598437327343942,0.001691125779933315
shouldTogglePrepareForBulkLoadDuringRestoreCalls,1,indent +4,5,'Ġ',spaces ×1,0.10395132574222553,0.001831493615321326
shouldTogglePrepareForBulkLoadDuringRestoreCalls,1,indent +4,5,'Ġ',spaces ×1,0.1089891177002477,0.0019202532702901785
shouldTogglePrepareForBulkLoadDuringRestoreCalls,1,indent +4,5,'Ċ',newline ×1,0.10610657042193604,0.0018694663572960985
shouldTogglePrepareForBulkLoadDuringRestoreCalls,1,indent +4,5,'Ġ',spaces ×1,0.08103382961720995,0.001427715717036499
shouldTogglePrepareForBulkLoadDuringRestoreCalls,1,indent +4,5,'Ġ',spaces ×1,0.06634133304473942,0.0011688521241628625
shouldTogglePrepareForBulkLoadDuringRestoreCalls,1,indent +4,5,'Ġ',spaces ×1,0.07270767401395714,0.0012810191672941317
shouldTogglePrepareForBulkLoadDuringRestoreCalls,1,indent +4,5,'Ġ',spaces ×1,0.05590237481688343,0.0009849306088920082
shouldTogglePrepareForBulkLoadDuringRestoreCalls,1,indent +4,5,'Ġ',spaces ×1,0.0663389876578207,0.0011688108013501286
shouldTogglePrepareForBulkLoadDuringRestoreCalls,1,indent +4,5,'Ġ',spaces ×1,0.05893990365674734,0.00103844810505517
shouldTogglePrepareForBulkLoadDuringRestoreCalls,1,indent +4,5,'Ġ',spaces ×1,0.06432722265546113,0.0011333659935899541
shouldTogglePrepareForBulkLoadDuringRestoreCalls,1,indent +4,5,'Ċ',newline ×1,0.09199039220286495,0.001620756780036087
shouldTogglePrepareForBulkLoadDuringRestoreCalls,1,indent +4,5,'Ġ',spaces ×1,0.07518144759431092,0.0013246039939985412
shouldTogglePrepareForBulkLoadDuringRestoreCalls,1,indent +4,5,'Ġ',spaces ×1,0.061451716711129686,0.001082703140179877
shouldTogglePrepareForBulkLoadDuringRestoreCalls,1,indent +4,5,'Ġ',spaces ×1,0.0778975746426171,0.0013724587886522436
shouldTogglePrepareForBulkLoadDuringRestoreCalls,1,indent +4,5,'Ġ',spaces ×1,0.06717620579921867,0.0011835615481025454
shouldTogglePrepareForBulkLoadDuringRestoreCalls,1,indent +4,5,'Ġ',spaces ×1,0.05985350460701645,0.0010545446222993912
shouldTogglePrepareForBulkLoadDuringRestoreCalls,1,indent +4,5,'Ġ',spaces ×1,0.057578504070559075,0.0010144619304469893
shouldTogglePrepareForBulkLoadDuringRestoreCalls,1,indent +4,5,'Ġ',spaces ×1,0.05773084692965027,0.0010171460229467541
shouldTogglePrepareForBulkLoadDuringRestoreCalls,1,indent +4,5,'Ċ',newline ×1,0.08070227206760505,0.0014218740836482073
shouldTogglePrepareForBulkLoadDuringRestoreCalls,1,indent +4,5,'Ġ',spaces ×1,0.05027061776649694,0.0008857060246245475
shouldTogglePrepareForBulkLoadDuringRestoreCalls,1,indent +4,5,'Ġ',spaces ×1,0.05482276697412916,0.000965909255802597
shouldTogglePrepareForBulkLoadDuringRestoreCalls,1,indent +4,5,'Ġ',spaces ×1,0.04470133388060353,0.0007875821401421162
shouldTogglePrepareForBulkLoadDuringRestoreCalls,1,indent +4,5,'Ġ',spaces ×1,0.06067178143544689,0.0010689616465762346
shouldTogglePrepareForBulkLoadDuringRestoreCalls,1,indent +4,5,'Ġ',spaces ×1,0.051397072819108776,0.0009055527675311364
shouldTogglePrepareForBulkLoadDuringRestoreCalls,1,indent +4,5,'Ġ',spaces ×1,0.060460817623433576,0.0010652447254883366
shouldTogglePrepareForBulkLoadDuringRestoreCalls,1,indent +4,5,'Ġ',spaces ×1,0.06066583611240645,0.0010688568973475756
shouldTogglePrepareForBulkLoadDuringRestoreCalls,1,indent +4,5,'Ċ',newline ×1,0.114868556632636,0.002023841702563214
shouldTogglePrepareForBulkLoadDuringRestoreCalls,1,indent +4,5,'Ġ',spaces ×1,0.06646758867562509,0.0011710765920108135
shouldTogglePrepareForBulkLoadDuringRestoreCalls,1,indent +4,5,'Ġ',spaces ×1,0.06454900831129312,0.0011372735821630275
shouldTogglePrepareForBulkLoadDuringRestoreCalls,1,indent +4,5,'Ġ',spaces ×1,0.055809365996018094,0.0009832919086602686
shouldTogglePrepareForBulkLoadDuringRestoreCalls,1,indent +4,5,'Ġ',spaces ×1,0.06939899796966498,0.0012227243932061646
shouldTogglePrepareForBulkLoadDuringRestoreCalls,1,indent +4,5,'Ġ',spaces ×1,0.07074611661348298,0.0012464589552968028
shouldTogglePrepareForBulkLoadDuringRestoreCalls,1,indent +4,5,'Ġ',spaces ×1,0.06900968748213712,0.001215865224578984
shouldTogglePrepareForBulkLoadDuringRestoreCalls,1,indent +4,5,'Ġ',spaces ×1,0.06550961176862324,0.0011541982253688145
shouldTogglePrepareForBulkLoadDuringRestoreCalls,1,indent +4,5,'Ġ',spaces ×1,0.0700401052141127,0.0012340199088386825
shouldTogglePrepareForBulkLoadDuringRestoreCalls,1,indent +4,5,'Ġ',spaces ×1,0.06750559492808969,0.0011893649766031064
shouldTogglePrepareForBulkLoadDuringRestoreCalls,1,indent +4,5,'Ġ',spaces ×1,0.06845067600870014,0.0012060161347556368
shouldTogglePrepareForBulkLoadDuringRestoreCalls,1,indent +4,5,'Ġ',spaces ×1,0.06745179272814118,0.0011884170484743176
shouldTogglePrepareForBulkLoadDuringRestoreCalls,1,indent +4,5,'Ċ',newline ×1,0.0903261528335412,0.0015914349435177028
shouldTogglePrepareForBulkLoadDuringRestoreCalls,1,indent +4,5,'Ġ',spaces ×1,0.0702116410256522,0.001237042157390015
shouldTogglePrepareForBulkLoadDuringRestoreCalls,1,indent +4,5,'Ġ',spaces ×1,0.06984511688179021,0.0012305844559172222
shouldTogglePrepareForBulkLoadDuringRestoreCalls,1,indent +4,5,'Ġ',spaces ×1,0.06067060313742545,0.0010689408864244252
shouldTogglePrepareForBulkLoadDuringRestoreCalls,1,indent +4,5,'Ġ',spaces ×1,0.06946659106993813,0.0012239152999185719
shouldTogglePrepareForBulkLoadDuringRestoreCalls,1,indent +4,5,'Ġ',spaces ×1,0.07207958996486014,0.0012699531042343986
shouldTogglePrepareForBulkLoadDuringRestoreCalls,1,indent +4,5,'Ġ',spaces ×1,0.0775361368611664,0.0013660907025856513
shouldTogglePrepareForBulkLoadDuringRestoreCalls,1,indent +4,5,'Ġ',spaces ×1,0.08169211135589674,0.0014393138259868087
shouldTogglePrepareForBulkLoadDuringRestoreCalls,1,indent +4,5,'Ġ',spaces ×1,0.07931925753994835,0.00139750708054157
shouldTogglePrepareForBulkLoadDuringRestoreCalls,1,indent +4,5,'Ġ',spaces ×1,0.07917252731624821,0.0013949218757261176
shouldTogglePrepareForBulkLoadDuringRestoreCalls,1,indent +4,5,'Ġ',spaces ×1,0.08260057753410754,0.0014553198749068044
shouldTogglePrepareForBulkLoadDuringRestoreCalls,1,indent +4,5,'Ġ',spaces ×1,0.08651556893252818,0.0015242971746098008
shouldTogglePrepareForBulkLoadDuringRestoreCalls,1,indent +4,5,'Ċ',newline ×1,0.10348524894387082,0.0018232819193728508
shouldTogglePrepareForBulkLoadDuringRestoreCalls,1,indent +4,5,'Ġ',spaces ×1,0.08167046689332165,0.001438932477363015
shouldTogglePrepareForBulkLoadDuringRestoreCalls,1,indent +4,5,'Ġ',spaces ×1,0.07824616171378254,0.001378600461119281
shouldTogglePrepareForBulkLoadDuringRestoreCalls,1,indent +4,5,'Ġ',spaces ×1,0.07848755760421383,0.0013828535577386167
shouldTogglePrepareForBulkLoadDuringRestoreCalls,1,indent +4,5,'Ġ',spaces ×1,0.0773461941435528,0.0013627441471463417
shouldTogglePrepareForBulkLoadDuringRestoreCalls,1,indent +4,5,'Ġ',spaces ×1,0.07203725598848237,0.001269207232001472
shouldTogglePrepareForBulkLoadDuringRestoreCalls,1,indent +4,5,'Ġ',spaces ×1,0.07104927279599867,0.0012518001917722228
shouldTogglePrepareForBulkLoadDuringRestoreCalls,1,indent +4,5,'Ġ',spaces ×1,0.07257216578480703,0.0012786316801241522
shouldTogglePrepareForBulkLoadDuringRestoreCalls,1,indent +4,5,'Ġ',spaces ×1,0.059784621724405296,0.0010533309912195905
shouldTogglePrepareForBulkLoadDuringRestoreCalls,1,indent +4,5,'Ġ',spaces ×1,0.06369148254407539,0.0011221650401947664
shouldTogglePrepareForBulkLoadDuringRestoreCalls,1,indent +4,5,'Ġ',spaces ×1,0.06619889936541493,0.0011663426191380164
shouldTogglePrepareForBulkLoadDuringRestoreCalls,1,indent +4,5,'Ġ',spaces ×1,0.08009406020504856,0.0014111581439035118
shouldTogglePrepareForBulkLoadDuringRestoreCalls,1,indent +4,5,'Ġ',spaces ×1,0.07581350135301314,0.0013357399984250122
shouldTogglePrepareForBulkLoadDuringRestoreCalls,1,indent +4,5,'Ġ',spaces ×1,0.08260403110073716,0.001455380722473558
shouldTogglePrepareForBulkLoadDuringRestoreCalls,1,indent +4,5,'Ġ',spaces ×1,0.06404610642152776,0.0011284130737119636
shouldTogglePrepareForBulkLoadDuringRestoreCalls,1,indent +4,5,'Ġ',spaces ×1,0.07224678174639565,0.0012728988163571648
shouldTogglePrepareForBulkLoadDuringRestoreCalls,1,indent +4,5,'Ċ',newline ×1,0.0847032974858198,0.001492367196226396
shouldTogglePrepareForBulkLoadDuringRestoreCalls,1,indent +4,5,'Ġ',spaces ×1,0.06598354549127301,0.001162548350592527
shouldTogglePrepareForBulkLoadDuringRestoreCalls,1,indent +4,5,'Ġ',spaces ×1,0.0673200687185421,0.0011860962345660517
shouldTogglePrepareForBulkLoadDuringRestoreCalls,1,indent +4,5,'Ġ',spaces ×1,0.07386391092499948,0.0013013906296612799
shouldTogglePrepareForBulkLoadDuringRestoreCalls,1,indent +4,5,'Ġ',spaces ×1,0.0713504417366418,0.0012571064155070583
shouldTogglePrepareForBulkLoadDuringRestoreCalls,1,indent +4,5,'Ġ',spaces ×1,0.05475133537677755,0.0009646507195256659
shouldTogglePrepareForBulkLoadDuringRestoreCalls,1,indent +4,5,'Ġ',spaces ×1,0.05541105721253227,0.0009762742012027449
shouldTogglePrepareForBulkLoadDuringRestoreCalls,1,indent +4,5,'Ġ',spaces ×1,0.06802673825794281,0.0011985468766363982
shouldTogglePrepareForBulkLoadDuringRestoreCalls,1,indent +4,5,'Ġ',spaces ×1,0.057286464819076385,0.0010093165605279937
shouldTogglePrepareForBulkLoadDuringRestoreCalls,1,indent +4,5,'Ġ',spaces ×1,0.06669993556558781,0.001175170256449127
shouldTogglePrepareForBulkLoadDuringRestoreCalls,1,indent +4,5,'Ġ',spaces ×1,0.0666614851420808,0.0011744928076079825
shouldTogglePrepareForBulkLoadDuringRestoreCalls,1,indent +4,5,'Ġ',spaces ×1,0.07096177223370768,0.0012502585402345565
shouldTogglePrepareForBulkLoadDuringRestoreCalls,1,indent +4,5,'Ġ',spaces ×1,0.06744003079501938,0.0011882098177799269
shouldTogglePrepareForBulkLoadDuringRestoreCalls,1,indent +4,5,'Ġ',spaces ×1,0.06306178353011146,0.0011110705234542205
shouldTogglePrepareForBulkLoadDuringRestoreCalls,1,indent +4,5,'Ġ',spaces ×1,0.06982256751915131,0.0012301871640750274
shouldTogglePrepareForBulkLoadDuringRestoreCalls,1,indent +4,5,'Ġ',spaces ×1,0.06815085530142366,0.001200733665222928
shouldTogglePrepareForBulkLoadDuringRestoreCalls,1,indent +4,5,'Ċ',newline ×1,0.08004524511554581,0.0014102980824842151
shouldTogglePrepareForBulkLoadDuringRestoreCalls,1,indent +4,5,'Ġ',spaces ×1,0.054094651225320235,0.0009530807580837193
shouldTogglePrepareForBulkLoadDuringRestoreCalls,1,indent +4,5,'Ġ',spaces ×1,0.05641778607372179,0.0009940115168979823
shouldTogglePrepareForBulkLoadDuringRestoreCalls,1,indent +4,5,'Ġ',spaces ×1,0.052393918469516354,0.0009231159532928039
shouldTogglePrepareForBulkLoadDuringRestoreCalls,1,indent +4,5,'Ġ',spaces ×1,0.05978249242084273,0.0010532934755279715
shouldTogglePrepareForBulkLoadDuringRestoreCalls,1,indent +4,5,'Ġ',spaces ×1,0.06903613939007906,0.0012163312744360958
shouldTogglePrepareForBulkLoadDuringRestoreCalls,1,indent +4,5,'Ġ',spaces ×1,0.06098382503963727,0.001074459468414445
shouldTogglePrepareForBulkLoadDuringRestoreCalls,1,indent +4,5,'Ġ',spaces ×1,0.062405601133814735,0.001099509402316777
shouldTogglePrepareForBulkLoadDuringRestoreCalls,1,indent +4,5,'Ġ',spaces ×1,0.06749934318276941,0.001189254828593382
shouldTogglePrepareForBulkLoadDuringRestoreCalls,1,indent +4,5,'Ġ',spaces ×1,0.06880491001503496,0.0012122572992266
shouldTogglePrepareForBulkLoadDuringRestoreCalls,1,indent +4,5,'Ġ',spaces ×1,0.066433760425944,0.0011704805801478954
shouldTogglePrepareForBulkLoadDuringRestoreCalls,1,indent +4,5,'Ġ',spaces ×1,0.05873113860872339,0.0010347699234655842
shouldTogglePrepareForBulkLoadDuringRestoreCalls,1,indent +4,5,'Ċ',newline ×1,0.10583697845064416,0.0018647164806529918
shouldTogglePrepareForBulkLoadDuringRestoreCalls,1,indent +4,5,'Ġ',spaces ×1,0.0659689797075462,0.0011622917195230594
shouldTogglePrepareForBulkLoadDuringRestoreCalls,1,indent +4,5,'Ġ',spaces ×1,0.06598064184623233,0.0011624971919630897
shouldTogglePrepareForBulkLoadDuringRestoreCalls,1,indent +4,5,'Ġ',spaces ×1,0.06854070290333049,0.0012076022971402472
shouldTogglePrepareForBulkLoadDuringRestoreCalls,1,indent +4,5,'Ġ',spaces ×1,0.08188638179238288,0.0014427366304727502
shouldTogglePrepareForBulkLoadDuringRestoreCalls,1,indent +4,5,'Ġ',spaces ×1,0.08383527194239422,0.00147707366120538
shouldTogglePrepareForBulkLoadDuringRestoreCalls,1,indent +4,5,'Ġ',spaces ×1,0.07254125062269015,0.0012780869932562417
shouldTogglePrepareForBulkLoadDuringRestoreCalls,1,indent +4,5,'Ġ',spaces ×1,0.07200629590622461,0.0012686617536963127
shouldTogglePrepareForBulkLoadDuringRestoreCalls,1,indent +4,5,'Ċ',newline ×1,0.08654842939551277,0.0015248761352697352
shouldTogglePrepareForBulkLoadDuringRestoreCalls,1,indent +4,5,'Ġ',spaces ×1,0.07660354950611312,0.001349659668403894
shouldTogglePrepareForBulkLoadDuringRestoreCalls,1,indent +4,5,'Ġ',spaces ×1,0.05955444752100565,0.0010492756068276347
shouldTogglePrepareForBulkLoadDuringRestoreCalls,1,indent +4,5,'Ġ',spaces ×1,0.06526811171839711,0.0011499432935828961
shouldTogglePrepareForBulkLoadDuringRestoreCalls,1,indent +4,5,'Ġ',spaces ×1,0.05334630071812849,0.0009398957489829897
shouldTogglePrepareForBulkLoadDuringRestoreCalls,1,indent +4,5,'Ġ',spaces ×1,0.05598101714025116,0.0009863161892308219
shouldTogglePrepareForBulkLoadDuringRestoreCalls,1,indent +4,5,'Ġ',spaces ×1,0.05993876490327654,0.0010560468031241743
shouldTogglePrepareForBulkLoadDuringRestoreCalls,1,indent +4,5,'Ġ',spaces ×1,0.051697040952987786,0.0009108378345379931
shouldTogglePrepareForBulkLoadDuringRestoreCalls,1,indent +4,5,'Ċ',newline ×1,0.0812613186072886,0.0014317237912953892
shouldTogglePrepareForBulkLoadDuringRestoreCalls,1,indent +4,5,'Ġ',spaces ×1,0.0763780522358449,0.0013456866857813083
shouldTogglePrepareForBulkLoadDuringRestoreCalls,1,indent +4,5,'Ġ',spaces ×1,0.06426897321675537,0.0011323397106221909
shouldTogglePrepareForBulkLoadDuringRestoreCalls,1,indent +4,5,'Ġ',spaces ×1,0.06856512049802768,0.0012080325049174938
shouldTogglePrepareForBulkLoadDuringRestoreCalls,1,indent +4,5,'Ġ',spaces ×1,0.06948995575131305,0.0012243269566671188
shouldTogglePrepareForBulkLoadDuringRestoreCalls,1,indent +4,5,'Ġ',spaces ×1,0.069860347066486,0.001230852792908899
shouldTogglePrepareForBulkLoadDuringRestoreCalls,1,indent +4,5,'Ġ',spaces ×1,0.05634660264271705,0.0009927573530047278
shouldTogglePrepareForBulkLoadDuringRestoreCalls,1,indent +4,5,'Ġ',spaces ×1,0.0742926792491404,0.0013089449965008472
shouldTogglePrepareForBulkLoadDuringRestoreCalls,1,indent +4,5,'Ċ',newline ×1,0.07016647570610579,0.0012362464003970901
shouldTogglePrepareForBulkLoadDuringRestoreCalls,1,indent +4,5,'Ġ',spaces ×1,0.058158945188415856,0.0010246885840642875
shouldTogglePrepareForBulkLoadDuringRestoreCalls,1,indent +4,5,'Ġ',spaces ×1,0.05159648474078365,0.0009090661586183472
shouldTogglePrepareForBulkLoadDuringRestoreCalls,1,indent +4,5,'Ġ',spaces ×1,0.05366283642145031,0.000945472716044408
shouldTogglePrepareForBulkLoadDuringRestoreCalls,1,indent +4,5,'Ġ',spaces ×1,0.06059079487245163,0.001067534763638537
shouldTogglePrepareForBulkLoadDuringRestoreCalls,1,indent +4,5,'Ġ',spaces ×1,0.0598454382243708,0.0010544025026274317
shouldTogglePrepareForBulkLoadDuringRestoreCalls,1,indent +4,5,'Ġ',spaces ×1,0.08096029305090949,0.001426420093813704
shouldTogglePrepareForBulkLoadDuringRestoreCalls,1,indent +4,5,'Ġ',spaces ×1,0.07129536795222911,0.0012561360836348746
shouldTogglePrepareForBulkLoadDuringRestoreCalls,1,indent +4,5,'Ċ',newline ×1,0.07692595610392135,0.0013553400733550297
shouldTogglePrepareForBulkLoadDuringRestoreCalls,1,indent +4,5,'Ġ',spaces ×1,0.05698426253074677,0.001003992130486729
shouldTogglePrepareForBulkLoadDuringRestoreCalls,1,indent +4,5,'Ġ',spaces ×1,0.05368584335018611,0.0009458780696345321
shouldTogglePrepareForBulkLoadDuringRestoreCalls,1,indent +4,5,'Ġ',spaces ×1,0.06045046645346756,0.0010650623506935134
shouldTogglePrepareForBulkLoadDuringRestoreCalls,1,indent +4,5,'Ġ',spaces ×1,0.05761386627835472,0.0010150849687520706
shouldTogglePrepareForBulkLoadDuringRestoreCalls,1,indent +4,5,'Ġ',spaces ×1,0.052263588448874104,0.0009208196997434947
shouldTogglePrepareForBulkLoadDuringRestoreCalls,1,indent +4,5,'Ġ',spaces ×1,0.05684016617380547,0.0010014533311415096
shouldTogglePrepareForBulkLoadDuringRestoreCalls,1,indent +4,5,'Ġ',spaces ×1,0.05643722044124165,0.000994353926384117
shouldTogglePrepareForBulkLoadDuringRestoreCalls,1,indent +4,5,'Ċ',newline ×1,0.07593865094869963,0.0013379449793025843
shouldTogglePrepareForBulkLoadDuringRestoreCalls,1,indent +4,5,'Ġ',spaces ×1,0.07312424169446516,0.0012883585739034476
shouldTogglePrepareForBulkLoadDuringRestoreCalls,1,indent +4,5,'Ġ',spaces ×1,0.06848394273868685,0.001206602253336985
shouldTogglePrepareForBulkLoadDuringRestoreCalls,1,indent +4,5,'Ġ',spaces ×1,0.06284152711205879,0.0011071898781568497
shouldTogglePrepareForBulkLoadDuringRestoreCalls,1,indent +4,5,'Ġ',spaces ×1,0.05608133047904882,0.0009880835860218457
shouldTogglePrepareForBulkLoadDuringRestoreCalls,1,indent +4,5,'Ġ',spaces ×1,0.06488130558637764,0.001143128248598116
shouldTogglePrepareForBulkLoadDuringRestoreCalls,1,indent +4,5,'Ġ',spaces ×1,0.07768975704177924,0.0013687972999086584
shouldTogglePrepareForBulkLoadDuringRestoreCalls,1,indent +4,5,'Ġ',spaces ×1,0.07234780878078276,0.001274678787580559
shouldTogglePrepareForBulkLoadDuringRestoreCalls,1,indent +4,5,'Ċ',newline ×1,0.05845199179387355,0.0010298517023127095
shouldTogglePrepareForBulkLoadDuringRestoreCalls,1,indent +4,5,'Ġ',spaces ×1,0.044268293247871696,0.0007799525005164535
shouldTogglePrepareForBulkLoadDuringRestoreCalls,1,indent +4,5,'Ġ',spaces ×1,0.045825963259251645,0.000807396716934571
shouldTogglePrepareForBulkLoadDuringRestoreCalls,1,indent +4,5,'Ġ',spaces ×1,0.051193305832258756,0.0009019626455893103
shouldTogglePrepareForBulkLoadDuringRestoreCalls,1,indent +4,5,'Ġ',spaces ×1,0.056374745347787025,0.0009932531926131743
shouldTogglePrepareForBulkLoadDuringRestoreCalls,1,indent +4,5,'Ġ',spaces ×1,0.05922123116251982,0.0010434047472813047
shouldTogglePrepareForBulkLoadDuringRestoreCalls,1,indent +4,5,'Ġ',spaces ×1,0.056079479655794684,0.000988050976808362
shouldTogglePrepareForBulkLoadDuringRestoreCalls,1,indent +4,5,'Ġ',spaces ×1,0.06337502277988173,0.0011165894110867353
shouldTogglePrepareForBulkLoadDuringRestoreCalls,1,indent +4,5,'Ċ',newline ×1,0.062288996718065266,0.0010974549769264456
shouldTogglePrepareForBulkLoadDuringRestoreCalls,1,indent +4,5,'Ġ',spaces ×1,0.046286975938101264,0.0008155191893693048
shouldTogglePrepareForBulkLoadDuringRestoreCalls,1,indent +4,5,'Ġ',spaces ×1,0.042885997975367546,0.0007555981697948027
shouldTogglePrepareForBulkLoadDuringRestoreCalls,1,indent +4,5,'Ġ',spaces ×1,0.050112102405736464,0.0008829131802900453
shouldTogglePrepareForBulkLoadDuringRestoreCalls,1,strip indent,1,'Ċ',newline ×1,0.00772761335884772,0.0025816451900900774
shouldTogglePrepareForBulkLoadDuringRestoreCalls,1,strip indent,1,'Ċ',newline ×1,0.017918889794377613,0.005986352254081601
shouldTogglePrepareForBulkLoadDuringRestoreCalls,1,strip indent,1,'Ċ',newline ×1,0.007815082611693358,0.0026108669647058025
shouldTogglePrepareForBulkLoadDuringRestoreCalls,1,strip indent,1,'Ċ',newline ×1,0.006658120798579496,0.0022243485454679283
shouldTogglePrepareForBulkLoadDuringRestoreCalls,1,strip indent,1,'Ċ',newline ×1,0.0053937000239606,0.001801930179089983
shouldTogglePrepareForBulkLoadDuringRestoreCalls,1,strip indent,1,'Ċ',newline ×1,0.04538265268951138,0.0151614608015114
shouldTogglePrepareForBulkLoadDuringRestoreCalls,1,strip indent,1,'Ċ',newline ×1,0.004350078072488647,0.0014532764012446932
shouldTogglePrepareForBulkLoadDuringRestoreCalls,1,strip indent,1,'Ċ',newline ×1,0.019085446589481497,0.006376076170017259
shouldTogglePrepareForBulkLoadDuringRestoreCalls,1,strip indent,1,'Ċ',newline ×1,0.012345121950779957,0.004124264921823006
shouldTogglePrepareForBulkLoadDuringRestoreCalls,1,strip indent,1,'Ċ',newline ×1,0.009222975903222509,0.003081216706010444
shouldTogglePrepareForBulkLoadDuringRestoreCalls,1,strip indent,1,'Ċ',newline ×1,0.004604346779503841,0.0015382226264210109
shouldTogglePrepareForBulkLoadDuringRestoreCalls,1,strip indent,1,'Ċ',newline ×1,0.000656866586477208,0.00021944633934980353
shouldTogglePrepareForBulkLoadDuringRestoreCalls,1,strip indent,1,'Ċ',newline ×1,0.00012996527198397105,4.341886734175301e-05
shouldTogglePrepareForBulkLoadDuringRestoreCalls,1,strip indent,1,'Ċ',newline ×1,0.014055485974156703,0.004695664246453826
shouldTogglePrepareForBulkLoadDuringRestoreCalls,1,strip indent,1,'Ċ',newline ×1,0.0014073806971600538,0.00047017849350457794
shouldTogglePrepareForBulkLoadDuringRestoreCalls,1,strip indent,1,'Ċ',newline ×1,0.000660290272965971,0.00022059012635694867
shouldTogglePrepareForBulkLoadDuringRestoreCalls,1,strip indent,1,'Ċ',newline ×1,0.0006556117061253394,0.00021902710825294345
shouldTogglePrepareForBulkLoadDuringRestoreCalls,1,strip indent,1,'Ċ',newline ×1,0.008266557322422126,0.0027616958767224396
shouldTogglePrepareForBulkLoadDuringRestoreCalls,1,strip indent,1,'Ċ',newline ×1,0.010780289583947042,0.0036014848905852816
shouldTogglePrepareForBulkLoadDuringRestoreCalls,1,strip indent,1,'Ċ',newline ×1,0.006869274345507994,0.0022948908349801588
shouldTogglePrepareForBulkLoadDuringRestoreCalls,1,strip indent,1,'Ċ',newline ×1,0.0016076723243847717,0.0005370920270922769
BacklogQuotaManagerTest.testConsumerBacklogEvictionTimeQuotaWithEmptyLedger,0,original,0,'Ċ',newline ×1,0.016459280668515743,0.001598353068322063
BacklogQuotaManagerTest.testConsumerBacklogEvictionTimeQuotaWithEmptyLedger,0,original,0,'Ċ',newline ×1,0.01985812884037765,0.001928413628905857
BacklogQuotaManagerTest.testConsumerBacklogEvictionTimeQuotaWithEmptyLedger,0,original,0,'Ġ',spaces ×1,0.011618699491310912,0.0011282864880828023
BacklogQuotaManagerTest.testConsumerBacklogEvictionTimeQuotaWithEmptyLedger,0,original,0,'Ġ',spaces ×1,0.011574603493552296,0.0011240043463089503
BacklogQuotaManagerTest.testConsumerBacklogEvictionTimeQuotaWithEmptyLedger,0,original,0,'Ġ',spaces ×1,0.013077459859405696,0.0012699460269927235
BacklogQuotaManagerTest.testConsumerBacklogEvictionTimeQuotaWithEmptyLedger,0,original,0,'Ċ',newline ×1,0.01761970343999174,0.00171104118238329
BacklogQuotaManagerTest.testConsumerBacklogEvictionTimeQuotaWithEmptyLedger,0,original,0,'Ġ',spaces ×1,0.00824405524505042,0.0008005763594242904
BacklogQuotaManagerTest.testConsumerBacklogEvictionTimeQuotaWithEmptyLedger,0,original,0,'Ġ',spaces ×1,0.006179664832401673,0.0006001043693826183
BacklogQuotaManagerTest.testConsumerBacklogEvictionTimeQuotaWithEmptyLedger,0,original,0,'Ġ',spaces ×1,0.007244272002993607,0.0007034878751349833
BacklogQuotaManagerTest.testConsumerBacklogEvictionTimeQuotaWithEmptyLedger,0,original,0,'Ċ',newline ×1,0.015338296538811996,0.001489494822367266
BacklogQuotaManagerTest.testConsumerBacklogEvictionTimeQuotaWithEmptyLedger,0,original,0,'Ġ',spaces ×1,0.009697994941367364,0.000941767765146458
BacklogQuotaManagerTest.testConsumerBacklogEvictionTimeQuotaWithEmptyLedger,0,original,0,'Ġ',spaces ×1,0.00973578226508924,0.0009454372745272703
BacklogQuotaManagerTest.testConsumerBacklogEvictionTimeQuotaWithEmptyLedger,0,original,0,'Ġ',spaces ×1,0.011231556684333333,0.001090691230679173
BacklogQuotaManagerTest.testConsumerBacklogEvictionTimeQuotaWithEmptyLedger,0,original,0,'Ċ',newline ×1,0.013217875203602812,0.001283581695571258
BacklogQuotaManagerTest.testConsumerBacklogEvictionTimeQuotaWithEmptyLedger,0,original,0,'Ġ',spaces ×1,0.008057293470641116,0.0007824400106260473
BacklogQuotaManagerTest.testConsumerBacklogEvictionTimeQuotaWithEmptyLedger,0,original,0,'Ġ',spaces ×1,0.004923118664477072,0.00047808175712882724
BacklogQuotaManagerTest.testConsumerBacklogEvictionTimeQuotaWithEmptyLedger,0,original,0,'Ġ',spaces ×1,0.006235102895327786,0.0006054879338144031
BacklogQuotaManagerTest.testConsumerBacklogEvictionTimeQuotaWithEmptyLedger,0,original,0,'Ċ',newline ×1,0.01806790807855005,0.0017545661257695586
BacklogQuotaManagerTest.testConsumerBacklogEvictionTimeQuotaWithEmptyLedger,0,original,0,'Ġ',spaces ×1,0.00764450955364295,0.0007423547569885614
BacklogQuotaManagerTest.testConsumerBacklogEvictionTimeQuotaWithEmptyLedger,0,original,0,'Ġ',spaces ×1,0.006098719066113897,0.0005922437637753981
BacklogQuotaManagerTest.testConsumerBacklogEvictionTimeQuotaWithEmptyLedger,0,original,0,'Ġ',spaces ×1,0.0040623884035010886,0.0003944966429713034
BacklogQuotaManagerTest.testConsumerBacklogEvictionTimeQuotaWithEmptyLedger,0,original,0,'Ċ',newline ×1,0.012732262700642288,0.0012364240919217114
BacklogQuotaManagerTest.testConsumerBacklogEvictionTimeQuotaWithEmptyLedger,0,original,0,'Ġ',spaces ×1,0.0035472655016722475,0.00034447329825271916
BacklogQuotaManagerTest.testConsumerBacklogEvictionTimeQuotaWithEmptyLedger,0,original,0,'Ġ',spaces ×1,0.003206772505839184,0.0003114081822496256
BacklogQuotaManagerTest.testConsumerBacklogEvictionTimeQuotaWithEmptyLedger,0,original,0,'Ġ',spaces ×1,0.002522518999253375,0.00024496064339371375
BacklogQuotaManagerTest.testConsumerBacklogEvictionTimeQuotaWithEmptyLedger,0,original,0,'Ċ',newline ×1,0.014385552717735367,0.0013969743143079038
BacklogQuotaManagerTest.testConsumerBacklogEvictionTimeQuotaWithEmptyLedger,0,original,0,'Ġ',spaces ×1,0.006514283279562813,0.0006325990107043525
BacklogQuotaManagerTest.testConsumerBacklogEvictionTimeQuotaWithEmptyLedger,0,original,0,'Ġ',spaces ×1,0.006010828319993877,0.00058370873441614
BacklogQuotaManagerTest.testConsumerBacklogEvictionTimeQuotaWithEmptyLedger,0,original,0,'Ġ',spaces ×1,0.005897532476988,0.0005727066279484515
BacklogQuotaManagerTest.testConsumerBacklogEvictionTimeQuotaWithEmptyLedger,0,original,0,'Ċ',newline ×1,0.01664703185637205,0.0016165854985986346
BacklogQuotaManagerTest.testConsumerBacklogEvictionTimeQuotaWithEmptyLedger,0,original,0,'Ġ',spaces ×1,0.006858667366409544,0.000666041988740792
BacklogQuotaManagerTest.testConsumerBacklogEvictionTimeQuotaWithEmptyLedger,0,original,0,'Ġ',spaces ×1,0.0075310018664095126,0.0007313320784267488
BacklogQuotaManagerTest.testConsumerBacklogEvictionTimeQuotaWithEmptyLedger,0,original,0,'Ġ',spaces ×1,0.007514392234923445,0.0007297191248606652
BacklogQuotaManagerTest.testConsumerBacklogEvictionTimeQuotaWithEmptyLedger,0,original,0,'Ċ',newline ×1,0.012168070171471961,0.0011816356185804218
BacklogQuotaManagerTest.testConsumerBacklogEvictionTimeQuotaWithEmptyLedger,0,original,0,'Ġ',spaces ×1,0.005758552067016358,0.0005592103051632307
BacklogQuotaManagerTest.testConsumerBacklogEvictionTimeQuotaWithEmptyLedger,0,original,0,'Ġ',spaces ×1,0.00785897119331948,0.00076318102678236
BacklogQuotaManagerTest.testConsumerBacklogEvictionTimeQuotaWithEmptyLedger,0,original,0,'Ġ',spaces ×1,0.012396400386547938,0.0012038086592622923
BacklogQuotaManagerTest.testConsumerBacklogEvictionTimeQuotaWithEmptyLedger,0,original,0,'Ċ',newline ×1,0.017599105519889698,0.0017090409279700378
BacklogQuotaManagerTest.testConsumerBacklogEvictionTimeQuotaWithEmptyLedger,0,original,0,'Ġ',spaces ×1,0.0070583634343788695,0.0006854343807534744
BacklogQuotaManagerTest.testConsumerBacklogEvictionTimeQuotaWithEmptyLedger,0,original,0,'Ġ',spaces ×1,0.007672917944723192,0.0007451134825953283
BacklogQuotaManagerTest.testConsumerBacklogEvictionTimeQuotaWithEmptyLedger,0,original,0,'Ġ',spaces ×1,0.00812302748019381,0.0007888234096322162
BacklogQuotaManagerTest.testConsumerBacklogEvictionTimeQuotaWithEmptyLedger,0,original,0,'Ċ',newline ×1,0.019186933529496353,0.001863234165343842
BacklogQuotaManagerTest.testConsumerBacklogEvictionTimeQuotaWithEmptyLedger,0,original,0,'Ġ',spaces ×1,0.010218476234066947,0.0009923114607030897
BacklogQuotaManagerTest.testConsumerBacklogEvictionTimeQuotaWithEmptyLedger,0,original,0,'Ġ',spaces ×1,0.00984520099984815,0.000956062876821565
BacklogQuotaManagerTest.testConsumerBacklogEvictionTimeQuotaWithEmptyLedger,0,original,0,'Ġ',spaces ×1,0.010450367327123698,0.001014830296584709
BacklogQuotaManagerTest.testConsumerBacklogEvictionTimeQuotaWithEmptyLedger,0,original,0,'Ċ',newline ×1,0.017460821924987394,0.0016956122725711727
BacklogQuotaManagerTest.testConsumerBacklogEvictionTimeQuotaWithEmptyLedger,0,original,0,'Ġ',spaces ×1,0.009561271028437008,0.0009284905697363781
BacklogQuotaManagerTest.testConsumerBacklogEvictionTimeQuotaWithEmptyLedger,0,original,0,'Ġ',spaces ×1,0.009023097291823054,0.0008762287692038259
BacklogQuotaManagerTest.testConsumerBacklogEvictionTimeQuotaWithEmptyLedger,0,original,0,'Ġ',spaces ×1,0.009723574767383046,0.0009442518101191839
BacklogQuotaManagerTest.testConsumerBacklogEvictionTimeQuotaWithEmptyLedger,0,original,0,'Ċ',newline ×1,0.012769676191913097,0.001240057298607574
BacklogQuotaManagerTest.testConsumerBacklogEvictionTimeQuotaWithEmptyLedger,0,original,0,'Ġ',spaces ×1,0.008071984342855033,0.0007838666343742137
BacklogQuotaManagerTest.testConsumerBacklogEvictionTimeQuotaWithEmptyLedger,0,original,0,'Ġ',spaces ×1,0.006346439061224646,0.0006162997369521223
BacklogQuotaManagerTest.testConsumerBacklogEvictionTimeQuotaWithEmptyLedger,0,original,0,'Ġ',spaces ×1,0.006884089051617666,0.00066851067673346
BacklogQuotaManagerTest.testConsumerBacklogEvictionTimeQuotaWithEmptyLedger,0,original,0,'Ċ',newline ×1,0.014198071250609401,0.0013787680764856445
BacklogQuotaManagerTest.testConsumerBacklogEvictionTimeQuotaWithEmptyLedger,0,original,0,'Ġ',spaces ×1,0.009326025253874631,0.0009056459622985318
BacklogQuotaManagerTest.testConsumerBacklogEvictionTimeQuotaWithEmptyLedger,0,original,0,'Ġ',spaces ×1,0.008032953737648875,0.0007800763905083889
BacklogQuotaManagerTest.testConsumerBacklogEvictionTimeQuotaWithEmptyLedger,0,original,0,'Ġ',spaces ×1,0.007726591358192434,0.0007503256827414735
BacklogQuotaManagerTest.testConsumerBacklogEvictionTimeQuotaWithEmptyLedger,0,original,0,'Ċ',newline ×1,0.017531075694057176,0.0017024345833158137
BacklogQuotaManagerTest.testConsumerBacklogEvictionTimeQuotaWithEmptyLedger,0,original,0,'Ġ',spaces ×1,0.010403906298297306,0.001010318487747029
BacklogQuotaManagerTest.testConsumerBacklogEvictionTimeQuotaWithEmptyLedger,0,original,0,'Ġ',spaces ×1,0.009915221435053002,0.0009628625286234206
BacklogQuotaManagerTest.testConsumerBacklogEvictionTimeQuotaWithEmptyLedger,0,original,0,'Ġ',spaces ×1,0.00903187317529431,0.0008770809911542268
BacklogQuotaManagerTest.testConsumerBacklogEvictionTimeQuotaWithEmptyLedger,0,original,0,'Ċ',newline ×1,0.020429738795833444,0.001983922405053885
BacklogQuotaManagerTest.testConsumerBacklogEvictionTimeQuotaWithEmptyLedger,0,original,0,'Ġ',spaces ×1,0.012029938721268396,0.0011682217378822836
BacklogQuotaManagerTest.testConsumerBacklogEvictionTimeQuotaWithEmptyLedger,0,original,0,'Ġ',spaces ×1,0.01243788016153268,0.0012078367408629052
BacklogQuotaManagerTest.testConsumerBacklogEvictionTimeQuotaWithEmptyLedger,0,original,0,'Ġ',spaces ×1,0.011388791914179124,0.0011059602705074494
BacklogQuotaManagerTest.testConsumerBacklogEvictionTimeQuotaWithEmptyLedger,0,original,0,'Ċ',newline ×1,0.01221861212345485,0.0011865437239622911
BacklogQuotaManagerTest.testConsumerBacklogEvictionTimeQuotaWithEmptyLedger,0,original,0,'Ġ',spaces ×1,0.010719956046709077,0.0010410099313945432
BacklogQuotaManagerTest.testConsumerBacklogEvictionTimeQuotaWithEmptyLedger,0,original,0,'Ġ',spaces ×1,0.008248512463318283,0.0008010091978112223
BacklogQuotaManagerTest.testConsumerBacklogEvictionTimeQuotaWithEmptyLedger,0,original,0,'Ġ',spaces ×1,0.008160870073726489,0.000792498286238575
BacklogQuotaManagerTest.testConsumerBacklogEvictionTimeQuotaWithEmptyLedger,0,original,0,'Ċ',newline ×1,0.015759632569885024,0.0015304105678134454
BacklogQuotaManagerTest.testConsumerBacklogEvictionTimeQuotaWithEmptyLedger,0,original,0,'Ġ',spaces ×1,0.00939991739106787,0.0009128215932745323
BacklogQuotaManagerTest.testConsumerBacklogEvictionTimeQuotaWithEmptyLedger,0,original,0,'Ġ',spaces ×1,0.009514806355608278,0.0009239784070313309
BacklogQuotaManagerTest.testConsumerBacklogEvictionTimeQuotaWithEmptyLedger,0,original,0,'Ġ',spaces ×1,0.008023487938062027,0.0007791571711258127
BacklogQuotaManagerTest.testConsumerBacklogEvictionTimeQuotaWithEmptyLedger,0,original,0,'Ġ',spaces ×1,0.0076317653589737695,0.0007411171741887407
BacklogQuotaManagerTest.testConsumerBacklogEvictionTimeQuotaWithEmptyLedger,0,original,0,'Ġ',spaces ×1,0.00734718694398297,0.0007134818970499986
BacklogQuotaManagerTest.testConsumerBacklogEvictionTimeQuotaWithEmptyLedger,0,original,0,'Ġ',spaces ×1,0.007538155174697123,0.0007320267328579128
BacklogQuotaManagerTest.testConsumerBacklogEvictionTimeQuotaWithEmptyLedger,0,original,0,'Ġ',spaces ×1,0.00785844765590147,0.0007631301863079001
BacklogQuotaManagerTest.testConsumerBacklogEvictionTimeQuotaWithEmptyLedger,0,original,0,'Ċ',newline ×1,0.020061523190355243,0.0019481651593593063
BacklogQuotaManagerTest.testConsumerBacklogEvictionTimeQuotaWithEmptyLedger,0,original,0,'Ġ',spaces ×1,0.004504819153334236,0.0004374608867166902
BacklogQuotaManagerTest.testConsumerBacklogEvictionTimeQuotaWithEmptyLedger,0,original,0,'Ġ',spaces ×1,0.0053726294009321385,0.0005217335350726234
BacklogQuotaManagerTest.testConsumerBacklogEvictionTimeQuotaWithEmptyLedger,0,original,0,'Ġ',spaces ×1,0.00684482174381877,0.0006646974467892639
BacklogQuotaManagerTest.testConsumerBacklogEvictionTimeQuotaWithEmptyLedger,0,original,0,'Ġ',spaces ×1,0.00856611006926774,0.0008318509531822262
BacklogQuotaManagerTest.testConsumerBacklogEvictionTimeQuotaWithEmptyLedger,0,original,0,'Ġ',spaces ×1,0.008709890339248433,0.0008458133881340411
BacklogQuotaManagerTest.testConsumerBacklogEvictionTimeQuotaWithEmptyLedger,0,original,0,'Ġ',spaces ×1,0.008249702021298027,0.0008011247152317684
BacklogQuotaManagerTest.testConsumerBacklogEvictionTimeQuotaWithEmptyLedger,0,original,0,'Ġ',spaces ×1,0.007393130105481497,0.0007179434160330277
BacklogQuotaManagerTest.testConsumerBacklogEvictionTimeQuotaWithEmptyLedger,0,original,0,'Ċ',newline ×1,0.011371873391447174,0.0011043173206565597
BacklogQuotaManagerTest.testConsumerBacklogEvictionTimeQuotaWithEmptyLedger,0,original,0,'Ġ',spaces ×1,0.005995170387067674,0.000582188199853287
BacklogQuotaManagerTest.testConsumerBacklogEvictionTimeQuotaWithEmptyLedger,0,original,0,'Ġ',spaces ×1,0.007679365767140515,0.0007457396276227011
BacklogQuotaManagerTest.testConsumerBacklogEvictionTimeQuotaWithEmptyLedger,0,original,0,'Ġ',spaces ×1,0.007095678163747919,0.0006890579967171243
BacklogQuotaManagerTest.testConsumerBacklogEvictionTimeQuotaWithEmptyLedger,0,original,0,'Ġ',spaces ×1,0.007928702800885081,0.0007699526306668912
BacklogQuotaManagerTest.testConsumerBacklogEvictionTimeQuotaWithEmptyLedger,0,original,0,'Ġ',spaces ×1,0.008588357765970608,0.0008340114166316495
BacklogQuotaManagerTest.testConsumerBacklogEvictionTimeQuotaWithEmptyLedger,0,original,0,'Ġ',spaces ×1,0.008831652873702958,0.0008576376910590371
BacklogQuotaManagerTest.testConsumerBacklogEvictionTimeQuotaWithEmptyLedger,0,original,0,'Ġ',spaces ×1,0.009319617240825605,0.0009050236831403453
BacklogQuotaManagerTest.testConsumerBacklogEvictionTimeQuotaWithEmptyLedger,0,indent +4,5,'Ċ',newline ×1,0.061464224769645456,0.002267659524606711
BacklogQuotaManagerTest.testConsumerBacklogEvictionTimeQuotaWithEmptyLedger,0,indent +4,5,'Ġ',spaces ×1,0.5254214475505591,0.019384885344866338
BacklogQuotaManagerTest.testConsumerBacklogEvictionTimeQuotaWithEmptyLedger,0,indent +4,5,'Ġ',spaces ×1,0.11529913300932638,0.00425384324177824
BacklogQuotaManagerTest.testConsumerBacklogEvictionTimeQuotaWithEmptyLedger,0,indent +4,5,'Ġ',spaces ×1,0.4596977747560796,0.016960077854605106
BacklogQuotaManagerTest.testConsumerBacklogEvictionTimeQuotaWithEmptyLedger,0,indent +4,5,'Ċ',newline ×1,0.060290804859573464,0.0022243674006856753
BacklogQuotaManagerTest.testConsumerBacklogEvictionTimeQuotaWithEmptyLedger,0,indent +4,5,'Ġ',spaces ×1,0.231851048191198,0.008553906596743894
BacklogQuotaManagerTest.testConsumerBacklogEvictionTimeQuotaWithEmptyLedger,0,indent +4,5,'Ġ',spaces ×1,0.0843760392568392,0.0031129674178182083
BacklogQuotaManagerTest.testConsumerBacklogEvictionTimeQuotaWithEmptyLedger,0,indent +4,5,'Ġ',spaces ×1,0.07317859351131083,0.0026998491430611773
BacklogQuotaManagerTest.testConsumerBacklogEvictionTimeQuotaWithEmptyLedger,0,indent +4,5,'Ġ',spaces ×1,0.07239175155747554,0.002670819416294723
BacklogQuotaManagerTest.testConsumerBacklogEvictionTimeQuotaWithEmptyLedger,0,indent +4,5,'Ġ',spaces ×1,0.05611901868340212,0.002070453629016508
BacklogQuotaManagerTest.testConsumerBacklogEvictionTimeQuotaWithEmptyLedger,0,indent +4,5,'Ġ',spaces ×1,0.057952583700863015,0.0021381011295164135
BacklogQuotaManagerTest.testConsumerBacklogEvictionTimeQuotaWithEmptyLedger,0,indent +4,5,'Ġ',spaces ×1,0.07141953128402324,0.0026349503465818544
BacklogQuotaManagerTest.testConsumerBacklogEvictionTimeQuotaWithEmptyLedger,0,indent +4,5,'Ċ',newline ×1,0.06242661546889293,0.002303165942262193
BacklogQuotaManagerTest.testConsumerBacklogEvictionTimeQuotaWithEmptyLedger,0,indent +4,5,'Ġ',spaces ×1,0.08793775036308385,0.0032443730955802413
BacklogQuotaManagerTest.testConsumerBacklogEvictionTimeQuotaWithEmptyLedger,0,indent +4,5,'Ġ',spaces ×1,0.062195737498150036,0.0022946479363597488
BacklogQuotaManagerTest.testConsumerBacklogEvictionTimeQuotaWithEmptyLedger,0,indent +4,5,'Ġ',spaces ×1,0.05408505681449567,0.0019954126922439616
BacklogQuotaManagerTest.testConsumerBacklogEvictionTimeQuotaWithEmptyLedger,0,indent +4,5,'Ġ',spaces ×1,0.05073503897349801,0.0018718172203542314
BacklogQuotaManagerTest.testConsumerBacklogEvictionTimeQuotaWithEmptyLedger,0,indent +4,5,'Ġ',spaces ×1,0.04232652302775779,0.0015615936497548034
BacklogQuotaManagerTest.testConsumerBacklogEvictionTimeQuotaWithEmptyLedger,0,indent +4,5,'Ġ',spaces ×1,0.04033196360482812,0.0014880064258086512
BacklogQuotaManagerTest.testConsumerBacklogEvictionTimeQuotaWithEmptyLedger,0,indent +4,5,'Ġ',spaces ×1,0.05130883394968437,0.0018929867974179135
BacklogQuotaManagerTest.testConsumerBacklogEvictionTimeQuotaWithEmptyLedger,0,indent +4,5,'Ċ',newline ×1,0.0643988743863322,0.002375930411933507
BacklogQuotaManagerTest.testConsumerBacklogEvictionTimeQuotaWithEmptyLedger,0,indent +4,5,'Ġ',spaces ×1,0.06592449434741757,0.002432216595459796
BacklogQuotaManagerTest.testConsumerBacklogEvictionTimeQuotaWithEmptyLedger,0,indent +4,5,'Ġ',spaces ×1,0.046766751643164996,0.0017254113298588894
BacklogQuotaManagerTest.testConsumerBacklogEvictionTimeQuotaWithEmptyLedger,0,indent +4,5,'Ġ',spaces ×1,0.04872582947508408,0.001797689496900722
BacklogQuotaManagerTest.testConsumerBacklogEvictionTimeQuotaWithEmptyLedger,0,indent +4,5,'Ġ',spaces ×1,0.04762703010557799,0.0017571504212802178
BacklogQuotaManagerTest.testConsumerBacklogEvictionTimeQuotaWithEmptyLedger,0,indent +4,5,'Ġ',spaces ×1,0.04152709956134945,0.0015320997409877274
BacklogQuotaManagerTest.testConsumerBacklogEvictionTimeQuotaWithEmptyLedger,0,indent +4,5,'Ġ',spaces ×1,0.040436938981191016,0.001491879384638778
BacklogQuotaManagerTest.testConsumerBacklogEvictionTimeQuotaWithEmptyLedger,0,indent +4,5,'Ġ',spaces ×1,0.05163503457752924,0.00190502163497484
BacklogQuotaManagerTest.testConsumerBacklogEvictionTimeQuotaWithEmptyLedger,0,indent +4,5,'Ċ',newline ×1,0.04029397670395798,0.0014866049380669395
BacklogQuotaManagerTest.testConsumerBacklogEvictionTimeQuotaWithEmptyLedger,0,indent +4,5,'Ġ',spaces ×1,0.04216975250281873,0.0015558097620479625
BacklogQuotaManagerTest.testConsumerBacklogEvictionTimeQuotaWithEmptyLedger,0,indent +4,5,'Ġ',spaces ×1,0.028375118486636042,0.0010468708901676651
BacklogQuotaManagerTest.testConsumerBacklogEvictionTimeQuotaWithEmptyLedger,0,indent +4,5,'Ġ',spaces ×1,0.02773935789925346,0.0010234151554414758
BacklogQuotaManagerTest.testConsumerBacklogEvictionTimeQuotaWithEmptyLedger,0,indent +4,5,'Ġ',spaces ×1,0.025993982438921332,0.0009590213181894747
BacklogQuotaManagerTest.testConsumerBacklogEvictionTimeQuotaWithEmptyLedger,0,indent +4,5,'Ġ',spaces ×1,0.02495871166013799,0.0009208260647578484
BacklogQuotaManagerTest.testConsumerBacklogEvictionTimeQuotaWithEmptyLedger,0,indent +4,5,'Ġ',spaces ×1,0.027638747721777563,0.001019703246146587
BacklogQuotaManagerTest.testConsumerBacklogEvictionTimeQuotaWithEmptyLedger,0,indent +4,5,'Ġ',spaces ×1,0.026281972032461777,0.0009696463988315415
BacklogQuotaManagerTest.testConsumerBacklogEvictionTimeQuotaWithEmptyLedger,0,indent +4,5,'Ċ',newline ×1,0.04444259023147927,0.0016396637786340127
BacklogQuotaManagerTest.testConsumerBacklogEvictionTimeQuotaWithEmptyLedger,0,indent +4,5,'Ġ',spaces ×1,0.03258114270155018,0.0012020478391558322
BacklogQuotaManagerTest.testConsumerBacklogEvictionTimeQuotaWithEmptyLedger,0,indent +4,5,'Ġ',spaces ×1,0.027013224177022635,0.0009966251966072753
BacklogQuotaManagerTest.testConsumerBacklogEvictionTimeQuotaWithEmptyLedger,0,indent +4,5,'Ġ',spaces ×1,0.033438232297606646,0.0012336692806239856
BacklogQuotaManagerTest.testConsumerBacklogEvictionTimeQuotaWithEmptyLedger,0,indent +4,5,'Ġ',spaces ×1,0.027480491930850323,0.0010138645610746563
BacklogQuotaManagerTest.testConsumerBacklogEvictionTimeQuotaWithEmptyLedger,0,indent +4,5,'Ġ',spaces ×1,0.02755554562619046,0.0010166335901762654
BacklogQuotaManagerTest.testConsumerBacklogEvictionTimeQuotaWithEmptyLedger,0,indent +4,5,'Ġ',spaces ×1,0.028266063967848025,0.0010428474355620328
BacklogQuotaManagerTest.testConsumerBacklogEvictionTimeQuotaWithEmptyLedger,0,indent +4,5,'Ġ',spaces ×1,0.028184831824159505,0.0010398504589462882
BacklogQuotaManagerTest.testConsumerBacklogEvictionTimeQuotaWithEmptyLedger,0,indent +4,5,'Ċ',newline ×1,0.03726906245394929,0.0013750038296846477
BacklogQuotaManagerTest.testConsumerBacklogEvictionTimeQuotaWithEmptyLedger,0,indent +4,5,'Ġ',spaces ×1,0.024215875586986946,0.000893419889819247
BacklogQuotaManagerTest.testConsumerBacklogEvictionTimeQuotaWithEmptyLedger,0,indent +4,5,'Ġ',spaces ×1,0.018486328718767313,0.00068203413532397
BacklogQuotaManagerTest.testConsumerBacklogEvictionTimeQuotaWithEmptyLedger,0,indent +4,5,'Ġ',spaces ×1,0.021332919907470035,0.0007870561972781486
BacklogQuotaManagerTest.testConsumerBacklogEvictionTimeQuotaWithEmptyLedger,0,indent +4,5,'Ġ',spaces ×1,0.022188872218855342,0.0008186356797949541
BacklogQuotaManagerTest.testConsumerBacklogEvictionTimeQuotaWithEmptyLedger,0,indent +4,5,'Ġ',spaces ×1,0.023160268187122843,0.0008544743376135787
BacklogQuotaManagerTest.testConsumerBacklogEvictionTimeQuotaWithEmptyLedger,0,indent +4,5,'Ġ',spaces ×1,0.02634503824935442,0.0009719731622122479
BacklogQuotaManagerTest.testConsumerBacklogEvictionTimeQuotaWithEmptyLedger,0,indent +4,5,'Ġ',spaces ×1,0.024583020861862877,0.0009069653381285198
BacklogQuotaManagerTest.testConsumerBacklogEvictionTimeQuotaWithEmptyLedger,0,indent +4,5,'Ċ',newline ×1,0.040520173337845924,0.001494950230848104
BacklogQuotaManagerTest.testConsumerBacklogEvictionTimeQuotaWithEmptyLedger,0,indent +4,5,'Ġ',spaces ×1,0.030042568050638797,0.0011083897314087823
BacklogQuotaManagerTest.testConsumerBacklogEvictionTimeQuotaWithEmptyLedger,0,indent +4,5,'Ġ',spaces ×1,0.026371490602391176,0.0009729490946434608
BacklogQuotaManagerTest.testConsumerBacklogEvictionTimeQuotaWithEmptyLedger,0,indent +4,5,'Ġ',spaces ×1,0.02705958722385698,0.0009983357136623219
BacklogQuotaManagerTest.testConsumerBacklogEvictionTimeQuotaWithEmptyLedger,0,indent +4,5,'Ġ',spaces ×1,0.028819940507730776,0.0010632821423500636
BacklogQuotaManagerTest.testConsumerBacklogEvictionTimeQuotaWithEmptyLedger,0,indent +4,5,'Ġ',spaces ×1,0.02838629365609324,0.0010472831865816145
BacklogQuotaManagerTest.testConsumerBacklogEvictionTimeQuotaWithEmptyLedger,0,indent +4,5,'Ġ',spaces ×1,0.027668418528135213,0.0010207979201116756
BacklogQuotaManagerTest.testConsumerBacklogEvictionTimeQuotaWithEmptyLedger,0,indent +4,5,'Ġ',spaces ×1,0.03089953763396303,0.0011400067451302854
BacklogQuotaManagerTest.testConsumerBacklogEvictionTimeQuotaWithEmptyLedger,0,indent +4,5,'Ċ',newline ×1,0.04522028254630671,0.0016683559388547143
BacklogQuotaManagerTest.testConsumerBacklogEvictionTimeQuotaWithEmptyLedger,0,indent +4,5,'Ġ',spaces ×1,0.031998755898287365,0.0011805612754454185
BacklogQuotaManagerTest.testConsumerBacklogEvictionTimeQuotaWithEmptyLedger,0,indent +4,5,'Ġ',spaces ×1,0.030795556212958975,0.0011361704572635516
BacklogQuotaManagerTest.testConsumerBacklogEvictionTimeQuotaWithEmptyLedger,0,indent +4,5,'Ġ',spaces ×1,0.030960450288283106,0.0011422540550289407
BacklogQuotaManagerTest.testConsumerBacklogEvictionTimeQuotaWithEmptyLedger,0,indent +4,5,'Ġ',spaces ×1,0.03218059605225716,0.0011872700813996295
BacklogQuotaManagerTest.testConsumerBacklogEvictionTimeQuotaWithEmptyLedger,0,indent +4,5,'Ġ',spaces ×1,0.02922704689426836,0.0010783019148831112
BacklogQuotaManagerTest.testConsumerBacklogEvictionTimeQuotaWithEmptyLedger,0,indent +4,5,'Ġ',spaces ×1,0.0297001454486924,0.0010957564007574236
BacklogQuotaManagerTest.testConsumerBacklogEvictionTimeQuotaWithEmptyLedger,0,indent +4,5,'Ġ',spaces ×1,0.030134556668458906,0.0011117835571039236
BacklogQuotaManagerTest.testConsumerBacklogEvictionTimeQuotaWithEmptyLedger,0,indent +4,5,'Ċ',newline ×1,0.06626437765395528,0.0024447562414117887
BacklogQuotaManagerTest.testConsumerBacklogEvictionTimeQuotaWithEmptyLedger,0,indent +4,5,'Ġ',spaces ×1,0.03062947904273612,0.0011300432104254597
BacklogQuotaManagerTest.testConsumerBacklogEvictionTimeQuotaWithEmptyLedger,0,indent +4,5,'Ġ',spaces ×1,0.027120991333974075,0.0010006011553184866
BacklogQuotaManagerTest.testConsumerBacklogEvictionTimeQuotaWithEmptyLedger,0,indent +4,5,'Ġ',spaces ×1,0.027749756112022055,0.0010237987868353796
BacklogQuotaManagerTest.testConsumerBacklogEvictionTimeQuotaWithEmptyLedger,0,indent +4,5,'Ġ',spaces ×1,0.028200806182208837,0.001040439816500472
BacklogQuotaManagerTest.testConsumerBacklogEvictionTimeQuotaWithEmptyLedger,0,indent +4,5,'Ġ',spaces ×1,0.028408850516694263,0.0010481153988152975
BacklogQuotaManagerTest.testConsumerBacklogEvictionTimeQuotaWithEmptyLedger,0,indent +4,5,'Ġ',spaces ×1,0.024573934225779838,0.0009066300960110513
BacklogQuotaManagerTest.testConsumerBacklogEvictionTimeQuotaWithEmptyLedger,0,indent +4,5,'Ġ',spaces ×1,0.031001340861327966,0.0011437626707770335
BacklogQuotaManagerTest.testConsumerBacklogEvictionTimeQuotaWithEmptyLedger,0,indent +4,5,'Ċ',newline ×1,0.06361579295754119,0.0023470394258811203
BacklogQuotaManagerTest.testConsumerBacklogEvictionTimeQuotaWithEmptyLedger,0,indent +4,5,'Ġ',spaces ×1,0.034311167605186085,0.0012658753333646946
BacklogQuotaManagerTest.testConsumerBacklogEvictionTimeQuotaWithEmptyLedger,0,indent +4,5,'Ġ',spaces ×1,0.029854280137249316,0.0011014430419847118
BacklogQuotaManagerTest.testConsumerBacklogEvictionTimeQuotaWithEmptyLedger,0,indent +4,5,'Ġ',spaces ×1,0.02775492450688824,0.0010239894694623738
BacklogQuotaManagerTest.testConsumerBacklogEvictionTimeQuotaWithEmptyLedger,0,indent +4,5,'Ġ',spaces ×1,0.02590043077119128,0.0009555698253712383
BacklogQuotaManagerTest.testConsumerBacklogEvictionTimeQuotaWithEmptyLedger,0,indent +4,5,'Ġ',spaces ×1,0.025084072604461438,0.0009254511282069386
BacklogQuotaManagerTest.testConsumerBacklogEvictionTimeQuotaWithEmptyLedger,0,indent +4,5,'Ġ',spaces ×1,0.027296734435545006,0.001007085016778626
BacklogQuotaManagerTest.testConsumerBacklogEvictionTimeQuotaWithEmptyLedger,0,indent +4,5,'Ġ',spaces ×1,0.028560889087502934,0.0010537247059284028
BacklogQuotaManagerTest.testConsumerBacklogEvictionTimeQuotaWithEmptyLedger,0,indent +4,5,'Ċ',newline ×1,0.036949537612782836,0.0013632152884293872
BacklogQuotaManagerTest.testConsumerBacklogEvictionTimeQuotaWithEmptyLedger,0,indent +4,5,'Ġ',spaces ×1,0.026993876643007095,0.0009959113891859271
BacklogQuotaManagerTest.testConsumerBacklogEvictionTimeQuotaWithEmptyLedger,0,indent +4,5,'Ġ',spaces ×1,0.025689349635719436,0.0009477822033990839
BacklogQuotaManagerTest.testConsumerBacklogEvictionTimeQuotaWithEmptyLedger,0,indent +4,5,'Ġ',spaces ×1,0.025070863585336504,0.0009249637949957637
BacklogQuotaManagerTest.testConsumerBacklogEvictionTimeQuotaWithEmptyLedger,0,indent +4,5,'Ġ',spaces ×1,0.02734795441102378,0.0010089747252339082
BacklogQuotaManagerTest.testConsumerBacklogEvictionTimeQuotaWithEmptyLedger,0,indent +4,5,'Ġ',spaces ×1,0.025660589143369807,0.0009467211145355468
BacklogQuotaManagerTest.testConsumerBacklogEvictionTimeQuotaWithEmptyLedger,0,indent +4,5,'Ġ',spaces ×1,0.024257181399354885,0.0008949438253962241
BacklogQuotaManagerTest.testConsumerBacklogEvictionTimeQuotaWithEmptyLedger,0,indent +4,5,'Ġ',spaces ×1,0.025647453069731384,0.0009462364725732714
BacklogQuotaManagerTest.testConsumerBacklogEvictionTimeQuotaWithEmptyLedger,0,indent +4,5,'Ċ',newline ×1,0.04132273608270361,0.0015245599600733851
BacklogQuotaManagerTest.testConsumerBacklogEvictionTimeQuotaWithEmptyLedger,0,indent +4,5,'Ġ',spaces ×1,0.02821218441845049,0.001040859604855134
BacklogQuotaManagerTest.testConsumerBacklogEvictionTimeQuotaWithEmptyLedger,0,indent +4,5,'Ġ',spaces ×1,0.02860389469977534,0.0010553113538792481
BacklogQuotaManagerTest.testConsumerBacklogEvictionTimeQuotaWithEmptyLedger,0,indent +4,5,'Ġ',spaces ×1,0.03200137693470615,0.0011806579758955043
BacklogQuotaManagerTest.testConsumerBacklogEvictionTimeQuotaWithEmptyLedger,0,indent +4,5,'Ġ',spaces ×1,0.03425491238076672,0.0012637998545647659
BacklogQuotaManagerTest.testConsumerBacklogEvictionTimeQuotaWithEmptyLedger,0,indent +4,5,'Ġ',spaces ×1,0.026105540841558507,0.0009631371510213082
BacklogQuotaManagerTest.testConsumerBacklogEvictionTimeQuotaWithEmptyLedger,0,indent +4,5,'Ġ',spaces ×1,0.033843447123675305,0.0012486192659738413
BacklogQuotaManagerTest.testConsumerBacklogEvictionTimeQuotaWithEmptyLedger,0,indent +4,5,'Ġ',spaces ×1,0.02630656787030469,0.0009705538370390385
BacklogQuotaManagerTest.testConsumerBacklogEvictionTimeQuotaWithEmptyLedger,0,indent +4,5,'Ċ',newline ×1,0.03554202482648487,0.0013112865479658683
BacklogQuotaManagerTest.testConsumerBacklogEvictionTimeQuotaWithEmptyLedger,0,indent +4,5,'Ġ',spaces ×1,0.029768865844382465,0.0010982917692649635
BacklogQuotaManagerTest.testConsumerBacklogEvictionTimeQuotaWithEmptyLedger,0,indent +4,5,'Ġ',spaces ×1,0.02858023631509335,0.0010544385020445103
BacklogQuotaManagerTest.testConsumerBacklogEvictionTimeQuotaWithEmptyLedger,0,indent +4,5,'Ġ',spaces ×1,0.025340383305906794,0.0009349074486204718
BacklogQuotaManagerTest.testConsumerBacklogEvictionTimeQuotaWithEmptyLedger,0,indent +4,5,'Ġ',spaces ×1,0.02307801887055662,0.0008514398334478985
BacklogQuotaManagerTest.testConsumerBacklogEvictionTimeQuotaWithEmptyLedger,0,indent +4,5,'Ġ',spaces ×1,0.022091189420075766,0.0008150317731342434
BacklogQuotaManagerTest.testConsumerBacklogEvictionTimeQuotaWithEmptyLedger,0,indent +4,5,'Ġ',spaces ×1,0.025783472999060045,0.0009512547883404425
BacklogQuotaManagerTest.testConsumerBacklogEvictionTimeQuotaWithEmptyLedger,0,indent +4,5,'Ġ',spaces ×1,0.030092224850920106,0.001110221768118615
BacklogQuotaManagerTest.testConsumerBacklogEvictionTimeQuotaWithEmptyLedger,0,indent +4,5,'Ċ',newline ×1,0.03870259747074811,0.001427892633649625
BacklogQuotaManagerTest.testConsumerBacklogEvictionTimeQuotaWithEmptyLedger,0,indent +4,5,'Ġ',spaces ×1,0.034597747422578234,0.0012764484017618789
BacklogQuotaManagerTest.testConsumerBacklogEvictionTimeQuotaWithEmptyLedger,0,indent +4,5,'Ġ',spaces ×1,0.029950462908578487,0.0011049916066713256
BacklogQuotaManagerTest.testConsumerBacklogEvictionTimeQuotaWithEmptyLedger,0,indent +4,5,'Ġ',spaces ×1,0.03190102454661441,0.0011769555774755105
BacklogQuotaManagerTest.testConsumerBacklogEvictionTimeQuotaWithEmptyLedger,0,indent +4,5,'Ġ',spaces ×1,0.029469783795731983,0.0010872574438699396
BacklogQuotaManagerTest.testConsumerBacklogEvictionTimeQuotaWithEmptyLedger,0,indent +4,5,'Ġ',spaces ×1,0.02917096762371144,0.0010762329277204485
BacklogQuotaManagerTest.testConsumerBacklogEvictionTimeQuotaWithEmptyLedger,0,indent +4,5,'Ġ',spaces ×1,0.030135724816470845,0.001111826654726571
BacklogQuotaManagerTest.testConsumerBacklogEvictionTimeQuotaWithEmptyLedger,0,indent +4,5,'Ġ',spaces ×1,0.02876995897087414,0.0010614381248173898
BacklogQuotaManagerTest.testConsumerBacklogEvictionTimeQuotaWithEmptyLedger,0,indent +4,5,'Ċ',newline ×1,0.03229405373433673,0.001191455986198263
BacklogQuotaManagerTest.testConsumerBacklogEvictionTimeQuotaWithEmptyLedger,0,indent +4,5,'Ġ',spaces ×1,0.03398490862174235,0.0012538383428378076
BacklogQuotaManagerTest.testConsumerBacklogEvictionTimeQuotaWithEmptyLedger,0,indent +4,5,'Ġ',spaces ×1,0.0269134471267266,0.000992944024685089
BacklogQuotaManagerTest.testConsumerBacklogEvictionTimeQuotaWithEmptyLedger,0,indent +4,5,'Ġ',spaces ×1,0.02796253728694538,0.0010316491300192438
BacklogQuotaManagerTest.testConsumerBacklogEvictionTimeQuotaWithEmptyLedger,0,indent +4,5,'Ġ',spaces ×1,0.025611699950243948,0.0009449173979043246
BacklogQuotaManagerTest.testConsumerBacklogEvictionTimeQuotaWithEmptyLedger,0,indent +4,5,'Ġ',spaces ×1,0.022426590702747953,0.0008274060594132515
BacklogQuotaManagerTest.testConsumerBacklogEvictionTimeQuotaWithEmptyLedger,0,indent +4,5,'Ġ',spaces ×1,0.024442160392303937,0.0009017684355948422
BacklogQuotaManagerTest.testConsumerBacklogEvictionTimeQuotaWithEmptyLedger,0,indent +4,5,'Ġ',spaces ×1,0.025161980550785584,0.0009283254619707926
BacklogQuotaManagerTest.testConsumerBacklogEvictionTimeQuotaWithEmptyLedger,0,indent +4,5,'Ċ',newline ×1,0.027666243311878568,0.0010207176677391621
BacklogQuotaManagerTest.testConsumerBacklogEvictionTimeQuotaWithEmptyLedger,0,indent +4,5,'Ġ',spaces ×1,0.02431541204602182,0.0008970921853736445
BacklogQuotaManagerTest.testConsumerBacklogEvictionTimeQuotaWithEmptyLedger,0,indent +4,5,'Ġ',spaces ×1,0.022882940999629064,0.0008442426355054081
BacklogQuotaManagerTest.testConsumerBacklogEvictionTimeQuotaWithEmptyLedger,0,indent +4,5,'Ġ',spaces ×1,0.024579109383684555,0.0009068210281534146
BacklogQuotaManagerTest.testConsumerBacklogEvictionTimeQuotaWithEmptyLedger,0,indent +4,5,'Ġ',spaces ×1,0.026572405050753343,0.0009803616271234048
BacklogQuotaManagerTest.testConsumerBacklogEvictionTimeQuotaWithEmptyLedger,0,indent +4,5,'Ġ',spaces ×1,0.025443250578436,0.0009387026311220881
BacklogQuotaManagerTest.testConsumerBacklogEvictionTimeQuotaWithEmptyLedger,0,indent +4,5,'Ġ',spaces ×1,0.02643123488698302,0.0009751532987394737
BacklogQuotaManagerTest.testConsumerBacklogEvictionTimeQuotaWithEmptyLedger,0,indent +4,5,'Ġ',spaces ×1,0.02562824092705419,0.0009455276602764707
BacklogQuotaManagerTest.testConsumerBacklogEvictionTimeQuotaWithEmptyLedger,0,indent +4,5,'Ċ',newline ×1,0.04070284826405403,0.0015016898348677614
BacklogQuotaManagerTest.testConsumerBacklogEvictionTimeQuotaWithEmptyLedger,0,indent +4,5,'Ġ',spaces ×1,0.036264634159453524,0.0013379464780734602
BacklogQuotaManagerTest.testConsumerBacklogEvictionTimeQuotaWithEmptyLedger,0,indent +4,5,'Ġ',spaces ×1,0.03132023447993884,0.001155527923723596
BacklogQuotaManagerTest.testConsumerBacklogEvictionTimeQuotaWithEmptyLedger,0,indent +4,5,'Ġ',spaces ×1,0.03007934532524651,0.001109746591230342
BacklogQuotaManagerTest.testConsumerBacklogEvictionTimeQuotaWithEmptyLedger,0,indent +4,5,'Ġ',spaces ×1,0.02964685918681531,0.0010937904587850138
BacklogQuotaManagerTest.testConsumerBacklogEvictionTimeQuotaWithEmptyLedger,0,indent +4,5,'Ġ',spaces ×1,0.03091175330187354,0.0011404574296673558
BacklogQuotaManagerTest.testConsumerBacklogEvictionTimeQuotaWithEmptyLedger,0,indent +4,5,'Ġ',spaces ×1,0.03553173672082196,0.001310906978860684
BacklogQuotaManagerTest.testConsumerBacklogEvictionTimeQuotaWithEmptyLedger,0,indent +4,5,'Ġ',spaces ×1,0.03148680665307865,0.0011616734331865491
BacklogQuotaManagerTest.testConsumerBacklogEvictionTimeQuotaWithEmptyLedger,0,strip indent,0,'Ċ',newline ×1,0.021547276977509078,0.002048814670277898
BacklogQuotaManagerTest.testConsumerBacklogEvictionTimeQuotaWithEmptyLedger,0,strip indent,0,'Ċ',newline ×1,0.023145485854982,0.0022007797560635737
BacklogQuotaManagerTest.testConsumerBacklogEvictionTimeQuotaWithEmptyLedger,0,strip indent,0,'Ċ',newline ×1,0.019314249047739596,0.0018364880553451886
BacklogQuotaManagerTest.testConsumerBacklogEvictionTimeQuotaWithEmptyLedger,0,strip indent,0,'Ċ',newline ×1,0.011930556791218383,0.0011344124737406869
BacklogQuotaManagerTest.testConsumerBacklogEvictionTimeQuotaWithEmptyLedger,0,strip indent,0,'Ċ',newline ×1,0.011940250017788204,0.001135334150517725
BacklogQuotaManagerTest.testConsumerBacklogEvictionTimeQuotaWithEmptyLedger,0,strip indent,0,'Ċ',newline ×1,0.01751490236239061,0.0016653978572794706
BacklogQuotaManagerTest.testConsumerBacklogEvictionTimeQuotaWithEmptyLedger,0,strip indent,0,'Ċ',newline ×1,0.01608997048205653,0.0015299087491372951
BacklogQuotaManagerTest.testConsumerBacklogEvictionTimeQuotaWithEmptyLedger,0,strip indent,0,'Ċ',newline ×1,0.012593763195766262,0.0011974732035246983
BacklogQuotaManagerTest.testConsumerBacklogEvictionTimeQuotaWithEmptyLedger,0,strip indent,0,'Ċ',newline ×1,0.016882075523665656,0.0016052257570053341
BacklogQuotaManagerTest.testConsumerBacklogEvictionTimeQuotaWithEmptyLedger,0,strip indent,0,'Ċ',newline ×1,0.015234210980597426,0.0014485391810638358
BacklogQuotaManagerTest.testConsumerBacklogEvictionTimeQuotaWithEmptyLedger,0,strip indent,0,'Ċ',newline ×1,0.021584587991949348,0.0020523623739542355
BacklogQuotaManagerTest.testConsumerBacklogEvictionTimeQuotaWithEmptyLedger,0,strip indent,0,'Ċ',newline ×1,0.01643006038672656,0.0015622460689122565
BacklogQuotaManagerTest.testConsumerBacklogEvictionTimeQuotaWithEmptyLedger,0,strip indent,0,'Ċ',newline ×1,0.020074889758128316,0.0019088132891963926
BacklogQuotaManagerTest.testConsumerBacklogEvictionTimeQuotaWithEmptyLedger,0,strip indent,0,'Ċ',newline ×1,0.01822276587922607,0.0017327047916712635
BacklogQuotaManagerTest.testConsumerBacklogEvictionTimeQuotaWithEmptyLedger,0,strip indent,0,'Ċ',newline ×1,0.01576720392923199,0.0014992186137112648
BacklogQuotaManagerTest.testConsumerBacklogEvictionTimeQuotaWithEmptyLedger,0,strip indent,0,'Ċ',newline ×1,0.016169588830726625,0.0015374792296647818
BacklogQuotaManagerTest.testConsumerBacklogEvictionTimeQuotaWithEmptyLedger,0,strip indent,0,'Ċ',newline ×1,0.01870948241615039,0.0017789840492386244
BacklogQuotaManagerTest.testConsumerBacklogEvictionTimeQuotaWithEmptyLedger,0,strip indent,0,'Ċ',newline ×1,0.008642708129740773,0.0008217886290516305
BacklogQuotaManagerTest.testConsumerBacklogEvictionTimeQuotaWithEmptyLedger,0,strip indent,0,'Ċ',newline ×1,0.008606905162060864,0.0008183843174303223
BacklogQuotaManagerTest.testConsumerBacklogEvictionTimeQuotaWithEmptyLedger,0,strip indent,0,'Ċ',newline ×1,0.011978020436005828,0.001138925536428231
BacklogQuotaManagerTest.testConsumerBacklogEvictionTimeQuotaWithEmptyLedger,0,strip indent,0,'Ċ',newline ×1,0.008268224306450318,0.0007861809765514985
BacklogQuotaManagerTest.testConsumerBacklogEvictionTimeQuotaWithEmptyLedger,0,strip indent,0,'Ċ',newline ×1,0.014597341554848028,0.001387982692933628
BacklogQuotaManagerTest.testConsumerBacklogEvictionTimeQuotaWithEmptyLedger,0,strip indent,0,'Ċ',newline ×1,0.007733228289097466,0.0007353110828736625
BacklogQuotaManagerTest.testConsumerBacklogEvictionTimeQuotaWithEmptyLedger,0,strip indent,0,'Ċ',newline ×1,0.013702165548139411,0.0013028652213876982
InactiveTopicDeleteTest.testTopicLevelInActiveTopicApi,0,original,0,'Ċ',newline ×1,0.01675822307395462,0.003106770229858172
InactiveTopicDeleteTest.testTopicLevelInActiveTopicApi,0,original,0,'Ċ',newline ×1,0.011796891882765163,0.002186999919054161
InactiveTopicDeleteTest.testTopicLevelInActiveTopicApi,0,original,0,'Ġ',spaces ×1,0.005620934735657803,0.0010420527655976867
InactiveTopicDeleteTest.testTopicLevelInActiveTopicApi,0,original,0,'Ġ',spaces ×1,0.005369192517975083,0.0009953828278576474
InactiveTopicDeleteTest.testTopicLevelInActiveTopicApi,0,original,0,'Ġ',spaces ×1,0.006977288823642727,0.0012935042758862173
InactiveTopicDeleteTest.testTopicLevelInActiveTopicApi,0,original,0,'Ċ',newline ×1,0.01446461351237388,0.0026815629824435117
InactiveTopicDeleteTest.testTopicLevelInActiveTopicApi,0,original,0,'Ġ',spaces ×1,0.004900881288087999,0.0009085636358167742
InactiveTopicDeleteTest.testTopicLevelInActiveTopicApi,0,original,0,'Ġ',spaces ×1,0.004776312094335225,0.0008854700261303132
InactiveTopicDeleteTest.testTopicLevelInActiveTopicApi,0,original,0,'Ġ',spaces ×1,0.005370764321002305,0.0009956742209743653
InactiveTopicDeleteTest.testTopicLevelInActiveTopicApi,0,original,0,'Ċ',newline ×1,0.011052451631382354,0.0020489897731873975
InactiveTopicDeleteTest.testTopicLevelInActiveTopicApi,0,original,0,'Ġ',spaces ×1,0.004058990633271513,0.0007524873733373275
InactiveTopicDeleteTest.testTopicLevelInActiveTopicApi,0,original,0,'Ġ',spaces ×1,0.00439647961712427,0.0008150537160403552
InactiveTopicDeleteTest.testTopicLevelInActiveTopicApi,0,original,0,'Ġ',spaces ×1,0.006758478591151381,0.0012529395266707125
InactiveTopicDeleteTest.testTopicLevelInActiveTopicApi,0,original,0,'Ċ',newline ×1,0.008972776126824065,0.0016634432915100727
InactiveTopicDeleteTest.testTopicLevelInActiveTopicApi,0,original,0,'Ġ',spaces ×1,0.004278056320566875,0.0007930994807588122
InactiveTopicDeleteTest.testTopicLevelInActiveTopicApi,0,original,0,'Ġ',spaces ×1,0.004115626124791866,0.0007629869029254186
InactiveTopicDeleteTest.testTopicLevelInActiveTopicApi,0,original,0,'Ġ',spaces ×1,0.005165720252869222,0.0009576615507841154
InactiveTopicDeleteTest.testTopicLevelInActiveTopicApi,0,original,0,'Ċ',newline ×1,0.01013531037276892,0.0018789629662723322
InactiveTopicDeleteTest.testTopicLevelInActiveTopicApi,0,original,0,'Ġ',spaces ×1,0.003873921479583114,0.0007181778087369034
InactiveTopicDeleteTest.testTopicLevelInActiveTopicApi,0,original,0,'Ġ',spaces ×1,0.003751350735821584,0.0006954546873123098
InactiveTopicDeleteTest.testTopicLevelInActiveTopicApi,0,original,0,'Ġ',spaces ×1,0.004102923718295565,0.0007606320316376865
InactiveTopicDeleteTest.testTopicLevelInActiveTopicApi,0,original,0,'Ċ',newline ×1,0.008136299449656412,0.0015083707144756928
InactiveTopicDeleteTest.testTopicLevelInActiveTopicApi,0,original,0,'Ġ',spaces ×1,0.004838211122531043,0.000896945351241291
InactiveTopicDeleteTest.testTopicLevelInActiveTopicApi,0,original,0,'Ġ',spaces ×1,0.004633305760458334,0.0008589583954634326
InactiveTopicDeleteTest.testTopicLevelInActiveTopicApi,0,original,0,'Ġ',spaces ×1,0.00579849582361993,0.0010749704263560828
InactiveTopicDeleteTest.testTopicLevelInActiveTopicApi,0,original,0,'Ċ',newline ×1,0.013968116388790171,0.002589518469373542
InactiveTopicDeleteTest.testTopicLevelInActiveTopicApi,0,original,0,'Ġ',spaces ×1,0.005778167593943256,0.0010712018204301142
InactiveTopicDeleteTest.testTopicLevelInActiveTopicApi,0,original,0,'Ġ',spaces ×1,0.005755044123467667,0.00106691501094157
InactiveTopicDeleteTest.testTopicLevelInActiveTopicApi,0,original,0,'Ġ',spaces ×1,0.0043255620039526245,0.0008019064552357958
InactiveTopicDeleteTest.testTopicLevelInActiveTopicApi,0,original,0,'Ċ',newline ×1,0.008389060444597585,0.0015552295210977997
InactiveTopicDeleteTest.testTopicLevelInActiveTopicApi,0,original,0,'Ġ',spaces ×1,0.006498985096900648,0.001204832596763984
InactiveTopicDeleteTest.testTopicLevelInActiveTopicApi,0,original,0,'Ġ',spaces ×1,0.0056120867194570075,0.0010404124512753013
InactiveTopicDeleteTest.testTopicLevelInActiveTopicApi,0,original,0,'Ġ',spaces ×1,0.006050707565499743,0.0011217274081574934
InactiveTopicDeleteTest.testTopicLevelInActiveTopicApi,0,original,0,'Ċ',newline ×1,0.008939044182687202,0.0016571898003507075
InactiveTopicDeleteTest.testTopicLevelInActiveTopicApi,0,original,0,'Ġ',spaces ×1,0.0038580052527225255,0.0007152271343387927
InactiveTopicDeleteTest.testTopicLevelInActiveTopicApi,0,original,0,'Ġ',spaces ×1,0.003726977600805139,0.000690936205254681
InactiveTopicDeleteTest.testTopicLevelInActiveTopicApi,0,original,0,'Ġ',spaces ×1,0.004989748495103627,0.0009250385324659238
InactiveTopicDeleteTest.testTopicLevelInActiveTopicApi,0,original,0,'Ċ',newline ×1,0.007007236658190748,0.0012990562392663392
InactiveTopicDeleteTest.testTopicLevelInActiveTopicApi,0,original,0,'Ġ',spaces ×1,0.0033908265636022478,0.000628617901547351
InactiveTopicDeleteTest.testTopicLevelInActiveTopicApi,0,original,0,'Ġ',spaces ×1,0.0023926535466039347,0.0004435687946239715
InactiveTopicDeleteTest.testTopicLevelInActiveTopicApi,0,original,0,'Ġ',spaces ×1,0.0022377058235567263,0.0004148433760027371
InactiveTopicDeleteTest.testTopicLevelInActiveTopicApi,0,original,0,'Ċ',newline ×1,0.01049925695586489,0.001946434225285376
InactiveTopicDeleteTest.testTopicLevelInActiveTopicApi,0,original,0,'Ġ',spaces ×1,0.002244571488210231,0.00041611618651848014
InactiveTopicDeleteTest.testTopicLevelInActiveTopicApi,0,original,0,'Ġ',spaces ×1,0.0019109531889809235,0.0003542674215505283
InactiveTopicDeleteTest.testTopicLevelInActiveTopicApi,0,original,0,'Ġ',spaces ×1,0.002159983708344958,0.000400434643485218
InactiveTopicDeleteTest.testTopicLevelInActiveTopicApi,0,original,0,'Ċ',newline ×1,0.006629564987513296,0.0012290405163616184
InactiveTopicDeleteTest.testTopicLevelInActiveTopicApi,0,original,0,'Ġ',spaces ×1,0.003049200004857807,0.000565284502907631
InactiveTopicDeleteTest.testTopicLevelInActiveTopicApi,0,original,0,'Ġ',spaces ×1,0.002759586982271457,0.0005115937796859721
InactiveTopicDeleteTest.testTopicLevelInActiveTopicApi,0,original,0,'Ġ',spaces ×1,0.0033943133562729533,0.000629264310395069
InactiveTopicDeleteTest.testTopicLevelInActiveTopicApi,0,original,0,'Ċ',newline ×1,0.007200861637972104,0.0013349519497057429
InactiveTopicDeleteTest.testTopicLevelInActiveTopicApi,0,original,0,'Ġ',spaces ×1,0.0038260911591156362,0.0007093106505031713
InactiveTopicDeleteTest.testTopicLevelInActiveTopicApi,0,original,0,'Ġ',spaces ×1,0.0037342385266870845,0.0006922822923828739
InactiveTopicDeleteTest.testTopicLevelInActiveTopicApi,0,original,0,'Ġ',spaces ×1,0.00403127192249138,0.0007473486623247258
InactiveTopicDeleteTest.testTopicLevelInActiveTopicApi,0,original,0,'Ċ',newline ×1,0.009304251602036517,0.0017248948030321185
InactiveTopicDeleteTest.testTopicLevelInActiveTopicApi,0,original,0,'Ġ',spaces ×1,0.005989269474135977,0.0011103375351151118
InactiveTopicDeleteTest.testTopicLevelInActiveTopicApi,0,original,0,'Ġ',spaces ×1,0.005325479556348307,0.000987278977751244
InactiveTopicDeleteTest.testTopicLevelInActiveTopicApi,0,original,0,'Ġ',spaces ×1,0.004926884131397255,0.0009133842459213394
InactiveTopicDeleteTest.testTopicLevelInActiveTopicApi,0,original,0,'Ċ',newline ×1,0.008404256883433577,0.0015580467555723124
InactiveTopicDeleteTest.testTopicLevelInActiveTopicApi,0,original,0,'Ġ',spaces ×1,0.0043588574015658065,0.0008080790159923531
InactiveTopicDeleteTest.testTopicLevelInActiveTopicApi,0,original,0,'Ġ',spaces ×1,0.004054091039656716,0.0007515790484204387
InactiveTopicDeleteTest.testTopicLevelInActiveTopicApi,0,original,0,'Ġ',spaces ×1,0.004684375951569621,0.0008684261862117431
InactiveTopicDeleteTest.testTopicLevelInActiveTopicApi,0,original,0,'Ċ',newline ×1,0.011452805392690914,0.0021232104791391094
InactiveTopicDeleteTest.testTopicLevelInActiveTopicApi,0,original,0,'Ġ',spaces ×1,0.0049471903115423845,0.0009171487641330031
InactiveTopicDeleteTest.testTopicLevelInActiveTopicApi,0,original,0,'Ġ',spaces ×1,0.004168836528794406,0.0007728514630487854
InactiveTopicDeleteTest.testTopicLevelInActiveTopicApi,0,original,0,'Ġ',spaces ×1,0.004369025628886462,0.0008099640813594171
InactiveTopicDeleteTest.testTopicLevelInActiveTopicApi,0,original,0,'Ġ',spaces ×1,0.004686980041047334,0.000868908952650019
InactiveTopicDeleteTest.testTopicLevelInActiveTopicApi,0,original,0,'Ġ',spaces ×1,0.004992105178494112,0.0009254754328321768
InactiveTopicDeleteTest.testTopicLevelInActiveTopicApi,0,original,0,'Ġ',spaces ×1,0.005393067973369822,0.0009998090461814722
InactiveTopicDeleteTest.testTopicLevelInActiveTopicApi,0,original,0,'Ġ',spaces ×1,0.005914213877805471,0.0010964231426861034
InactiveTopicDeleteTest.testTopicLevelInActiveTopicApi,0,original,0,'Ċ',newline ×1,0.008735374456155319,0.0016194319163363798
InactiveTopicDeleteTest.testTopicLevelInActiveTopicApi,0,original,0,'Ġ',spaces ×1,0.004675091887942072,0.000866705034013035
InactiveTopicDeleteTest.testTopicLevelInActiveTopicApi,0,original,0,'Ġ',spaces ×1,0.0035789726195406806,0.0006634978863091732
InactiveTopicDeleteTest.testTopicLevelInActiveTopicApi,0,original,0,'Ġ',spaces ×1,0.0036242177210702663,0.0006718857764726292
InactiveTopicDeleteTest.testTopicLevelInActiveTopicApi,0,original,0,'Ġ',spaces ×1,0.003649961794730097,0.0006766584138392928
InactiveTopicDeleteTest.testTopicLevelInActiveTopicApi,0,original,0,'Ġ',spaces ×1,0.0036697673743683362,0.0006803301268206529
InactiveTopicDeleteTest.testTopicLevelInActiveTopicApi,0,original,0,'Ġ',spaces ×1,0.0040024325807213115,0.000742002199990112
InactiveTopicDeleteTest.testTopicLevelInActiveTopicApi,0,original,0,'Ġ',spaces ×1,0.0034978856181179293,0.0006484653449151992
InactiveTopicDeleteTest.testTopicLevelInActiveTopicApi,0,original,0,'Ġ',spaces ×1,0.004045049080948347,0.0007499027795218329
InactiveTopicDeleteTest.testTopicLevelInActiveTopicApi,0,original,0,'Ġ',spaces ×1,0.0043175351153608875,0.0008004183679603642
InactiveTopicDeleteTest.testTopicLevelInActiveTopicApi,0,original,0,'Ġ',spaces ×1,0.004643921889141383,0.0008609264962819554
InactiveTopicDeleteTest.testTopicLevelInActiveTopicApi,0,original,0,'Ġ',spaces ×1,0.0048928034706339114,0.0009070661069512233
InactiveTopicDeleteTest.testTopicLevelInActiveTopicApi,0,original,0,'Ċ',newline ×1,0.007740356657287367,0.0014349677483837286
InactiveTopicDeleteTest.testTopicLevelInActiveTopicApi,0,original,0,'Ġ',spaces ×1,0.004522061673850792,0.0008383350981726107
InactiveTopicDeleteTest.testTopicLevelInActiveTopicApi,0,original,0,'Ġ',spaces ×1,0.004277014019661161,0.0007929062508793593
InactiveTopicDeleteTest.testTopicLevelInActiveTopicApi,0,original,0,'Ġ',spaces ×1,0.004241014069967257,0.0007862322991428392
InactiveTopicDeleteTest.testTopicLevelInActiveTopicApi,0,original,0,'Ġ',spaces ×1,0.00450092359111569,0.000834416355363908
InactiveTopicDeleteTest.testTopicLevelInActiveTopicApi,0,original,0,'Ġ',spaces ×1,0.004492900494934405,0.0008329289711551345
InactiveTopicDeleteTest.testTopicLevelInActiveTopicApi,0,original,0,'Ġ',spaces ×1,0.0055702886831866935,0.001032663604981868
InactiveTopicDeleteTest.testTopicLevelInActiveTopicApi,0,original,0,'Ġ',spaces ×1,0.00525353506999883,0.0009739413471798753
InactiveTopicDeleteTest.testTopicLevelInActiveTopicApi,0,original,0,'Ċ',newline ×1,0.008851846663085996,0.0016410244433901872
InactiveTopicDeleteTest.testTopicLevelInActiveTopicApi,0,original,0,'Ġ',spaces ×1,0.004614789707133082,0.0008555257449376877
InactiveTopicDeleteTest.testTopicLevelInActiveTopicApi,0,original,0,'Ġ',spaces ×1,0.004888175987806231,0.0009062082280564995
InactiveTopicDeleteTest.testTopicLevelInActiveTopicApi,0,original,0,'Ġ',spaces ×1,0.004858581943779224,0.0009007218531253106
InactiveTopicDeleteTest.testTopicLevelInActiveTopicApi,0,original,0,'Ġ',spaces ×1,0.0049288269652411,0.0009137444236275902
InactiveTopicDeleteTest.testTopicLevelInActiveTopicApi,0,original,0,'Ġ',spaces ×1,0.0050566909977877,0.0009374488562534325
InactiveTopicDeleteTest.testTopicLevelInActiveTopicApi,0,original,0,'Ġ',spaces ×1,0.005326641689769285,0.0009874944231179445
InactiveTopicDeleteTest.testTopicLevelInActiveTopicApi,0,original,0,'Ġ',spaces ×1,0.0053169369650082655,0.0009856952854740877
InactiveTopicDeleteTest.testTopicLevelInActiveTopicApi,0,original,0,'Ċ',newline ×1,0.006381263253049921,0.0011830084022616523
InactiveTopicDeleteTest.testTopicLevelInActiveTopicApi,0,original,0,'Ġ',spaces ×1,0.004719180146098989,0.0008748784595202471
InactiveTopicDeleteTest.testTopicLevelInActiveTopicApi,0,original,0,'Ġ',spaces ×1,0.004602761635186168,0.0008532958870534503
InactiveTopicDeleteTest.testTopicLevelInActiveTopicApi,0,original,0,'Ġ',spaces ×1,0.004566405023644425,0.0008465558145590132
InactiveTopicDeleteTest.testTopicLevelInActiveTopicApi,0,original,0,'Ċ',newline ×1,0.008488041795817906,0.0015735794567637333
InactiveTopicDeleteTest.testTopicLevelInActiveTopicApi,0,original,0,'Ġ',spaces ×1,0.004210891208757385,0.0007806478879536583
InactiveTopicDeleteTest.testTopicLevelInActiveTopicApi,0,original,0,'Ġ',spaces ×1,0.003885739892116399,0.000720368798322169
InactiveTopicDeleteTest.testTopicLevelInActiveTopicApi,0,original,0,'Ġ',spaces ×1,0.003436717627998573,0.0006371255453502667
InactiveTopicDeleteTest.testTopicLevelInActiveTopicApi,0,original,0,'Ċ',newline ×1,0.007855642565038325,0.001456340350033811
InactiveTopicDeleteTest.testTopicLevelInActiveTopicApi,0,original,0,'Ġ',spaces ×1,0.005109883742389552,0.0009473101425392276
InactiveTopicDeleteTest.testTopicLevelInActiveTopicApi,0,original,0,'Ġ',spaces ×1,0.004900552583998907,0.0009085026980864483
InactiveTopicDeleteTest.testTopicLevelInActiveTopicApi,0,original,0,'Ġ',spaces ×1,0.004514134219723192,0.0008368654448344551
InactiveTopicDeleteTest.testTopicLevelInActiveTopicApi,0,original,0,'Ċ',newline ×1,0.007918616368646322,0.0014680149254017883
InactiveTopicDeleteTest.testTopicLevelInActiveTopicApi,0,original,0,'Ġ',spaces ×1,0.0028907171348150178,0.0005359037111364167
InactiveTopicDeleteTest.testTopicLevelInActiveTopicApi,0,original,0,'Ġ',spaces ×1,0.0024745986490631233,0.00045876041748752893
InactiveTopicDeleteTest.testTopicLevelInActiveTopicApi,0,original,0,'Ġ',spaces ×1,0.0024009727966001694,0.00044511108213912096
InactiveTopicDeleteTest.testTopicLevelInActiveTopicApi,0,original,0,'Ċ',newline ×1,0.00637390625117715,0.0011816445038161864
InactiveTopicDeleteTest.testTopicLevelInActiveTopicApi,0,original,0,'Ġ',spaces ×1,0.0027666355611471395,0.000512900500268288
InactiveTopicDeleteTest.testTopicLevelInActiveTopicApi,0,original,0,'Ġ',spaces ×1,0.0020136057985304483,0.0003732979637481301
InactiveTopicDeleteTest.testTopicLevelInActiveTopicApi,0,original,0,'Ġ',spaces ×1,0.0016913784168081547,0.0003135609359998934
InactiveTopicDeleteTest.testTopicLevelInActiveTopicApi,0,original,0,'Ġ',spaces ×1,0.001470532200439259,0.0002726187401976394
InactiveTopicDeleteTest.testTopicLevelInActiveTopicApi,0,original,0,'Ġ',spaces ×1,0.0021715014015656064,0.00040256988337650235
InactiveTopicDeleteTest.testTopicLevelInActiveTopicApi,0,original,0,'Ġ',spaces ×1,0.002704722802581914,0.0005014226297142323
InactiveTopicDeleteTest.testTopicLevelInActiveTopicApi,0,original,0,'Ġ',spaces ×1,0.0029470808066312778,0.0005463528486655861
InactiveTopicDeleteTest.testTopicLevelInActiveTopicApi,0,original,0,'Ċ',newline ×1,0.006014916128573737,0.001115092112145807
InactiveTopicDeleteTest.testTopicLevelInActiveTopicApi,0,original,0,'Ġ',spaces ×1,0.00365762155734496,0.0006780784404348703
InactiveTopicDeleteTest.testTopicLevelInActiveTopicApi,0,original,0,'Ġ',spaces ×1,0.003407128592164722,0.0006316400988770253
InactiveTopicDeleteTest.testTopicLevelInActiveTopicApi,0,original,0,'Ġ',spaces ×1,0.003911456058935983,0.0007251362621009105
InactiveTopicDeleteTest.testTopicLevelInActiveTopicApi,0,original,0,'Ġ',spaces ×1,0.0038927199943270714,0.0007216628241657077
InactiveTopicDeleteTest.testTopicLevelInActiveTopicApi,0,original,0,'Ġ',spaces ×1,0.0034689881022595005,0.0006431080978139029
InactiveTopicDeleteTest.testTopicLevelInActiveTopicApi,0,original,0,'Ġ',spaces ×1,0.0039825085705239025,0.0007383085314270707
InactiveTopicDeleteTest.testTopicLevelInActiveTopicApi,0,original,0,'Ġ',spaces ×1,0.004349688237285236,0.000806379164731641
InactiveTopicDeleteTest.testTopicLevelInActiveTopicApi,0,original,0,'Ġ',spaces ×1,0.0038725516536328337,0.0007179238597076037
InactiveTopicDeleteTest.testTopicLevelInActiveTopicApi,0,original,0,'Ġ',spaces ×1,0.004154141964375456,0.0007701272699719861
InactiveTopicDeleteTest.testTopicLevelInActiveTopicApi,0,original,0,'Ġ',spaces ×1,0.004248692154744094,0.00078765572244385
InactiveTopicDeleteTest.testTopicLevelInActiveTopicApi,0,original,0,'Ġ',spaces ×1,0.003976862609774756,0.000737261839143707
InactiveTopicDeleteTest.testTopicLevelInActiveTopicApi,0,original,0,'Ċ',newline ×1,0.00831239758815307,0.0015410171622405008
InactiveTopicDeleteTest.testTopicLevelInActiveTopicApi,0,original,0,'Ġ',spaces ×1,0.005761482119934934,0.0010681085369900164
InactiveTopicDeleteTest.testTopicLevelInActiveTopicApi,0,original,0,'Ġ',spaces ×1,0.00533448482296354,0.000988948444383158
InactiveTopicDeleteTest.testTopicLevelInActiveTopicApi,0,original,0,'Ġ',spaces ×1,0.00596187979755792,0.0011052598230317583
InactiveTopicDeleteTest.testTopicLevelInActiveTopicApi,0,original,0,'Ġ',spaces ×1,0.005059759375431487,0.0009380176960567705
InactiveTopicDeleteTest.testTopicLevelInActiveTopicApi,0,original,0,'Ġ',spaces ×1,0.004075694581538836,0.0007555840816797927
InactiveTopicDeleteTest.testTopicLevelInActiveTopicApi,0,original,0,'Ġ',spaces ×1,0.004420055504961178,0.0008194243981914967
InactiveTopicDeleteTest.testTopicLevelInActiveTopicApi,0,original,0,'Ġ',spaces ×1,0.004916771750489287,0.0009115095337982691
InactiveTopicDeleteTest.testTopicLevelInActiveTopicApi,0,original,0,'Ċ',newline ×1,0.00722794985957372,0.0013399737757120154
InactiveTopicDeleteTest.testTopicLevelInActiveTopicApi,0,original,0,'Ġ',spaces ×1,0.005241739054250839,0.0009717545096855258
InactiveTopicDeleteTest.testTopicLevelInActiveTopicApi,0,original,0,'Ġ',spaces ×1,0.004998790332457873,0.0009267147788669548
InactiveTopicDeleteTest.testTopicLevelInActiveTopicApi,0,original,0,'Ġ',spaces ×1,0.005176907632029565,0.0009597355544760407
InactiveTopicDeleteTest.testTopicLevelInActiveTopicApi,0,original,0,'Ġ',spaces ×1,0.0052791777989590095,0.0009786951964748894
InactiveTopicDeleteTest.testTopicLevelInActiveTopicApi,0,original,0,'Ġ',spaces ×1,0.0046913289901691566,0.0008697151947917557
InactiveTopicDeleteTest.testTopicLevelInActiveTopicApi,0,original,0,'Ġ',spaces ×1,0.004762320556607746,0.0008828761656303161
InactiveTopicDeleteTest.testTopicLevelInActiveTopicApi,0,original,0,'Ġ',spaces ×1,0.004546863212232686,0.0008429330009907984
InactiveTopicDeleteTest.testTopicLevelInActiveTopicApi,0,original,0,'Ċ',newline ×1,0.00775045241753215,0.0014368393792384953
InactiveTopicDeleteTest.testTopicLevelInActiveTopicApi,0,original,0,'Ġ',spaces ×1,0.004666151794727881,0.0008650476497350341
InactiveTopicDeleteTest.testTopicLevelInActiveTopicApi,0,original,0,'Ġ',spaces ×1,0.004269599042757892,0.0007915316045701115
InactiveTopicDeleteTest.testTopicLevelInActiveTopicApi,0,original,0,'Ġ',spaces ×1,0.004540462121919087,0.0008417463168932564
InactiveTopicDeleteTest.testTopicLevelInActiveTopicApi,0,original,0,'Ċ',newline ×1,0.009381628841812267,0.0017392395998487638
InactiveTopicDeleteTest.testTopicLevelInActiveTopicApi,0,original,0,'Ġ',spaces ×1,0.006338828662121201,0.0011751415464958729
InactiveTopicDeleteTest.testTopicLevelInActiveTopicApi,0,original,0,'Ġ',spaces ×1,0.006067383579395172,0.001124818937808005
InactiveTopicDeleteTest.testTopicLevelInActiveTopicApi,0,original,0,'Ġ',spaces ×1,0.005493800427784955,0.001018483615029041
InactiveTopicDeleteTest.testTopicLevelInActiveTopicApi,0,indent +4,5,'Ċ',newline ×1,0.23563883643221378,0.0026621118220426726
InactiveTopicDeleteTest.testTopicLevelInActiveTopicApi,0,indent +4,5,'Ġ',spaces ×1,1.457756548487231,0.016468893668571242
InactiveTopicDeleteTest.testTopicLevelInActiveTopicApi,0,indent +4,5,'Ġ',spaces ×1,0.20415898570827712,0.002306470604163726
InactiveTopicDeleteTest.testTopicLevelInActiveTopicApi,0,indent +4,5,'Ġ',spaces ×1,1.9448399055803398,0.021971680827388377
InactiveTopicDeleteTest.testTopicLevelInActiveTopicApi,0,indent +4,5,'Ċ',newline ×1,0.34167176216605155,0.0038600107312194002
InactiveTopicDeleteTest.testTopicLevelInActiveTopicApi,0,indent +4,5,'Ġ',spaces ×1,0.38055361295558376,0.004299275481533549
InactiveTopicDeleteTest.testTopicLevelInActiveTopicApi,0,indent +4,5,'Ġ',spaces ×1,0.23303377597490932,0.002632681349776183
InactiveTopicDeleteTest.testTopicLevelInActiveTopicApi,0,indent +4,5,'Ġ',spaces ×1,0.19793758805982783,0.002236184837690211
InactiveTopicDeleteTest.testTopicLevelInActiveTopicApi,0,indent +4,5,'Ġ',spaces ×1,0.16866255895099908,0.001905452424216953
InactiveTopicDeleteTest.testTopicLevelInActiveTopicApi,0,indent +4,5,'Ġ',spaces ×1,0.16353670740934412,0.0018475435065118668
InactiveTopicDeleteTest.testTopicLevelInActiveTopicApi,0,indent +4,5,'Ġ',spaces ×1,0.1867648468533117,0.0021099616441758173
InactiveTopicDeleteTest.testTopicLevelInActiveTopicApi,0,indent +4,5,'Ġ',spaces ×1,0.16167424249748114,0.0018265024509071112
InactiveTopicDeleteTest.testTopicLevelInActiveTopicApi,0,indent +4,5,'Ċ',newline ×1,0.09609297232203193,0.0010856030419556474
InactiveTopicDeleteTest.testTopicLevelInActiveTopicApi,0,indent +4,5,'Ġ',spaces ×1,0.3176831877021024,0.003589001636787716
InactiveTopicDeleteTest.testTopicLevelInActiveTopicApi,0,indent +4,5,'Ġ',spaces ×1,0.2780875510748174,0.0031416729452919748
InactiveTopicDeleteTest.testTopicLevelInActiveTopicApi,0,indent +4,5,'Ġ',spaces ×1,0.2625334480725937,0.002965951650320292
InactiveTopicDeleteTest.testTopicLevelInActiveTopicApi,0,indent +4,5,'Ġ',spaces ×1,0.26743387681112907,0.0030213138710622257
InactiveTopicDeleteTest.testTopicLevelInActiveTopicApi,0,indent +4,5,'Ġ',spaces ×1,0.22662660087387138,0.0025602967766700548
InactiveTopicDeleteTest.testTopicLevelInActiveTopicApi,0,indent +4,5,'Ġ',spaces ×1,0.23567640421045474,0.0026625362411583724
InactiveTopicDeleteTest.testTopicLevelInActiveTopicApi,0,indent +4,5,'Ġ',spaces ×1,0.2308848742682431,0.0026084042962805066
InactiveTopicDeleteTest.testTopicLevelInActiveTopicApi,0,indent +4,5,'Ċ',newline ×1,0.22379295910171215,0.0025282839243944534
InactiveTopicDeleteTest.testTopicLevelInActiveTopicApi,0,indent +4,5,'Ġ',spaces ×1,0.43333766092666887,0.004895599246523433
InactiveTopicDeleteTest.testTopicLevelInActiveTopicApi,0,indent +4,5,'Ġ',spaces ×1,0.3111867322687122,0.003515608425921236
InactiveTopicDeleteTest.testTopicLevelInActiveTopicApi,0,indent +4,5,'Ġ',spaces ×1,0.19203431854111525,0.002169493099552259
InactiveTopicDeleteTest.testTopicLevelInActiveTopicApi,0,indent +4,5,'Ġ',spaces ×1,0.24700918624446844,0.0027905674837420177
InactiveTopicDeleteTest.testTopicLevelInActiveTopicApi,0,indent +4,5,'Ġ',spaces ×1,0.2111804404311509,0.002385794954549732
InactiveTopicDeleteTest.testTopicLevelInActiveTopicApi,0,indent +4,5,'Ġ',spaces ×1,0.1936742087179158,0.0021880196340259947
InactiveTopicDeleteTest.testTopicLevelInActiveTopicApi,0,indent +4,5,'Ġ',spaces ×1,0.2194807670450884,0.0024795672628005194
InactiveTopicDeleteTest.testTopicLevelInActiveTopicApi,0,indent +4,5,'Ċ',newline ×1,0.23127672091185086,0.0026128311539164125
InactiveTopicDeleteTest.testTopicLevelInActiveTopicApi,0,indent +4,5,'Ġ',spaces ×1,0.2381124050120168,0.002690056774829864
InactiveTopicDeleteTest.testTopicLevelInActiveTopicApi,0,indent +4,5,'Ġ',spaces ×1,0.14571879780721847,0.0016462470287576514
InactiveTopicDeleteTest.testTopicLevelInActiveTopicApi,0,indent +4,5,'Ġ',spaces ×1,0.13651434264666334,0.001542260397057302
InactiveTopicDeleteTest.testTopicLevelInActiveTopicApi,0,indent +4,5,'Ġ',spaces ×1,0.15412913908073222,0.001741262219252683
InactiveTopicDeleteTest.testTopicLevelInActiveTopicApi,0,indent +4,5,'Ġ',spaces ×1,0.12127865199366798,0.0013701363413692591
InactiveTopicDeleteTest.testTopicLevelInActiveTopicApi,0,indent +4,5,'Ġ',spaces ×1,0.10689252066348068,0.0012076101174776082
InactiveTopicDeleteTest.testTopicLevelInActiveTopicApi,0,indent +4,5,'Ġ',spaces ×1,0.09494849896778099,0.0010726734413325314
InactiveTopicDeleteTest.testTopicLevelInActiveTopicApi,0,indent +4,5,'Ċ',newline ×1,0.08973296593310268,0.001013751353784941
InactiveTopicDeleteTest.testTopicLevelInActiveTopicApi,0,indent +4,5,'Ġ',spaces ×1,0.22076313749128648,0.0024940547453256847
InactiveTopicDeleteTest.testTopicLevelInActiveTopicApi,0,indent +4,5,'Ġ',spaces ×1,0.15502697953141167,0.001751405503416919
InactiveTopicDeleteTest.testTopicLevelInActiveTopicApi,0,indent +4,5,'Ġ',spaces ×1,0.15457318296651584,0.0017462787712597644
InactiveTopicDeleteTest.testTopicLevelInActiveTopicApi,0,indent +4,5,'Ġ',spaces ×1,0.1670223531469571,0.001886922323968477
InactiveTopicDeleteTest.testTopicLevelInActiveTopicApi,0,indent +4,5,'Ġ',spaces ×1,0.1606225231037387,0.0018146207310940927
InactiveTopicDeleteTest.testTopicLevelInActiveTopicApi,0,indent +4,5,'Ġ',spaces ×1,0.14637531030180573,0.0016536639287034387
InactiveTopicDeleteTest.testTopicLevelInActiveTopicApi,0,indent +4,5,'Ġ',spaces ×1,0.15897948819157665,0.0017960586692119303
InactiveTopicDeleteTest.testTopicLevelInActiveTopicApi,0,indent +4,5,'Ċ',newline ×1,0.22672535817033854,0.00256141247971128
InactiveTopicDeleteTest.testTopicLevelInActiveTopicApi,0,indent +4,5,'Ġ',spaces ×1,0.19669172437398355,0.002222109787511911
InactiveTopicDeleteTest.testTopicLevelInActiveTopicApi,0,indent +4,5,'Ġ',spaces ×1,0.1854640514986861,0.0020952660076498614
InactiveTopicDeleteTest.testTopicLevelInActiveTopicApi,0,indent +4,5,'Ġ',spaces ×1,0.1922638715221223,0.0021720864568857807
InactiveTopicDeleteTest.testTopicLevelInActiveTopicApi,0,indent +4,5,'Ġ',spaces ×1,0.19363395916748505,0.0021875649177930685
InactiveTopicDeleteTest.testTopicLevelInActiveTopicApi,0,indent +4,5,'Ġ',spaces ×1,0.17111915634908262,0.0019332056463702068
InactiveTopicDeleteTest.testTopicLevelInActiveTopicApi,0,indent +4,5,'Ġ',spaces ×1,0.15975865288952362,0.001804861223091115
InactiveTopicDeleteTest.testTopicLevelInActiveTopicApi,0,indent +4,5,'Ġ',spaces ×1,0.1531528757234089,0.0017302329582687657
InactiveTopicDeleteTest.testTopicLevelInActiveTopicApi,0,indent +4,5,'Ċ',newline ×1,0.16612349125231934,0.0018767675001188557
InactiveTopicDeleteTest.testTopicLevelInActiveTopicApi,0,indent +4,5,'Ġ',spaces ×1,0.22906655524363773,0.0025878619754774604
InactiveTopicDeleteTest.testTopicLevelInActiveTopicApi,0,indent +4,5,'Ġ',spaces ×1,0.15077760042644295,0.0017033984663641258
InactiveTopicDeleteTest.testTopicLevelInActiveTopicApi,0,indent +4,5,'Ġ',spaces ×1,0.16922234980811515,0.0019117766188241046
InactiveTopicDeleteTest.testTopicLevelInActiveTopicApi,0,indent +4,5,'Ġ',spaces ×1,0.1491224977214763,0.001684700069511135
InactiveTopicDeleteTest.testTopicLevelInActiveTopicApi,0,indent +4,5,'Ġ',spaces ×1,0.1332515476765724,0.0015053992191874175
InactiveTopicDeleteTest.testTopicLevelInActiveTopicApi,0,indent +4,5,'Ġ',spaces ×1,0.13665955879124442,0.0015439009653994901
InactiveTopicDeleteTest.testTopicLevelInActiveTopicApi,0,indent +4,5,'Ġ',spaces ×1,0.15118029256422927,0.001707947850145152
InactiveTopicDeleteTest.testTopicLevelInActiveTopicApi,0,indent +4,5,'Ċ',newline ×1,0.2311682707089433,0.002611605946002325
InactiveTopicDeleteTest.testTopicLevelInActiveTopicApi,0,indent +4,5,'Ġ',spaces ×1,0.16638634815991113,0.0018797371060284783
InactiveTopicDeleteTest.testTopicLevelInActiveTopicApi,0,indent +4,5,'Ġ',spaces ×1,0.13297442430265227,0.0015022684389601549
InactiveTopicDeleteTest.testTopicLevelInActiveTopicApi,0,indent +4,5,'Ġ',spaces ×1,0.1183967675112881,0.0013375784707462992
InactiveTopicDeleteTest.testTopicLevelInActiveTopicApi,0,indent +4,5,'Ġ',spaces ×1,0.13183733467985714,0.0014894222554812453
InactiveTopicDeleteTest.testTopicLevelInActiveTopicApi,0,indent +4,5,'Ġ',spaces ×1,0.12166011872496332,0.001374445932735746
InactiveTopicDeleteTest.testTopicLevelInActiveTopicApi,0,indent +4,5,'Ġ',spaces ×1,0.11628899654323467,0.0013137660886399756
InactiveTopicDeleteTest.testTopicLevelInActiveTopicApi,0,indent +4,5,'Ġ',spaces ×1,0.11231427300113234,0.0012688619519068704
InactiveTopicDeleteTest.testTopicLevelInActiveTopicApi,0,indent +4,5,'Ċ',newline ×1,0.20523345685454433,0.002318609360169443
InactiveTopicDeleteTest.testTopicLevelInActiveTopicApi,0,indent +4,5,'Ġ',spaces ×1,0.10474217006825012,0.001183316695273639
InactiveTopicDeleteTest.testTopicLevelInActiveTopicApi,0,indent +4,5,'Ġ',spaces ×1,0.07566573341865424,0.0008548278649953117
InactiveTopicDeleteTest.testTopicLevelInActiveTopicApi,0,indent +4,5,'Ġ',spaces ×1,0.08085181553136817,0.0009134172329932789
InactiveTopicDeleteTest.testTopicLevelInActiveTopicApi,0,indent +4,5,'Ġ',spaces ×1,0.07125791471877405,0.0008050308686765517
InactiveTopicDeleteTest.testTopicLevelInActiveTopicApi,0,indent +4,5,'Ġ',spaces ×1,0.0711387129659738,0.0008036841959457642
InactiveTopicDeleteTest.testTopicLevelInActiveTopicApi,0,indent +4,5,'Ġ',spaces ×1,0.07611372233181025,0.0008598889856489088
InactiveTopicDeleteTest.testTopicLevelInActiveTopicApi,0,indent +4,5,'Ġ',spaces ×1,0.07046088635897127,0.0007960265014370087
InactiveTopicDeleteTest.testTopicLevelInActiveTopicApi,0,indent +4,5,'Ċ',newline ×1,0.10667545276905897,0.0012051578094596461
InactiveTopicDeleteTest.testTopicLevelInActiveTopicApi,0,indent +4,5,'Ġ',spaces ×1,0.09451540728711971,0.0010677806210293368
InactiveTopicDeleteTest.testTopicLevelInActiveTopicApi,0,indent +4,5,'Ġ',spaces ×1,0.088252705683103,0.0009970282262611063
InactiveTopicDeleteTest.testTopicLevelInActiveTopicApi,0,indent +4,5,'Ġ',spaces ×1,0.10201364658179851,0.0011524914088311242
InactiveTopicDeleteTest.testTopicLevelInActiveTopicApi,0,indent +4,5,'Ġ',spaces ×1,0.12095897023036228,0.001366524760976685
InactiveTopicDeleteTest.testTopicLevelInActiveTopicApi,0,indent +4,5,'Ġ',spaces ×1,0.11553210509200408,0.001305215165070534
InactiveTopicDeleteTest.testTopicLevelInActiveTopicApi,0,indent +4,5,'Ġ',spaces ×1,0.11164310121027943,0.0012612794396771214
InactiveTopicDeleteTest.testTopicLevelInActiveTopicApi,0,indent +4,5,'Ġ',spaces ×1,0.13394522085041854,0.0015132359390791358
InactiveTopicDeleteTest.testTopicLevelInActiveTopicApi,0,indent +4,5,'Ċ',newline ×1,0.12344179555211214,0.0013945742911015656
InactiveTopicDeleteTest.testTopicLevelInActiveTopicApi,0,indent +4,5,'Ġ',spaces ×1,0.08294375501247375,0.0009370507600806146
InactiveTopicDeleteTest.testTopicLevelInActiveTopicApi,0,indent +4,5,'Ġ',spaces ×1,0.0935411024495792,0.0010567734862736188
InactiveTopicDeleteTest.testTopicLevelInActiveTopicApi,0,indent +4,5,'Ġ',spaces ×1,0.09844280846741787,0.0011121501369812784
InactiveTopicDeleteTest.testTopicLevelInActiveTopicApi,0,indent +4,5,'Ġ',spaces ×1,0.10460931498403134,0.0011818157750701943
InactiveTopicDeleteTest.testTopicLevelInActiveTopicApi,0,indent +4,5,'Ġ',spaces ×1,0.1047770990604256,0.0011837113029045808
InactiveTopicDeleteTest.testTopicLevelInActiveTopicApi,0,indent +4,5,'Ġ',spaces ×1,0.10873057557448287,0.001228375402955285
InactiveTopicDeleteTest.testTopicLevelInActiveTopicApi,0,indent +4,5,'Ġ',spaces ×1,0.11076495892136126,0.001251358693996317
InactiveTopicDeleteTest.testTopicLevelInActiveTopicApi,0,indent +4,5,'Ċ',newline ×1,0.21771983687475704,0.002459673288211236
InactiveTopicDeleteTest.testTopicLevelInActiveTopicApi,0,indent +4,5,'Ġ',spaces ×1,0.12095203118849986,0.001366446367679318
InactiveTopicDeleteTest.testTopicLevelInActiveTopicApi,0,indent +4,5,'Ġ',spaces ×1,0.10838424035952551,0.0012244627072210532
InactiveTopicDeleteTest.testTopicLevelInActiveTopicApi,0,indent +4,5,'Ġ',spaces ×1,0.10171177877299939,0.0011490810802339134
InactiveTopicDeleteTest.testTopicLevelInActiveTopicApi,0,indent +4,5,'Ġ',spaces ×1,0.10527512135924327,0.0011893376719250576
InactiveTopicDeleteTest.testTopicLevelInActiveTopicApi,0,indent +4,5,'Ġ',spaces ×1,0.10885944764389761,0.0012298313253520958
InactiveTopicDeleteTest.testTopicLevelInActiveTopicApi,0,indent +4,5,'Ġ',spaces ×1,0.08810011684039919,0.0009953043654229523
InactiveTopicDeleteTest.testTopicLevelInActiveTopicApi,0,indent +4,5,'Ġ',spaces ×1,0.10423045130959557,0.001177535591540481
InactiveTopicDeleteTest.testTopicLevelInActiveTopicApi,0,indent +4,5,'Ċ',newline ×1,0.26195031677786185,0.002959363768895426
InactiveTopicDeleteTest.testTopicLevelInActiveTopicApi,0,indent +4,5,'Ġ',spaces ×1,0.12243386358006902,0.0013831872563528915
InactiveTopicDeleteTest.testTopicLevelInActiveTopicApi,0,indent +4,5,'Ġ',spaces ×1,0.11344349795392832,0.0012816192848749803
InactiveTopicDeleteTest.testTopicLevelInActiveTopicApi,0,indent +4,5,'Ġ',spaces ×1,0.12136036789405066,0.0013710595205351016
InactiveTopicDeleteTest.testTopicLevelInActiveTopicApi,0,indent +4,5,'Ġ',spaces ×1,0.12025926157286915,0.0013586198556677764
InactiveTopicDeleteTest.testTopicLevelInActiveTopicApi,0,indent +4,5,'Ġ',spaces ×1,0.10831900679032117,0.001223725735937362
InactiveTopicDeleteTest.testTopicLevelInActiveTopicApi,0,indent +4,5,'Ġ',spaces ×1,0.09981488699069055,0.001127651089680244
InactiveTopicDeleteTest.testTopicLevelInActiveTopicApi,0,indent +4,5,'Ġ',spaces ×1,0.09908443496274993,0.0011193988634833321
InactiveTopicDeleteTest.testTopicLevelInActiveTopicApi,0,indent +4,5,'Ċ',newline ×1,0.11880675824531188,0.0013422103098628816
InactiveTopicDeleteTest.testTopicLevelInActiveTopicApi,0,indent +4,5,'Ġ',spaces ×1,0.09250853867913512,0.001045108175657035
InactiveTopicDeleteTest.testTopicLevelInActiveTopicApi,0,indent +4,5,'Ġ',spaces ×1,0.08210144366131968,0.0009275348116923995
InactiveTopicDeleteTest.testTopicLevelInActiveTopicApi,0,indent +4,5,'Ġ',spaces ×1,0.0889471623589799,0.001004873797707391
InactiveTopicDeleteTest.testTopicLevelInActiveTopicApi,0,indent +4,5,'Ġ',spaces ×1,0.09482484463831248,0.0010712764659556837
InactiveTopicDeleteTest.testTopicLevelInActiveTopicApi,0,indent +4,5,'Ġ',spaces ×1,0.0845254921550104,0.0009549203150753072
InactiveTopicDeleteTest.testTopicLevelInActiveTopicApi,0,indent +4,5,'Ġ',spaces ×1,0.08511621732564946,0.0009615939877353264
InactiveTopicDeleteTest.testTopicLevelInActiveTopicApi,0,indent +4,5,'Ġ',spaces ×1,0.08701206050407603,0.0009830121317664364
InactiveTopicDeleteTest.testTopicLevelInActiveTopicApi,0,indent +4,5,'Ċ',newline ×1,0.13505555591512503,0.0015257798649741098
InactiveTopicDeleteTest.testTopicLevelInActiveTopicApi,0,indent +4,5,'Ġ',spaces ×1,0.08607056535496072,0.0009723756619688243
InactiveTopicDeleteTest.testTopicLevelInActiveTopicApi,0,indent +4,5,'Ġ',spaces ×1,0.08030131523761255,0.000907197997818663
InactiveTopicDeleteTest.testTopicLevelInActiveTopicApi,0,indent +4,5,'Ġ',spaces ×1,0.07925757511083716,0.0008954064231669676
InactiveTopicDeleteTest.testTopicLevelInActiveTopicApi,0,indent +4,5,'Ġ',spaces ×1,0.0822256384194258,0.0009289378925206532
InactiveTopicDeleteTest.testTopicLevelInActiveTopicApi,0,indent +4,5,'Ġ',spaces ×1,0.0891169371345277,0.0010067918153139686
InactiveTopicDeleteTest.testTopicLevelInActiveTopicApi,0,indent +4,5,'Ġ',spaces ×1,0.09754486617087851,0.0011020057022211908
InactiveTopicDeleteTest.testTopicLevelInActiveTopicApi,0,indent +4,5,'Ġ',spaces ×1,0.0966800544725733,0.0010922355578733536
InactiveTopicDeleteTest.testTopicLevelInActiveTopicApi,0,indent +4,5,'Ċ',newline ×1,0.14155787767373504,0.0015992393502033224
InactiveTopicDeleteTest.testTopicLevelInActiveTopicApi,0,indent +4,5,'Ġ',spaces ×1,0.07342208410947712,0.0008294804076707357
InactiveTopicDeleteTest.testTopicLevelInActiveTopicApi,0,indent +4,5,'Ġ',spaces ×1,0.07344214213256353,0.0008297070116601019
InactiveTopicDeleteTest.testTopicLevelInActiveTopicApi,0,indent +4,5,'Ġ',spaces ×1,0.0820280117490036,0.0009267052202513126
InactiveTopicDeleteTest.testTopicLevelInActiveTopicApi,0,indent +4,5,'Ġ',spaces ×1,0.09280417150440598,0.001048448065002329
InactiveTopicDeleteTest.testTopicLevelInActiveTopicApi,0,indent +4,5,'Ġ',spaces ×1,0.10458742436692575,0.0011815684674893604
InactiveTopicDeleteTest.testTopicLevelInActiveTopicApi,0,indent +4,5,'Ġ',spaces ×1,0.09566778592094728,0.0010807995309468632
InactiveTopicDeleteTest.testTopicLevelInActiveTopicApi,0,indent +4,5,'Ġ',spaces ×1,0.09182506270229251,0.0010373866578224388
InactiveTopicDeleteTest.testTopicLevelInActiveTopicApi,0,indent +4,5,'Ġ',spaces ×1,0.08937639057213749,0.0010097229707804799
InactiveTopicDeleteTest.testTopicLevelInActiveTopicApi,0,indent +4,5,'Ġ',spaces ×1,0.0921430993652462,0.0010409796528189812
InactiveTopicDeleteTest.testTopicLevelInActiveTopicApi,0,indent +4,5,'Ġ',spaces ×1,0.095560806413725,0.0010795909381053573
InactiveTopicDeleteTest.testTopicLevelInActiveTopicApi,0,indent +4,5,'Ġ',spaces ×1,0.09454573788730813,0.0010681232786767508
InactiveTopicDeleteTest.testTopicLevelInActiveTopicApi,0,indent +4,5,'Ċ',newline ×1,0.13052207301980634,0.0014745631869706607
InactiveTopicDeleteTest.testTopicLevelInActiveTopicApi,0,indent +4,5,'Ġ',spaces ×1,0.10362646338275064,0.0011707120839015463
InactiveTopicDeleteTest.testTopicLevelInActiveTopicApi,0,indent +4,5,'Ġ',spaces ×1,0.09700564151256463,0.0010959138526798811
InactiveTopicDeleteTest.testTopicLevelInActiveTopicApi,0,indent +4,5,'Ġ',spaces ×1,0.09780247699062575,0.0011049160408526262
InactiveTopicDeleteTest.testTopicLevelInActiveTopicApi,0,indent +4,5,'Ġ',spaces ×1,0.08745145807452011,0.0009879761923795626
InactiveTopicDeleteTest.testTopicLevelInActiveTopicApi,0,indent +4,5,'Ġ',spaces ×1,0.09620120455694064,0.0010868257873928558
InactiveTopicDeleteTest.testTopicLevelInActiveTopicApi,0,indent +4,5,'Ġ',spaces ×1,0.0880251006041135,0.000994456875202389
InactiveTopicDeleteTest.testTopicLevelInActiveTopicApi,0,indent +4,5,'Ġ',spaces ×1,0.08794799382953455,0.000993585767284551
InactiveTopicDeleteTest.testTopicLevelInActiveTopicApi,0,indent +4,5,'Ġ',spaces ×1,0.08588318803175665,0.0009702587809196864
InactiveTopicDeleteTest.testTopicLevelInActiveTopicApi,0,indent +4,5,'Ġ',spaces ×1,0.08584528516969057,0.0009698305762199726
InactiveTopicDeleteTest.testTopicLevelInActiveTopicApi,0,indent +4,5,'Ġ',spaces ×1,0.09196448753376596,0.001038961799245523
InactiveTopicDeleteTest.testTopicLevelInActiveTopicApi,0,indent +4,5,'Ġ',spaces ×1,0.08926288235829544,0.0010084406203727837
InactiveTopicDeleteTest.testTopicLevelInActiveTopicApi,0,indent +4,5,'Ġ',spaces ×1,0.08960290980034319,0.0010122820545226026
InactiveTopicDeleteTest.testTopicLevelInActiveTopicApi,0,indent +4,5,'Ġ',spaces ×1,0.08050918544914168,0.0009095463957141067
InactiveTopicDeleteTest.testTopicLevelInActiveTopicApi,0,indent +4,5,'Ġ',spaces ×1,0.07191149021940908,0.0008124145881566744
InactiveTopicDeleteTest.testTopicLevelInActiveTopicApi,0,indent +4,5,'Ġ',spaces ×1,0.08605009427970907,0.0009721443915540554
InactiveTopicDeleteTest.testTopicLevelInActiveTopicApi,0,indent +4,5,'Ċ',newline ×1,0.09115359785333829,0.0010298008347910924
InactiveTopicDeleteTest.testTopicLevelInActiveTopicApi,0,indent +4,5,'Ġ',spaces ×1,0.09278510629762053,0.001048232677279568
InactiveTopicDeleteTest.testTopicLevelInActiveTopicApi,0,indent +4,5,'Ġ',spaces ×1,0.09037383027871813,0.0010209914699585724
InactiveTopicDeleteTest.testTopicLevelInActiveTopicApi,0,indent +4,5,'Ġ',spaces ×1,0.09776153617848288,0.0011044535151431135
InactiveTopicDeleteTest.testTopicLevelInActiveTopicApi,0,indent +4,5,'Ġ',spaces ×1,0.09160634947324879,0.0010349157617617975
InactiveTopicDeleteTest.testTopicLevelInActiveTopicApi,0,indent +4,5,'Ġ',spaces ×1,0.08185928754015619,0.0009247990713420827
InactiveTopicDeleteTest.testTopicLevelInActiveTopicApi,0,indent +4,5,'Ġ',spaces ×1,0.08576450967043057,0.0009689180211642474
InactiveTopicDeleteTest.testTopicLevelInActiveTopicApi,0,indent +4,5,'Ġ',spaces ×1,0.08087552333525747,0.0009136850701035107
InactiveTopicDeleteTest.testTopicLevelInActiveTopicApi,0,indent +4,5,'Ġ',spaces ×1,0.09217370542948605,0.0010413254225005528
InactiveTopicDeleteTest.testTopicLevelInActiveTopicApi,0,indent +4,5,'Ġ',spaces ×1,0.09748236113055636,0.0011012995562849001
InactiveTopicDeleteTest.testTopicLevelInActiveTopicApi,0,indent +4,5,'Ġ',spaces ×1,0.10303202169189121,0.0011639964241371714
InactiveTopicDeleteTest.testTopicLevelInActiveTopicApi,0,indent +4,5,'Ġ',spaces ×1,0.10892389820496623,0.0012305594506609619
InactiveTopicDeleteTest.testTopicLevelInActiveTopicApi,0,indent +4,5,'Ċ',newline ×1,0.17787395760521368,0.0020095174995085076
InactiveTopicDeleteTest.testTopicLevelInActiveTopicApi,0,indent +4,5,'Ġ',spaces ×1,0.08633502263332121,0.0009753633479454151
InactiveTopicDeleteTest.testTopicLevelInActiveTopicApi,0,indent +4,5,'Ġ',spaces ×1,0.0804128845976667,0.0009084584441732405
InactiveTopicDeleteTest.testTopicLevelInActiveTopicApi,0,indent +4,5,'Ġ',spaces ×1,0.0826970591495673,0.0009342637323434394
InactiveTopicDeleteTest.testTopicLevelInActiveTopicApi,0,indent +4,5,'Ġ',spaces ×1,0.08796225367918566,0.0009937468668507834
InactiveTopicDeleteTest.testTopicLevelInActiveTopicApi,0,indent +4,5,'Ġ',spaces ×1,0.07973594258650513,0.0009008107433186789
InactiveTopicDeleteTest.testTopicLevelInActiveTopicApi,0,indent +4,5,'Ġ',spaces ×1,0.08074659296060098,0.0009122284890076684
InactiveTopicDeleteTest.testTopicLevelInActiveTopicApi,0,indent +4,5,'Ġ',spaces ×1,0.07391477187717818,0.0008350465102318901
InactiveTopicDeleteTest.testTopicLevelInActiveTopicApi,0,indent +4,5,'Ġ',spaces ×1,0.07330051014518385,0.0008281069350611354
InactiveTopicDeleteTest.testTopicLevelInActiveTopicApi,0,indent +4,5,'Ġ',spaces ×1,0.06774565005074246,0.000765351325879287
InactiveTopicDeleteTest.testTopicLevelInActiveTopicApi,0,indent +4,5,'Ġ',spaces ×1,0.06292839976076112,0.0007109288073298589
InactiveTopicDeleteTest.testTopicLevelInActiveTopicApi,0,indent +4,5,'Ġ',spaces ×1,0.07413642315617991,0.0008375505986883408
InactiveTopicDeleteTest.testTopicLevelInActiveTopicApi,0,indent +4,5,'Ċ',newline ×1,0.10874229587715792,0.0012285078121828197
InactiveTopicDeleteTest.testTopicLevelInActiveTopicApi,0,indent +4,5,'Ġ',spaces ×1,0.07526862759694168,0.0008503415921949999
InactiveTopicDeleteTest.testTopicLevelInActiveTopicApi,0,indent +4,5,'Ġ',spaces ×1,0.06651403058113878,0.0007514371986499538
InactiveTopicDeleteTest.testTopicLevelInActiveTopicApi,0,indent +4,5,'Ġ',spaces ×1,0.07026288656512182,0.0007937896138341443
InactiveTopicDeleteTest.testTopicLevelInActiveTopicApi,0,indent +4,5,'Ġ',spaces ×1,0.07445481889930175,0.0008411476503657562
InactiveTopicDeleteTest.testTopicLevelInActiveTopicApi,0,indent +4,5,'Ġ',spaces ×1,0.07185016036637118,0.0008117217188092937
InactiveTopicDeleteTest.testTopicLevelInActiveTopicApi,0,indent +4,5,'Ġ',spaces ×1,0.08178523631026197,0.000923962483207788
InactiveTopicDeleteTest.testTopicLevelInActiveTopicApi,0,indent +4,5,'Ġ',spaces ×1,0.08923290314972251,0.0010081019325454044
InactiveTopicDeleteTest.testTopicLevelInActiveTopicApi,0,indent +4,5,'Ċ',newline ×1,0.13977629143447054,0.001579112015247232
InactiveTopicDeleteTest.testTopicLevelInActiveTopicApi,0,indent +4,5,'Ġ',spaces ×1,0.07258030801319351,0.0008199705062836858
InactiveTopicDeleteTest.testTopicLevelInActiveTopicApi,0,indent +4,5,'Ġ',spaces ×1,0.06429990252388681,0.0007264232554223804
InactiveTopicDeleteTest.testTopicLevelInActiveTopicApi,0,indent +4,5,'Ġ',spaces ×1,0.0587379971232483,0.0006635880524299308
InactiveTopicDeleteTest.testTopicLevelInActiveTopicApi,0,indent +4,5,'Ġ',spaces ×1,0.06498729341156176,0.0007341890016641731
InactiveTopicDeleteTest.testTopicLevelInActiveTopicApi,0,indent +4,5,'Ġ',spaces ×1,0.0757756539587869,0.0008560696839323044
InactiveTopicDeleteTest.testTopicLevelInActiveTopicApi,0,indent +4,5,'Ġ',spaces ×1,0.06790484928864805,0.0007671498671541697
InactiveTopicDeleteTest.testTopicLevelInActiveTopicApi,0,indent +4,5,'Ġ',spaces ×1,0.08936908970756614,0.0010096404898185943
InactiveTopicDeleteTest.testTopicLevelInActiveTopicApi,0,indent +4,5,'Ċ',newline ×1,0.10102188688479391,0.0011412870791289577
InactiveTopicDeleteTest.testTopicLevelInActiveTopicApi,0,indent +4,5,'Ġ',spaces ×1,0.1121999000135247,0.0012675698317833686
InactiveTopicDeleteTest.testTopicLevelInActiveTopicApi,0,indent +4,5,'Ġ',spaces ×1,0.10698257405594172,0.0012086274888257074
InactiveTopicDeleteTest.testTopicLevelInActiveTopicApi,0,indent +4,5,'Ġ',spaces ×1,0.10029773620192718,0.0011331060418984739
InactiveTopicDeleteTest.testTopicLevelInActiveTopicApi,0,indent +4,5,'Ġ',spaces ×1,0.09697160589493362,0.001095529337879868
InactiveTopicDeleteTest.testTopicLevelInActiveTopicApi,0,indent +4,5,'Ġ',spaces ×1,0.0956928678037195,0.0010810828916087048
InactiveTopicDeleteTest.testTopicLevelInActiveTopicApi,0,indent +4,5,'Ġ',spaces ×1,0.08894107675004263,0.0010048050460035483
InactiveTopicDeleteTest.testTopicLevelInActiveTopicApi,0,indent +4,5,'Ġ',spaces ×1,0.09819319091091648,0.0011093301016330606
InactiveTopicDeleteTest.testTopicLevelInActiveTopicApi,0,indent +4,5,'Ċ',newline ×1,0.10823727654363696,0.0012228023946952698
InactiveTopicDeleteTest.testTopicLevelInActiveTopicApi,0,indent +4,5,'Ġ',spaces ×1,0.12163996851552872,0.0013742182872781266
InactiveTopicDeleteTest.testTopicLevelInActiveTopicApi,0,indent +4,5,'Ġ',spaces ×1,0.08404796380185872,0.0009495254748463649
InactiveTopicDeleteTest.testTopicLevelInActiveTopicApi,0,indent +4,5,'Ġ',spaces ×1,0.08366703970763373,0.0009452220138808845
InactiveTopicDeleteTest.testTopicLevelInActiveTopicApi,0,indent +4,5,'Ġ',spaces ×1,0.06780853123506653,0.0007660617212738141
InactiveTopicDeleteTest.testTopicLevelInActiveTopicApi,0,indent +4,5,'Ġ',spaces ×1,0.08307452140931829,0.0009385280834974016
InactiveTopicDeleteTest.testTopicLevelInActiveTopicApi,0,strip indent,0,'Ċ',newline ×1,0.0058546225525813265,0.0015628832909642938
InactiveTopicDeleteTest.testTopicLevelInActiveTopicApi,0,strip indent,0,'Ċ',newline ×1,0.007975091512992489,0.0021289395102117425
InactiveTopicDeleteTest.testTopicLevelInActiveTopicApi,0,strip indent,0,'Ċ',newline ×1,0.008073613233785318,0.0021552397455969034
InactiveTopicDeleteTest.testTopicLevelInActiveTopicApi,0,strip indent,0,'Ċ',newline ×1,0.0033881989623302956,0.0009044749677934118
InactiveTopicDeleteTest.testTopicLevelInActiveTopicApi,0,strip indent,0,'Ċ',newline ×1,0.003499275684378068,0.000934126743180197
InactiveTopicDeleteTest.testTopicLevelInActiveTopicApi,0,strip indent,0,'Ċ',newline ×1,0.0038494860922642492,0.0010276149210928414
InactiveTopicDeleteTest.testTopicLevelInActiveTopicApi,0,strip indent,0,'Ċ',newline ×1,8.333795658566323e-05,2.2246950795045557e-05
InactiveTopicDeleteTest.testTopicLevelInActiveTopicApi,0,strip indent,0,'Ċ',newline ×1,0.003345028514884496,0.0008929506773083242
InactiveTopicDeleteTest.testTopicLevelInActiveTopicApi,0,strip indent,0,'Ċ',newline ×1,0.0033710065806308513,0.0008998854855768179
InactiveTopicDeleteTest.testTopicLevelInActiveTopicApi,0,strip indent,0,'Ċ',newline ×1,0.0040423055575735745,0.0010790878073119103
InactiveTopicDeleteTest.testTopicLevelInActiveTopicApi,0,strip indent,0,'Ċ',newline ×1,0.0018141755023493252,0.0004842916095843616
InactiveTopicDeleteTest.testTopicLevelInActiveTopicApi,0,strip indent,0,'Ċ',newline ×1,0.0039199154833536275,0.0010464159484072063
InactiveTopicDeleteTest.testTopicLevelInActiveTopicApi,0,strip indent,0,'Ċ',newline ×1,0.0017617318338641313,0.0004702918457300304
InactiveTopicDeleteTest.testTopicLevelInActiveTopicApi,0,strip indent,0,'Ċ',newline ×1,0.0005869079280879846,0.00015667424943368162
InactiveTopicDeleteTest.testTopicLevelInActiveTopicApi,0,strip indent,0,'Ċ',newline ×1,0.0027742473790142745,0.0007405814524714686
InactiveTopicDeleteTest.testTopicLevelInActiveTopicApi,0,strip indent,0,'Ċ',newline ×1,0.002871634793314166,0.0007665788863269457
InactiveTopicDeleteTest.testTopicLevelInActiveTopicApi,0,strip indent,0,'Ċ',newline ×1,0.0046755136002635395,0.0012481218074948972
InactiveTopicDeleteTest.testTopicLevelInActiveTopicApi,0,strip indent,0,'Ċ',newline ×1,0.002402357427223494,0.000641305950675872
InactiveTopicDeleteTest.testTopicLevelInActiveTopicApi,0,strip indent,0,'Ċ',newline ×1,0.003140786012871454,0.0008384284274392553
InactiveTopicDeleteTest.testTopicLevelInActiveTopicApi,0,strip indent,0,'Ċ',newline ×1,0.0039460532926236394,0.001053393399985618
InactiveTopicDeleteTest.testTopicLevelInActiveTopicApi,0,strip indent,0,'Ċ',newline ×1,0.004578434320997612,0.0012222066298551912
InactiveTopicDeleteTest.testTopicLevelInActiveTopicApi,0,strip indent,0,'Ċ',newline ×1,0.004821025637992894,0.0012869660421759366
InactiveTopicDeleteTest.testTopicLevelInActiveTopicApi,0,strip indent,0,'Ċ',newline ×1,0.005352849732004143,0.0014289357392481986
InactiveTopicDeleteTest.testTopicLevelInActiveTopicApi,0,strip indent,0,'Ċ',newline ×1,0.003213786935749389,0.0008579159215631241
InactiveTopicDeleteTest.testTopicLevelInActiveTopicApi,0,strip indent,0,'Ċ',newline ×1,0.0041523742859800195,0.0011084705002078466
InactiveTopicDeleteTest.testTopicLevelInActiveTopicApi,0,strip indent,0,'Ċ',newline ×1,0.0043202526862059195,0.001153285404033063
InactiveTopicDeleteTest.testTopicLevelInActiveTopicApi,0,strip indent,0,'Ċ',newline ×1,0.004123130708757537,0.0011006639682241766
InactiveTopicDeleteTest.testTopicLevelInActiveTopicApi,0,strip indent,0,'Ċ',newline ×1,0.003565076961746906,0.0009516923020185754
InactiveTopicDeleteTest.testTopicLevelInActiveTopicApi,0,strip indent,0,'Ċ',newline ×1,0.0030831675111151436,0.0008230472490905965
InactiveTopicDeleteTest.testTopicLevelInActiveTopicApi,0,strip indent,0,'Ċ',newline ×1,0.0024104928495619856,0.0006434776902754061
InactiveTopicDeleteTest.testTopicLevelInActiveTopicApi,0,strip indent,0,'Ċ',newline ×1,0.004594922115625262,0.0012266080235397497
InactiveTopicDeleteTest.testTopicLevelInActiveTopicApi,0,strip indent,0,'Ċ',newline ×1,0.000738609310441657,0.0001971707209939542
TestDFSIO.testReadBackward,4,original,2,'Ċ',newline ×1,0.0012335679538024466,0.006779674897526852
TestDFSIO.testReadBackward,4,original,2,'Ċ',newline ×1,0.0006104045676588013,0.0033547762909499623
TestDFSIO.testReadBackward,4,original,2,'Ġ',spaces ×1,0.00040627447896258366,0.002232879735597884
TestDFSIO.testReadBackward,4,original,2,'Ġ',spaces ×1,0.00027371152843833513,0.001504315325959149
TestDFSIO.testReadBackward,4,original,2,'Ġ',spaces ×1,0.0006888364988938591,0.00378583725821957
TestDFSIO.testReadBackward,4,original,2,'Ċ',newline ×1,0.0007510294274143527,0.004127648858459631
TestDFSIO.testReadBackward,4,original,2,'Ġ',spaces ×1,0.0004058983120368507,0.0022308123266190673
TestDFSIO.testReadBackward,4,original,2,'Ġ',spaces ×1,0.00027995977373817117,0.0015386556082940712
TestDFSIO.testReadBackward,4,original,2,'Ġ',spaces ×1,0.00035785216524314504,0.0019667512715826597
TestDFSIO.testReadBackward,4,original,2,'Ċ',newline ×1,0.000409572818470512,0.00225100737055832
TestDFSIO.testReadBackward,4,original,2,'Ġ',spaces ×1,0.002048865716489907,0.011260541767214673
TestDFSIO.testReadBackward,4,original,2,'Ġ',spaces ×1,0.00017301537675207574,0.0009508904661769857
TestDFSIO.testReadBackward,4,original,2,'Ġ',spaces ×1,0.0002778219052263055,0.0015269059082151815
TestDFSIO.testReadBackward,4,original,2,'Ċ',newline ×1,0.0009273648890188028,0.005096786471753173
TestDFSIO.testReadBackward,4,original,2,'Ġ',spaces ×1,0.0004278830562089528,0.0023516402208041496
TestDFSIO.testReadBackward,4,original,2,'Ġ',spaces ×1,0.0003106237428918561,0.0017071844204190568
TestDFSIO.testReadBackward,4,original,2,'Ġ',spaces ×1,0.00034233557511046585,0.0018814722755666972
TestDFSIO.testReadBackward,4,original,2,'Ċ',newline ×1,0.0011212039633842494,0.006162123733948069
TestDFSIO.testReadBackward,4,original,2,'Ġ',spaces ×1,0.002720742511291339,0.014953168692148197
TestDFSIO.testReadBackward,4,original,2,'Ġ',spaces ×1,0.00034695203246554727,0.0019068442706394234
TestDFSIO.testReadBackward,4,original,2,'Ġ',spaces ×1,0.0005014171137411549,0.0027557825320790466
TestDFSIO.testReadBackward,4,original,2,'Ċ',newline ×1,0.0005074444055308623,0.0027889084565332193
TestDFSIO.testReadBackward,4,original,2,'Ġ',spaces ×1,0.003916830025859196,0.02152685153853287
TestDFSIO.testReadBackward,4,original,2,'Ġ',spaces ×1,0.0005276090052639304,0.0028997328583892784
TestDFSIO.testReadBackward,4,original,2,'Ġ',spaces ×1,0.0008236624657490964,0.004526839178872274
TestDFSIO.testReadBackward,4,original,2,'Ċ',newline ×1,0.0034354655877858443,0.018881278274969746
TestDFSIO.testReadBackward,4,indent +4,5,'Ċ',newline ×1,0.005344203537498879,0.00237238220810747
TestDFSIO.testReadBackward,4,indent +4,5,'Ġ',spaces ×1,0.08041782643301011,0.03569883132363535
TestDFSIO.testReadBackward,4,indent +4,5,'Ġ',spaces ×1,0.03750565629623284,0.0166493942598262
TestDFSIO.testReadBackward,4,indent +4,5,'Ġ',spaces ×1,0.07390529092384165,0.032807806821441673
TestDFSIO.testReadBackward,4,indent +4,5,'Ċ',newline ×1,0.0028517395769664475,0.0012659353610093565
TestDFSIO.testReadBackward,4,indent +4,5,'Ġ',spaces ×1,0.020905508493303613,0.009280308291582074
TestDFSIO.testReadBackward,4,indent +4,5,'Ġ',spaces ×1,0.015097212012854662,0.0067019073880717215
TestDFSIO.testReadBackward,4,indent +4,5,'Ġ',spaces ×1,0.01470956949217615,0.006529826326280046
TestDFSIO.testReadBackward,4,indent +4,5,'Ġ',spaces ×1,0.015003190215529299,0.006660169524312631
TestDFSIO.testReadBackward,4,indent +4,5,'Ġ',spaces ×1,0.015324341223355534,0.006802733880579517
TestDFSIO.testReadBackward,4,indent +4,5,'Ġ',spaces ×1,0.023138394588023102,0.010271524140056706
TestDFSIO.testReadBackward,4,indent +4,5,'Ġ',spaces ×1,0.08654783815292034,0.03842004705536464
TestDFSIO.testReadBackward,4,indent +4,5,'Ċ',newline ×1,0.0014401859630090055,0.0006393228721613608
TestDFSIO.testReadBackward,4,indent +4,5,'Ġ',spaces ×1,0.010403751271735057,0.0046184008976183
TestDFSIO.testReadBackward,4,indent +4,5,'Ġ',spaces ×1,0.020643718151574175,0.009164095137532939
TestDFSIO.testReadBackward,4,indent +4,5,'Ġ',spaces ×1,0.021928943146754823,0.009734628218952317
TestDFSIO.testReadBackward,4,indent +4,5,'Ġ',spaces ×1,0.018530566760294413,0.008226031546104707
TestDFSIO.testReadBackward,4,indent +4,5,'Ġ',spaces ×1,0.018445766243673715,0.008188387164587866
TestDFSIO.testReadBackward,4,indent +4,5,'Ġ',spaces ×1,0.018856653593247927,0.008370786998506335
TestDFSIO.testReadBackward,4,indent +4,5,'Ġ',spaces ×1,0.018083870002318522,0.008027735311014594
TestDFSIO.testReadBackward,4,indent +4,5,'Ċ',newline ×1,0.003233623197121476,0.0014354599495970627
TestDFSIO.testReadBackward,4,indent +4,5,'Ġ',spaces ×1,0.010904413976131767,0.004840653527751022
TestDFSIO.testReadBackward,4,indent +4,5,'Ġ',spaces ×1,0.018240012089890838,0.008097049420758753
TestDFSIO.testReadBackward,4,indent +4,5,'Ġ',spaces ×1,0.018522893716248715,0.008222625352263415
TestDFSIO.testReadBackward,4,indent +4,5,'Ġ',spaces ×1,0.017708098027351214,0.007860923784944787
TestDFSIO.testReadBackward,4,indent +4,5,'Ġ',spaces ×1,0.01525412335569897,0.0067715629832230066
TestDFSIO.testReadBackward,4,indent +4,5,'Ġ',spaces ×1,0.013988519142478475,0.006209739898289505
TestDFSIO.testReadBackward,4,indent +4,5,'Ġ',spaces ×1,0.015249634102808923,0.0067695701280464935
TestDFSIO.testReadBackward,4,indent +4,5,'Ċ',newline ×1,0.0009622649296887123,0.00042716565390166255
TestDFSIO.testReadBackward,4,indent +4,5,'Ġ',spaces ×1,0.022575440009448184,0.010021619094933966
TestDFSIO.testReadBackward,4,indent +4,5,'Ġ',spaces ×1,0.015760422831332468,0.006996317871306702
TestDFSIO.testReadBackward,4,indent +4,5,'Ġ',spaces ×1,0.014530391929587827,0.006450286380132049
TestDFSIO.testReadBackward,4,indent +4,5,'Ġ',spaces ×1,0.014189687915815421,0.006299042114296557
TestDFSIO.testReadBackward,4,indent +4,5,'Ġ',spaces ×1,0.013807066587507744,0.0061291900446007975
TestDFSIO.testReadBackward,4,indent +4,5,'Ġ',spaces ×1,0.011926937550506618,0.00529456901173213
TestDFSIO.testReadBackward,4,indent +4,5,'Ġ',spaces ×1,0.01432310091645542,0.0063582663984817905
TestDFSIO.testReadBackward,4,indent +4,5,'Ċ',newline ×1,0.006114220631233212,0.0027142058007711763
TestDFSIO.testReadBackward,4,indent +4,5,'Ġ',spaces ×1,0.018608855784765854,0.008260785366284442
TestDFSIO.testReadBackward,4,indent +4,5,'Ġ',spaces ×1,0.016571691230906415,0.007356453615322507
TestDFSIO.testReadBackward,4,indent +4,5,'Ġ',spaces ×1,0.01562267927744911,0.006935171181398386
TestDFSIO.testReadBackward,4,indent +4,5,'Ġ',spaces ×1,0.01638682299413327,0.0072743874827945415
TestDFSIO.testReadBackward,4,indent +4,5,'Ġ',spaces ×1,0.010920301297301661,0.004847706177937992
TestDFSIO.testReadBackward,4,indent +4,5,'Ġ',spaces ×1,0.013557585663242978,0.006018441248856964
TestDFSIO.testReadBackward,4,indent +4,5,'Ġ',spaces ×1,0.015944147935276994,0.007077876547865769
TestDFSIO.testReadBackward,4,indent +4,5,'Ċ',newline ×1,0.005838619742696581,0.0025918619117491445
TestDFSIO.testReadBackward,4,indent +4,5,'Ġ',spaces ×1,0.015457250858650318,0.006861734712386714
TestDFSIO.testReadBackward,4,indent +4,5,'Ġ',spaces ×1,0.013583637852080024,0.006030006255474992
TestDFSIO.testReadBackward,4,indent +4,5,'Ġ',spaces ×1,0.012904310638695406,0.005728441432352416
TestDFSIO.testReadBackward,4,indent +4,5,'Ġ',spaces ×1,0.012021957820901562,0.005336750114549937
TestDFSIO.testReadBackward,4,indent +4,5,'Ġ',spaces ×1,0.011662908284770242,0.005177361961503312
TestDFSIO.testReadBackward,4,indent +4,5,'Ġ',spaces ×1,0.011680969476750912,0.00518537962965751
TestDFSIO.testReadBackward,4,indent +4,5,'Ġ',spaces ×1,0.012134713770377486,0.005386804384848207
TestDFSIO.testReadBackward,4,indent +4,5,'Ċ',newline ×1,0.007089403869281321,0.0031471061099298168
TestDFSIO.testReadBackward,4,indent +4,5,'Ġ',spaces ×1,0.06682783343996683,0.029666003913755314
TestDFSIO.testReadBackward,4,indent +4,5,'Ġ',spaces ×1,0.014135556502877553,0.0062750122658724785
TestDFSIO.testReadBackward,4,indent +4,5,'Ġ',spaces ×1,0.00503607137299183,0.002235597136264139
TestDFSIO.testReadBackward,4,strip indent,2,'Ċ',newline ×1,0.0011747174466727084,0.011090222165171517
TestDFSIO.testReadBackward,4,strip indent,2,'Ċ',newline ×1,0.0005712199290656094,0.005392748644752293
TestDFSIO.testReadBackward,4,strip indent,2,'Ċ',newline ×1,0.007916612849346055,0.07473881957195504
TestDFSIO.testReadBackward,4,strip indent,2,'Ċ',newline ×1,0.0008357633981844934,0.00789023929936332
TestDFSIO.testReadBackward,4,strip indent,2,'Ċ',newline ×1,0.0004408989914738722,0.004162420317919762
TestDFSIO.testReadBackward,4,strip indent,2,'Ċ',newline ×1,0.0006860333370524367,0.006476674150175687
TestDFSIO.testReadBackward,4,strip indent,2,'Ċ',newline ×1,0.0034074485114345843,0.032168893988275916
TestDFSIO.testReadBackward,4,strip indent,2,'Ċ',newline ×1,0.0001106889573450514,0.001044987568427448
TestDFSIO.testReadRandom,4,original,2,'Ċ',newline ×1,0.0022405395280017185,0.005953012817180525
TestDFSIO.testReadRandom,4,original,2,'Ċ',newline ×1,0.0017121373500573094,0.004549071981227213
TestDFSIO.testReadRandom,4,original,2,'Ġ',spaces ×1,0.0006963191165819868,0.0018500885943116502
TestDFSIO.testReadRandom,4,original,2,'Ġ',spaces ×1,0.0009062953986746498,0.0024079861377289597
TestDFSIO.testReadRandom,4,original,2,'Ġ',spaces ×1,0.0011683310212902923,0.0031042030089305293
TestDFSIO.testReadRandom,4,original,2,'Ċ',newline ×1,0.0025033669609969677,0.006651333492970081
TestDFSIO.testReadRandom,4,original,2,'Ġ',spaces ×1,0.0009427786189117749,0.0025049204140357596
TestDFSIO.testReadRandom,4,original,2,'Ġ',spaces ×1,0.0008629698553370668,0.0022928721164958807
TestDFSIO.testReadRandom,4,original,2,'Ġ',spaces ×1,0.0004815961495938076,0.0012795793224829582
TestDFSIO.testReadRandom,4,original,2,'Ċ',newline ×1,0.001617733295613677,0.004298244651883921
TestDFSIO.testReadRandom,4,original,2,'Ġ',spaces ×1,0.000546676661872,0.0014524953183396743
TestDFSIO.testReadRandom,4,original,2,'Ġ',spaces ×1,0.0008025263530346934,0.0021322764477186267
TestDFSIO.testReadRandom,4,original,2,'Ġ',spaces ×1,0.0009833637279284156,0.0026127532244562975
TestDFSIO.testReadRandom,4,original,2,'Ċ',newline ×1,0.00189882522548793,0.005045093274920646
TestDFSIO.testReadRandom,4,original,2,'Ġ',spaces ×1,0.0007864362766350084,0.002089525837948235
TestDFSIO.testReadRandom,4,original,2,'Ġ',spaces ×1,0.0008414713230605581,0.002235751482562335
TestDFSIO.testReadRandom,4,original,2,'Ġ',spaces ×1,0.0009455095370300345,0.0025121763407255104
TestDFSIO.testReadRandom,4,original,2,'Ċ',newline ×1,0.002586506746591343,0.006872232166292027
TestDFSIO.testReadRandom,4,original,2,'Ġ',spaces ×1,0.001257149925762905,0.00334019084584451
TestDFSIO.testReadRandom,4,original,2,'Ġ',spaces ×1,0.0011845972313638588,0.003147421597955493
TestDFSIO.testReadRandom,4,original,2,'Ġ',spaces ×1,0.0011392944144421246,0.0030270540496846556
TestDFSIO.testReadRandom,4,original,2,'Ċ',newline ×1,0.0016284425391290902,0.004326698630540758
TestDFSIO.testReadRandom,4,original,2,'Ġ',spaces ×1,0.0010384910141698843,0.00275922394611526
TestDFSIO.testReadRandom,4,original,2,'Ġ',spaces ×1,0.0010698553131281438,0.0028425574786715563
TestDFSIO.testReadRandom,4,original,2,'Ġ',spaces ×1,0.0011795164708376408,0.0031339222456095088
TestDFSIO.testReadRandom,4,original,2,'Ċ',newline ×1,0.0015199300954827845,0.004038385945235819
TestDFSIO.testReadRandom,4,indent +4,5,'Ċ',newline ×1,0.09076788755720815,0.007056646774972802
TestDFSIO.testReadRandom,4,indent +4,5,'Ġ',spaces ×1,0.5022961266070534,0.03905044435091639
TestDFSIO.testReadRandom,4,indent +4,5,'Ġ',spaces ×1,0.11734611917108144,0.009122941336298913
TestDFSIO.testReadRandom,4,indent +4,5,'Ġ',spaces ×1,0.3568687847053735,0.027744360108550872
TestDFSIO.testReadRandom,4,indent +4,5,'Ċ',newline ×1,0.08548198106135589,0.006645699951920937
TestDFSIO.testReadRandom,4,indent +4,5,'Ġ',spaces ×1,0.1223667013950264,0.009513260823868318
TestDFSIO.testReadRandom,4,indent +4,5,'Ġ',spaces ×1,0.08258007869665587,0.006420094834139168
TestDFSIO.testReadRandom,4,indent +4,5,'Ġ',spaces ×1,0.08871021931523601,0.006896675684376196
TestDFSIO.testReadRandom,4,indent +4,5,'Ġ',spaces ×1,0.08900528284176124,0.006919615064578848
TestDFSIO.testReadRandom,4,indent +4,5,'Ġ',spaces ×1,0.09697154252657969,0.007538942915279784
TestDFSIO.testReadRandom,4,indent +4,5,'Ġ',spaces ×1,0.10977781451604521,0.008534552049368416
TestDFSIO.testReadRandom,4,indent +4,5,'Ġ',spaces ×1,0.10939997869282306,0.008505177630560561
TestDFSIO.testReadRandom,4,indent +4,5,'Ċ',newline ×1,0.06387767141020691,0.004966097328920513
TestDFSIO.testReadRandom,4,indent +4,5,'Ġ',spaces ×1,0.09786130077194212,0.007608116163899071
TestDFSIO.testReadRandom,4,indent +4,5,'Ġ',spaces ×1,0.09774814519843228,0.007599319011796406
TestDFSIO.testReadRandom,4,indent +4,5,'Ġ',spaces ×1,0.09394659544584708,0.0073037718251928695
TestDFSIO.testReadRandom,4,indent +4,5,'Ġ',spaces ×1,0.1001376625410963,0.0077850893354609735
TestDFSIO.testReadRandom,4,indent +4,5,'Ġ',spaces ×1,0.09418078836566462,0.007321978888911416
TestDFSIO.testReadRandom,4,indent +4,5,'Ġ',spaces ×1,0.10658386157414504,0.008286241789722136
TestDFSIO.testReadRandom,4,indent +4,5,'Ġ',spaces ×1,0.09716718787028132,0.007554153141284002
TestDFSIO.testReadRandom,4,indent +4,5,'Ċ',newline ×1,0.09365945265696918,0.007281448233781592
TestDFSIO.testReadRandom,4,indent +4,5,'Ġ',spaces ×1,0.10634553068951588,0.008267713024608651
TestDFSIO.testReadRandom,4,indent +4,5,'Ġ',spaces ×1,0.09010296953576934,0.007004953475306108
TestDFSIO.testReadRandom,4,indent +4,5,'Ġ',spaces ×1,0.08475883100588152,0.006589479468618752
TestDFSIO.testReadRandom,4,indent +4,5,'Ġ',spaces ×1,0.08193059337329092,0.006369601332132449
TestDFSIO.testReadRandom,4,indent +4,5,'Ġ',spaces ×1,0.07594183532308602,0.0059040121097939284
TestDFSIO.testReadRandom,4,indent +4,5,'Ġ',spaces ×1,0.07109211681550469,0.005526976228635185
TestDFSIO.testReadRandom,4,indent +4,5,'Ġ',spaces ×1,0.0716848832297928,0.005573060183195239
TestDFSIO.testReadRandom,4,indent +4,5,'Ċ',newline ×1,0.06860279860432308,0.005333446999305658
TestDFSIO.testReadRandom,4,indent +4,5,'Ġ',spaces ×1,0.10154483502823447,0.00789448836919893
TestDFSIO.testReadRandom,4,indent +4,5,'Ġ',spaces ×1,0.07376791059892251,0.005735002790455817
TestDFSIO.testReadRandom,4,indent +4,5,'Ġ',spaces ×1,0.08881528698613532,0.006904844051636459
TestDFSIO.testReadRandom,4,indent +4,5,'Ġ',spaces ×1,0.07557484485058218,0.005875480850513406
TestDFSIO.testReadRandom,4,indent +4,5,'Ġ',spaces ×1,0.06345128107948374,0.004932948094833945
TestDFSIO.testReadRandom,4,indent +4,5,'Ġ',spaces ×1,0.06111762917880137,0.004751520966781854
TestDFSIO.testReadRandom,4,indent +4,5,'Ġ',spaces ×1,0.06705188081092302,0.005212872649284052
TestDFSIO.testReadRandom,4,indent +4,5,'Ċ',newline ×1,0.07486517828953601,0.005820308626237986
TestDFSIO.testReadRandom,4,indent +4,5,'Ġ',spaces ×1,0.07663723135423217,0.005958074887859834
TestDFSIO.testReadRandom,4,indent +4,5,'Ġ',spaces ×1,0.06608602272763511,0.0051377831048213226
TestDFSIO.testReadRandom,4,indent +4,5,'Ġ',spaces ×1,0.07603999985015542,0.005911643799943425
TestDFSIO.testReadRandom,4,indent +4,5,'Ġ',spaces ×1,0.07510225610165867,0.005838739972646467
TestDFSIO.testReadRandom,4,indent +4,5,'Ġ',spaces ×1,0.07776435167359697,0.006045701582505988
TestDFSIO.testReadRandom,4,indent +4,5,'Ġ',spaces ×1,0.07421069587490853,0.0057694266310219285
TestDFSIO.testReadRandom,4,indent +4,5,'Ġ',spaces ×1,0.0823344874791149,0.006401001622653664
TestDFSIO.testReadRandom,4,indent +4,5,'Ċ',newline ×1,0.052840915558050296,0.004108057225902844
TestDFSIO.testReadRandom,4,indent +4,5,'Ġ',spaces ×1,0.07115097727211941,0.005531552268273454
TestDFSIO.testReadRandom,4,indent +4,5,'Ġ',spaces ×1,0.06507870666858777,0.00505947045691515
TestDFSIO.testReadRandom,4,indent +4,5,'Ġ',spaces ×1,0.06725580852663518,0.005228726778934264
TestDFSIO.testReadRandom,4,indent +4,5,'Ġ',spaces ×1,0.07304239963414169,0.0056785987609293915
TestDFSIO.testReadRandom,4,indent +4,5,'Ġ',spaces ×1,0.05922293038878191,0.0046042197519363635
TestDFSIO.testReadRandom,4,indent +4,5,'Ġ',spaces ×1,0.06785588870254831,0.005275379333621225
TestDFSIO.testReadRandom,4,indent +4,5,'Ġ',spaces ×1,0.06386200349181483,0.004964879244322893
TestDFSIO.testReadRandom,4,indent +4,5,'Ċ',newline ×1,0.06425912533233732,0.0049957530327365334
TestDFSIO.testReadRandom,4,indent +4,5,'Ġ',spaces ×1,0.09880558204609828,0.007681528243735583
TestDFSIO.testReadRandom,4,indent +4,5,'Ġ',spaces ×1,0.051802746633354865,0.0040273459568462445
TestDFSIO.testReadRandom,4,indent +4,5,'Ġ',spaces ×1,0.054599744644138776,0.004244795404261926
TestDFSIO.testReadRandom,4,strip indent,2,'Ċ',newline ×1,0.002606861165109382,0.007071452315852842
TestDFSIO.testReadRandom,4,strip indent,2,'Ċ',newline ×1,0.0036666164109827727,0.009946177210285087
TestDFSIO.testReadRandom,4,strip indent,2,'Ċ',newline ×1,0.0008819203759850263,0.002392324519858136
TestDFSIO.testReadRandom,4,strip indent,2,'Ċ',newline ×1,0.002467563143384565,0.0066935881888699434
TestDFSIO.testReadRandom,4,strip indent,2,'Ċ',newline ×1,0.0013123198144265886,0.0035598393635501062
TestDFSIO.testReadRandom,4,strip indent,2,'Ċ',newline ×1,0.0018387504243079942,0.00498785133641844
TestDFSIO.testReadRandom,4,strip indent,2,'Ċ',newline ×1,0.0007889358246800065,0.002140091746795659
TestDFSIO.testReadRandom,4,strip indent,2,'Ċ',newline ×1,0.00011728538981302459,0.00031815198005537667
5637994be37747e82b2d6d5b34555e2bee791fe6.testWithRevisions,4,original,3,'Ċ',newline ×1,0.009721003022006394,0.0026600642650035826
5637994be37747e82b2d6d5b34555e2bee791fe6.testWithRevisions,4,original,3,'Ċ',newline ×1,0.011334072827406548,0.003101466179660699
5637994be37747e82b2d6d5b34555e2bee791fe6.testWithRevisions,4,original,3,'Ġ',spaces ×1,0.003441975406794808,0.0009418653363144707
5637994be37747e82b2d6d5b34555e2bee791fe6.testWithRevisions,4,original,3,'Ġ',spaces ×1,0.0026104784580061186,0.0007143337415885812
5637994be37747e82b2d6d5b34555e2bee791fe6.testWithRevisions,4,original,3,'Ġ',spaces ×1,0.0027206642813129736,0.0007444850922696828
5637994be37747e82b2d6d5b34555e2bee791fe6.testWithRevisions,4,original,3,'Ċ',newline ×1,0.01367641099241351,0.003742425763274023
5637994be37747e82b2d6d5b34555e2bee791fe6.testWithRevisions,4,original,3,'Ġ',spaces ×1,0.003842365621283999,0.0010514284852208879
5637994be37747e82b2d6d5b34555e2bee791fe6.testWithRevisions,4,original,3,'Ġ',spaces ×1,0.0031905688197610997,0.0008730702051288361
5637994be37747e82b2d6d5b34555e2bee791fe6.testWithRevisions,4,original,3,'Ġ',spaces ×1,0.0046152216627051825,0.0012629135277748913
5637994be37747e82b2d6d5b34555e2bee791fe6.testWithRevisions,4,original,3,'Ċ',newline ×1,0.006572136724096447,0.001798405576555243
5637994be37747e82b2d6d5b34555e2bee791fe6.testWithRevisions,4,original,3,'Ġ',spaces ×1,0.002098279601709261,0.0005741751724443692
5637994be37747e82b2d6d5b34555e2bee791fe6.testWithRevisions,4,original,3,'Ġ',spaces ×1,0.003279398075751272,0.0008973775249610999
5637994be37747e82b2d6d5b34555e2bee791fe6.testWithRevisions,4,original,3,'Ġ',spaces ×1,0.005034383189503685,0.001377613275956937
5637994be37747e82b2d6d5b34555e2bee791fe6.testWithRevisions,4,original,3,'Ċ',newline ×1,0.012165706465173244,0.0033290351780850534
5637994be37747e82b2d6d5b34555e2bee791fe6.testWithRevisions,4,original,3,'Ġ',spaces ×1,0.005556894563548423,0.001520593772003265
5637994be37747e82b2d6d5b34555e2bee791fe6.testWithRevisions,4,original,3,'Ġ',spaces ×1,0.0042505387505698934,0.001163121358136382
5637994be37747e82b2d6d5b34555e2bee791fe6.testWithRevisions,4,original,3,'Ġ',spaces ×1,0.0043182198362513614,0.00118164167306997
5637994be37747e82b2d6d5b34555e2bee791fe6.testWithRevisions,4,original,3,'Ċ',newline ×1,0.01314848895150777,0.0035979646873395693
5637994be37747e82b2d6d5b34555e2bee791fe6.testWithRevisions,4,original,3,'Ġ',spaces ×1,0.0059129812935220915,0.0016180336743981758
5637994be37747e82b2d6d5b34555e2bee791fe6.testWithRevisions,4,original,3,'Ġ',spaces ×1,0.005212373637025108,0.0014263187467701752
5637994be37747e82b2d6d5b34555e2bee791fe6.testWithRevisions,4,original,3,'Ġ',spaces ×1,0.0105514005036106,0.0028872950005114093
5637994be37747e82b2d6d5b34555e2bee791fe6.testWithRevisions,4,original,3,'Ċ',newline ×1,0.012071424591856905,0.0033032357990005457
5637994be37747e82b2d6d5b34555e2bee791fe6.testWithRevisions,4,original,3,'Ġ',spaces ×1,0.0052556225202783895,0.0014381534112161102
5637994be37747e82b2d6d5b34555e2bee791fe6.testWithRevisions,4,original,3,'Ġ',spaces ×1,0.004476424999481289,0.001224933080375811
5637994be37747e82b2d6d5b34555e2bee791fe6.testWithRevisions,4,original,3,'Ġ',spaces ×1,0.004254677081986668,0.001164253774975836
5637994be37747e82b2d6d5b34555e2bee791fe6.testWithRevisions,4,original,3,'Ċ',newline ×1,0.010376347917199654,0.0028393934487318173
5637994be37747e82b2d6d5b34555e2bee791fe6.testWithRevisions,4,original,3,'Ġ',spaces ×1,0.004760164435058818,0.0013025758021652635
5637994be37747e82b2d6d5b34555e2bee791fe6.testWithRevisions,4,original,3,'Ġ',spaces ×1,0.002914518035224867,0.0007975314129271775
5637994be37747e82b2d6d5b34555e2bee791fe6.testWithRevisions,4,original,3,'Ġ',spaces ×1,0.003941069891279426,0.0010784380130261686
5637994be37747e82b2d6d5b34555e2bee791fe6.testWithRevisions,4,original,3,'Ċ',newline ×1,0.007363480697452001,0.0020149496739167707
5637994be37747e82b2d6d5b34555e2bee791fe6.testWithRevisions,4,original,3,'Ġ',spaces ×1,0.0060134345851383525,0.0016455218060987301
5637994be37747e82b2d6d5b34555e2bee791fe6.testWithRevisions,4,original,3,'Ġ',spaces ×1,0.004627885684198972,0.0012663789223386628
5637994be37747e82b2d6d5b34555e2bee791fe6.testWithRevisions,4,original,3,'Ġ',spaces ×1,0.005062422216446164,0.0013852859012432695
5637994be37747e82b2d6d5b34555e2bee791fe6.testWithRevisions,4,original,3,'Ċ',newline ×1,0.011153626643238743,0.003052088718798439
5637994be37747e82b2d6d5b34555e2bee791fe6.testWithRevisions,4,original,3,'Ġ',spaces ×1,0.004272239342101312,0.0011690595280897797
5637994be37747e82b2d6d5b34555e2bee791fe6.testWithRevisions,4,original,3,'Ġ',spaces ×1,0.0033158261672388617,0.0009073457416347348
5637994be37747e82b2d6d5b34555e2bee791fe6.testWithRevisions,4,original,3,'Ġ',spaces ×1,0.0038592325593862294,0.0010560439697757428
5637994be37747e82b2d6d5b34555e2bee791fe6.testWithRevisions,4,original,3,'Ċ',newline ×1,0.01710432970484172,0.004680444612730706
5637994be37747e82b2d6d5b34555e2bee791fe6.testWithRevisions,4,original,3,'Ġ',spaces ×1,0.006785925912144436,0.0018569070478625948
5637994be37747e82b2d6d5b34555e2bee791fe6.testWithRevisions,4,original,3,'Ġ',spaces ×1,0.0060081281156175795,0.0016440697388672332
5637994be37747e82b2d6d5b34555e2bee791fe6.testWithRevisions,4,original,3,'Ġ',spaces ×1,0.008705254464930572,0.0023821138896370016
5637994be37747e82b2d6d5b34555e2bee791fe6.testWithRevisions,4,original,3,'Ċ',newline ×1,0.010879488901598252,0.0029770734134255427
5637994be37747e82b2d6d5b34555e2bee791fe6.testWithRevisions,4,original,3,'Ġ',spaces ×1,0.004191795406751984,0.0011470467751593892
5637994be37747e82b2d6d5b34555e2bee791fe6.testWithRevisions,4,original,3,'Ġ',spaces ×1,0.0041968908417496925,0.0011484410947086546
5637994be37747e82b2d6d5b34555e2bee791fe6.testWithRevisions,4,original,3,'Ġ',spaces ×1,0.007149423469954509,0.0019563748560463513
5637994be37747e82b2d6d5b34555e2bee791fe6.testWithRevisions,4,original,3,'Ċ',newline ×1,0.00820563791934981,0.002245398355643719
5637994be37747e82b2d6d5b34555e2bee791fe6.testWithRevisions,4,original,3,'Ġ',spaces ×1,0.00221936248864194,0.0006073084057027013
5637994be37747e82b2d6d5b34555e2bee791fe6.testWithRevisions,4,original,3,'Ġ',spaces ×1,0.002327195567140664,0.0006368159491167325
5637994be37747e82b2d6d5b34555e2bee791fe6.testWithRevisions,4,original,3,'Ġ',spaces ×1,0.0016398737929150444,0.00044873658261129236
5637994be37747e82b2d6d5b34555e2bee791fe6.testWithRevisions,4,original,3,'Ċ',newline ×1,0.009865336585718322,0.002699559834977336
5637994be37747e82b2d6d5b34555e2bee791fe6.testWithRevisions,4,original,3,'Ġ',spaces ×1,0.0034767582360731874,0.0009513833419142715
5637994be37747e82b2d6d5b34555e2bee791fe6.testWithRevisions,4,original,3,'Ġ',spaces ×1,0.0036513992840880765,0.0009991722799462337
5637994be37747e82b2d6d5b34555e2bee791fe6.testWithRevisions,4,original,3,'Ġ',spaces ×1,0.0034923553477017952,0.0009556513499774938
5637994be37747e82b2d6d5b34555e2bee791fe6.testWithRevisions,4,original,3,'Ċ',newline ×1,0.009611782487162948,0.002630177056751109
5637994be37747e82b2d6d5b34555e2bee791fe6.testWithRevisions,4,original,3,'Ġ',spaces ×1,0.004166859012012306,0.0011402231570209237
5637994be37747e82b2d6d5b34555e2bee791fe6.testWithRevisions,4,original,3,'Ġ',spaces ×1,0.0037926273542767783,0.0010378180597977501
5637994be37747e82b2d6d5b34555e2bee791fe6.testWithRevisions,4,original,3,'Ġ',spaces ×1,0.003494380153759693,0.0009562054197814002
5637994be37747e82b2d6d5b34555e2bee791fe6.testWithRevisions,4,original,3,'Ċ',newline ×1,0.010679849898194812,0.0029224440117421747
5637994be37747e82b2d6d5b34555e2bee791fe6.testWithRevisions,4,indent +4,5,'Ċ',newline ×1,0.2960681125078663,0.0031882676503656995
5637994be37747e82b2d6d5b34555e2bee791fe6.testWithRevisions,4,indent +4,5,'Ġ',spaces ×1,2.585884438658887,0.027846604734041214
5637994be37747e82b2d6d5b34555e2bee791fe6.testWithRevisions,4,indent +4,5,'Ġ',spaces ×1,0.6949616997054044,0.007483831631327851
5637994be37747e82b2d6d5b34555e2bee791fe6.testWithRevisions,4,indent +4,5,'Ġ',spaces ×1,1.4977929364611056,0.016129277569999413
5637994be37747e82b2d6d5b34555e2bee791fe6.testWithRevisions,4,indent +4,5,'Ċ',newline ×1,0.3005368777282583,0.0032363904268057886
5637994be37747e82b2d6d5b34555e2bee791fe6.testWithRevisions,4,indent +4,5,'Ġ',spaces ×1,0.42217757617635365,0.0045463021918549455
5637994be37747e82b2d6d5b34555e2bee791fe6.testWithRevisions,4,indent +4,5,'Ġ',spaces ×1,0.350297329872629,0.0037722456342295617
5637994be37747e82b2d6d5b34555e2bee791fe6.testWithRevisions,4,indent +4,5,'Ġ',spaces ×1,0.3942442592714928,0.004245496779543565
5637994be37747e82b2d6d5b34555e2bee791fe6.testWithRevisions,4,indent +4,5,'Ġ',spaces ×1,0.42379000654096144,0.004563665965097529
5637994be37747e82b2d6d5b34555e2bee791fe6.testWithRevisions,4,indent +4,5,'Ġ',spaces ×1,0.38749619580749584,0.004172828932058622
5637994be37747e82b2d6d5b34555e2bee791fe6.testWithRevisions,4,indent +4,5,'Ġ',spaces ×1,0.40088926457952456,0.004317054825023869
5637994be37747e82b2d6d5b34555e2bee791fe6.testWithRevisions,4,indent +4,5,'Ġ',spaces ×1,0.44717406788542413,0.0048154818249251784
5637994be37747e82b2d6d5b34555e2bee791fe6.testWithRevisions,4,indent +4,5,'Ċ',newline ×1,0.28522255172063027,0.0030714750977496167
5637994be37747e82b2d6d5b34555e2bee791fe6.testWithRevisions,4,indent +4,5,'Ġ',spaces ×1,0.5411505129693956,0.005827485641275493
5637994be37747e82b2d6d5b34555e2bee791fe6.testWithRevisions,4,indent +4,5,'Ġ',spaces ×1,0.41888324788857156,0.004510826570314172
5637994be37747e82b2d6d5b34555e2bee791fe6.testWithRevisions,4,indent +4,5,'Ġ',spaces ×1,0.38279801817828696,0.004122235683011985
5637994be37747e82b2d6d5b34555e2bee791fe6.testWithRevisions,4,indent +4,5,'Ġ',spaces ×1,0.3828484544523728,0.004122778815940792
5637994be37747e82b2d6d5b34555e2bee791fe6.testWithRevisions,4,indent +4,5,'Ġ',spaces ×1,0.2912855588454375,0.0031367657814244617
5637994be37747e82b2d6d5b34555e2bee791fe6.testWithRevisions,4,indent +4,5,'Ġ',spaces ×1,0.3155338688751244,0.003397888473053858
5637994be37747e82b2d6d5b34555e2bee791fe6.testWithRevisions,4,indent +4,5,'Ġ',spaces ×1,0.3049661261567291,0.003284087658906565
5637994be37747e82b2d6d5b34555e2bee791fe6.testWithRevisions,4,indent +4,5,'Ċ',newline ×1,0.30348936265420107,0.0032681848409284024
5637994be37747e82b2d6d5b34555e2bee791fe6.testWithRevisions,4,indent +4,5,'Ġ',spaces ×1,0.33247127318139824,0.003580282239722745
5637994be37747e82b2d6d5b34555e2bee791fe6.testWithRevisions,4,indent +4,5,'Ġ',spaces ×1,0.29554611195733516,0.0031826463848581305
5637994be37747e82b2d6d5b34555e2bee791fe6.testWithRevisions,4,indent +4,5,'Ġ',spaces ×1,0.35701591906409325,0.0038445960822186976
5637994be37747e82b2d6d5b34555e2bee791fe6.testWithRevisions,4,indent +4,5,'Ġ',spaces ×1,0.3380612904117583,0.0036404794387712254
5637994be37747e82b2d6d5b34555e2bee791fe6.testWithRevisions,4,indent +4,5,'Ġ',spaces ×1,0.33340857164250426,0.0035903757223912053
5637994be37747e82b2d6d5b34555e2bee791fe6.testWithRevisions,4,indent +4,5,'Ġ',spaces ×1,0.30962331939302695,0.003334239559464231
5637994be37747e82b2d6d5b34555e2bee791fe6.testWithRevisions,4,indent +4,5,'Ġ',spaces ×1,0.301787499139537,0.0032498579892347845
5637994be37747e82b2d6d5b34555e2bee791fe6.testWithRevisions,4,indent +4,5,'Ċ',newline ×1,0.2638828263586226,0.0028416740716848124
5637994be37747e82b2d6d5b34555e2bee791fe6.testWithRevisions,4,indent +4,5,'Ġ',spaces ×1,0.32843754700518835,0.003536844266720159
5637994be37747e82b2d6d5b34555e2bee791fe6.testWithRevisions,4,indent +4,5,'Ġ',spaces ×1,0.29674415079954397,0.0031955477015590114
5637994be37747e82b2d6d5b34555e2bee791fe6.testWithRevisions,4,indent +4,5,'Ġ',spaces ×1,0.24879879661618387,0.002679238733216224
5637994be37747e82b2d6d5b34555e2bee791fe6.testWithRevisions,4,indent +4,5,'Ġ',spaces ×1,0.28195642933301285,0.003036303216987553
5637994be37747e82b2d6d5b34555e2bee791fe6.testWithRevisions,4,indent +4,5,'Ġ',spaces ×1,0.2706510196384726,0.0029145586910475103
5637994be37747e82b2d6d5b34555e2bee791fe6.testWithRevisions,4,indent +4,5,'Ġ',spaces ×1,0.26553665163019735,0.0028594836141176503
5637994be37747e82b2d6d5b34555e2bee791fe6.testWithRevisions,4,indent +4,5,'Ġ',spaces ×1,0.2928173459673836,0.003153261132061109
5637994be37747e82b2d6d5b34555e2bee791fe6.testWithRevisions,4,indent +4,5,'Ċ',newline ×1,0.20320124034102294,0.002188212488017452
5637994be37747e82b2d6d5b34555e2bee791fe6.testWithRevisions,4,indent +4,5,'Ġ',spaces ×1,0.26932250129404445,0.0029002522801862426
5637994be37747e82b2d6d5b34555e2bee791fe6.testWithRevisions,4,indent +4,5,'Ġ',spaces ×1,0.22539372438035948,0.002427196613476062
5637994be37747e82b2d6d5b34555e2bee791fe6.testWithRevisions,4,indent +4,5,'Ġ',spaces ×1,0.25713607866591237,0.002769020393341536
5637994be37747e82b2d6d5b34555e2bee791fe6.testWithRevisions,4,indent +4,5,'Ġ',spaces ×1,0.24849444747905247,0.002675961289724882
5637994be37747e82b2d6d5b34555e2bee791fe6.testWithRevisions,4,indent +4,5,'Ġ',spaces ×1,0.25229406591380715,0.002716878227508716
5637994be37747e82b2d6d5b34555e2bee791fe6.testWithRevisions,4,indent +4,5,'Ġ',spaces ×1,0.20852306477910426,0.002245521600279278
5637994be37747e82b2d6d5b34555e2bee791fe6.testWithRevisions,4,indent +4,5,'Ġ',spaces ×1,0.23147013316591247,0.0024926316155682304
5637994be37747e82b2d6d5b34555e2bee791fe6.testWithRevisions,4,indent +4,5,'Ċ',newline ×1,0.28665987859968856,0.003086953234698191
5637994be37747e82b2d6d5b34555e2bee791fe6.testWithRevisions,4,indent +4,5,'Ġ',spaces ×1,0.29438744173127374,0.0031701690168366237
5637994be37747e82b2d6d5b34555e2bee791fe6.testWithRevisions,4,indent +4,5,'Ġ',spaces ×1,0.2617630066206981,0.00281884637626776
5637994be37747e82b2d6d5b34555e2bee791fe6.testWithRevisions,4,indent +4,5,'Ġ',spaces ×1,0.2631488035391407,0.0028337696027092075
5637994be37747e82b2d6d5b34555e2bee791fe6.testWithRevisions,4,indent +4,5,'Ġ',spaces ×1,0.29809887172586036,0.0032101362800724545
5637994be37747e82b2d6d5b34555e2bee791fe6.testWithRevisions,4,indent +4,5,'Ġ',spaces ×1,0.2838153350752169,0.0030563212087690583
5637994be37747e82b2d6d5b34555e2bee791fe6.testWithRevisions,4,indent +4,5,'Ġ',spaces ×1,0.2995018863881348,0.0032252449191718427
5637994be37747e82b2d6d5b34555e2bee791fe6.testWithRevisions,4,indent +4,5,'Ġ',spaces ×1,0.3160580828479109,0.003403533574233947
5637994be37747e82b2d6d5b34555e2bee791fe6.testWithRevisions,4,indent +4,5,'Ċ',newline ×1,0.1669234381158779,0.0017975478457462528
5637994be37747e82b2d6d5b34555e2bee791fe6.testWithRevisions,4,indent +4,5,'Ġ',spaces ×1,0.39376807062762964,0.004240368848555521
5637994be37747e82b2d6d5b34555e2bee791fe6.testWithRevisions,4,indent +4,5,'Ġ',spaces ×1,0.2899679237746682,0.003122576569234279
5637994be37747e82b2d6d5b34555e2bee791fe6.testWithRevisions,4,indent +4,5,'Ġ',spaces ×1,0.3233498149281887,0.00348205602405051
5637994be37747e82b2d6d5b34555e2bee791fe6.testWithRevisions,4,indent +4,5,'Ġ',spaces ×1,0.29930851930904223,0.0032231626077817562
5637994be37747e82b2d6d5b34555e2bee791fe6.testWithRevisions,4,indent +4,5,'Ġ',spaces ×1,0.3019201538345776,0.003251286507386518
5637994be37747e82b2d6d5b34555e2bee791fe6.testWithRevisions,4,indent +4,5,'Ġ',spaces ×1,0.24998044008741857,0.002691963493142889
5637994be37747e82b2d6d5b34555e2bee791fe6.testWithRevisions,4,indent +4,5,'Ġ',spaces ×1,0.2610634050373272,0.002811312579137389
5637994be37747e82b2d6d5b34555e2bee791fe6.testWithRevisions,4,indent +4,5,'Ċ',newline ×1,0.310285467646665,0.0033413700330533593
5637994be37747e82b2d6d5b34555e2bee791fe6.testWithRevisions,4,indent +4,5,'Ġ',spaces ×1,0.3833507110548479,0.004128187464863805
5637994be37747e82b2d6d5b34555e2bee791fe6.testWithRevisions,4,indent +4,5,'Ġ',spaces ×1,0.28315127501583126,0.0030491701475240454
5637994be37747e82b2d6d5b34555e2bee791fe6.testWithRevisions,4,indent +4,5,'Ġ',spaces ×1,0.23267652699192548,0.002505622904554058
5637994be37747e82b2d6d5b34555e2bee791fe6.testWithRevisions,4,indent +4,5,'Ġ',spaces ×1,0.2504553904846853,0.002697078089829128
5637994be37747e82b2d6d5b34555e2bee791fe6.testWithRevisions,4,indent +4,5,'Ġ',spaces ×1,0.2406083679906062,0.002591038493047284
5637994be37747e82b2d6d5b34555e2bee791fe6.testWithRevisions,4,indent +4,5,'Ġ',spaces ×1,0.21849522384487668,0.002352908754824192
5637994be37747e82b2d6d5b34555e2bee791fe6.testWithRevisions,4,indent +4,5,'Ġ',spaces ×1,0.21572575180829537,0.002323085150964827
5637994be37747e82b2d6d5b34555e2bee791fe6.testWithRevisions,4,indent +4,5,'Ċ',newline ×1,0.2582357593401274,0.0027808625207818524
5637994be37747e82b2d6d5b34555e2bee791fe6.testWithRevisions,4,indent +4,5,'Ġ',spaces ×1,0.24052326765313242,0.0025901220733399923
5637994be37747e82b2d6d5b34555e2bee791fe6.testWithRevisions,4,indent +4,5,'Ġ',spaces ×1,0.21969400578658715,0.002365818073738084
5637994be37747e82b2d6d5b34555e2bee791fe6.testWithRevisions,4,indent +4,5,'Ġ',spaces ×1,0.24596798111076193,0.0026487545401579437
5637994be37747e82b2d6d5b34555e2bee791fe6.testWithRevisions,4,indent +4,5,'Ġ',spaces ×1,0.22724734460464602,0.0024471576871192067
5637994be37747e82b2d6d5b34555e2bee791fe6.testWithRevisions,4,indent +4,5,'Ġ',spaces ×1,0.22019850225800608,0.0023712508431299783
5637994be37747e82b2d6d5b34555e2bee791fe6.testWithRevisions,4,indent +4,5,'Ġ',spaces ×1,0.23377364671824108,0.0025174374539236634
5637994be37747e82b2d6d5b34555e2bee791fe6.testWithRevisions,4,indent +4,5,'Ġ',spaces ×1,0.2334866266347954,0.002514346621752297
5637994be37747e82b2d6d5b34555e2bee791fe6.testWithRevisions,4,indent +4,5,'Ċ',newline ×1,0.1307419179620271,0.0014079200358803317
5637994be37747e82b2d6d5b34555e2bee791fe6.testWithRevisions,4,indent +4,5,'Ġ',spaces ×1,0.17151083256716693,0.001846948104371279
5637994be37747e82b2d6d5b34555e2bee791fe6.testWithRevisions,4,indent +4,5,'Ġ',spaces ×1,0.1498490443417786,0.0016136788810730649
5637994be37747e82b2d6d5b34555e2bee791fe6.testWithRevisions,4,indent +4,5,'Ġ',spaces ×1,0.14833590105829642,0.0015973843002746475
5637994be37747e82b2d6d5b34555e2bee791fe6.testWithRevisions,4,indent +4,5,'Ġ',spaces ×1,0.1452536860644914,0.0015641928624227932
5637994be37747e82b2d6d5b34555e2bee791fe6.testWithRevisions,4,indent +4,5,'Ġ',spaces ×1,0.16057884677469833,0.001729224867102831
5637994be37747e82b2d6d5b34555e2bee791fe6.testWithRevisions,4,indent +4,5,'Ġ',spaces ×1,0.150820295849449,0.0016241379937956219
5637994be37747e82b2d6d5b34555e2bee791fe6.testWithRevisions,4,indent +4,5,'Ġ',spaces ×1,0.15598423121149196,0.0016797468465150906
5637994be37747e82b2d6d5b34555e2bee791fe6.testWithRevisions,4,indent +4,5,'Ċ',newline ×1,0.13844413442816036,0.0014908628674709316
5637994be37747e82b2d6d5b34555e2bee791fe6.testWithRevisions,4,indent +4,5,'Ġ',spaces ×1,0.1447010052639514,0.0015582412106139782
5637994be37747e82b2d6d5b34555e2bee791fe6.testWithRevisions,4,indent +4,5,'Ġ',spaces ×1,0.12630422548264428,0.0013601318723579549
5637994be37747e82b2d6d5b34555e2bee791fe6.testWithRevisions,4,indent +4,5,'Ġ',spaces ×1,0.14099179257373967,0.0015182978248560344
5637994be37747e82b2d6d5b34555e2bee791fe6.testWithRevisions,4,indent +4,5,'Ġ',spaces ×1,0.13419977284533094,0.0014451566256998578
5637994be37747e82b2d6d5b34555e2bee791fe6.testWithRevisions,4,indent +4,5,'Ġ',spaces ×1,0.12364560779356272,0.001331502025323808
5637994be37747e82b2d6d5b34555e2bee791fe6.testWithRevisions,4,indent +4,5,'Ġ',spaces ×1,0.1226158535345298,0.0013204129142267334
5637994be37747e82b2d6d5b34555e2bee791fe6.testWithRevisions,4,indent +4,5,'Ġ',spaces ×1,0.14302375983353505,0.0015401794635983212
5637994be37747e82b2d6d5b34555e2bee791fe6.testWithRevisions,4,indent +4,5,'Ċ',newline ×1,0.22586438459455593,0.0024322650104828384
5637994be37747e82b2d6d5b34555e2bee791fe6.testWithRevisions,4,indent +4,5,'Ġ',spaces ×1,0.1980487745400759,0.0021327271475205466
5637994be37747e82b2d6d5b34555e2bee791fe6.testWithRevisions,4,indent +4,5,'Ġ',spaces ×1,0.19011198570583732,0.0020472582772878083
5637994be37747e82b2d6d5b34555e2bee791fe6.testWithRevisions,4,indent +4,5,'Ġ',spaces ×1,0.18115500844152066,0.0019508033074668923
5637994be37747e82b2d6d5b34555e2bee791fe6.testWithRevisions,4,indent +4,5,'Ġ',spaces ×1,0.1842668783865333,0.0019843140904883686
5637994be37747e82b2d6d5b34555e2bee791fe6.testWithRevisions,4,indent +4,5,'Ġ',spaces ×1,0.17011625341280656,0.0018319303046965391
5637994be37747e82b2d6d5b34555e2bee791fe6.testWithRevisions,4,indent +4,5,'Ġ',spaces ×1,0.1773534189900121,0.0019098651444018166
5637994be37747e82b2d6d5b34555e2bee791fe6.testWithRevisions,4,indent +4,5,'Ġ',spaces ×1,0.14615914564838875,0.0015739434818853224
5637994be37747e82b2d6d5b34555e2bee791fe6.testWithRevisions,4,indent +4,5,'Ċ',newline ×1,0.19761989863593415,0.002128108713067697
5637994be37747e82b2d6d5b34555e2bee791fe6.testWithRevisions,4,indent +4,5,'Ġ',spaces ×1,0.16202839400911168,0.001744834601349488
5637994be37747e82b2d6d5b34555e2bee791fe6.testWithRevisions,4,indent +4,5,'Ġ',spaces ×1,0.15899096811049016,0.001712125483670695
5637994be37747e82b2d6d5b34555e2bee791fe6.testWithRevisions,4,indent +4,5,'Ġ',spaces ×1,0.15659229008194536,0.0016862948479522025
5637994be37747e82b2d6d5b34555e2bee791fe6.testWithRevisions,4,indent +4,5,'Ġ',spaces ×1,0.16517841952425455,0.0017787562701259245
5637994be37747e82b2d6d5b34555e2bee791fe6.testWithRevisions,4,indent +4,5,'Ġ',spaces ×1,0.14667602375206673,0.0015795095853173328
5637994be37747e82b2d6d5b34555e2bee791fe6.testWithRevisions,4,indent +4,5,'Ġ',spaces ×1,0.15693961119279812,0.0016900350435870549
5637994be37747e82b2d6d5b34555e2bee791fe6.testWithRevisions,4,indent +4,5,'Ġ',spaces ×1,0.16704371330336298,0.001798843052738158
5637994be37747e82b2d6d5b34555e2bee791fe6.testWithRevisions,4,indent +4,5,'Ċ',newline ×1,0.24249911326846035,0.002611399355125276
5637994be37747e82b2d6d5b34555e2bee791fe6.testWithRevisions,4,indent +4,5,'Ġ',spaces ×1,0.12454391251499566,0.0013411755962438757
5637994be37747e82b2d6d5b34555e2bee791fe6.testWithRevisions,4,indent +4,5,'Ġ',spaces ×1,0.1328348313203816,0.0014304579846615689
5637994be37747e82b2d6d5b34555e2bee791fe6.testWithRevisions,4,indent +4,5,'Ġ',spaces ×1,0.13802132190166172,0.001486309727691756
5637994be37747e82b2d6d5b34555e2bee791fe6.testWithRevisions,4,indent +4,5,'Ġ',spaces ×1,0.16013950171505487,0.0017244936934916505
5637994be37747e82b2d6d5b34555e2bee791fe6.testWithRevisions,4,indent +4,5,'Ġ',spaces ×1,0.15859811057750278,0.0017078949201256499
5637994be37747e82b2d6d5b34555e2bee791fe6.testWithRevisions,4,indent +4,5,'Ġ',spaces ×1,0.18318334037608147,0.001972645798495007
5637994be37747e82b2d6d5b34555e2bee791fe6.testWithRevisions,4,indent +4,5,'Ġ',spaces ×1,0.16004557713157214,0.0017234822481571447
5637994be37747e82b2d6d5b34555e2bee791fe6.testWithRevisions,4,indent +4,5,'Ċ',newline ×1,0.17397778959818794,0.001873514015945554
5637994be37747e82b2d6d5b34555e2bee791fe6.testWithRevisions,4,indent +4,5,'Ġ',spaces ×1,0.10619801966459276,0.0011436142439031677
5637994be37747e82b2d6d5b34555e2bee791fe6.testWithRevisions,4,indent +4,5,'Ġ',spaces ×1,0.09726813427395306,0.00104745101824781
5637994be37747e82b2d6d5b34555e2bee791fe6.testWithRevisions,4,indent +4,5,'Ġ',spaces ×1,0.09742092030015415,0.001049096324595186
5637994be37747e82b2d6d5b34555e2bee791fe6.testWithRevisions,4,strip indent,3,'Ċ',newline ×1,0.030506316249491357,0.004054078449185284
5637994be37747e82b2d6d5b34555e2bee791fe6.testWithRevisions,4,strip indent,3,'Ċ',newline ×1,0.035112432668518156,0.004666199465570748
5637994be37747e82b2d6d5b34555e2bee791fe6.testWithRevisions,4,strip indent,3,'Ċ',newline ×1,0.03837946699649265,0.0051003657330895525
5637994be37747e82b2d6d5b34555e2bee791fe6.testWithRevisions,4,strip indent,3,'Ċ',newline ×1,0.03310453791929539,0.004399364139912835
5637994be37747e82b2d6d5b34555e2bee791fe6.testWithRevisions,4,strip indent,3,'Ċ',newline ×1,0.0286416494640493,0.003806277129355385
5637994be37747e82b2d6d5b34555e2bee791fe6.testWithRevisions,4,strip indent,3,'Ċ',newline ×1,0.02555749397094214,0.0033964141942082865
5637994be37747e82b2d6d5b34555e2bee791fe6.testWithRevisions,4,strip indent,3,'Ċ',newline ×1,0.019099024392805766,0.0025381282537720005
5637994be37747e82b2d6d5b34555e2bee791fe6.testWithRevisions,4,strip indent,3,'Ċ',newline ×1,0.004843720700687397,0.0006436969821571567
5637994be37747e82b2d6d5b34555e2bee791fe6.testWithRevisions,4,strip indent,3,'Ċ',newline ×1,0.026163706446699474,0.0034769756396970074
5637994be37747e82b2d6d5b34555e2bee791fe6.testWithRevisions,4,strip indent,3,'Ċ',newline ×1,0.02468243296878641,0.0032801246389060736
5637994be37747e82b2d6d5b34555e2bee791fe6.testWithRevisions,4,strip indent,3,'Ċ',newline ×1,0.03291315957300632,0.004373931281255436
5637994be37747e82b2d6d5b34555e2bee791fe6.testWithRevisions,4,strip indent,3,'Ċ',newline ×1,0.029425527108928897,0.00391044904709578
5637994be37747e82b2d6d5b34555e2bee791fe6.testWithRevisions,4,strip indent,3,'Ċ',newline ×1,0.032016715000780696,0.0042547999973787855
5637994be37747e82b2d6d5b34555e2bee791fe6.testWithRevisions,4,strip indent,3,'Ċ',newline ×1,0.013454026525015443,0.0017879470777053164
5637994be37747e82b2d6d5b34555e2bee791fe6.testWithRevisions,4,strip indent,3,'Ċ',newline ×1,0.01040845333784139,0.0013832114641831583
5637994be37747e82b2d6d5b34555e2bee791fe6.testWithRevisions,4,strip indent,3,'Ċ',newline ×1,0.019020026155805267,0.0025276299344230463
CollectorContextTest.testCollectorContextWithKeyword,3,original,3,'Ċ',newline ×1,0.0038573857918564494,0.0033434672255848335
CollectorContextTest.testCollectorContextWithKeyword,3,original,3,'Ċ',newline ×1,0.005359022837622848,0.004645041534756455
CollectorContextTest.testCollectorContextWithKeyword,3,original,3,'Ġ',spaces ×1,0.003517554433770978,0.003048911516279457
CollectorContextTest.testCollectorContextWithKeyword,3,original,3,'Ġ',spaces ×1,0.0032986722859259356,0.0028591909834951783
CollectorContextTest.testCollectorContextWithKeyword,3,original,3,'Ġ',spaces ×1,0.002843181603710819,0.002464385213545841
CollectorContextTest.testCollectorContextWithKeyword,3,original,3,'Ċ',newline ×1,0.0031986115961444087,0.002772461354957573
CollectorContextTest.testCollectorContextWithKeyword,3,original,3,'Ġ',spaces ×1,0.0031630451648935526,0.0027416334306495345
CollectorContextTest.testCollectorContextWithKeyword,3,original,3,'Ġ',spaces ×1,0.0025312648366946494,0.0021940250411641637
CollectorContextTest.testCollectorContextWithKeyword,3,original,3,'Ġ',spaces ×1,0.0030589741702102637,0.002651427789152077
CollectorContextTest.testCollectorContextWithKeyword,3,original,3,'Ċ',newline ×1,0.0036091673067489283,0.003128318828581509
CollectorContextTest.testCollectorContextWithKeyword,3,original,3,'Ġ',spaces ×1,0.002358607014804689,0.002044370378685584
CollectorContextTest.testCollectorContextWithKeyword,3,original,3,'Ġ',spaces ×1,0.0022247040605025657,0.001928307282258128
CollectorContextTest.testCollectorContextWithKeyword,3,original,3,'Ġ',spaces ×1,0.003333070068224338,0.002889005957665071
CollectorContextTest.testCollectorContextWithKeyword,3,original,3,'Ċ',newline ×1,0.004372794101309693,0.0037902078119397328
CollectorContextTest.testCollectorContextWithKeyword,3,original,3,'Ġ',spaces ×1,0.002580667495384532,0.0022368457957112173
CollectorContextTest.testCollectorContextWithKeyword,3,original,3,'Ġ',spaces ×1,0.0023766605492378896,0.002060018645138684
CollectorContextTest.testCollectorContextWithKeyword,3,original,3,'Ġ',spaces ×1,0.002861669206511443,0.0024804097175438636
CollectorContextTest.testCollectorContextWithKeyword,3,original,3,'Ċ',newline ×1,0.003422618192978029,0.00296662360764414
CollectorContextTest.testCollectorContextWithKeyword,3,original,3,'Ġ',spaces ×1,0.002799509874660009,0.002426531858282734
CollectorContextTest.testCollectorContextWithKeyword,3,original,3,'Ġ',spaces ×1,0.0025169607958942537,0.0021816267242235773
CollectorContextTest.testCollectorContextWithKeyword,3,original,3,'Ġ',spaces ×1,0.0028381542321106647,0.002460027637435244
CollectorContextTest.testCollectorContextWithKeyword,3,original,3,'Ċ',newline ×1,0.004529102643760481,0.00392569140548292
CollectorContextTest.testCollectorContextWithKeyword,3,original,3,'Ġ',spaces ×1,0.001953560628897034,0.0016932882237756738
CollectorContextTest.testCollectorContextWithKeyword,3,original,3,'Ġ',spaces ×1,0.0017913699872375718,0.0015527062016637498
CollectorContextTest.testCollectorContextWithKeyword,3,original,3,'Ġ',spaces ×1,0.0017009578179310195,0.0014743396235764174
CollectorContextTest.testCollectorContextWithKeyword,3,original,3,'Ċ',newline ×1,0.002586407333128405,0.002241820916275338
CollectorContextTest.testCollectorContextWithKeyword,3,original,3,'Ġ',spaces ×1,0.0015383195396184832,0.0013333696033333018
CollectorContextTest.testCollectorContextWithKeyword,3,original,3,'Ġ',spaces ×1,0.0014708768366205388,0.0012749122751722116
CollectorContextTest.testCollectorContextWithKeyword,3,original,3,'Ġ',spaces ×1,0.001327629756606928,0.0011507499686180273
CollectorContextTest.testCollectorContextWithKeyword,3,original,3,'Ċ',newline ×1,0.003993269959820836,0.003461247579062555
CollectorContextTest.testCollectorContextWithKeyword,3,indent +4,5,'Ċ',newline ×1,0.4373870579616849,0.00492621460763162
CollectorContextTest.testCollectorContextWithKeyword,3,indent +4,5,'Ġ',spaces ×1,3.29312034493954,0.03708984354391012
CollectorContextTest.testCollectorContextWithKeyword,3,indent +4,5,'Ġ',spaces ×1,0.7537613976322357,0.008489483948128207
CollectorContextTest.testCollectorContextWithKeyword,3,indent +4,5,'Ġ',spaces ×1,1.799704994318803,0.020269765350984636
CollectorContextTest.testCollectorContextWithKeyword,3,indent +4,5,'Ċ',newline ×1,0.5089308677259446,0.005732000134045591
CollectorContextTest.testCollectorContextWithKeyword,3,indent +4,5,'Ġ',spaces ×1,0.6150987859038122,0.0069277509910256
CollectorContextTest.testCollectorContextWithKeyword,3,indent +4,5,'Ġ',spaces ×1,0.43288704554895474,0.004875531747957119
CollectorContextTest.testCollectorContextWithKeyword,3,indent +4,5,'Ġ',spaces ×1,0.42346358799680084,0.0047693969792144105
CollectorContextTest.testCollectorContextWithKeyword,3,indent +4,5,'Ġ',spaces ×1,0.42519315630747634,0.0047888768072565395
CollectorContextTest.testCollectorContextWithKeyword,3,indent +4,5,'Ġ',spaces ×1,0.4226490647145409,0.004760223144693508
CollectorContextTest.testCollectorContextWithKeyword,3,indent +4,5,'Ġ',spaces ×1,0.4120012123835842,0.004640298229820379
CollectorContextTest.testCollectorContextWithKeyword,3,indent +4,5,'Ġ',spaces ×1,0.9141536332241913,0.010295953891719905
CollectorContextTest.testCollectorContextWithKeyword,3,indent +4,5,'Ċ',newline ×1,0.3026554160626437,0.0034087554822374916
CollectorContextTest.testCollectorContextWithKeyword,3,indent +4,5,'Ġ',spaces ×1,0.490685029092032,0.005526500416642558
CollectorContextTest.testCollectorContextWithKeyword,3,indent +4,5,'Ġ',spaces ×1,0.39745489121454824,0.004476465536269389
CollectorContextTest.testCollectorContextWithKeyword,3,indent +4,5,'Ġ',spaces ×1,0.43220336557324907,0.004867831578914711
CollectorContextTest.testCollectorContextWithKeyword,3,indent +4,5,'Ġ',spaces ×1,0.5267258247812368,0.005932421650394244
CollectorContextTest.testCollectorContextWithKeyword,3,indent +4,5,'Ġ',spaces ×1,0.38184450349790494,0.0043006484456611475
CollectorContextTest.testCollectorContextWithKeyword,3,indent +4,5,'Ġ',spaces ×1,0.386184086575323,0.004349524417544341
CollectorContextTest.testCollectorContextWithKeyword,3,indent +4,5,'Ġ',spaces ×1,0.38923746786665137,0.004383914121689013
CollectorContextTest.testCollectorContextWithKeyword,3,indent +4,5,'Ċ',newline ×1,0.27041567804754263,0.003045644902111182
CollectorContextTest.testCollectorContextWithKeyword,3,indent +4,5,'Ġ',spaces ×1,0.4333936423328593,0.004881237459709725
CollectorContextTest.testCollectorContextWithKeyword,3,indent +4,5,'Ġ',spaces ×1,0.3528071475052029,0.00397360573908253
CollectorContextTest.testCollectorContextWithKeyword,3,indent +4,5,'Ġ',spaces ×1,0.39546982815330567,0.004454108115144643
CollectorContextTest.testCollectorContextWithKeyword,3,indent +4,5,'Ġ',spaces ×1,0.38363665752558085,0.004320833165783883
CollectorContextTest.testCollectorContextWithKeyword,3,indent +4,5,'Ġ',spaces ×1,0.3249507479621818,0.003659863940263978
CollectorContextTest.testCollectorContextWithKeyword,3,indent +4,5,'Ġ',spaces ×1,0.3172962446408801,0.003573652596354336
CollectorContextTest.testCollectorContextWithKeyword,3,indent +4,5,'Ġ',spaces ×1,0.33457262982487,0.003768233527617046
CollectorContextTest.testCollectorContextWithKeyword,3,indent +4,5,'Ċ',newline ×1,0.35532748974232126,0.004001991916768224
CollectorContextTest.testCollectorContextWithKeyword,3,indent +4,5,'Ġ',spaces ×1,0.3526290512061575,0.00397159987134147
CollectorContextTest.testCollectorContextWithKeyword,3,indent +4,5,'Ġ',spaces ×1,0.3058708909664843,0.003444970818639055
CollectorContextTest.testCollectorContextWithKeyword,3,indent +4,5,'Ġ',spaces ×1,0.31980074164897,0.0036018603119724393
CollectorContextTest.testCollectorContextWithKeyword,3,indent +4,5,'Ġ',spaces ×1,0.353999098944292,0.003987030481502189
CollectorContextTest.testCollectorContextWithKeyword,3,indent +4,5,'Ġ',spaces ×1,0.33638168047163,0.0037886085514312966
CollectorContextTest.testCollectorContextWithKeyword,3,indent +4,5,'Ġ',spaces ×1,0.30226636378629856,0.0034043736538958047
CollectorContextTest.testCollectorContextWithKeyword,3,indent +4,5,'Ġ',spaces ×1,0.32440212886926223,0.0036536849385299967
CollectorContextTest.testCollectorContextWithKeyword,3,indent +4,5,'Ċ',newline ×1,0.37199670821413844,0.004189734434611223
CollectorContextTest.testCollectorContextWithKeyword,3,indent +4,5,'Ġ',spaces ×1,0.28925943331608595,0.003257878850914178
CollectorContextTest.testCollectorContextWithKeyword,3,indent +4,5,'Ġ',spaces ×1,0.288965878729295,0.003254572596494292
CollectorContextTest.testCollectorContextWithKeyword,3,indent +4,5,'Ġ',spaces ×1,0.2752731999419212,0.0031003543290990154
CollectorContextTest.testCollectorContextWithKeyword,3,indent +4,5,'Ġ',spaces ×1,0.26625189927247195,0.002998748983607584
CollectorContextTest.testCollectorContextWithKeyword,3,indent +4,5,'Ġ',spaces ×1,0.271579979637956,0.003058758229078633
CollectorContextTest.testCollectorContextWithKeyword,3,indent +4,5,'Ġ',spaces ×1,0.2563773117221332,0.0028875332159040107
CollectorContextTest.testCollectorContextWithKeyword,3,indent +4,5,'Ġ',spaces ×1,0.292935637463184,0.0032992833009097174
CollectorContextTest.testCollectorContextWithKeyword,3,indent +4,5,'Ċ',newline ×1,0.20297457485338946,0.002286067448543884
CollectorContextTest.testCollectorContextWithKeyword,3,indent +4,5,'Ġ',spaces ×1,0.22940807456059045,0.002583783373188016
CollectorContextTest.testCollectorContextWithKeyword,3,indent +4,5,'Ġ',spaces ×1,0.2074754560174693,0.0023367600928142283
CollectorContextTest.testCollectorContextWithKeyword,3,indent +4,5,'Ġ',spaces ×1,0.20778772797365208,0.0023402771577206985
CollectorContextTest.testCollectorContextWithKeyword,3,indent +4,5,'Ġ',spaces ×1,0.20812635723064093,0.0023440910803367992
CollectorContextTest.testCollectorContextWithKeyword,3,indent +4,5,'Ġ',spaces ×1,0.22571358686168444,0.002542172998718133
CollectorContextTest.testCollectorContextWithKeyword,3,indent +4,5,'Ġ',spaces ×1,0.21257610064590227,0.002394207769007531
CollectorContextTest.testCollectorContextWithKeyword,3,indent +4,5,'Ġ',spaces ×1,0.21598658003709315,0.0024326194071437987
CollectorContextTest.testCollectorContextWithKeyword,3,indent +4,5,'Ċ',newline ×1,0.20158462150530737,0.0022704126449491963
CollectorContextTest.testCollectorContextWithKeyword,3,indent +4,5,'Ġ',spaces ×1,0.15707231012989237,0.0017690781986606067
CollectorContextTest.testCollectorContextWithKeyword,3,indent +4,5,'Ġ',spaces ×1,0.17043277185577727,0.0019195547628860687
CollectorContextTest.testCollectorContextWithKeyword,3,indent +4,5,'Ġ',spaces ×1,0.18796841724625452,0.0021170556969086394
CollectorContextTest.testCollectorContextWithKeyword,3,indent +4,5,'Ġ',spaces ×1,0.21059649300378588,0.002371911791322642
CollectorContextTest.testCollectorContextWithKeyword,3,indent +4,5,'Ġ',spaces ×1,0.222284044285871,0.0025035466552382887
CollectorContextTest.testCollectorContextWithKeyword,3,indent +4,5,'Ġ',spaces ×1,0.21087463336082612,0.002375044437945084
CollectorContextTest.testCollectorContextWithKeyword,3,indent +4,5,'Ġ',spaces ×1,0.2252921316299623,0.0025374262215074684
CollectorContextTest.testCollectorContextWithKeyword,3,indent +4,5,'Ċ',newline ×1,0.31601588302944217,0.0035592321054904548
CollectorContextTest.testCollectorContextWithKeyword,3,indent +4,5,'Ġ',spaces ×1,0.16829274723956228,0.0018954520366320764
CollectorContextTest.testCollectorContextWithKeyword,3,indent +4,5,'Ġ',spaces ×1,0.17170476306422683,0.0019338809793521996
CollectorContextTest.testCollectorContextWithKeyword,3,indent +4,5,'Ġ',spaces ×1,0.1860272621435227,0.002095192803508639
CollectorContextTest.testCollectorContextWithKeyword,3,strip indent,3,'Ċ',newline ×1,0.0016321649766861364,0.0027008900793147
CollectorContextTest.testCollectorContextWithKeyword,3,strip indent,3,'Ċ',newline ×1,8.920838275558777e-05,0.00014762112863460152
CollectorContextTest.testCollectorContextWithKeyword,3,strip indent,3,'Ċ',newline ×1,0.0028108336221102487,0.004651339020872557
CollectorContextTest.testCollectorContextWithKeyword,3,strip indent,3,'Ċ',newline ×1,0.004674394070531692,0.0077351399841575465
CollectorContextTest.testCollectorContextWithKeyword,3,strip indent,3,'Ċ',newline ×1,0.003843612674905095,0.006360371341539757
CollectorContextTest.testCollectorContextWithKeyword,3,strip indent,3,'Ċ',newline ×1,0.001784232997953964,0.0029525307013657837
CollectorContextTest.testCollectorContextWithKeyword,3,strip indent,3,'Ċ',newline ×1,0.002512064814926735,0.004156939423493001
CollectorContextTest.testCollectorContextWithKeyword,3,strip indent,3,'Ċ',newline ×1,0.0012885629329620054,0.002132300896001265
CollectorContextTest.testCollectorContextWithKeyword,3,strip indent,3,'Ċ',newline ×1,0.0017635000898007967,0.0029182220948547393
TestPeerCache.testEviction,4,original,0,'Ċ',newline ×1,0.014635537104389655,0.0025420846771664913
TestPeerCache.testEviction,4,original,0,'Ċ',newline ×1,0.010712261841148991,0.0018606407465574042
TestPeerCache.testEviction,4,original,0,'Ġ',spaces ×1,0.004195219838449813,0.0007286786943725834
TestPeerCache.testEviction,4,original,0,'Ġ',spaces ×1,0.005605956742752838,0.0009737132730397642
TestPeerCache.testEviction,4,original,0,'Ġ',spaces ×1,0.006913417550206364,0.0012008095566210795
TestPeerCache.testEviction,4,original,0,'Ċ',newline ×1,0.014364229098229415,0.002494960480744231
TestPeerCache.testEviction,4,original,0,'Ġ',spaces ×1,0.005525067864009633,0.0009596634723566989
TestPeerCache.testEviction,4,original,0,'Ġ',spaces ×1,0.003285233254675777,0.0005706207471623481
TestPeerCache.testEviction,4,original,0,'Ġ',spaces ×1,0.0011734835324788313,0.00020382542065551667
TestPeerCache.testEviction,4,original,0,'Ċ',newline ×1,0.011221800996475073,0.0019491439336923875
TestPeerCache.testEviction,4,original,0,'Ġ',spaces ×1,0.003572745831048041,0.0006205595577215711
TestPeerCache.testEviction,4,original,0,'Ġ',spaces ×1,0.003417852757525197,0.0005936557751003275
TestPeerCache.testEviction,4,original,0,'Ġ',spaces ×1,0.006340783976691688,0.001101347335147421
TestPeerCache.testEviction,4,original,0,'Ċ',newline ×1,0.011502541474187297,0.001997906480742239
TestPeerCache.testEviction,4,original,0,'Ġ',spaces ×1,0.005240141046367235,0.0009101737889869435
TestPeerCache.testEviction,4,original,0,'Ġ',spaces ×1,0.005206630798749376,0.0009043533065277201
TestPeerCache.testEviction,4,original,0,'Ġ',spaces ×1,0.004000544696723514,0.0006948650603885452
TestPeerCache.testEviction,4,original,0,'Ċ',newline ×1,0.007091462859751162,0.0012317347116056168
TestPeerCache.testEviction,4,original,0,'Ġ',spaces ×1,0.00373708118653626,0.0006491033949667386
TestPeerCache.testEviction,4,original,0,'Ġ',spaces ×1,0.00455526327606821,0.0007912155797192484
TestPeerCache.testEviction,4,original,0,'Ġ',spaces ×1,0.005040823877569687,0.000875553869192918
TestPeerCache.testEviction,4,original,0,'Ċ',newline ×1,0.009813122229447831,0.0017044668382658254
TestPeerCache.testEviction,4,original,0,'Ġ',spaces ×1,0.005716280491660536,0.0009928756932246513
TestPeerCache.testEviction,4,original,0,'Ġ',spaces ×1,0.005639632548554395,0.0009795625117324594
TestPeerCache.testEviction,4,original,0,'Ġ',spaces ×1,0.006069830270814226,0.0010542846780669383
TestPeerCache.testEviction,4,original,0,'Ġ',spaces ×1,0.005815424054500429,0.001010096197681532
TestPeerCache.testEviction,4,original,0,'Ġ',spaces ×1,0.006341444849950679,0.0011014621239504043
TestPeerCache.testEviction,4,original,0,'Ġ',spaces ×1,0.005331041004052732,0.0009259624401269196
TestPeerCache.testEviction,4,original,0,'Ġ',spaces ×1,0.005091187611902251,0.000884301677791845
TestPeerCache.testEviction,4,original,0,'Ċ',newline ×1,0.01020337780437108,0.0017722513486746465
TestPeerCache.testEviction,4,original,0,'Ġ',spaces ×1,0.002417749412598684,0.0004199452122021531
TestPeerCache.testEviction,4,original,0,'Ġ',spaces ×1,0.0022927323285214696,0.00039823066824316156
TestPeerCache.testEviction,4,original,0,'Ġ',spaces ×1,0.0029802521274161914,0.0005176477783603337
TestPeerCache.testEviction,4,original,0,'Ġ',spaces ×1,0.0031208672867736164,0.0005420715927670236
TestPeerCache.testEviction,4,original,0,'Ġ',spaces ×1,0.00398593558093061,0.0006923275648980004
TestPeerCache.testEviction,4,original,0,'Ġ',spaces ×1,0.004293556493737391,0.0007457590449485371
TestPeerCache.testEviction,4,original,0,'Ġ',spaces ×1,0.0056702057358233166,0.0009848728485061713
TestPeerCache.testEviction,4,original,0,'Ċ',newline ×1,0.008322036786572994,0.0014454763120116672
TestPeerCache.testEviction,4,original,0,'Ġ',spaces ×1,0.0005840986581879338,0.00010145362198478577
TestPeerCache.testEviction,4,original,0,'Ġ',spaces ×1,0.0025133256329442685,0.0004365460956209876
TestPeerCache.testEviction,4,original,0,'Ġ',spaces ×1,0.0031892422191345223,0.0005539478134084116
TestPeerCache.testEviction,4,original,0,'Ġ',spaces ×1,0.00302147917323743,0.0005248086116607788
TestPeerCache.testEviction,4,original,0,'Ġ',spaces ×1,0.0032146138306781017,0.0005583546749045032
TestPeerCache.testEviction,4,original,0,'Ġ',spaces ×1,0.0033242873563586726,0.0005774041561182664
TestPeerCache.testEviction,4,original,0,'Ġ',spaces ×1,0.001780923418292845,0.00030933324144908524
TestPeerCache.testEviction,4,original,0,'Ċ',newline ×1,0.010801690837088066,0.0018761739025085391
TestPeerCache.testEviction,4,original,0,'Ġ',spaces ×1,0.004201086608848049,0.0007296977090508581
TestPeerCache.testEviction,4,original,0,'Ġ',spaces ×1,0.004185624696442417,0.0007270120890885913
TestPeerCache.testEviction,4,original,0,'Ġ',spaces ×1,0.004726080411126343,0.0008208852541925219
TestPeerCache.testEviction,4,original,0,'Ġ',spaces ×1,0.004241141629111838,0.0007366549701701395
TestPeerCache.testEviction,4,original,0,'Ġ',spaces ×1,0.0044031937669084835,0.000764802229369214
TestPeerCache.testEviction,4,original,0,'Ġ',spaces ×1,0.0033637258627667605,0.0005842543333352175
TestPeerCache.testEviction,4,original,0,'Ġ',spaces ×1,0.0026918867364139963,0.0004675608401999338
TestPeerCache.testEviction,4,original,0,'Ċ',newline ×1,0.009556604697811411,0.0016599116380059092
TestPeerCache.testEviction,4,original,0,'Ġ',spaces ×1,0.0034929735386156906,0.0006067036998320851
TestPeerCache.testEviction,4,original,0,'Ġ',spaces ×1,0.003813095259451292,0.0006623064778893573
TestPeerCache.testEviction,4,original,0,'Ġ',spaces ×1,0.003675025567971957,0.0006383247924488242
TestPeerCache.testEviction,4,original,0,'Ċ',newline ×1,0.008399218462620487,0.0014588821989728988
TestPeerCache.testEviction,4,original,0,'Ġ',spaces ×1,0.003119491399688478,0.0005418326113444974
TestPeerCache.testEviction,4,original,0,'Ġ',spaces ×1,0.003551902066683446,0.0006169391498316676
TestPeerCache.testEviction,4,original,0,'Ġ',spaces ×1,0.0032365664446303956,0.0005621676817763275
TestPeerCache.testEviction,4,original,0,'Ċ',newline ×1,0.006567824162800948,0.0011407825382488003
TestPeerCache.testEviction,4,original,0,'Ġ',spaces ×1,0.0034453724067407725,0.000598435734871734
TestPeerCache.testEviction,4,original,0,'Ġ',spaces ×1,0.003136848361779102,0.0005448473874376481
TestPeerCache.testEviction,4,original,0,'Ġ',spaces ×1,0.0031702554467555556,0.0005506499513081583
TestPeerCache.testEviction,4,original,0,'Ġ',spaces ×1,0.00324663112347921,0.0005639158421410401
TestPeerCache.testEviction,4,original,0,'Ġ',spaces ×1,0.0034141832162902152,0.0005930184028960043
TestPeerCache.testEviction,4,original,0,'Ġ',spaces ×1,0.0029452964299681514,0.0005115762319436547
TestPeerCache.testEviction,4,original,0,'Ġ',spaces ×1,0.002610890846971612,0.0004534924525489469
TestPeerCache.testEviction,4,original,0,'Ċ',newline ×1,0.011954962438673505,0.002076488660080524
TestPeerCache.testEviction,4,original,0,'Ġ',spaces ×1,0.0047422046915876846,0.0008236859225929196
TestPeerCache.testEviction,4,original,0,'Ġ',spaces ×1,0.004220062165550239,0.0007329936230709096
TestPeerCache.testEviction,4,original,0,'Ġ',spaces ×1,0.004121192876675351,0.000715820757975592
TestPeerCache.testEviction,4,original,0,'Ċ',newline ×1,0.01030811528971505,0.0017904434761462104
TestPeerCache.testEviction,4,original,0,'Ġ',spaces ×1,0.004760400206784879,0.0008268463491659945
TestPeerCache.testEviction,4,original,0,'Ġ',spaces ×1,0.003490479986335119,0.0006062705882216985
TestPeerCache.testEviction,4,original,0,'Ġ',spaces ×1,0.003282194897304958,0.0005700930069324527
TestPeerCache.testEviction,4,original,0,'Ċ',newline ×1,0.012026102112907174,0.002088845095961089
TestPeerCache.testEviction,4,original,0,'Ġ',spaces ×1,0.00504105886860925,0.0008755946854005285
TestPeerCache.testEviction,4,original,0,'Ġ',spaces ×1,0.004439570118407985,0.0007711205328997602
TestPeerCache.testEviction,4,original,0,'Ġ',spaces ×1,0.004906913099692892,0.0008522945563217869
TestPeerCache.testEviction,4,original,0,'Ċ',newline ×1,0.015012727217997499,0.0026075998134639897
TestPeerCache.testEviction,4,original,0,'Ġ',spaces ×1,0.003958214145586219,0.0006875125563666837
TestPeerCache.testEviction,4,original,0,'Ġ',spaces ×1,0.004322027685832544,0.0007507042806887441
TestPeerCache.testEviction,4,original,0,'Ġ',spaces ×1,0.004897068430585313,0.0008505846100238377
TestPeerCache.testEviction,4,original,0,'Ċ',newline ×1,0.008696741847351887,0.0015105598129907375
TestPeerCache.testEviction,4,original,0,'Ġ',spaces ×1,0.00492226677289159,0.0008549613759334106
TestPeerCache.testEviction,4,original,0,'Ġ',spaces ×1,0.004272975192811838,0.0007421842250190854
TestPeerCache.testEviction,4,original,0,'Ġ',spaces ×1,0.0037651429289492886,0.0006539775123219095
TestPeerCache.testEviction,4,original,0,'Ċ',newline ×1,0.01237486723638049,0.0021494230214576314
TestPeerCache.testEviction,4,original,0,'Ġ',spaces ×1,0.005453724504150193,0.0009472716577876345
TestPeerCache.testEviction,4,original,0,'Ġ',spaces ×1,0.004215354060141797,0.0007321758599418957
TestPeerCache.testEviction,4,original,0,'Ġ',spaces ×1,0.004173927268792833,0.0007249803323188753
TestPeerCache.testEviction,4,original,0,'Ċ',newline ×1,0.010551765516656016,0.0018327637206358367
TestPeerCache.testEviction,4,original,0,'Ġ',spaces ×1,0.004028015747782854,0.0006996365790192255
TestPeerCache.testEviction,4,original,0,'Ġ',spaces ×1,0.0039025564818733482,0.0006778452313425178
TestPeerCache.testEviction,4,original,0,'Ġ',spaces ×1,0.0036462030684452423,0.0006333185372029869
TestPeerCache.testEviction,4,original,0,'Ġ',spaces ×1,0.004288276459784331,0.0007448419420563606
TestPeerCache.testEviction,4,original,0,'Ġ',spaces ×1,0.004583012746031829,0.0007960354576568233
TestPeerCache.testEviction,4,original,0,'Ġ',spaces ×1,0.0041472559512929705,0.000720347721499563
TestPeerCache.testEviction,4,original,0,'Ġ',spaces ×1,0.0038450549446083695,0.0006678576391036939
TestPeerCache.testEviction,4,original,0,'Ċ',newline ×1,0.008378540491219276,0.0014552905880959642
TestPeerCache.testEviction,4,original,0,'Ġ',spaces ×1,0.003905579580951728,0.0006783703213197349
TestPeerCache.testEviction,4,original,0,'Ġ',spaces ×1,0.004456841972025803,0.0007741205262799108
TestPeerCache.testEviction,4,original,0,'Ġ',spaces ×1,0.005641370024253519,0.0009798642984260523
TestPeerCache.testEviction,4,original,0,'Ġ',spaces ×1,0.006364667803956134,0.0011054957795050134
TestPeerCache.testEviction,4,original,0,'Ġ',spaces ×1,0.006506422487552649,0.0011301175208539664
TestPeerCache.testEviction,4,original,0,'Ġ',spaces ×1,0.005497205122134428,0.000954823919924861
TestPeerCache.testEviction,4,original,0,'Ġ',spaces ×1,0.0058703297596834625,0.0010196329130640477
TestPeerCache.testEviction,4,original,0,'Ċ',newline ×1,0.0057024584803165666,0.0009904749119622686
TestPeerCache.testEviction,4,original,0,'Ġ',spaces ×1,0.002363610655087997,0.0004105417099646116
TestPeerCache.testEviction,4,original,0,'Ġ',spaces ×1,0.002461029731056623,0.000427462683791345
TestPeerCache.testEviction,4,original,0,'Ġ',spaces ×1,0.0031950387592192507,0.0005549546296000463
TestPeerCache.testEviction,4,original,0,'Ġ',spaces ×1,0.003231685407655254,0.0005613198817116843
TestPeerCache.testEviction,4,original,0,'Ġ',spaces ×1,0.0029609654587066546,0.0005142978264829002
TestPeerCache.testEviction,4,original,0,'Ġ',spaces ×1,0.0030529968685999607,0.0005302830025129368
TestPeerCache.testEviction,4,original,0,'Ġ',spaces ×1,0.0029992299544729863,0.0005209440867242082
TestPeerCache.testEviction,4,original,0,'Ċ',newline ×1,0.010055729584585593,0.0017466059436272963
TestPeerCache.testEviction,4,original,0,'Ġ',spaces ×1,0.003128422984937706,0.0005433839617215231
TestPeerCache.testEviction,4,original,0,'Ġ',spaces ×1,0.00304996176910104,0.000529755828151323
TestPeerCache.testEviction,4,original,0,'Ġ',spaces ×1,0.003321275469277474,0.0005768810135821326
TestPeerCache.testEviction,4,original,0,'Ġ',spaces ×1,0.0037173036108541736,0.0006456681761746758
TestPeerCache.testEviction,4,original,0,'Ġ',spaces ×1,0.004651713558741638,0.0008079682813074229
TestPeerCache.testEviction,4,original,0,'Ġ',spaces ×1,0.003959569679014487,0.0006877480025093709
TestPeerCache.testEviction,4,original,0,'Ġ',spaces ×1,0.0026289905040614995,0.00045663622927692027
TestPeerCache.testEviction,4,original,0,'Ċ',newline ×1,0.00603068919212293,0.0010474861618471906
TestPeerCache.testEviction,4,original,0,'Ġ',spaces ×1,0.002209191858022464,0.00038372030566035574
TestPeerCache.testEviction,4,original,0,'Ġ',spaces ×1,0.0030820494572951864,0.000535329222547595
TestPeerCache.testEviction,4,original,0,'Ġ',spaces ×1,0.0028720060477878864,0.0004988462339808026
TestPeerCache.testEviction,4,original,0,'Ċ',newline ×1,0.009206459194546168,0.0015990939507368608
TestPeerCache.testEviction,4,original,0,'Ġ',spaces ×1,0.002589818376389461,0.0004498323200785874
TestPeerCache.testEviction,4,original,0,'Ġ',spaces ×1,0.002889487349427202,0.0005018826069350211
TestPeerCache.testEviction,4,original,0,'Ġ',spaces ×1,0.0027828691250956846,0.0004833638089950015
TestPeerCache.testEviction,4,original,0,'Ċ',newline ×1,0.01947888457211748,0.003383338352797652
TestPeerCache.testEviction,4,original,0,'Ġ',spaces ×1,0.0034282547947594,0.0005954625321243968
TestPeerCache.testEviction,4,original,0,'Ġ',spaces ×1,0.004009779409519692,0.0006964690617811664
TestPeerCache.testEviction,4,original,0,'Ġ',spaces ×1,0.0036693111364651896,0.0006373322379106164
TestPeerCache.testEviction,4,original,0,'Ċ',newline ×1,0.007061115505744057,0.0012264636004011725
TestPeerCache.testEviction,4,indent +4,5,'Ċ',newline ×1,0.009289509592407147,0.0017474046395625276
TestPeerCache.testEviction,4,indent +4,5,'Ġ',spaces ×1,0.0166892623035996,0.003139336268517604
TestPeerCache.testEviction,4,indent +4,5,'Ġ',spaces ×1,0.006267660824232478,0.0011789793093512648
TestPeerCache.testEviction,4,indent +4,5,'Ġ',spaces ×1,0.00695307321818429,0.0013079089137928168
TestPeerCache.testEviction,4,indent +4,5,'Ċ',newline ×1,0.013706642424666012,0.002578290094588259
TestPeerCache.testEviction,4,indent +4,5,'Ġ',spaces ×1,0.002331801713913501,0.00043862392227494036
TestPeerCache.testEviction,4,indent +4,5,'Ġ',spaces ×1,0.0009938909855127104,0.00018695601764853257
TestPeerCache.testEviction,4,indent +4,5,'Ġ',spaces ×1,0.000515481525866335,9.69647322011319e-05
TestPeerCache.testEviction,4,indent +4,5,'Ġ',spaces ×1,0.0003880146373635444,7.298755341201357e-05
TestPeerCache.testEviction,4,indent +4,5,'Ġ',spaces ×1,0.00028263655934644645,5.316539373786182e-05
TestPeerCache.testEviction,4,indent +4,5,'Ġ',spaces ×1,0.00032274161030701996,6.0709360555623434e-05
TestPeerCache.testEviction,4,indent +4,5,'Ġ',spaces ×1,0.0016595223685274378,0.00031216471196637336
TestPeerCache.testEviction,4,indent +4,5,'Ċ',newline ×1,0.009155428574779596,0.0017221833089907663
TestPeerCache.testEviction,4,indent +4,5,'Ġ',spaces ×1,0.007206108396497682,0.0013555061351702242
TestPeerCache.testEviction,4,indent +4,5,'Ġ',spaces ×1,0.0020219363268791667,0.00038033664569080285
TestPeerCache.testEviction,4,indent +4,5,'Ġ',spaces ×1,0.00043047243745105606,8.097408446841905e-05
TestPeerCache.testEviction,4,indent +4,5,'Ġ',spaces ×1,0.0006669650921332322,0.00012545957187798748
TestPeerCache.testEviction,4,indent +4,5,'Ġ',spaces ×1,0.0004913290256975918,9.242152241895e-05
TestPeerCache.testEviction,4,indent +4,5,'Ġ',spaces ×1,0.001205959035189121,0.00022684711095343897
TestPeerCache.testEviction,4,indent +4,5,'Ġ',spaces ×1,0.004561412140158488,0.0008580251365674502
TestPeerCache.testEviction,4,indent +4,5,'Ċ',newline ×1,0.009366964753951192,0.0017619743547120502
TestPeerCache.testEviction,4,indent +4,5,'Ġ',spaces ×1,0.0006839079442308249,0.00012864660969395076
TestPeerCache.testEviction,4,indent +4,5,'Ġ',spaces ×1,0.0013035169837131032,0.0002451982639590127
TestPeerCache.testEviction,4,indent +4,5,'Ġ',spaces ×1,0.002151111151760584,0.00040463509611675
TestPeerCache.testEviction,4,indent +4,5,'Ġ',spaces ×1,0.002565412190179484,0.00048256725706747304
TestPeerCache.testEviction,4,indent +4,5,'Ġ',spaces ×1,0.0028165052014635992,0.0005297991468152605
TestPeerCache.testEviction,4,indent +4,5,'Ġ',spaces ×1,0.0011634894876541828,0.00021885837014161725
TestPeerCache.testEviction,4,indent +4,5,'Ġ',spaces ×1,0.002307865670226625,0.00043412142907277984
TestPeerCache.testEviction,4,indent +4,5,'Ċ',newline ×1,0.012262725130112168,0.002306681808429618
TestPeerCache.testEviction,4,indent +4,5,'Ġ',spaces ×1,0.0031417679290791194,0.0005909827425323779
TestPeerCache.testEviction,4,indent +4,5,'Ġ',spaces ×1,0.003466051826734824,0.0006519822152884164
TestPeerCache.testEviction,4,indent +4,5,'Ġ',spaces ×1,0.0037427863807917862,0.0007040374114078811
TestPeerCache.testEviction,4,indent +4,5,'Ġ',spaces ×1,0.003860575997506387,0.0007261942454895875
TestPeerCache.testEviction,4,indent +4,5,'Ġ',spaces ×1,0.004561996400371364,0.0008581350389252158
TestPeerCache.testEviction,4,indent +4,5,'Ġ',spaces ×1,0.003724547875283293,0.0007006066545065397
TestPeerCache.testEviction,4,indent +4,5,'Ġ',spaces ×1,0.002644747974709922,0.0004974907270949039
TestPeerCache.testEviction,4,indent +4,5,'Ċ',newline ×1,0.007061239159279897,0.0013282554848828127
TestPeerCache.testEviction,4,indent +4,5,'Ġ',spaces ×1,0.0005234791617967299,9.846912874556591e-05
TestPeerCache.testEviction,4,indent +4,5,'Ġ',spaces ×1,0.0017154290871714034,0.00032268105392925067
TestPeerCache.testEviction,4,indent +4,5,'Ġ',spaces ×1,0.0016692366796324386,0.00031399202396020635
TestPeerCache.testEviction,4,indent +4,5,'Ġ',spaces ×1,0.0025435840237140184,0.0004784612664362696
TestPeerCache.testEviction,4,indent +4,5,'Ġ',spaces ×1,0.0035361310304753172,0.0006651644747537682
TestPeerCache.testEviction,4,indent +4,5,'Ġ',spaces ×1,0.004269143942705151,0.0008030479820528598
TestPeerCache.testEviction,4,indent +4,5,'Ġ',spaces ×1,0.0051340920161525565,0.0009657491732716117
TestPeerCache.testEviction,4,indent +4,5,'Ċ',newline ×1,0.009458739446346436,0.0017792376474284873
TestPeerCache.testEviction,4,indent +4,5,'Ġ',spaces ×1,0.004741863590916615,0.0008919689846397177
TestPeerCache.testEviction,4,indent +4,5,'Ġ',spaces ×1,0.0046150041471571205,0.0008681060693380478
TestPeerCache.testEviction,4,indent +4,5,'Ġ',spaces ×1,0.0048317253881916405,0.0009088724519235184
TestPeerCache.testEviction,4,indent +4,5,'Ġ',spaces ×1,0.005666130877309225,0.0010658284255900133
TestPeerCache.testEviction,4,indent +4,5,'Ġ',spaces ×1,0.004581065257852441,0.0008617219893128687
TestPeerCache.testEviction,4,indent +4,5,'Ġ',spaces ×1,0.004343217416879578,0.0008169815843763563
TestPeerCache.testEviction,4,indent +4,5,'Ġ',spaces ×1,0.0038449164645015864,0.0007232486066101857
TestPeerCache.testEviction,4,indent +4,5,'Ġ',spaces ×1,0.004034111793210702,0.0007588372231976624
TestPeerCache.testEviction,4,indent +4,5,'Ġ',spaces ×1,0.0035842351265019277,0.0006742131031816418
TestPeerCache.testEviction,4,indent +4,5,'Ġ',spaces ×1,0.003775209271523857,0.0007101363242869375
TestPeerCache.testEviction,4,indent +4,5,'Ġ',spaces ×1,0.002227140415388412,0.0004189365925180647
TestPeerCache.testEviction,4,indent +4,5,'Ċ',newline ×1,0.008317706294157652,0.0015646034297450238
TestPeerCache.testEviction,4,indent +4,5,'Ġ',spaces ×1,0.0011974879182064507,0.0002252536501823888
TestPeerCache.testEviction,4,indent +4,5,'Ġ',spaces ×1,0.0006523009885260586,0.000122701178399483
TestPeerCache.testEviction,4,indent +4,5,'Ġ',spaces ×1,0.0016317066475509334,0.00030693243146721243
TestPeerCache.testEviction,4,indent +4,5,'Ġ',spaces ×1,0.002759706098355111,0.0005191149427345752
TestPeerCache.testEviction,4,indent +4,5,'Ġ',spaces ×1,0.00572413411968222,0.0010767391344734063
TestPeerCache.testEviction,4,indent +4,5,'Ġ',spaces ×1,0.003962960314679295,0.0007454532633168162
TestPeerCache.testEviction,4,indent +4,5,'Ġ',spaces ×1,0.0035472504322984384,0.0006672560915545908
TestPeerCache.testEviction,4,indent +4,5,'Ġ',spaces ×1,0.005673423096054491,0.0010672001295256653
TestPeerCache.testEviction,4,indent +4,5,'Ġ',spaces ×1,0.0036048455693712253,0.0006780900337273281
TestPeerCache.testEviction,4,indent +4,5,'Ġ',spaces ×1,0.003916410760666806,0.0007366970522550961
TestPeerCache.testEviction,4,indent +4,5,'Ġ',spaces ×1,0.0030135692457493035,0.0005668679093640664
TestPeerCache.testEviction,4,indent +4,5,'Ċ',newline ×1,0.008848005627822272,0.001664355467975317
TestPeerCache.testEviction,4,indent +4,5,'Ġ',spaces ×1,0.002226639405127213,0.0004188423499053434
TestPeerCache.testEviction,4,indent +4,5,'Ġ',spaces ×1,0.0031775000364892966,0.0005977041361268174
TestPeerCache.testEviction,4,indent +4,5,'Ġ',spaces ×1,0.002523498728954155,0.00047468311895698255
TestPeerCache.testEviction,4,indent +4,5,'Ġ',spaces ×1,0.0035472469373797493,0.0006672554341423699
TestPeerCache.testEviction,4,indent +4,5,'Ġ',spaces ×1,0.0024533596475382136,0.0004614895961922236
TestPeerCache.testEviction,4,indent +4,5,'Ġ',spaces ×1,0.003310287376800028,0.0006226821193266836
TestPeerCache.testEviction,4,indent +4,5,'Ġ',spaces ×1,0.004003204681510547,0.0007530234361679928
TestPeerCache.testEviction,4,indent +4,5,'Ġ',spaces ×1,0.0056978498353098895,0.0010717949250936849
TestPeerCache.testEviction,4,indent +4,5,'Ġ',spaces ×1,0.004009933081365935,0.0007542890828641056
TestPeerCache.testEviction,4,indent +4,5,'Ġ',spaces ×1,0.001212518445567823,0.00022808096985788608
TestPeerCache.testEviction,4,indent +4,5,'Ġ',spaces ×1,0.0030274824761769947,0.0005694850597269362
TestPeerCache.testEviction,4,indent +4,5,'Ċ',newline ×1,0.011116643732173423,0.002091097989698071
TestPeerCache.testEviction,4,indent +4,5,'Ġ',spaces ×1,0.0037187388051867156,0.0006995139384769874
TestPeerCache.testEviction,4,indent +4,5,'Ġ',spaces ×1,0.003688134786702682,0.0006937571648436443
TestPeerCache.testEviction,4,indent +4,5,'Ġ',spaces ×1,0.004996521364616365,0.0009398714245733955
TestPeerCache.testEviction,4,indent +4,5,'Ġ',spaces ×1,0.007916454545067614,0.0014891259073830682
TestPeerCache.testEviction,4,indent +4,5,'Ġ',spaces ×1,0.005807241268755527,0.0010923720176118455
TestPeerCache.testEviction,4,indent +4,5,'Ġ',spaces ×1,0.00033938326426309346,6.383974144856157e-05
TestPeerCache.testEviction,4,indent +4,5,'Ġ',spaces ×1,0.0015395472871096868,0.00028959678070844937
TestPeerCache.testEviction,4,indent +4,5,'Ġ',spaces ×1,0.006858271443521021,0.0012900762112978692
TestPeerCache.testEviction,4,indent +4,5,'Ġ',spaces ×1,0.004095682332750943,0.0007704189590667899
TestPeerCache.testEviction,4,indent +4,5,'Ġ',spaces ×1,0.0035865014494365012,0.0006746394102079953
TestPeerCache.testEviction,4,indent +4,5,'Ġ',spaces ×1,0.004621504010807697,0.0008693287271959851
TestPeerCache.testEviction,4,indent +4,5,'Ċ',newline ×1,0.011463356882161022,0.002156316520435244
TestPeerCache.testEviction,4,indent +4,5,'Ġ',spaces ×1,0.0051685777523288465,0.0009722361180122073
TestPeerCache.testEviction,4,indent +4,5,'Ġ',spaces ×1,0.005627916117017111,0.0010586400321909912
TestPeerCache.testEviction,4,indent +4,5,'Ġ',spaces ×1,0.0042962401586318245,0.0008081449199432686
TestPeerCache.testEviction,4,indent +4,5,'Ġ',spaces ×1,0.007958045991424495,0.001496949472836893
TestPeerCache.testEviction,4,indent +4,5,'Ġ',spaces ×1,0.005046439026082741,0.0009492611940089911
TestPeerCache.testEviction,4,indent +4,5,'Ġ',spaces ×1,0.003590078585287728,0.0006753122879009026
TestPeerCache.testEviction,4,indent +4,5,'Ġ',spaces ×1,0.0037119098101357564,0.0006982293693060433
TestPeerCache.testEviction,4,indent +4,5,'Ċ',newline ×1,0.010949056755445781,0.002059574015504267
TestPeerCache.testEviction,4,indent +4,5,'Ġ',spaces ×1,0.005146997135452857,0.0009681766927348442
TestPeerCache.testEviction,4,indent +4,5,'Ġ',spaces ×1,0.003942691648427301,0.0007416406227146226
TestPeerCache.testEviction,4,indent +4,5,'Ġ',spaces ×1,0.0032096489984965,0.0006037515216006883
TestPeerCache.testEviction,4,indent +4,5,'Ġ',spaces ×1,0.005037687127025545,0.0009476149166823575
TestPeerCache.testEviction,4,indent +4,5,'Ġ',spaces ×1,0.005320724640656716,0.0010008557319880005
TestPeerCache.testEviction,4,indent +4,5,'Ġ',spaces ×1,0.007136028586202602,0.001342323761608828
TestPeerCache.testEviction,4,indent +4,5,'Ġ',spaces ×1,0.005375576205133943,0.0010111735940130436
TestPeerCache.testEviction,4,indent +4,5,'Ċ',newline ×1,0.006999027852963756,0.0013165532174801368
TestPeerCache.testEviction,4,indent +4,5,'Ġ',spaces ×1,0.002966493012031981,0.0005580126271349576
TestPeerCache.testEviction,4,indent +4,5,'Ġ',spaces ×1,0.0044414278911986006,0.0008354554808475938
TestPeerCache.testEviction,4,indent +4,5,'Ġ',spaces ×1,0.004391592304581979,0.0008260811501143134
TestPeerCache.testEviction,4,indent +4,5,'Ġ',spaces ×1,0.0008494720998306797,0.00015979008080645236
TestPeerCache.testEviction,4,indent +4,5,'Ġ',spaces ×1,0.007673360107852955,0.0014433985906485078
TestPeerCache.testEviction,4,indent +4,5,'Ġ',spaces ×1,0.004595597825118818,0.0008644556401276305
TestPeerCache.testEviction,4,indent +4,5,'Ġ',spaces ×1,0.0033157682054544176,0.000623713091448953
TestPeerCache.testEviction,4,indent +4,5,'Ġ',spaces ×1,0.0037400585590678464,0.0007035242940803305
TestPeerCache.testEviction,4,indent +4,5,'Ġ',spaces ×1,0.006110534943797683,0.0011494231212946292
TestPeerCache.testEviction,4,indent +4,5,'Ġ',spaces ×1,0.004054330827490659,0.0007626405277700749
TestPeerCache.testEviction,4,indent +4,5,'Ġ',spaces ×1,0.004064151157341618,0.0007644877824365242
TestPeerCache.testEviction,4,indent +4,5,'Ċ',newline ×1,0.01374922528335891,0.002586300149812985
TestPeerCache.testEviction,4,indent +4,5,'Ġ',spaces ×1,0.004922352228988999,0.0009259198278374889
TestPeerCache.testEviction,4,indent +4,5,'Ġ',spaces ×1,0.004475308479086863,0.0008418285940758148
TestPeerCache.testEviction,4,indent +4,5,'Ġ',spaces ×1,0.004148867443386702,0.0007804233525340762
TestPeerCache.testEviction,4,indent +4,5,'Ġ',spaces ×1,0.0035480080955927443,0.0006673986119258254
TestPeerCache.testEviction,4,indent +4,5,'Ġ',spaces ×1,0.0033936688884396143,0.0006383666114781141
TestPeerCache.testEviction,4,indent +4,5,'Ġ',spaces ×1,0.004249341409456455,0.0007993230234713922
TestPeerCache.testEviction,4,indent +4,5,'Ġ',spaces ×1,0.004758133566139648,0.0008950294508470547
TestPeerCache.testEviction,4,indent +4,5,'Ċ',newline ×1,0.010542587015112912,0.001983114962092021
TestPeerCache.testEviction,4,indent +4,5,'Ġ',spaces ×1,0.005748447024310697,0.0010813125171613112
TestPeerCache.testEviction,4,indent +4,5,'Ġ',spaces ×1,0.006327388157868681,0.0011902143286885512
TestPeerCache.testEviction,4,indent +4,5,'Ġ',spaces ×1,0.0077834691811270364,0.0014641106749176628
TestPeerCache.testEviction,4,indent +4,5,'Ġ',spaces ×1,0.004774759570695987,0.0008981568880072338
TestPeerCache.testEviction,4,indent +4,5,'Ġ',spaces ×1,0.00462594822711919,0.0008701647071930638
TestPeerCache.testEviction,4,indent +4,5,'Ġ',spaces ×1,0.00432081742329201,0.0008127680301158516
TestPeerCache.testEviction,4,indent +4,5,'Ġ',spaces ×1,0.006306209828505174,0.0011862305757659832
TestPeerCache.testEviction,4,indent +4,5,'Ċ',newline ×1,0.014756455068207362,0.002775765264374935
TestPeerCache.testEviction,4,indent +4,5,'Ġ',spaces ×1,0.005542948725735021,0.0010426572279039702
TestPeerCache.testEviction,4,indent +4,5,'Ġ',spaces ×1,0.0029395805978915217,0.0005529502633079904
TestPeerCache.testEviction,4,indent +4,5,'Ġ',spaces ×1,0.0018591642108281932,0.0003497183716097511
TestPeerCache.testEviction,4,indent +4,5,'Ġ',spaces ×1,0.0032349277596326197,0.0006085065868764433
TestPeerCache.testEviction,4,indent +4,5,'Ġ',spaces ×1,0.008394883950003592,0.0015791209446422564
TestPeerCache.testEviction,4,indent +4,5,'Ġ',spaces ×1,0.003487635472922463,0.0006560422103949162
TestPeerCache.testEviction,4,indent +4,5,'Ġ',spaces ×1,0.0037104944691744458,0.000697963136375472
TestPeerCache.testEviction,4,indent +4,5,'Ċ',newline ×1,0.011373408058564516,0.0021393966830517727
TestPeerCache.testEviction,4,indent +4,5,'Ġ',spaces ×1,0.0032042164632173882,0.0006027296337112494
TestPeerCache.testEviction,4,indent +4,5,'Ġ',spaces ×1,0.0036859276776218643,0.0006933419962484158
TestPeerCache.testEviction,4,indent +4,5,'Ġ',spaces ×1,0.003950239559262684,0.0007430604236504581
TestPeerCache.testEviction,4,indent +4,5,'Ġ',spaces ×1,0.009176597316943692,0.0017261652585117053
TestPeerCache.testEviction,4,indent +4,5,'Ġ',spaces ×1,0.005169024173598601,0.0009723200921542446
TestPeerCache.testEviction,4,indent +4,5,'Ġ',spaces ×1,0.0041847015291755375,0.0007871639287872159
TestPeerCache.testEviction,4,indent +4,5,'Ġ',spaces ×1,0.005383959166297079,0.001012750472220017
TestPeerCache.testEviction,4,indent +4,5,'Ċ',newline ×1,0.014302623297008085,0.00269039716881662
TestPeerCache.testEviction,4,indent +4,5,'Ġ',spaces ×1,0.006005191069286949,0.0011296073954763354
TestPeerCache.testEviction,4,indent +4,5,'Ġ',spaces ×1,0.005087965644268297,0.0009570725649496158
TestPeerCache.testEviction,4,indent +4,5,'Ġ',spaces ×1,0.005012085889392313,0.0009427991919152052
TestPeerCache.testEviction,4,indent +4,5,'Ġ',spaces ×1,0.0038883496250389825,0.0007314186079949675
TestPeerCache.testEviction,4,indent +4,5,'Ġ',spaces ×1,0.0046777714844504215,0.0008799129290337358
TestPeerCache.testEviction,4,indent +4,5,'Ġ',spaces ×1,0.004329326344512285,0.0008143686020588671
TestPeerCache.testEviction,4,indent +4,5,'Ġ',spaces ×1,0.005533872758512033,0.001040949991684856
TestPeerCache.testEviction,4,indent +4,5,'Ċ',newline ×1,0.008637142129523878,0.0016246909569937937
TestPeerCache.testEviction,4,indent +4,5,'Ġ',spaces ×1,0.000390175492915566,7.339402148004952e-05
TestPeerCache.testEviction,4,indent +4,5,'Ġ',spaces ×1,3.7536972290606874e-05,7.060897982101106e-06
TestPeerCache.testEviction,4,indent +4,5,'Ġ',spaces ×1,0.000987082498637301,0.00018567530617112418
TestPeerCache.testEviction,4,indent +4,5,'Ġ',spaces ×1,0.0015834144798797182,0.0002978484257935236
TestPeerCache.testEviction,4,indent +4,5,'Ġ',spaces ×1,0.0021740212631817636,0.00040894460617129426
TestPeerCache.testEviction,4,indent +4,5,'Ġ',spaces ×1,0.0022205775627202233,0.0004177020861012209
TestPeerCache.testEviction,4,indent +4,5,'Ġ',spaces ×1,0.0030750160371283176,0.0005784263675661745
TestPeerCache.testEviction,4,indent +4,5,'Ċ',newline ×1,0.009530137064863275,0.0017926679075093868
TestPeerCache.testEviction,4,indent +4,5,'Ġ',spaces ×1,0.0035399795065364425,0.0006658883929388521
TestPeerCache.testEviction,4,indent +4,5,'Ġ',spaces ×1,0.00671129126850825,0.0012624284827298345
TestPeerCache.testEviction,4,indent +4,5,'Ġ',spaces ×1,0.007197767372087865,0.0013539371454827241
TestPeerCache.testEviction,4,indent +4,5,'Ġ',spaces ×1,3.728569673372298e-05,7.013631754585021e-06
TestPeerCache.testEviction,4,indent +4,5,'Ġ',spaces ×1,0.007482952710350352,0.0014075819776730473
TestPeerCache.testEviction,4,indent +4,5,'Ġ',spaces ×1,0.010081321133180523,0.0018963484719837203
TestPeerCache.testEviction,4,indent +4,5,'Ġ',spaces ×1,0.007183055207604972,0.0013511697115057544
TestPeerCache.testEviction,4,indent +4,5,'Ġ',spaces ×1,0.004783290529912531,0.0008997616054109483
TestPeerCache.testEviction,4,indent +4,5,'Ġ',spaces ×1,0.0029761078165688936,0.0005598212214304002
TestPeerCache.testEviction,4,indent +4,5,'Ġ',spaces ×1,0.002844617527701482,0.000535087220293017
TestPeerCache.testEviction,4,indent +4,5,'Ġ',spaces ×1,0.004589160299585867,0.0008632447083909567
TestPeerCache.testEviction,4,indent +4,5,'Ċ',newline ×1,0.014723201686591367,0.002769510131879628
TestPeerCache.testEviction,4,indent +4,5,'Ġ',spaces ×1,0.005206116650991791,0.0009792973783548753
TestPeerCache.testEviction,4,indent +4,5,'Ġ',spaces ×1,0.005272518425153359,0.0009917878943601491
TestPeerCache.testEviction,4,indent +4,5,'Ġ',spaces ×1,0.003345706703092627,0.0006293446771805937
TestPeerCache.testEviction,4,indent +4,5,'Ġ',spaces ×1,0.002395797260460508,0.00045066181446237963
TestPeerCache.testEviction,4,indent +4,5,'Ġ',spaces ×1,0.002132509150755079,0.00040113596383868714
TestPeerCache.testEviction,4,indent +4,5,'Ġ',spaces ×1,0.006987795776198731,0.0013144404059419292
TestPeerCache.testEviction,4,indent +4,5,'Ġ',spaces ×1,0.004527837106385479,0.0008517094996433678
TestPeerCache.testEviction,4,indent +4,5,'Ġ',spaces ×1,0.003011736269904637,0.0005665231171591265
TestPeerCache.testEviction,4,indent +4,5,'Ġ',spaces ×1,0.003226690419935249,0.0006069571008178247
TestPeerCache.testEviction,4,indent +4,5,'Ġ',spaces ×1,0.0032930643976714293,0.0006194423881721992
TestPeerCache.testEviction,4,indent +4,5,'Ġ',spaces ×1,0.004852021784715204,0.0009126903087327373
TestPeerCache.testEviction,4,indent +4,5,'Ċ',newline ×1,0.010177300827706393,0.001914402747276722
TestPeerCache.testEviction,4,indent +4,5,'Ġ',spaces ×1,0.0033781274940591155,0.0006354431950829203
TestPeerCache.testEviction,4,indent +4,5,'Ġ',spaces ×1,0.003797021772733834,0.0007142393682028328
TestPeerCache.testEviction,4,indent +4,5,'Ġ',spaces ×1,0.005079057551277707,0.0009553969067389676
TestPeerCache.testEviction,4,indent +4,5,'Ġ',spaces ×1,0.005286570904106219,0.0009944312380883963
TestPeerCache.testEviction,4,indent +4,5,'Ġ',spaces ×1,0.004300835172513857,0.0008090092657406916
TestPeerCache.testEviction,4,indent +4,5,'Ġ',spaces ×1,0.0005268003718486717,9.909386547639057e-05
TestPeerCache.testEviction,4,indent +4,5,'Ġ',spaces ×1,0.0025892443241437775,0.00048705020431518564
TestPeerCache.testEviction,4,indent +4,5,'Ġ',spaces ×1,0.002363395067180511,0.0004445667948807488
TestPeerCache.testEviction,4,indent +4,5,'Ġ',spaces ×1,0.005340826849903953,0.0010046370611695528
TestPeerCache.testEviction,4,indent +4,5,'Ġ',spaces ×1,0.0030553912902286174,0.0005747348515133996
TestPeerCache.testEviction,4,indent +4,5,'Ġ',spaces ×1,0.0035518528523707333,0.0006681218304945794
TestPeerCache.testEviction,4,indent +4,5,'Ċ',newline ×1,0.01086581046494833,0.0020439149591467047
TestPeerCache.testEviction,4,strip indent,0,'Ċ',newline ×1,0.013097110621539043,0.0026605769633134403
TestPeerCache.testEviction,4,strip indent,0,'Ċ',newline ×1,0.007594614421284146,0.001542787318394217
TestPeerCache.testEviction,4,strip indent,0,'Ċ',newline ×1,0.02179724518826392,0.004427942168879302
TestPeerCache.testEviction,4,strip indent,0,'Ċ',newline ×1,0.00793045447564418,0.001611010634040553
TestPeerCache.testEviction,4,strip indent,0,'Ċ',newline ×1,0.013752726412804709,0.0027937602524701574
TestPeerCache.testEviction,4,strip indent,0,'Ċ',newline ×1,0.008148947140193595,0.0016553957329185553
TestPeerCache.testEviction,4,strip indent,0,'Ċ',newline ×1,0.024819229275009666,0.005041834917977173
TestPeerCache.testEviction,4,strip indent,0,'Ċ',newline ×1,0.019020726862004036,0.003863913894970092
TestPeerCache.testEviction,4,strip indent,0,'Ċ',newline ×1,0.023408755144129222,0.004755307981738386
TestPeerCache.testEviction,4,strip indent,0,'Ċ',newline ×1,0.010281754387886987,0.0020886590681971707
TestPeerCache.testEviction,4,strip indent,0,'Ċ',newline ×1,0.008321446865299962,0.0016904377210377615
TestPeerCache.testEviction,4,strip indent,0,'Ċ',newline ×1,0.000571309488273937,0.00011605711422519925
TestPeerCache.testEviction,4,strip indent,0,'Ċ',newline ×1,0.008786841162843022,0.0017849789815249548
TestPeerCache.testEviction,4,strip indent,0,'Ċ',newline ×1,0.009542280265119316,0.0019384406060604516
TestPeerCache.testEviction,4,strip indent,0,'Ċ',newline ×1,0.006172546258284353,0.0012539051439918365
TestPeerCache.testEviction,4,strip indent,0,'Ċ',newline ×1,0.010720791227358216,0.0021778460144555377
TestPeerCache.testEviction,4,strip indent,0,'Ċ',newline ×1,0.007493968087537598,0.001522341792297213
TestPeerCache.testEviction,4,strip indent,0,'Ċ',newline ×1,0.011065670315663623,0.002247905540101209
TestPeerCache.testEviction,4,strip indent,0,'Ċ',newline ×1,0.008426005582321993,0.0017116780176085892
TestPeerCache.testEviction,4,strip indent,0,'Ċ',newline ×1,0.0193165944057396,0.003924017103517511
TestPeerCache.testEviction,4,strip indent,0,'Ċ',newline ×1,0.006022363661902451,0.001223396708370382
TestPeerCache.testEviction,4,strip indent,0,'Ċ',newline ×1,0.00292378146856314,0.0005939436449615729
TestPeerCache.testEviction,4,strip indent,0,'Ċ',newline ×1,0.00626920465605601,0.0012735405516671088
TestPeerCache.testEviction,4,strip indent,0,'Ċ',newline ×1,0.010325291001990807,0.002097503195416711
TestPeerCache.testEviction,4,strip indent,0,'Ċ',newline ×1,0.006848978113161357,0.0013913170558510382
TestPeerCache.testEviction,4,strip indent,0,'Ċ',newline ×1,0.008774726778805768,0.0017825180378843594
TestPeerCache.testEviction,4,strip indent,0,'Ċ',newline ×1,0.01412555975190704,0.002869498468465643
PreviewDataPipelineTest.testLogicalTypePreviewRun,2,original,0,'Ċ',newline ×1,0.0002916918550911811,0.0001246981659657941
PreviewDataPipelineTest.testLogicalTypePreviewRun,2,original,0,'Ċ',newline ×1,0.004930243453880697,0.002107677351058036
PreviewDataPipelineTest.testLogicalTypePreviewRun,2,original,0,'Ġ',spaces ×1,0.00038438191652540965,0.00016432313478945918
PreviewDataPipelineTest.testLogicalTypePreviewRun,2,original,0,'Ġ',spaces ×1,0.0011631100830703683,0.0004972291534498262
PreviewDataPipelineTest.testLogicalTypePreviewRun,2,original,0,'Ġ',spaces ×1,0.001500730038983795,0.0006415615664433127
PreviewDataPipelineTest.testLogicalTypePreviewRun,2,original,0,'Ċ',newline ×1,0.0012397969403251784,0.0005300127580875568
PreviewDataPipelineTest.testLogicalTypePreviewRun,2,original,0,'Ġ',spaces ×1,0.002330073606175284,0.0009961056511658027
PreviewDataPipelineTest.testLogicalTypePreviewRun,2,original,0,'Ġ',spaces ×1,0.0012222718209275577,0.0005225207756784773
PreviewDataPipelineTest.testLogicalTypePreviewRun,2,original,0,'Ġ',spaces ×1,0.00182739360961005,0.0007812101285610254
PreviewDataPipelineTest.testLogicalTypePreviewRun,2,original,0,'Ċ',newline ×1,0.0015614245810748207,0.0006675084619454814
PreviewDataPipelineTest.testLogicalTypePreviewRun,2,original,0,'Ġ',spaces ×1,0.0015904717477793805,0.0006799261155458159
PreviewDataPipelineTest.testLogicalTypePreviewRun,2,original,0,'Ġ',spaces ×1,0.0011262373773067579,0.0004814660846405127
PreviewDataPipelineTest.testLogicalTypePreviewRun,2,original,0,'Ġ',spaces ×1,0.0021646437561910863,0.0009253844481943401
PreviewDataPipelineTest.testLogicalTypePreviewRun,2,original,0,'Ċ',newline ×1,0.0033092324582447135,0.0014146957177415824
PreviewDataPipelineTest.testLogicalTypePreviewRun,2,original,0,'Ġ',spaces ×1,0.002171363155175158,0.0009282569889083899
PreviewDataPipelineTest.testLogicalTypePreviewRun,2,original,0,'Ġ',spaces ×1,0.001084335138047856,0.0004635528920221874
PreviewDataPipelineTest.testLogicalTypePreviewRun,2,original,0,'Ġ',spaces ×1,0.002291556467243377,0.0009796395877525576
PreviewDataPipelineTest.testLogicalTypePreviewRun,2,original,0,'Ċ',newline ×1,0.0011722175990149385,0.0005011226133287012
PreviewDataPipelineTest.testLogicalTypePreviewRun,2,original,0,'Ġ',spaces ×1,0.0014408190030164038,0.000615949619534788
PreviewDataPipelineTest.testLogicalTypePreviewRun,2,original,0,'Ġ',spaces ×1,0.0008230538677795147,0.0003518552404251265
PreviewDataPipelineTest.testLogicalTypePreviewRun,2,original,0,'Ġ',spaces ×1,0.002463102415281633,0.0010529754205016314
PreviewDataPipelineTest.testLogicalTypePreviewRun,2,original,0,'Ċ',newline ×1,0.0029959129455690583,0.0012807517357276265
PreviewDataPipelineTest.testLogicalTypePreviewRun,2,original,0,'Ġ',spaces ×1,0.001762583299253012,0.0007535037435655641
PreviewDataPipelineTest.testLogicalTypePreviewRun,2,original,0,'Ġ',spaces ×1,9.700349922475387e-05,4.1468961969507005e-05
PreviewDataPipelineTest.testLogicalTypePreviewRun,2,original,0,'Ġ',spaces ×1,0.002385088010159557,0.0010196242896152571
PreviewDataPipelineTest.testLogicalTypePreviewRun,2,original,0,'Ċ',newline ×1,0.0026337583327902593,0.0011259307655107796
PreviewDataPipelineTest.testLogicalTypePreviewRun,2,original,0,'Ġ',spaces ×1,0.0017502028770961953,0.0007482111174263985
PreviewDataPipelineTest.testLogicalTypePreviewRun,2,original,0,'Ġ',spaces ×1,0.0003970372637179585,0.00016973329128518272
PreviewDataPipelineTest.testLogicalTypePreviewRun,2,original,0,'Ġ',spaces ×1,0.0014557479624223032,0.000622331744456005
PreviewDataPipelineTest.testLogicalTypePreviewRun,2,original,0,'Ċ',newline ×1,0.0003624401001602852,0.000154943015972518
PreviewDataPipelineTest.testLogicalTypePreviewRun,2,original,0,'Ġ',spaces ×1,0.0029573205197931584,0.0012642534872149233
PreviewDataPipelineTest.testLogicalTypePreviewRun,2,original,0,'Ġ',spaces ×1,0.0012608806234042074,0.0005390260252250197
PreviewDataPipelineTest.testLogicalTypePreviewRun,2,original,0,'Ġ',spaces ×1,0.0030733263362240234,0.0013138459331396527
PreviewDataPipelineTest.testLogicalTypePreviewRun,2,original,0,'Ċ',newline ×1,0.0011571971196035966,0.0004947013636371875
PreviewDataPipelineTest.testLogicalTypePreviewRun,2,original,0,'Ġ',spaces ×1,0.002386552134861298,0.0010202502024128403
PreviewDataPipelineTest.testLogicalTypePreviewRun,2,original,0,'Ġ',spaces ×1,0.0006184985252004651,0.00026440790306242007
PreviewDataPipelineTest.testLogicalTypePreviewRun,2,original,0,'Ġ',spaces ×1,0.001429811527688972,0.0006112439276846833
PreviewDataPipelineTest.testLogicalTypePreviewRun,2,original,0,'Ċ',newline ×1,0.0020220444630022344,0.0008644233002626987
PreviewDataPipelineTest.testLogicalTypePreviewRun,2,original,0,'Ġ',spaces ×1,0.00046993888820798946,0.00020089871024071777
PreviewDataPipelineTest.testLogicalTypePreviewRun,2,original,0,'Ġ',spaces ×1,0.0006143310920198695,0.00026262632683622466
PreviewDataPipelineTest.testLogicalTypePreviewRun,2,original,0,'Ġ',spaces ×1,0.0008155869284776331,0.0003486631264868354
PreviewDataPipelineTest.testLogicalTypePreviewRun,2,original,0,'Ċ',newline ×1,0.00035824308292478353,0.00015314879257320407
PreviewDataPipelineTest.testLogicalTypePreviewRun,2,original,0,'Ġ',spaces ×1,0.002940336134697887,0.001256992668530853
PreviewDataPipelineTest.testLogicalTypePreviewRun,2,original,0,'Ġ',spaces ×1,0.0016784016924060955,0.0007175161361002044
PreviewDataPipelineTest.testLogicalTypePreviewRun,2,original,0,'Ġ',spaces ×1,0.0017660069665049068,0.0007549673601175415
PreviewDataPipelineTest.testLogicalTypePreviewRun,2,original,0,'Ċ',newline ×1,0.0016553923289512138,0.0007076796412760098
PreviewDataPipelineTest.testLogicalTypePreviewRun,2,original,0,'Ġ',spaces ×1,0.0014332268512448497,0.0006127039773095336
PreviewDataPipelineTest.testLogicalTypePreviewRun,2,original,0,'Ġ',spaces ×1,0.000576188594043511,0.00024632042230036055
PreviewDataPipelineTest.testLogicalTypePreviewRun,2,original,0,'Ġ',spaces ×1,0.0013497926782702894,0.0005770358975630207
PreviewDataPipelineTest.testLogicalTypePreviewRun,2,original,0,'Ċ',newline ×1,0.0008487196596159909,0.00036282735745276165
PreviewDataPipelineTest.testLogicalTypePreviewRun,2,original,0,'Ġ',spaces ×1,0.0004368996653332588,0.00018677445402476633
PreviewDataPipelineTest.testLogicalTypePreviewRun,2,original,0,'Ġ',spaces ×1,0.00025075238373773275,0.00010719655629010275
PreviewDataPipelineTest.testLogicalTypePreviewRun,2,original,0,'Ġ',spaces ×1,0.0011360175939429669,0.00048564712382963293
PreviewDataPipelineTest.testLogicalTypePreviewRun,2,original,0,'Ċ',newline ×1,0.0004776691993611735,0.00020420341555326635
PreviewDataPipelineTest.testLogicalTypePreviewRun,2,original,0,'Ġ',spaces ×1,0.001958266896998474,0.000837158413116826
PreviewDataPipelineTest.testLogicalTypePreviewRun,2,original,0,'Ġ',spaces ×1,0.0007801475822231948,0.0003335128183660489
PreviewDataPipelineTest.testLogicalTypePreviewRun,2,original,0,'Ġ',spaces ×1,0.0006717795043579085,0.000287185503005065
PreviewDataPipelineTest.testLogicalTypePreviewRun,2,original,0,'Ċ',newline ×1,0.0003712246781673377,0.0001586984199961253
PreviewDataPipelineTest.testLogicalTypePreviewRun,2,original,0,'Ġ',spaces ×1,0.0005789981111901758,0.000247521489897291
PreviewDataPipelineTest.testLogicalTypePreviewRun,2,original,0,'Ġ',spaces ×1,0.0012968909140392295,0.0005544204118686879
PreviewDataPipelineTest.testLogicalTypePreviewRun,2,original,0,'Ġ',spaces ×1,0.001817418128587214,0.0007769456139149602
PreviewDataPipelineTest.testLogicalTypePreviewRun,2,original,0,'Ċ',newline ×1,0.0035205736870969305,0.001505044019111158
PreviewDataPipelineTest.testLogicalTypePreviewRun,2,original,0,'Ġ',spaces ×1,0.004282766509267395,0.001830881183838433
PreviewDataPipelineTest.testLogicalTypePreviewRun,2,original,0,'Ġ',spaces ×1,0.002729878043705197,0.0011670219082871465
PreviewDataPipelineTest.testLogicalTypePreviewRun,2,original,0,'Ġ',spaces ×1,0.0018060128710983,0.0007720698703300369
PreviewDataPipelineTest.testLogicalTypePreviewRun,2,original,0,'Ċ',newline ×1,0.0005345494914055042,0.0002285197204953759
PreviewDataPipelineTest.testLogicalTypePreviewRun,2,original,0,'Ġ',spaces ×1,0.0014853446118219067,0.0006349843017161641
PreviewDataPipelineTest.testLogicalTypePreviewRun,2,original,0,'Ġ',spaces ×1,0.00233834417000484,0.000999641314308424
PreviewDataPipelineTest.testLogicalTypePreviewRun,2,original,0,'Ġ',spaces ×1,0.005680834875843858,0.0024285549212569217
PreviewDataPipelineTest.testLogicalTypePreviewRun,2,original,0,'Ċ',newline ×1,0.0010399765469610851,0.0004445896098571168
PreviewDataPipelineTest.testLogicalTypePreviewRun,2,original,0,'Ġ',spaces ×1,0.002079284947644349,0.0008888935874143015
PreviewDataPipelineTest.testLogicalTypePreviewRun,2,original,0,'Ġ',spaces ×1,0.0011971992418647953,0.0005118022569039935
PreviewDataPipelineTest.testLogicalTypePreviewRun,2,original,0,'Ġ',spaces ×1,0.0053116390897645915,0.0022707238519183797
PreviewDataPipelineTest.testLogicalTypePreviewRun,2,original,0,'Ċ',newline ×1,0.004680473496680439,0.0020009007817688765
PreviewDataPipelineTest.testLogicalTypePreviewRun,2,original,0,'Ġ',spaces ×1,0.0004641396792491673,0.00019841955044041593
PreviewDataPipelineTest.testLogicalTypePreviewRun,2,original,0,'Ġ',spaces ×1,0.0008230764044740123,0.00035186487485413685
PreviewDataPipelineTest.testLogicalTypePreviewRun,2,original,0,'Ġ',spaces ×1,0.00013454493964605186,5.7517914610939615e-05
PreviewDataPipelineTest.testLogicalTypePreviewRun,2,original,0,'Ċ',newline ×1,0.0019148638981426732,0.0008186036462960591
PreviewDataPipelineTest.testLogicalTypePreviewRun,2,original,0,'Ġ',spaces ×1,0.0007284970499904359,0.00031143223391308627
PreviewDataPipelineTest.testLogicalTypePreviewRun,2,original,0,'Ġ',spaces ×1,0.00010607290329356643,4.534612903483392e-05
PreviewDataPipelineTest.testLogicalTypePreviewRun,2,original,0,'Ġ',spaces ×1,5.30115402275097e-05,2.2662414894395974e-05
PreviewDataPipelineTest.testLogicalTypePreviewRun,2,original,0,'Ċ',newline ×1,0.0012612384631635804,0.0005391790015969157
PreviewDataPipelineTest.testLogicalTypePreviewRun,2,original,0,'Ġ',spaces ×1,0.0002565303423694676,0.00010966663158301191
PreviewDataPipelineTest.testLogicalTypePreviewRun,2,original,0,'Ġ',spaces ×1,0.0006769394850039647,0.00028939139292537513
PreviewDataPipelineTest.testLogicalTypePreviewRun,2,original,0,'Ġ',spaces ×1,0.0026725404430227237,0.001142510104062279
PreviewDataPipelineTest.testLogicalTypePreviewRun,2,original,0,'Ċ',newline ×1,0.0005958020731714037,0.0002547051777632516
PreviewDataPipelineTest.testLogicalTypePreviewRun,2,original,0,'Ġ',spaces ×1,0.0001583911510617506,6.771216164550523e-05
PreviewDataPipelineTest.testLogicalTypePreviewRun,2,original,0,'Ġ',spaces ×1,0.000795172816478107,0.00033993610075152485
PreviewDataPipelineTest.testLogicalTypePreviewRun,2,original,0,'Ġ',spaces ×1,0.003091975948701306,0.00132181863594674
PreviewDataPipelineTest.testLogicalTypePreviewRun,2,original,0,'Ċ',newline ×1,0.0026183006949423494,0.0011193226307406288
PreviewDataPipelineTest.testLogicalTypePreviewRun,2,original,0,'Ġ',spaces ×1,0.001936061944757273,0.0008276658038049539
PreviewDataPipelineTest.testLogicalTypePreviewRun,2,original,0,'Ġ',spaces ×1,0.0003974602218381601,0.00016991410573354295
PreviewDataPipelineTest.testLogicalTypePreviewRun,2,original,0,'Ġ',spaces ×1,0.0010325277015591507,0.0004414052310547207
PreviewDataPipelineTest.testLogicalTypePreviewRun,2,original,0,'Ċ',newline ×1,0.003303332664761509,0.0014121735580923094
PreviewDataPipelineTest.testLogicalTypePreviewRun,2,original,0,'Ġ',spaces ×1,0.0014754016857133469,0.0006307337042845586
PreviewDataPipelineTest.testLogicalTypePreviewRun,2,original,0,'Ġ',spaces ×1,0.000767753910581772,0.00032821452807685114
PreviewDataPipelineTest.testLogicalTypePreviewRun,2,original,0,'Ġ',spaces ×1,8.697864941575992e-05,3.718334218463739e-05
PreviewDataPipelineTest.testLogicalTypePreviewRun,2,original,0,'Ċ',newline ×1,0.0011481905689857412,0.0004908510664001475
PreviewDataPipelineTest.testLogicalTypePreviewRun,2,original,0,'Ġ',spaces ×1,0.0005362890160954439,0.00022926336669153
PreviewDataPipelineTest.testLogicalTypePreviewRun,2,original,0,'Ġ',spaces ×1,0.0005335411746801043,0.00022808866544815593
PreviewDataPipelineTest.testLogicalTypePreviewRun,2,original,0,'Ġ',spaces ×1,9.97421685943917e-05,4.2639742166553585e-05
PreviewDataPipelineTest.testLogicalTypePreviewRun,2,original,0,'Ċ',newline ×1,2.5135267412979044e-05,1.0745318022261907e-05
PreviewDataPipelineTest.testLogicalTypePreviewRun,2,original,0,'Ġ',spaces ×1,0.0011235168425370026,0.00048030305697856923
PreviewDataPipelineTest.testLogicalTypePreviewRun,2,original,0,'Ġ',spaces ×1,0.00023846370824675493,0.00010194315181847386
PreviewDataPipelineTest.testLogicalTypePreviewRun,2,original,0,'Ġ',spaces ×1,0.0006432311863826496,0.00027498110706192057
PreviewDataPipelineTest.testLogicalTypePreviewRun,2,indent +4,5,'Ċ',newline ×1,0.0017549438092263313,0.0019790532930684134
PreviewDataPipelineTest.testLogicalTypePreviewRun,2,indent +4,5,'Ġ',spaces ×1,0.012656648514644953,0.014272925315574664
PreviewDataPipelineTest.testLogicalTypePreviewRun,2,indent +4,5,'Ġ',spaces ×1,0.001860841533471783,0.0020984743473463872
PreviewDataPipelineTest.testLogicalTypePreviewRun,2,indent +4,5,'Ġ',spaces ×1,0.014434308011481647,0.016277595130456058
PreviewDataPipelineTest.testLogicalTypePreviewRun,2,indent +4,5,'Ċ',newline ×1,0.001257576851729059,0.001418171679695088
PreviewDataPipelineTest.testLogicalTypePreviewRun,2,indent +4,5,'Ġ',spaces ×1,0.0026731512062028824,0.0030145174276764186
PreviewDataPipelineTest.testLogicalTypePreviewRun,2,indent +4,5,'Ġ',spaces ×1,0.0010393968796530114,0.0011721297323981931
PreviewDataPipelineTest.testLogicalTypePreviewRun,2,indent +4,5,'Ġ',spaces ×1,0.0007554409705612759,0.0008519121425130923
PreviewDataPipelineTest.testLogicalTypePreviewRun,2,indent +4,5,'Ġ',spaces ×1,0.0009877508479994449,0.001113888409524747
PreviewDataPipelineTest.testLogicalTypePreviewRun,2,indent +4,5,'Ġ',spaces ×1,0.0010999080518280468,0.001240368290197504
PreviewDataPipelineTest.testLogicalTypePreviewRun,2,indent +4,5,'Ġ',spaces ×1,0.0008286986659294256,0.0009345249774646879
PreviewDataPipelineTest.testLogicalTypePreviewRun,2,indent +4,5,'Ġ',spaces ×1,0.0010939785974726987,0.0012336816338462538
PreviewDataPipelineTest.testLogicalTypePreviewRun,2,indent +4,5,'Ċ',newline ×1,0.0009202391808584252,0.0010377553809493903
PreviewDataPipelineTest.testLogicalTypePreviewRun,2,indent +4,5,'Ġ',spaces ×1,0.003384639187526679,0.0038168637050983766
PreviewDataPipelineTest.testLogicalTypePreviewRun,2,indent +4,5,'Ġ',spaces ×1,0.0024672700026270806,0.0027823448237585735
PreviewDataPipelineTest.testLogicalTypePreviewRun,2,indent +4,5,'Ġ',spaces ×1,0.001932113948946638,0.002178848378588239
PreviewDataPipelineTest.testLogicalTypePreviewRun,2,indent +4,5,'Ġ',spaces ×1,0.00183364238262042,0.0020678018159650067
PreviewDataPipelineTest.testLogicalTypePreviewRun,2,indent +4,5,'Ġ',spaces ×1,0.0017313313597642462,0.001952425491300816
PreviewDataPipelineTest.testLogicalTypePreviewRun,2,indent +4,5,'Ġ',spaces ×1,0.0013524266863881524,0.0015251340089971449
PreviewDataPipelineTest.testLogicalTypePreviewRun,2,indent +4,5,'Ġ',spaces ×1,0.001591014163128953,0.0017941895360438626
PreviewDataPipelineTest.testLogicalTypePreviewRun,2,indent +4,5,'Ċ',newline ×1,0.0008099929265544996,0.00091343048149587
PreviewDataPipelineTest.testLogicalTypePreviewRun,2,indent +4,5,'Ġ',spaces ×1,0.001937764599170722,0.0021852206270187354
PreviewDataPipelineTest.testLogicalTypePreviewRun,2,indent +4,5,'Ġ',spaces ×1,0.0015506826195574933,0.0017487075817499427
PreviewDataPipelineTest.testLogicalTypePreviewRun,2,indent +4,5,'Ġ',spaces ×1,0.0018056879887802522,0.0020362775957054957
PreviewDataPipelineTest.testLogicalTypePreviewRun,2,indent +4,5,'Ġ',spaces ×1,0.0015943065186011297,0.0017979023312370236
PreviewDataPipelineTest.testLogicalTypePreviewRun,2,indent +4,5,'Ġ',spaces ×1,0.0014476575292144535,0.0016325260018952865
PreviewDataPipelineTest.testLogicalTypePreviewRun,2,indent +4,5,'Ġ',spaces ×1,0.0013632800330826045,0.0015373733476036259
PreviewDataPipelineTest.testLogicalTypePreviewRun,2,indent +4,5,'Ġ',spaces ×1,0.0019073306092617492,0.0021509001618084467
PreviewDataPipelineTest.testLogicalTypePreviewRun,2,indent +4,5,'Ċ',newline ×1,0.0008651003717119267,0.0009755752466091601
PreviewDataPipelineTest.testLogicalTypePreviewRun,2,indent +4,5,'Ġ',spaces ×1,0.0012358660387335426,0.001393688356794333
PreviewDataPipelineTest.testLogicalTypePreviewRun,2,indent +4,5,'Ġ',spaces ×1,0.0008452671099728689,0.0009532092416404462
PreviewDataPipelineTest.testLogicalTypePreviewRun,2,indent +4,5,'Ġ',spaces ×1,0.0008265109380035352,0.0009320578727441215
PreviewDataPipelineTest.testLogicalTypePreviewRun,2,indent +4,5,'Ġ',spaces ×1,0.0004490820586575984,0.0005064306460251124
PreviewDataPipelineTest.testLogicalTypePreviewRun,2,indent +4,5,'Ġ',spaces ×1,0.0015189287311408207,0.001712898664616324
PreviewDataPipelineTest.testLogicalTypePreviewRun,2,indent +4,5,'Ġ',spaces ×1,0.0005595598858636738,0.0006310166906572849
PreviewDataPipelineTest.testLogicalTypePreviewRun,2,indent +4,5,'Ġ',spaces ×1,0.0012634036221318727,0.0014247425391682043
PreviewDataPipelineTest.testLogicalTypePreviewRun,2,indent +4,5,'Ċ',newline ×1,0.0009994785977655485,0.0011271138140493066
PreviewDataPipelineTest.testLogicalTypePreviewRun,2,indent +4,5,'Ġ',spaces ×1,0.001476028762608239,0.001664520292869843
PreviewDataPipelineTest.testLogicalTypePreviewRun,2,indent +4,5,'Ġ',spaces ×1,0.0010166078745187778,0.0011464305302815508
PreviewDataPipelineTest.testLogicalTypePreviewRun,2,indent +4,5,'Ġ',spaces ×1,0.001103552680718302,0.0012444783447584256
PreviewDataPipelineTest.testLogicalTypePreviewRun,2,indent +4,5,'Ġ',spaces ×1,0.0010176175059426582,0.0011475690934558878
PreviewDataPipelineTest.testLogicalTypePreviewRun,2,indent +4,5,'Ġ',spaces ×1,0.0010839516230607064,0.0012223741967504107
PreviewDataPipelineTest.testLogicalTypePreviewRun,2,indent +4,5,'Ġ',spaces ×1,0.0008695396799711316,0.0009805814625250978
PreviewDataPipelineTest.testLogicalTypePreviewRun,2,indent +4,5,'Ġ',spaces ×1,0.0008769069086856053,0.0009888894996095416
PreviewDataPipelineTest.testLogicalTypePreviewRun,2,indent +4,5,'Ċ',newline ×1,0.0013746752803646622,0.0015502237884783266
PreviewDataPipelineTest.testLogicalTypePreviewRun,2,indent +4,5,'Ġ',spaces ×1,0.0014316199886880592,0.0016144404385714836
PreviewDataPipelineTest.testLogicalTypePreviewRun,2,indent +4,5,'Ġ',spaces ×1,0.0011494103973740699,0.0012961921743882216
PreviewDataPipelineTest.testLogicalTypePreviewRun,2,indent +4,5,'Ġ',spaces ×1,0.0010531655353443782,0.00118765667020889
PreviewDataPipelineTest.testLogicalTypePreviewRun,2,indent +4,5,'Ġ',spaces ×1,0.00041993231669424925,0.0004735584295351195
PreviewDataPipelineTest.testLogicalTypePreviewRun,2,indent +4,5,'Ġ',spaces ×1,0.006937279805674607,0.007823182925959257
PreviewDataPipelineTest.testLogicalTypePreviewRun,2,indent +4,5,'Ġ',spaces ×1,0.00013631518545623156,0.00015372288004555378
PreviewDataPipelineTest.testLogicalTypePreviewRun,2,indent +4,5,'Ġ',spaces ×1,0.0007265300882926254,0.0008193092885308272
PreviewDataPipelineTest.testLogicalTypePreviewRun,2,indent +4,5,'Ċ',newline ×1,0.0010188998501353456,0.0011490151953105698
PreviewDataPipelineTest.testLogicalTypePreviewRun,2,indent +4,5,'Ġ',spaces ×1,0.0012457295848997065,0.0014048114955631374
PreviewDataPipelineTest.testLogicalTypePreviewRun,2,indent +4,5,'Ġ',spaces ×1,0.0009703636102740092,0.0010942807902397417
PreviewDataPipelineTest.testLogicalTypePreviewRun,2,indent +4,5,'Ġ',spaces ×1,0.0011270801282285176,0.0012710102896718717
PreviewDataPipelineTest.testLogicalTypePreviewRun,2,indent +4,5,'Ġ',spaces ×1,0.0011857867380558854,0.0013372138392629862
PreviewDataPipelineTest.testLogicalTypePreviewRun,2,indent +4,5,'Ġ',spaces ×1,0.0010374503668151233,0.0011699346463666235
PreviewDataPipelineTest.testLogicalTypePreviewRun,2,indent +4,5,'Ġ',spaces ×1,0.0007028387382546429,0.0007925925104417467
PreviewDataPipelineTest.testLogicalTypePreviewRun,2,indent +4,5,'Ġ',spaces ×1,0.00041886719938807166,0.0004723572948314254
PreviewDataPipelineTest.testLogicalTypePreviewRun,2,indent +4,5,'Ċ',newline ×1,0.0009256137039963559,0.001043816240367723
PreviewDataPipelineTest.testLogicalTypePreviewRun,2,indent +4,5,'Ġ',spaces ×1,0.0007254868533675422,0.0008181328306276879
PreviewDataPipelineTest.testLogicalTypePreviewRun,2,indent +4,5,'Ġ',spaces ×1,0.0005681104350794229,0.0006406591604013344
PreviewDataPipelineTest.testLogicalTypePreviewRun,2,indent +4,5,'Ġ',spaces ×1,0.00019725410012351376,0.00022244380382343082
PreviewDataPipelineTest.testLogicalTypePreviewRun,2,indent +4,5,'Ġ',spaces ×1,0.0011329591796639222,0.001277640106559562
PreviewDataPipelineTest.testLogicalTypePreviewRun,2,indent +4,5,'Ġ',spaces ×1,0.0030535835742537517,0.003443531694015124
PreviewDataPipelineTest.testLogicalTypePreviewRun,2,indent +4,5,'Ġ',spaces ×1,0.0037241065432729796,0.004199681653312409
PreviewDataPipelineTest.testLogicalTypePreviewRun,2,indent +4,5,'Ġ',spaces ×1,0.0005561659442245646,0.0006271893365607899
PreviewDataPipelineTest.testLogicalTypePreviewRun,2,indent +4,5,'Ċ',newline ×1,0.001616346308048213,0.001822756641474463
PreviewDataPipelineTest.testLogicalTypePreviewRun,2,indent +4,5,'Ġ',spaces ×1,0.0008161192247120297,0.0009203391189572163
PreviewDataPipelineTest.testLogicalTypePreviewRun,2,indent +4,5,'Ġ',spaces ×1,0.0026138050315358988,0.0029475926396642688
PreviewDataPipelineTest.testLogicalTypePreviewRun,2,indent +4,5,'Ġ',spaces ×1,0.0014851611330433294,0.0016748188834503892
PreviewDataPipelineTest.testLogicalTypePreviewRun,2,indent +4,5,'Ġ',spaces ×1,0.0062735894837275515,0.007074738155065991
PreviewDataPipelineTest.testLogicalTypePreviewRun,2,indent +4,5,'Ġ',spaces ×1,0.0006167086068741606,0.0006954634062249545
PreviewDataPipelineTest.testLogicalTypePreviewRun,2,indent +4,5,'Ġ',spaces ×1,0.0031586410625460406,0.0035620052126960496
PreviewDataPipelineTest.testLogicalTypePreviewRun,2,indent +4,5,'Ġ',spaces ×1,0.0031209324357145607,0.00351948112633181
PreviewDataPipelineTest.testLogicalTypePreviewRun,2,indent +4,5,'Ċ',newline ×1,0.00011836162312245294,0.00013347661548017292
PreviewDataPipelineTest.testLogicalTypePreviewRun,2,indent +4,5,'Ġ',spaces ×1,0.0007873795168518601,0.0008879292986635584
PreviewDataPipelineTest.testLogicalTypePreviewRun,2,indent +4,5,'Ġ',spaces ×1,0.009604747992393829,0.010831291602332881
PreviewDataPipelineTest.testLogicalTypePreviewRun,2,indent +4,5,'Ġ',spaces ×1,0.0005965373744244219,0.000672716271077361
PreviewDataPipelineTest.testLogicalTypePreviewRun,2,indent +4,5,'Ġ',spaces ×1,0.002427775995696849,0.0027378073610427735
PreviewDataPipelineTest.testLogicalTypePreviewRun,2,indent +4,5,'Ġ',spaces ×1,0.010419285216064042,0.011749846695867183
PreviewDataPipelineTest.testLogicalTypePreviewRun,2,indent +4,5,'Ġ',spaces ×1,0.004145749562746012,0.00467516924545092
PreviewDataPipelineTest.testLogicalTypePreviewRun,2,indent +4,5,'Ġ',spaces ×1,0.0007594012176423569,0.0008563781202760117
PreviewDataPipelineTest.testLogicalTypePreviewRun,2,indent +4,5,'Ċ',newline ×1,0.0023660083261986976,0.002668151848950128
PreviewDataPipelineTest.testLogicalTypePreviewRun,2,indent +4,5,'Ġ',spaces ×1,0.0009809755088532874,0.001106247847372065
PreviewDataPipelineTest.testLogicalTypePreviewRun,2,indent +4,5,'Ġ',spaces ×1,0.0010638486030201794,0.0011997039848594872
PreviewDataPipelineTest.testLogicalTypePreviewRun,2,indent +4,5,'Ġ',spaces ×1,0.0011117896051510818,0.0012537671392701057
PreviewDataPipelineTest.testLogicalTypePreviewRun,2,indent +4,5,'Ġ',spaces ×1,0.013459619150005406,0.015178436746648863
PreviewDataPipelineTest.testLogicalTypePreviewRun,2,indent +4,5,'Ġ',spaces ×1,0.0020005688460854806,0.0022560450893302263
PreviewDataPipelineTest.testLogicalTypePreviewRun,2,indent +4,5,'Ġ',spaces ×1,0.0014528231919253088,0.0016383513290339974
PreviewDataPipelineTest.testLogicalTypePreviewRun,2,indent +4,5,'Ġ',spaces ×1,0.00036774675160272327,0.000414708673832371
PreviewDataPipelineTest.testLogicalTypePreviewRun,2,indent +4,5,'Ċ',newline ×1,0.0021623546664352603,0.002438491250199707
PreviewDataPipelineTest.testLogicalTypePreviewRun,2,indent +4,5,'Ġ',spaces ×1,0.0005623675342300287,0.0006341828807745984
PreviewDataPipelineTest.testLogicalTypePreviewRun,2,indent +4,5,'Ġ',spaces ×1,0.001977943687438913,0.0022305306571926953
PreviewDataPipelineTest.testLogicalTypePreviewRun,2,indent +4,5,'Ġ',spaces ×1,0.00230705888880846,0.002601674462279206
PreviewDataPipelineTest.testLogicalTypePreviewRun,2,indent +4,5,'Ġ',spaces ×1,0.0028824359781356853,0.0032505282417578563
PreviewDataPipelineTest.testLogicalTypePreviewRun,2,indent +4,5,'Ġ',spaces ×1,0.0019307857469468724,0.0021773505628019576
PreviewDataPipelineTest.testLogicalTypePreviewRun,2,indent +4,5,'Ġ',spaces ×1,0.001235700436894455,0.0013935016073022628
PreviewDataPipelineTest.testLogicalTypePreviewRun,2,indent +4,5,'Ġ',spaces ×1,0.00021407260685020916,0.0002414100641372772
PreviewDataPipelineTest.testLogicalTypePreviewRun,2,indent +4,5,'Ċ',newline ×1,0.003336422584291986,0.0037624897548268516
PreviewDataPipelineTest.testLogicalTypePreviewRun,2,indent +4,5,'Ġ',spaces ×1,0.0009109902080995016,0.0010273252977183395
PreviewDataPipelineTest.testLogicalTypePreviewRun,2,indent +4,5,'Ġ',spaces ×1,0.003128355774975008,0.003527852439379963
PreviewDataPipelineTest.testLogicalTypePreviewRun,2,indent +4,5,'Ġ',spaces ×1,0.0006415100190433344,0.0007234320033778108
PreviewDataPipelineTest.testLogicalTypePreviewRun,2,indent +4,5,'Ġ',spaces ×1,0.0031629262524535988,0.003566837629069378
PreviewDataPipelineTest.testLogicalTypePreviewRun,2,indent +4,5,'Ġ',spaces ×1,0.007618772505079413,0.00859170346996103
PreviewDataPipelineTest.testLogicalTypePreviewRun,2,indent +4,5,'Ġ',spaces ×1,0.005928411852082976,0.006685480718441334
PreviewDataPipelineTest.testLogicalTypePreviewRun,2,indent +4,5,'Ġ',spaces ×1,0.004418592337733859,0.004982854534000226
PreviewDataPipelineTest.testLogicalTypePreviewRun,2,indent +4,5,'Ċ',newline ×1,0.0013439729830846642,0.0015156007525627025
PreviewDataPipelineTest.testLogicalTypePreviewRun,2,indent +4,5,'Ġ',spaces ×1,0.0016434549829914744,0.0018533271430113947
PreviewDataPipelineTest.testLogicalTypePreviewRun,2,indent +4,5,'Ġ',spaces ×1,0.000971874148351642,0.0010959842267492916
PreviewDataPipelineTest.testLogicalTypePreviewRun,2,indent +4,5,'Ġ',spaces ×1,0.005616168654358836,0.00633336350224021
PreviewDataPipelineTest.testLogicalTypePreviewRun,2,indent +4,5,'Ġ',spaces ×1,0.0010734432775195485,0.0012105239165656008
PreviewDataPipelineTest.testLogicalTypePreviewRun,2,indent +4,5,'Ġ',spaces ×1,0.0036466656045335967,0.004112351367280032
PreviewDataPipelineTest.testLogicalTypePreviewRun,2,indent +4,5,'Ġ',spaces ×1,0.0014067447053108125,0.001586388536724294
PreviewDataPipelineTest.testLogicalTypePreviewRun,2,indent +4,5,'Ġ',spaces ×1,0.0012404880336037054,0.0013989005887303362
PreviewDataPipelineTest.testLogicalTypePreviewRun,2,indent +4,5,'Ċ',newline ×1,0.001085414158524534,0.0012240235006259538
PreviewDataPipelineTest.testLogicalTypePreviewRun,2,indent +4,5,'Ġ',spaces ×1,0.00040565979847884045,0.00045746328504896297
PreviewDataPipelineTest.testLogicalTypePreviewRun,2,indent +4,5,'Ġ',spaces ×1,0.0012245426150849278,0.0013809189115603687
PreviewDataPipelineTest.testLogicalTypePreviewRun,2,indent +4,5,'Ġ',spaces ×1,0.0014157801730208,0.001596577849927289
PreviewDataPipelineTest.testLogicalTypePreviewRun,2,indent +4,5,'Ġ',spaces ×1,0.001306395365629926,0.0014732244057084692
PreviewDataPipelineTest.testLogicalTypePreviewRun,2,indent +4,5,'Ġ',spaces ×1,0.0014449155378959124,0.0016294338533489943
PreviewDataPipelineTest.testLogicalTypePreviewRun,2,indent +4,5,'Ġ',spaces ×1,0.0018125291131813222,0.002043992344008575
PreviewDataPipelineTest.testLogicalTypePreviewRun,2,indent +4,5,'Ġ',spaces ×1,0.004013693677103499,0.0045262495854732614
PreviewDataPipelineTest.testLogicalTypePreviewRun,2,indent +4,5,'Ċ',newline ×1,0.002289705793155113,0.002582105345070361
PreviewDataPipelineTest.testLogicalTypePreviewRun,2,indent +4,5,'Ġ',spaces ×1,0.0034262220347020976,0.003863756756719187
PreviewDataPipelineTest.testLogicalTypePreviewRun,2,indent +4,5,'Ġ',spaces ×1,0.012025121994085525,0.013560751721410325
PreviewDataPipelineTest.testLogicalTypePreviewRun,2,indent +4,5,'Ġ',spaces ×1,0.0022742739984580804,0.002564702882408846
PreviewDataPipelineTest.testLogicalTypePreviewRun,2,indent +4,5,'Ġ',spaces ×1,0.004286173073188889,0.00483352509098008
PreviewDataPipelineTest.testLogicalTypePreviewRun,2,indent +4,5,'Ġ',spaces ×1,0.002335386404728488,0.0026336194529799025
PreviewDataPipelineTest.testLogicalTypePreviewRun,2,indent +4,5,'Ġ',spaces ×1,0.009197915785905526,0.010372506190660975
PreviewDataPipelineTest.testLogicalTypePreviewRun,2,indent +4,5,'Ġ',spaces ×1,0.0022612373556113513,0.0025500014368008807
PreviewDataPipelineTest.testLogicalTypePreviewRun,2,indent +4,5,'Ċ',newline ×1,0.000511460451788393,0.0005767748722577678
PreviewDataPipelineTest.testLogicalTypePreviewRun,2,indent +4,5,'Ġ',spaces ×1,0.0004174981298869705,0.00047081339269031456
PreviewDataPipelineTest.testLogicalTypePreviewRun,2,indent +4,5,'Ġ',spaces ×1,0.005825887982682458,0.0065698643663459014
PreviewDataPipelineTest.testLogicalTypePreviewRun,2,indent +4,5,'Ġ',spaces ×1,0.004388264600350327,0.004948653889954162
PreviewDataPipelineTest.testLogicalTypePreviewRun,2,indent +4,5,'Ġ',spaces ×1,0.0007176398161533851,0.0008092837126343577
PreviewDataPipelineTest.testLogicalTypePreviewRun,2,indent +4,5,'Ġ',spaces ×1,0.0018008221801636948,0.0020307904145687485
PreviewDataPipelineTest.testLogicalTypePreviewRun,2,indent +4,5,'Ġ',spaces ×1,0.00010485654525301807,0.00011824691485378467
PreviewDataPipelineTest.testLogicalTypePreviewRun,2,indent +4,5,'Ġ',spaces ×1,0.0002466857352504869,0.0002781879477472867
PreviewDataPipelineTest.testLogicalTypePreviewRun,2,indent +4,5,'Ċ',newline ×1,0.0002028402819498681,0.00022874335112574545
PreviewDataPipelineTest.testLogicalTypePreviewRun,2,indent +4,5,'Ġ',spaces ×1,0.00054058640028799,0.0006096202568158522
PreviewDataPipelineTest.testLogicalTypePreviewRun,2,indent +4,5,'Ġ',spaces ×1,0.00016410223028548237,0.00018505838052417694
PreviewDataPipelineTest.testLogicalTypePreviewRun,2,indent +4,5,'Ġ',spaces ×1,0.0006155005519568105,0.0006941010805198123
PreviewDataPipelineTest.testLogicalTypePreviewRun,2,indent +4,5,'Ġ',spaces ×1,0.0006126452408213134,0.0006908811410119305
PreviewDataPipelineTest.testLogicalTypePreviewRun,2,indent +4,5,'Ġ',spaces ×1,0.0004924164239216008,0.0005552988877476557
PreviewDataPipelineTest.testLogicalTypePreviewRun,2,indent +4,5,'Ġ',spaces ×1,0.0006644372060328735,0.0007492870334214485
PreviewDataPipelineTest.testLogicalTypePreviewRun,2,indent +4,5,'Ġ',spaces ×1,0.0008013085711595459,0.0009036371182826418
PreviewDataPipelineTest.testLogicalTypePreviewRun,2,indent +4,5,'Ċ',newline ×1,0.0005327790081293859,0.0006008158466230417
PreviewDataPipelineTest.testLogicalTypePreviewRun,2,indent +4,5,'Ġ',spaces ×1,0.0008255589334339264,0.0009309842954770914
PreviewDataPipelineTest.testLogicalTypePreviewRun,2,indent +4,5,'Ġ',spaces ×1,0.0004231287692897294,0.000477163074881577
PreviewDataPipelineTest.testLogicalTypePreviewRun,2,indent +4,5,'Ġ',spaces ×1,0.0006077654513484973,0.0006853781936384105
PreviewDataPipelineTest.testLogicalTypePreviewRun,2,indent +4,5,'Ġ',spaces ×1,0.0006478130157953393,0.0007305399041622548
PreviewDataPipelineTest.testLogicalTypePreviewRun,2,indent +4,5,'Ġ',spaces ×1,0.00014892751527842207,0.00016794582709186116
PreviewDataPipelineTest.testLogicalTypePreviewRun,2,indent +4,5,'Ġ',spaces ×1,0.0005245065924217606,0.0005914870285368239
PreviewDataPipelineTest.testLogicalTypePreviewRun,2,indent +4,5,'Ġ',spaces ×1,0.00020927123160078453,0.0002359955446246439
PreviewDataPipelineTest.testLogicalTypePreviewRun,2,indent +4,5,'Ċ',newline ×1,0.0005577764194169854,0.0006290054723346015
PreviewDataPipelineTest.testLogicalTypePreviewRun,2,indent +4,5,'Ġ',spaces ×1,0.0009530776112303892,0.0010747873379984788
PreviewDataPipelineTest.testLogicalTypePreviewRun,2,indent +4,5,'Ġ',spaces ×1,0.00012504606547002043,0.0001410146731494446
PreviewDataPipelineTest.testLogicalTypePreviewRun,2,indent +4,5,'Ġ',spaces ×1,0.00046375680012290707,0.0005229793783942986
PreviewDataPipelineTest.testLogicalTypePreviewRun,2,indent +4,5,'Ġ',spaces ×1,0.0003337231493122508,0.00037634019627713
PreviewDataPipelineTest.testLogicalTypePreviewRun,2,indent +4,5,'Ġ',spaces ×1,0.00029251071255276945,0.00032986485714921697
PreviewDataPipelineTest.testLogicalTypePreviewRun,2,indent +4,5,'Ġ',spaces ×1,0.00031460604850902806,0.0003547818072850529
PreviewDataPipelineTest.testLogicalTypePreviewRun,2,indent +4,5,'Ġ',spaces ×1,0.0002962998996155566,0.0003341379302215492
PreviewDataPipelineTest.testLogicalTypePreviewRun,2,indent +4,5,'Ċ',newline ×1,0.0032457573183326486,0.0036602463711809374
PreviewDataPipelineTest.testLogicalTypePreviewRun,2,indent +4,5,'Ġ',spaces ×1,0.0009190738651727354,0.0010364412523527343
PreviewDataPipelineTest.testLogicalTypePreviewRun,2,indent +4,5,'Ġ',spaces ×1,0.0005416128407792682,0.0006107777756057549
PreviewDataPipelineTest.testLogicalTypePreviewRun,2,indent +4,5,'Ġ',spaces ×1,0.004767083154046,0.0053758482549391825
PreviewDataPipelineTest.testLogicalTypePreviewRun,2,indent +4,5,'Ġ',spaces ×1,0.013922716111741344,0.015700672024106275
PreviewDataPipelineTest.testLogicalTypePreviewRun,2,indent +4,5,'Ġ',spaces ×1,0.002421855672085307,0.002731131001447752
PreviewDataPipelineTest.testLogicalTypePreviewRun,2,indent +4,5,'Ġ',spaces ×1,0.0014993076317976499,0.001690771915563405
PreviewDataPipelineTest.testLogicalTypePreviewRun,2,indent +4,5,'Ġ',spaces ×1,0.0014966818813836114,0.0016878108520943875
PreviewDataPipelineTest.testLogicalTypePreviewRun,2,indent +4,5,'Ċ',newline ×1,0.00014787549353897467,0.00016675946028234446
PreviewDataPipelineTest.testLogicalTypePreviewRun,2,indent +4,5,'Ġ',spaces ×1,0.0002068816069486779,0.00023330076060245123
PreviewDataPipelineTest.testLogicalTypePreviewRun,2,indent +4,5,'Ġ',spaces ×1,0.0007302789189862112,0.0008235368516529582
PreviewDataPipelineTest.testLogicalTypePreviewRun,2,indent +4,5,'Ġ',spaces ×1,0.008127011162248177,0.009164845118626084
PreviewDataPipelineTest.testLogicalTypePreviewRun,2,indent +4,5,'Ġ',spaces ×1,0.0011929073689146215,0.0013452437875015675
PreviewDataPipelineTest.testLogicalTypePreviewRun,2,indent +4,5,'Ġ',spaces ×1,0.0018887535104465602,0.0021299507340304343
PreviewDataPipelineTest.testLogicalTypePreviewRun,2,indent +4,5,'Ġ',spaces ×1,0.0016475169210344405,0.001857907797855105
PreviewDataPipelineTest.testLogicalTypePreviewRun,2,indent +4,5,'Ġ',spaces ×1,0.0005382380342856313,0.0006069720002472577
PreviewDataPipelineTest.testLogicalTypePreviewRun,2,indent +4,5,'Ċ',newline ×1,0.0038565742040693493,0.004349065672872385
PreviewDataPipelineTest.testLogicalTypePreviewRun,2,indent +4,5,'Ġ',spaces ×1,0.00021979954351753874,0.00024786834092715884
PreviewDataPipelineTest.testLogicalTypePreviewRun,2,indent +4,5,'Ġ',spaces ×1,0.0010953144846336355,0.0012351881162026236
PreviewDataPipelineTest.testLogicalTypePreviewRun,2,strip indent,0,'Ċ',newline ×1,0.0016411553843669142,0.000648181660786575
PreviewDataPipelineTest.testLogicalTypePreviewRun,2,strip indent,0,'Ċ',newline ×1,0.005388441599977681,0.0021281891151777375
PreviewDataPipelineTest.testLogicalTypePreviewRun,2,strip indent,0,'Ċ',newline ×1,0.006845785727760348,0.002703773697894216
PreviewDataPipelineTest.testLogicalTypePreviewRun,2,strip indent,0,'Ċ',newline ×1,0.006936254796130919,0.0027395048611617767
PreviewDataPipelineTest.testLogicalTypePreviewRun,2,strip indent,0,'Ċ',newline ×1,0.0033035921719923437,0.0013047685069927468
PreviewDataPipelineTest.testLogicalTypePreviewRun,2,strip indent,0,'Ċ',newline ×1,0.00016313651731376575,6.443149730649375e-05
PreviewDataPipelineTest.testLogicalTypePreviewRun,2,strip indent,0,'Ċ',newline ×1,0.006791269143773971,0.0026822421291681185
PreviewDataPipelineTest.testLogicalTypePreviewRun,2,strip indent,0,'Ċ',newline ×1,0.002373311010040213,0.0009373498004543622
PreviewDataPipelineTest.testLogicalTypePreviewRun,2,strip indent,0,'Ċ',newline ×1,0.003935834451733678,0.0015544754237209971
PreviewDataPipelineTest.testLogicalTypePreviewRun,2,strip indent,0,'Ċ',newline ×1,0.010903882397736611,0.004306537131651813
PreviewDataPipelineTest.testLogicalTypePreviewRun,2,strip indent,0,'Ċ',newline ×1,0.03546683321813521,0.01400778444086175
PreviewDataPipelineTest.testLogicalTypePreviewRun,2,strip indent,0,'Ċ',newline ×1,0.0016649827142498409,0.0006575923713157203
PreviewDataPipelineTest.testLogicalTypePreviewRun,2,strip indent,0,'Ċ',newline ×1,0.0048569385358939055,0.0019182696023316874
PreviewDataPipelineTest.testLogicalTypePreviewRun,2,strip indent,0,'Ċ',newline ×1,0.00440866807393368,0.001741223178036507
PreviewDataPipelineTest.testLogicalTypePreviewRun,2,strip indent,0,'Ċ',newline ×1,9.560943578383477e-05,3.776137437293277e-05
PreviewDataPipelineTest.testLogicalTypePreviewRun,2,strip indent,0,'Ċ',newline ×1,0.0003614145561880596,0.0001427422957593912
PreviewDataPipelineTest.testLogicalTypePreviewRun,2,strip indent,0,'Ċ',newline ×1,0.001988897921152728,0.0007855241313210852
PreviewDataPipelineTest.testLogicalTypePreviewRun,2,strip indent,0,'Ċ',newline ×1,0.020303917482705096,0.008019123039644511
PreviewDataPipelineTest.testLogicalTypePreviewRun,2,strip indent,0,'Ċ',newline ×1,0.005136299449243535,0.002028604444783957
PreviewDataPipelineTest.testLogicalTypePreviewRun,2,strip indent,0,'Ċ',newline ×1,0.003083489323255587,0.0012178379022510866
PreviewDataPipelineTest.testLogicalTypePreviewRun,2,strip indent,0,'Ċ',newline ×1,0.022258030579630637,0.008790908749026686
PreviewDataPipelineTest.testLogicalTypePreviewRun,2,strip indent,0,'Ċ',newline ×1,0.0049524569095845145,0.001955995011323533
PreviewDataPipelineTest.testLogicalTypePreviewRun,2,strip indent,0,'Ċ',newline ×1,0.007740828422027689,0.0030572748139807296
PreviewDataPipelineTest.testLogicalTypePreviewRun,2,strip indent,0,'Ċ',newline ×1,0.02060691000205987,0.008138791290604823
PreviewDataPipelineTest.testLogicalTypePreviewRun,2,strip indent,0,'Ċ',newline ×1,0.01316899733055341,0.005201154407390169
PreviewDataPipelineTest.testLogicalTypePreviewRun,2,strip indent,0,'Ċ',newline ×1,0.01049847634123316,0.004146420196046285
PreviewDataPipelineTest.testLogicalTypePreviewRun,2,strip indent,0,'Ċ',newline ×1,0.0237368424856798,0.009374972126805914
PreviewDataPipelineTest.testLogicalTypePreviewRun,2,strip indent,0,'Ċ',newline ×1,0.00318371460837154,0.0012574223269668041
PreviewDataPipelineTest.testLogicalTypePreviewRun,2,strip indent,0,'Ċ',newline ×1,0.0072636006001466,0.0028687915508436622
PreviewDataPipelineTest.testLogicalTypePreviewRun,2,strip indent,0,'Ċ',newline ×1,0.002818517278434603,0.0011131860077930043
TestHftpFileSystem.testHftpDefaultPorts,4,original,0,'Ċ',newline ×1,0.000808031993343255,0.0002756175229143996
TestHftpFileSystem.testHftpDefaultPorts,4,original,0,'Ċ',newline ×1,0.007799891223942449,0.0026605217563848917
TestHftpFileSystem.testHftpDefaultPorts,4,original,0,'Ġ',spaces ×1,0.0004380721324138047,0.00014942521705626417
TestHftpFileSystem.testHftpDefaultPorts,4,original,0,'Ġ',spaces ×1,0.0014597749510987172,0.0004979252793811121
TestHftpFileSystem.testHftpDefaultPorts,4,original,0,'Ġ',spaces ×1,0.005266204840501556,0.0017962881980618242
TestHftpFileSystem.testHftpDefaultPorts,4,original,0,'Ċ',newline ×1,0.015260052195757498,0.0052051624445424985
TestHftpFileSystem.testHftpDefaultPorts,4,original,0,'Ġ',spaces ×1,0.003355936934168819,0.0011447009926247188
TestHftpFileSystem.testHftpDefaultPorts,4,original,0,'Ġ',spaces ×1,0.0023046091504960267,0.0007860959350352631
TestHftpFileSystem.testHftpDefaultPorts,4,original,0,'Ġ',spaces ×1,0.004011516867290566,0.0013683175309894891
TestHftpFileSystem.testHftpDefaultPorts,4,original,0,'Ċ',newline ×1,0.010800375988435654,0.0036839789773178574
TestHftpFileSystem.testHftpDefaultPorts,4,original,0,'Ġ',spaces ×1,0.0034617672222466696,0.0011807994170554747
TestHftpFileSystem.testHftpDefaultPorts,4,original,0,'Ġ',spaces ×1,0.001618404267463001,0.0005520333092587801
TestHftpFileSystem.testHftpDefaultPorts,4,original,0,'Ġ',spaces ×1,0.0010261431416742975,0.00035001464446188745
TestHftpFileSystem.testHftpDefaultPorts,4,original,0,'Ċ',newline ×1,0.008454715528483482,0.0028838805518887657
TestHftpFileSystem.testHftpDefaultPorts,4,original,0,'Ġ',spaces ×1,0.0005270201760093464,0.00017976515365017437
TestHftpFileSystem.testHftpDefaultPorts,4,original,0,'Ġ',spaces ×1,0.0014056238926451552,0.0004794545001086094
TestHftpFileSystem.testHftpDefaultPorts,4,original,0,'Ġ',spaces ×1,0.002352981949369965,0.0008025957656260151
TestHftpFileSystem.testHftpDefaultPorts,4,original,0,'Ċ',newline ×1,0.003808755554803464,0.0012991561968455974
TestHftpFileSystem.testHftpDefaultPorts,4,original,0,'Ġ',spaces ×1,0.003768608543554381,0.0012854621601192716
TestHftpFileSystem.testHftpDefaultPorts,4,original,0,'Ġ',spaces ×1,0.0018275377525834734,0.0006233681742173685
TestHftpFileSystem.testHftpDefaultPorts,4,original,0,'Ġ',spaces ×1,0.005261398116236382,0.001794648637442673
TestHftpFileSystem.testHftpDefaultPorts,4,original,0,'Ċ',newline ×1,0.001379747672534125,0.0004706281915612444
TestHftpFileSystem.testHftpDefaultPorts,4,original,0,'Ġ',spaces ×1,0.003098842040651026,0.0010570066212519582
TestHftpFileSystem.testHftpDefaultPorts,4,original,0,'Ġ',spaces ×1,0.0029257460563300707,0.000997964050143385
TestHftpFileSystem.testHftpDefaultPorts,4,original,0,'Ġ',spaces ×1,0.003178720464183684,0.001084252935023876
TestHftpFileSystem.testHftpDefaultPorts,4,original,0,'Ċ',newline ×1,0.009909088692363004,0.0033799632962899133
TestHftpFileSystem.testHftpDefaultPorts,4,original,0,'Ġ',spaces ×1,0.0024865023166842446,0.0008481392010356938
TestHftpFileSystem.testHftpDefaultPorts,4,original,0,'Ġ',spaces ×1,0.0026047860039000847,0.0008884854461598796
TestHftpFileSystem.testHftpDefaultPorts,4,original,0,'Ġ',spaces ×1,0.004691708466644351,0.0016003290420008292
TestHftpFileSystem.testHftpDefaultPorts,4,original,0,'Ċ',newline ×1,0.007538101833549923,0.0025712261048516883
TestHftpFileSystem.testHftpDefaultPorts,4,original,0,'Ġ',spaces ×1,0.0028694016813050997,0.0009787451365329365
TestHftpFileSystem.testHftpDefaultPorts,4,original,0,'Ġ',spaces ×1,0.0012631213906459378,0.0004308472829022433
TestHftpFileSystem.testHftpDefaultPorts,4,original,0,'Ġ',spaces ×1,0.004959135745457613,0.0016915477619939355
TestHftpFileSystem.testHftpDefaultPorts,4,original,0,'Ċ',newline ×1,0.020930297491735375,0.007139267746893513
TestHftpFileSystem.testHftpDefaultPorts,4,indent +4,5,'Ċ',newline ×1,0.003619698691409777,0.005539465502891422
TestHftpFileSystem.testHftpDefaultPorts,4,indent +4,5,'Ġ',spaces ×1,0.011969662855559907,0.01831797067169441
TestHftpFileSystem.testHftpDefaultPorts,4,indent +4,5,'Ġ',spaces ×1,0.0018510174944532565,0.0028327351058545715
TestHftpFileSystem.testHftpDefaultPorts,4,indent +4,5,'Ġ',spaces ×1,0.021331836804423923,0.032645527753967
TestHftpFileSystem.testHftpDefaultPorts,4,indent +4,5,'Ċ',newline ×1,0.004005167665760294,0.00612937429582965
TestHftpFileSystem.testHftpDefaultPorts,4,indent +4,5,'Ġ',spaces ×1,0.0040957325280961444,0.006267971724359858
TestHftpFileSystem.testHftpDefaultPorts,4,indent +4,5,'Ġ',spaces ×1,0.002735145176858733,0.004185774464754634
TestHftpFileSystem.testHftpDefaultPorts,4,indent +4,5,'Ġ',spaces ×1,0.002666106178298269,0.004080119496348711
TestHftpFileSystem.testHftpDefaultPorts,4,indent +4,5,'Ġ',spaces ×1,0.0024353646875721864,0.003727000456082667
TestHftpFileSystem.testHftpDefaultPorts,4,indent +4,5,'Ġ',spaces ×1,0.00253062758658804,0.003872787602415066
TestHftpFileSystem.testHftpDefaultPorts,4,indent +4,5,'Ġ',spaces ×1,0.002738801161293757,0.004191369460742832
TestHftpFileSystem.testHftpDefaultPorts,4,indent +4,5,'Ġ',spaces ×1,0.0027008975652235445,0.004133363068286808
TestHftpFileSystem.testHftpDefaultPorts,4,indent +4,5,'Ċ',newline ×1,0.0016203392337642765,0.0024797128307171025
TestHftpFileSystem.testHftpDefaultPorts,4,indent +4,5,'Ġ',spaces ×1,0.0030779132266379864,0.004710335194561133
TestHftpFileSystem.testHftpDefaultPorts,4,indent +4,5,'Ġ',spaces ×1,0.0027055115894288207,0.004140424216214753
TestHftpFileSystem.testHftpDefaultPorts,4,indent +4,5,'Ġ',spaces ×1,0.003560368306943317,0.0054486682719491865
TestHftpFileSystem.testHftpDefaultPorts,4,indent +4,5,'Ġ',spaces ×1,0.00367578694043407,0.0056253010784670906
TestHftpFileSystem.testHftpDefaultPorts,4,indent +4,5,'Ġ',spaces ×1,0.003447256704263254,0.0052755660680254305
TestHftpFileSystem.testHftpDefaultPorts,4,indent +4,5,'Ġ',spaces ×1,0.0031154358520927364,0.004767758562361824
TestHftpFileSystem.testHftpDefaultPorts,4,indent +4,5,'Ġ',spaces ×1,0.004430511597811333,0.006780306386959936
TestHftpFileSystem.testHftpDefaultPorts,4,indent +4,5,'Ċ',newline ×1,0.0027851145406933824,0.0042622459036123425
TestHftpFileSystem.testHftpDefaultPorts,4,indent +4,5,'Ġ',spaces ×1,0.0034666104660467426,0.005305184416095462
TestHftpFileSystem.testHftpDefaultPorts,4,indent +4,5,'Ġ',spaces ×1,0.0029376305090890614,0.004495651227534178
TestHftpFileSystem.testHftpDefaultPorts,4,indent +4,5,'Ġ',spaces ×1,0.003011781833509455,0.004609129928011454
TestHftpFileSystem.testHftpDefaultPorts,4,indent +4,5,'Ġ',spaces ×1,0.0029607589820876126,0.004531046267075475
TestHftpFileSystem.testHftpDefaultPorts,4,indent +4,5,'Ġ',spaces ×1,0.00298283594447994,0.004564832110043885
TestHftpFileSystem.testHftpDefaultPorts,4,indent +4,5,'Ġ',spaces ×1,0.002929996784278043,0.0044839688310547255
TestHftpFileSystem.testHftpDefaultPorts,4,indent +4,5,'Ġ',spaces ×1,0.0020405375574738586,0.0031227702553823207
TestHftpFileSystem.testHftpDefaultPorts,4,indent +4,5,'Ċ',newline ×1,0.001880945603352653,0.0028785360801755625
TestHftpFileSystem.testHftpDefaultPorts,4,indent +4,5,'Ġ',spaces ×1,0.0026442925809403773,0.00404673669839794
TestHftpFileSystem.testHftpDefaultPorts,4,indent +4,5,'Ġ',spaces ×1,0.002162927738355255,0.0033100720842594313
TestHftpFileSystem.testHftpDefaultPorts,4,indent +4,5,'Ġ',spaces ×1,0.002317234922454096,0.0035462186246309813
TestHftpFileSystem.testHftpDefaultPorts,4,indent +4,5,'Ġ',spaces ×1,0.00230957037272051,0.0035344890547236428
TestHftpFileSystem.testHftpDefaultPorts,4,indent +4,5,'Ġ',spaces ×1,0.0018031923949453936,0.002759545177221872
TestHftpFileSystem.testHftpDefaultPorts,4,indent +4,5,'Ġ',spaces ×1,0.001594857012156694,0.0024407156932296004
TestHftpFileSystem.testHftpDefaultPorts,4,indent +4,5,'Ġ',spaces ×1,0.0019872813466757164,0.0030412687361450596
TestHftpFileSystem.testHftpDefaultPorts,4,indent +4,5,'Ċ',newline ×1,0.0023830720128315414,0.0036469735001188534
TestHftpFileSystem.testHftpDefaultPorts,4,indent +4,5,'Ġ',spaces ×1,0.0021703788876242355,0.003321475073251407
TestHftpFileSystem.testHftpDefaultPorts,4,indent +4,5,'Ġ',spaces ×1,0.002086189993129168,0.003192635212108059
TestHftpFileSystem.testHftpDefaultPorts,4,indent +4,5,'Ġ',spaces ×1,0.002229536884768825,0.0034120084884166815
TestHftpFileSystem.testHftpDefaultPorts,4,indent +4,5,'Ġ',spaces ×1,0.0020570552312365437,0.003148048349444004
TestHftpFileSystem.testHftpDefaultPorts,4,indent +4,5,'Ġ',spaces ×1,0.00225194840942211,0.003446306334250839
TestHftpFileSystem.testHftpDefaultPorts,4,indent +4,5,'Ġ',spaces ×1,0.0019415642100021864,0.002971304763150568
TestHftpFileSystem.testHftpDefaultPorts,4,indent +4,5,'Ġ',spaces ×1,0.002039956446620516,0.0031218809428179665
TestHftpFileSystem.testHftpDefaultPorts,4,indent +4,5,'Ċ',newline ×1,0.002668421031882538,0.004083662070653234
TestHftpFileSystem.testHftpDefaultPorts,4,indent +4,5,'Ġ',spaces ×1,0.0019205576514175538,0.0029391570302770564
TestHftpFileSystem.testHftpDefaultPorts,4,indent +4,5,'Ġ',spaces ×1,0.0015124988019749094,0.0023146774499734494
TestHftpFileSystem.testHftpDefaultPorts,4,indent +4,5,'Ġ',spaces ×1,0.0018126667173424622,0.0027740443625287555
TestHftpFileSystem.testHftpDefaultPorts,4,indent +4,5,'Ġ',spaces ×1,0.0020707335433637047,0.0031689811796671405
TestHftpFileSystem.testHftpDefaultPorts,4,indent +4,5,'Ġ',spaces ×1,0.001539664779848418,0.0023562513515912116
TestHftpFileSystem.testHftpDefaultPorts,4,indent +4,5,'Ġ',spaces ×1,0.0016232039985190371,0.0024840969706375208
TestHftpFileSystem.testHftpDefaultPorts,4,indent +4,5,'Ġ',spaces ×1,0.001683499656855235,0.0025763714243427845
TestHftpFileSystem.testHftpDefaultPorts,4,indent +4,5,'Ċ',newline ×1,0.0030077862326219756,0.004603015194392316
TestHftpFileSystem.testHftpDefaultPorts,4,indent +4,5,'Ġ',spaces ×1,0.0018969195449782008,0.002902982064806803
TestHftpFileSystem.testHftpDefaultPorts,4,indent +4,5,'Ġ',spaces ×1,0.001829606009819428,0.002799967687733206
TestHftpFileSystem.testHftpDefaultPorts,4,indent +4,5,'Ġ',spaces ×1,0.0017197604413686594,0.00263186371307847
TestHftpFileSystem.testHftpDefaultPorts,4,indent +4,5,'Ġ',spaces ×1,0.0012750709889916161,0.0019513258863283372
TestHftpFileSystem.testHftpDefaultPorts,4,indent +4,5,'Ġ',spaces ×1,0.0010295273671063025,0.001575554160875975
TestHftpFileSystem.testHftpDefaultPorts,4,indent +4,5,'Ġ',spaces ×1,0.0010177476339196093,0.0015575268522008605
TestHftpFileSystem.testHftpDefaultPorts,4,indent +4,5,'Ġ',spaces ×1,0.0011103316225627208,0.0016992142839270794
TestHftpFileSystem.testHftpDefaultPorts,4,indent +4,5,'Ċ',newline ×1,0.001447363060254057,0.0022149958949522555
TestHftpFileSystem.testHftpDefaultPorts,4,indent +4,5,'Ġ',spaces ×1,0.0009761530470028702,0.001493871891118297
TestHftpFileSystem.testHftpDefaultPorts,4,indent +4,5,'Ġ',spaces ×1,0.0007819327933732113,0.0011966437274875577
TestHftpFileSystem.testHftpDefaultPorts,4,indent +4,5,'Ġ',spaces ×1,0.0008442050888356179,0.0012919431603708822
TestHftpFileSystem.testHftpDefaultPorts,4,indent +4,5,'Ġ',spaces ×1,0.0008584900209786462,0.0013138043415253362
TestHftpFileSystem.testHftpDefaultPorts,4,indent +4,5,'Ġ',spaces ×1,0.0008512947026998473,0.0013027928677023018
TestHftpFileSystem.testHftpDefaultPorts,4,indent +4,5,'Ġ',spaces ×1,0.0006935558656469177,0.0010613946407187745
TestHftpFileSystem.testHftpDefaultPorts,4,indent +4,5,'Ġ',spaces ×1,0.0003895961552674268,0.0005962248922223128
TestHftpFileSystem.testHftpDefaultPorts,4,indent +4,5,'Ċ',newline ×1,0.0022979801118071927,0.003516751708062386
TestHftpFileSystem.testHftpDefaultPorts,4,indent +4,5,'Ġ',spaces ×1,0.0010438126502163728,0.0015974158791386217
TestHftpFileSystem.testHftpDefaultPorts,4,indent +4,5,'Ġ',spaces ×1,0.0008990126812680799,0.001375818862040932
TestHftpFileSystem.testHftpDefaultPorts,4,indent +4,5,'Ġ',spaces ×1,0.001452699355639833,0.0022231623824758985
TestHftpFileSystem.testHftpDefaultPorts,4,strip indent,4,'Ċ',newline ×1,0.043456287417913964,0.006173567847009569
TestHftpFileSystem.testHftpDefaultPorts,4,strip indent,4,'Ċ',newline ×1,0.01356193948947115,0.001926661446480914
TestHftpFileSystem.testHftpDefaultPorts,4,strip indent,4,'Ċ',newline ×1,0.01599039962958569,0.0022716578631001402
TestHftpFileSystem.testHftpDefaultPorts,4,strip indent,4,'Ċ',newline ×1,0.0029181214430513748,0.00041455959045099485
TestHftpFileSystem.testHftpDefaultPorts,4,strip indent,4,'Ċ',newline ×1,0.0028578178733762324,0.0004059926326889083
TestHftpFileSystem.testHftpDefaultPorts,4,strip indent,4,'Ċ',newline ×1,0.07212580823326736,0.01024647058241157
TestHftpFileSystem.testHftpDefaultPorts,4,strip indent,4,'Ċ',newline ×1,0.019460953863877174,0.0027646981871866498
TestHftpFileSystem.testHftpDefaultPorts,4,strip indent,4,'Ċ',newline ×1,0.024793992356449995,0.003522330210557329
TestHftpFileSystem.testHftpDefaultPorts,4,strip indent,4,'Ċ',newline ×1,0.0380538721709852,0.005406079894256272
TestHftpFileSystem.testHftpDefaultPorts,4,strip indent,4,'Ċ',newline ×1,0.045948910970781034,0.006527679565589913
testFlowNoConflictsWithClients,1,original,0,'Ċ',newline ×1,0.0017399296069447066,0.0024676125170445735
testFlowNoConflictsWithClients,1,original,0,'Ċ',newline ×1,0.0020200150231211673,0.0028648367932682015
testFlowNoConflictsWithClients,1,original,0,'Ġ',spaces ×1,0.0009170758842988895,0.00130062039414884
testFlowNoConflictsWithClients,1,original,0,'Ġ',spaces ×1,0.0009020945296011489,0.001279373455061836
testFlowNoConflictsWithClients,1,original,0,'Ġ',spaces ×1,0.0009201169228796814,0.00130493327257612
testFlowNoConflictsWithClients,1,original,0,'Ċ',newline ×1,0.0009688100495803351,0.0013739911059855775
testFlowNoConflictsWithClients,1,original,0,'Ġ',spaces ×1,0.0002039156713474737,0.00028919840264236867
testFlowNoConflictsWithClients,1,original,0,'Ġ',spaces ×1,0.0005531362435371586,0.0007844719192864934
testFlowNoConflictsWithClients,1,original,0,'Ġ',spaces ×1,0.0006301613724920751,0.000893710920437742
testFlowNoConflictsWithClients,1,original,0,'Ċ',newline ×1,0.001666307172295707,0.002363199303688097
testFlowNoConflictsWithClients,1,original,0,'Ġ',spaces ×1,0.000839555512383456,0.0011906790268079064
testFlowNoConflictsWithClients,1,original,0,'Ġ',spaces ×1,0.0008537995577968676,0.001210880295074849
testFlowNoConflictsWithClients,1,original,0,'Ġ',spaces ×1,0.000788705399275206,0.001118562100296501
testFlowNoConflictsWithClients,1,original,0,'Ċ',newline ×1,0.001648081060340904,0.00233735056715461
testFlowNoConflictsWithClients,1,original,0,'Ġ',spaces ×1,0.0003818489860251878,0.000541547964800208
testFlowNoConflictsWithClients,1,original,0,'Ġ',spaces ×1,0.00032249667930222333,0.0004573730105948853
testFlowNoConflictsWithClients,1,original,0,'Ġ',spaces ×1,0.000216286703334706,0.0003067433155276998
testFlowNoConflictsWithClients,1,original,0,'Ċ',newline ×1,0.0015704869572351666,0.002227304632360278
testFlowNoConflictsWithClients,1,original,0,'Ġ',spaces ×1,0.0007591217256879841,0.0010766057803668812
testFlowNoConflictsWithClients,1,original,0,'Ġ',spaces ×1,0.0007401411790508976,0.0010496870853374499
testFlowNoConflictsWithClients,1,original,0,'Ġ',spaces ×1,0.0006580224740865916,0.0009332242448612536
testFlowNoConflictsWithClients,1,original,0,'Ċ',newline ×1,0.001672598044009468,0.002372121178298448
testFlowNoConflictsWithClients,1,original,0,'Ġ',spaces ×1,0.0006736222966565615,0.0009553483108485713
testFlowNoConflictsWithClients,1,original,0,'Ġ',spaces ×1,0.0006413348300126041,0.0009095574026898251
testFlowNoConflictsWithClients,1,original,0,'Ġ',spaces ×1,0.00023986121991338184,0.0003401772958224348
testFlowNoConflictsWithClients,1,original,0,'Ċ',newline ×1,0.0015699900800810176,0.0022265999485155306
testFlowNoConflictsWithClients,1,original,0,'Ġ',spaces ×1,0.0008455623730600262,0.0011991981097262527
testFlowNoConflictsWithClients,1,original,0,'Ġ',spaces ×1,0.0008384405928148716,0.0011890978194579332
testFlowNoConflictsWithClients,1,original,0,'Ġ',spaces ×1,0.0007423008549331432,0.0010527499927208963
testFlowNoConflictsWithClients,1,original,0,'Ċ',newline ×1,0.0018050732377244039,0.0025600008746402493
testFlowNoConflictsWithClients,1,original,0,'Ġ',spaces ×1,0.0011438000199140133,0.0016221663421727996
testFlowNoConflictsWithClients,1,original,0,'Ġ',spaces ×1,0.0009803561846898966,0.001390366129093479
testFlowNoConflictsWithClients,1,original,0,'Ġ',spaces ×1,0.0009402342974526729,0.0013334642459604735
testFlowNoConflictsWithClients,1,original,0,'Ċ',newline ×1,0.0023949036967553343,0.0033965134656264223
testFlowNoConflictsWithClients,1,original,0,'Ġ',spaces ×1,0.0008455723942662036,0.0011992123220562806
testFlowNoConflictsWithClients,1,original,0,'Ġ',spaces ×1,0.0008577722687083884,0.0012165144949486486
testFlowNoConflictsWithClients,1,original,0,'Ġ',spaces ×1,0.0008230850676922677,0.001167320222337285
testFlowNoConflictsWithClients,1,original,0,'Ċ',newline ×1,0.0016133459521493318,0.0022880883513659313
testFlowNoConflictsWithClients,1,original,0,'Ġ',spaces ×1,0.0007573128680444076,0.001074040412351402
testFlowNoConflictsWithClients,1,original,0,'Ġ',spaces ×1,0.0005690810171973908,0.0008070852037023623
testFlowNoConflictsWithClients,1,original,0,'Ġ',spaces ×1,0.00044329581151538475,0.0006286934189076983
testFlowNoConflictsWithClients,1,original,0,'Ċ',newline ×1,0.001472500730775965,0.0020883380684581475
testFlowNoConflictsWithClients,1,original,0,'Ġ',spaces ×1,0.000622017383726521,0.0008821609079910659
testFlowNoConflictsWithClients,1,original,0,'Ġ',spaces ×1,0.00041189032363545485,0.0005841533555125535
testFlowNoConflictsWithClients,1,original,0,'Ġ',spaces ×1,0.00031422684928186475,0.00044564452687312036
testFlowNoConflictsWithClients,1,original,0,'Ċ',newline ×1,0.0021961834412178665,0.0031146833341099953
testFlowNoConflictsWithClients,1,original,0,'Ġ',spaces ×1,0.0010354146409990747,0.0014684514351974733
testFlowNoConflictsWithClients,1,original,0,'Ġ',spaces ×1,0.0007681750316423765,0.0010894454096280451
testFlowNoConflictsWithClients,1,original,0,'Ġ',spaces ×1,0.0006816147378265415,0.000966683394632459
testFlowNoConflictsWithClients,1,original,0,'Ċ',newline ×1,0.0032526610272699975,0.004613006774847975
testFlowNoConflictsWithClients,1,original,0,'Ġ',spaces ×1,0.0006800947641649674,0.0009645277292435215
testFlowNoConflictsWithClients,1,original,0,'Ġ',spaces ×1,0.0006756448999522761,0.0009582168183960031
testFlowNoConflictsWithClients,1,original,0,'Ġ',spaces ×1,0.00048665776929913594,0.0006901904526748484
testFlowNoConflictsWithClients,1,original,0,'Ċ',newline ×1,0.0018894189096542399,0.0026796220564293655
testFlowNoConflictsWithClients,1,original,0,'Ġ',spaces ×1,0.000911756341144065,0.001293076082458637
testFlowNoConflictsWithClients,1,original,0,'Ġ',spaces ×1,0.0007400069635585013,0.0010494967375051603
testFlowNoConflictsWithClients,1,original,0,'Ġ',spaces ×1,0.0006302781965919846,0.0008938766033539235
testFlowNoConflictsWithClients,1,original,0,'Ċ',newline ×1,0.001709469779541195,0.002424413613440704
testFlowNoConflictsWithClients,1,original,0,'Ġ',spaces ×1,0.0007798370881328567,0.0011059848353930464
testFlowNoConflictsWithClients,1,original,0,'Ġ',spaces ×1,0.0008189862642014269,0.0011615071947535627
testFlowNoConflictsWithClients,1,original,0,'Ġ',spaces ×1,0.0008804589136481482,0.0012486892730544138
testFlowNoConflictsWithClients,1,original,0,'Ċ',newline ×1,0.002248992535661835,0.003189578537883528
testFlowNoConflictsWithClients,1,original,0,'Ġ',spaces ×1,0.0010350977436524372,0.001468002003303183
testFlowNoConflictsWithClients,1,original,0,'Ġ',spaces ×1,0.0009815490487048778,0.0013920578792440317
testFlowNoConflictsWithClients,1,original,0,'Ġ',spaces ×1,0.0009357268514234138,0.0013270716711130152
testFlowNoConflictsWithClients,1,original,0,'Ċ',newline ×1,0.0032811880915889855,0.00465346458458183
testFlowNoConflictsWithClients,1,original,0,'Ġ',spaces ×1,0.0009028377235633187,0.001280427471682004
testFlowNoConflictsWithClients,1,original,0,'Ġ',spaces ×1,0.0010847800997506902,0.0015384627870584484
testFlowNoConflictsWithClients,1,original,0,'Ġ',spaces ×1,0.0011614299036232815,0.0016471694926114098
testFlowNoConflictsWithClients,1,original,0,'Ċ',newline ×1,0.0016071150594329934,0.002279251540498509
testFlowNoConflictsWithClients,1,original,0,'Ġ',spaces ×1,0.0008003786853324407,0.0011351174521193
testFlowNoConflictsWithClients,1,original,0,'Ġ',spaces ×1,0.0007884269403863266,0.001118167182802748
testFlowNoConflictsWithClients,1,original,0,'Ġ',spaces ×1,0.0007491859338259756,0.001062514587098152
testFlowNoConflictsWithClients,1,original,0,'Ċ',newline ×1,0.0020246130401099863,0.0028713578181590402
testFlowNoConflictsWithClients,1,original,0,'Ġ',spaces ×1,0.0008667743767249996,0.0012292815139894845
testFlowNoConflictsWithClients,1,original,0,'Ġ',spaces ×1,0.0007005406325128415,0.00099352458087228
testFlowNoConflictsWithClients,1,original,0,'Ġ',spaces ×1,0.0006201194344209486,0.000879469187909717
testFlowNoConflictsWithClients,1,original,0,'Ċ',newline ×1,0.0014191323819267544,0.002012649715832455
testFlowNoConflictsWithClients,1,original,0,'Ġ',spaces ×1,0.0010261341830451922,0.0014552896531808321
testFlowNoConflictsWithClients,1,original,0,'Ġ',spaces ×1,0.0010988167099799289,0.0015583698654599517
testFlowNoConflictsWithClients,1,original,0,'Ġ',spaces ×1,0.0010846082082714842,0.0015382190061813549
testFlowNoConflictsWithClients,1,original,0,'Ċ',newline ×1,0.001667574457235095,0.002364996599490533
testFlowNoConflictsWithClients,1,original,0,'Ġ',spaces ×1,0.0009405099512500969,0.0013338551852020264
testFlowNoConflictsWithClients,1,original,0,'Ġ',spaces ×1,0.0010704164756714424,0.001518091929279717
testFlowNoConflictsWithClients,1,original,0,'Ġ',spaces ×1,0.000921479188151707,0.001306865271907224
testFlowNoConflictsWithClients,1,original,0,'Ċ',newline ×1,0.0027618229053626908,0.00391688763955263
testFlowNoConflictsWithClients,1,original,0,'Ġ',spaces ×1,0.0007759681476711396,0.001100497805416128
testFlowNoConflictsWithClients,1,original,0,'Ġ',spaces ×1,0.0009531518502085779,0.0013517842485300186
testFlowNoConflictsWithClients,1,original,0,'Ġ',spaces ×1,0.0006810222571698832,0.0009658431234636477
testFlowNoConflictsWithClients,1,original,0,'Ċ',newline ×1,0.0019626137125928495,0.002783428791594407
testFlowNoConflictsWithClients,1,indent +4,5,'Ċ',newline ×1,0.07030121511327425,0.0024516321663647306
testFlowNoConflictsWithClients,1,indent +4,5,'Ġ',spaces ×1,0.5314055174108339,0.01853183985182778
testFlowNoConflictsWithClients,1,indent +4,5,'Ġ',spaces ×1,0.12582613623752853,0.004387966871870879
testFlowNoConflictsWithClients,1,indent +4,5,'Ġ',spaces ×1,0.45804096658972054,0.015973379199702015
testFlowNoConflictsWithClients,1,indent +4,5,'Ċ',newline ×1,0.11010935001778355,0.0038398713860941453
testFlowNoConflictsWithClients,1,indent +4,5,'Ġ',spaces ×1,0.11545998451714193,0.004026465424731338
testFlowNoConflictsWithClients,1,indent +4,5,'Ġ',spaces ×1,0.0826855178313457,0.0028835131068676956
testFlowNoConflictsWithClients,1,indent +4,5,'Ġ',spaces ×1,0.07571464062427728,0.002640415931931373
testFlowNoConflictsWithClients,1,indent +4,5,'Ġ',spaces ×1,0.0696702549979383,0.0024296285336827296
testFlowNoConflictsWithClients,1,indent +4,5,'Ġ',spaces ×1,0.06874815313029606,0.002397471840576726
testFlowNoConflictsWithClients,1,indent +4,5,'Ġ',spaces ×1,0.08030432968154957,0.0028004733265054294
testFlowNoConflictsWithClients,1,indent +4,5,'Ġ',spaces ×1,0.08124764906234373,0.0028333699433474554
testFlowNoConflictsWithClients,1,indent +4,5,'Ċ',newline ×1,0.08603814898874496,0.0030004302664671835
testFlowNoConflictsWithClients,1,indent +4,5,'Ġ',spaces ×1,0.09570226177570657,0.0033374493312118853
testFlowNoConflictsWithClients,1,indent +4,5,'Ġ',spaces ×1,0.0723549628346263,0.002523253033331996
testFlowNoConflictsWithClients,1,indent +4,5,'Ġ',spaces ×1,0.06540123891107377,0.002280754049217249
testFlowNoConflictsWithClients,1,indent +4,5,'Ġ',spaces ×1,0.07292470522789846,0.0025431218048125037
testFlowNoConflictsWithClients,1,indent +4,5,'Ġ',spaces ×1,0.06643727551727242,0.002316884017457419
testFlowNoConflictsWithClients,1,indent +4,5,'Ġ',spaces ×1,0.07055065789011018,0.0024603310478047307
testFlowNoConflictsWithClients,1,indent +4,5,'Ġ',spaces ×1,0.0730905142625603,0.002548904105476808
testFlowNoConflictsWithClients,1,indent +4,5,'Ċ',newline ×1,0.0571982336692768,0.0019946885597481967
testFlowNoConflictsWithClients,1,indent +4,5,'Ġ',spaces ×1,0.08614897540547237,0.0030042951443031364
testFlowNoConflictsWithClients,1,indent +4,5,'Ġ',spaces ×1,0.06588993726656892,0.0022977965513425814
testFlowNoConflictsWithClients,1,indent +4,5,'Ġ',spaces ×1,0.0693369098673679,0.0024180037041077267
testFlowNoConflictsWithClients,1,indent +4,5,'Ġ',spaces ×1,0.06841300141816703,0.0023857840096232525
testFlowNoConflictsWithClients,1,indent +4,5,'Ġ',spaces ×1,0.06098996681296809,0.0021269186346674785
testFlowNoConflictsWithClients,1,indent +4,5,'Ġ',spaces ×1,0.06427641121359351,0.0022415276466534063
testFlowNoConflictsWithClients,1,indent +4,5,'Ġ',spaces ×1,0.0700387900234684,0.0024424805494205207
testFlowNoConflictsWithClients,1,indent +4,5,'Ċ',newline ×1,0.058873859935328496,0.0020531231009725385
testFlowNoConflictsWithClients,1,indent +4,5,'Ġ',spaces ×1,0.07343146088964914,0.0025607940239744855
testFlowNoConflictsWithClients,1,indent +4,5,'Ġ',spaces ×1,0.05540349438063485,0.001932100159772698
testFlowNoConflictsWithClients,1,indent +4,5,'Ġ',spaces ×1,0.0531017006256586,0.0018518291203469275
testFlowNoConflictsWithClients,1,indent +4,5,'Ġ',spaces ×1,0.05289508511962589,0.001844623765221225
testFlowNoConflictsWithClients,1,indent +4,5,'Ġ',spaces ×1,0.05828743429488556,0.002032672530367544
testFlowNoConflictsWithClients,1,indent +4,5,'Ġ',spaces ×1,0.05499105051613655,0.0019177168999187316
testFlowNoConflictsWithClients,1,indent +4,5,'Ġ',spaces ×1,0.058629268857872424,0.002044593414079774
testFlowNoConflictsWithClients,1,indent +4,5,'Ċ',newline ×1,0.050646825098915674,0.001766219621334895
testFlowNoConflictsWithClients,1,indent +4,5,'Ġ',spaces ×1,0.059176557798342286,0.002063679160586284
testFlowNoConflictsWithClients,1,indent +4,5,'Ġ',spaces ×1,0.05057372549535226,0.0017636704002559163
testFlowNoConflictsWithClients,1,indent +4,5,'Ġ',spaces ×1,0.05444427074916116,0.0018986489099490794
testFlowNoConflictsWithClients,1,indent +4,5,'Ġ',spaces ×1,0.05813661559309703,0.0020274129913965835
testFlowNoConflictsWithClients,1,indent +4,5,'Ġ',spaces ×1,0.05799678349509758,0.00202253659105566
testFlowNoConflictsWithClients,1,indent +4,5,'Ġ',spaces ×1,0.05293724645275463,0.0018460940681215192
testFlowNoConflictsWithClients,1,indent +4,5,'Ġ',spaces ×1,0.06062976477721656,0.0021143572174029887
testFlowNoConflictsWithClients,1,indent +4,5,'Ċ',newline ×1,0.08268262255738706,0.0028834121392420863
testFlowNoConflictsWithClients,1,indent +4,5,'Ġ',spaces ×1,0.07156513915277066,0.0024957093110638405
testFlowNoConflictsWithClients,1,indent +4,5,'Ġ',spaces ×1,0.061893509226874026,0.002158428099219939
testFlowNoConflictsWithClients,1,indent +4,5,'Ġ',spaces ×1,0.06202820712219674,0.002163125453204258
testFlowNoConflictsWithClients,1,indent +4,5,'Ġ',spaces ×1,0.06662004772904177,0.0023232578793141363
testFlowNoConflictsWithClients,1,indent +4,5,'Ġ',spaces ×1,0.05107805567876955,0.0017812580350946917
testFlowNoConflictsWithClients,1,indent +4,5,'Ġ',spaces ×1,0.060781125342326284,0.0021196356529114536
testFlowNoConflictsWithClients,1,indent +4,5,'Ġ',spaces ×1,0.06303880470627263,0.002198368279951688
testFlowNoConflictsWithClients,1,indent +4,5,'Ċ',newline ×1,0.06944911067146645,0.002421916511304256
testFlowNoConflictsWithClients,1,indent +4,5,'Ġ',spaces ×1,0.05942807157488891,0.0020724502645262663
testFlowNoConflictsWithClients,1,indent +4,5,'Ġ',spaces ×1,0.05645436336486773,0.0019687473813069086
testFlowNoConflictsWithClients,1,indent +4,5,'Ġ',spaces ×1,0.05336450816693905,0.001860994074618745
testFlowNoConflictsWithClients,1,indent +4,5,'Ġ',spaces ×1,0.05961294264648347,0.0020788973204558295
testFlowNoConflictsWithClients,1,indent +4,5,'Ġ',spaces ×1,0.05640686968797706,0.001967091122225519
testFlowNoConflictsWithClients,1,indent +4,5,'Ġ',spaces ×1,0.05325649404858317,0.0018572272707796345
testFlowNoConflictsWithClients,1,indent +4,5,'Ġ',spaces ×1,0.05528319544199964,0.0019279049442694892
testFlowNoConflictsWithClients,1,indent +4,5,'Ċ',newline ×1,0.0581579410910153,0.0020281566809128445
testFlowNoConflictsWithClients,1,indent +4,5,'Ġ',spaces ×1,0.05383970876966765,0.0018775658661766602
testFlowNoConflictsWithClients,1,indent +4,5,'Ġ',spaces ×1,0.04430023657475275,0.001544893424519541
testFlowNoConflictsWithClients,1,indent +4,5,'Ġ',spaces ×1,0.04976797152327046,0.001735571136922431
testFlowNoConflictsWithClients,1,indent +4,5,'Ġ',spaces ×1,0.060975655225194575,0.0021264195430247415
testFlowNoConflictsWithClients,1,indent +4,5,'Ġ',spaces ×1,0.05688538101960448,0.001983778369674906
testFlowNoConflictsWithClients,1,indent +4,5,'Ġ',spaces ×1,0.05520253059679548,0.0019250918985934124
testFlowNoConflictsWithClients,1,indent +4,5,'Ġ',spaces ×1,0.0515082907265251,0.0017962617314102593
testFlowNoConflictsWithClients,1,indent +4,5,'Ċ',newline ×1,0.054711268336376156,0.0019079599847591428
testFlowNoConflictsWithClients,1,indent +4,5,'Ġ',spaces ×1,0.04339947089446235,0.0015134807937051357
testFlowNoConflictsWithClients,1,indent +4,5,'Ġ',spaces ×1,0.03721894761627612,0.0012979458324764745
testFlowNoConflictsWithClients,1,indent +4,5,'Ġ',spaces ×1,0.040199334520125314,0.0014018816234854295
testFlowNoConflictsWithClients,1,indent +4,5,'Ġ',spaces ×1,0.03278207392170395,0.0011432176069375
testFlowNoConflictsWithClients,1,indent +4,5,'Ġ',spaces ×1,0.03678935550415795,0.0012829645574190165
testFlowNoConflictsWithClients,1,indent +4,5,'Ġ',spaces ×1,0.030523682729455128,0.0010644601561277122
testFlowNoConflictsWithClients,1,indent +4,5,'Ġ',spaces ×1,0.028074885091507466,0.0009790626128784652
testFlowNoConflictsWithClients,1,indent +4,5,'Ċ',newline ×1,0.058758415406663086,0.0020490971745436583
testFlowNoConflictsWithClients,1,indent +4,5,'Ġ',spaces ×1,0.03483470639292005,0.0012147995815029427
testFlowNoConflictsWithClients,1,indent +4,5,'Ġ',spaces ×1,0.04124636121452736,0.0014383948518685036
testFlowNoConflictsWithClients,1,indent +4,5,'Ġ',spaces ×1,0.034532119226358966,0.0012042473822347648
testFlowNoConflictsWithClients,1,indent +4,5,'Ġ',spaces ×1,0.03130574495662019,0.0010917332112111466
testFlowNoConflictsWithClients,1,indent +4,5,'Ġ',spaces ×1,0.03399678583523145,0.0011855785646431678
testFlowNoConflictsWithClients,1,indent +4,5,'Ġ',spaces ×1,0.032969895317866975,0.0011497675502865994
testFlowNoConflictsWithClients,1,indent +4,5,'Ġ',spaces ×1,0.0307433507374589,0.001072120694476524
testFlowNoConflictsWithClients,1,indent +4,5,'Ċ',newline ×1,0.07482194263815822,0.00260928464786904
testFlowNoConflictsWithClients,1,indent +4,5,'Ġ',spaces ×1,0.03434905939578103,0.0011978634901741365
testFlowNoConflictsWithClients,1,indent +4,5,'Ġ',spaces ×1,0.0305568020798897,0.00106561513566432
testFlowNoConflictsWithClients,1,indent +4,5,'Ġ',spaces ×1,0.028523977019742547,0.0009947239099860879
testFlowNoConflictsWithClients,1,indent +4,5,'Ġ',spaces ×1,0.032374845360246866,0.001129016221673789
testFlowNoConflictsWithClients,1,indent +4,5,'Ġ',spaces ×1,0.03146511571014125,0.0010972909880586801
testFlowNoConflictsWithClients,1,indent +4,5,'Ġ',spaces ×1,0.03556889415842846,0.0012404030983009333
testFlowNoConflictsWithClients,1,indent +4,5,'Ġ',spaces ×1,0.035804962871579485,0.0012486355826143388
testFlowNoConflictsWithClients,1,indent +4,5,'Ċ',newline ×1,0.047351118072880026,0.0016512875914556902
testFlowNoConflictsWithClients,1,indent +4,5,'Ġ',spaces ×1,0.036366562141479986,0.0012682203768810748
testFlowNoConflictsWithClients,1,indent +4,5,'Ġ',spaces ×1,0.03037866654967155,0.0010594029699833773
testFlowNoConflictsWithClients,1,indent +4,5,'Ġ',spaces ×1,0.03520658470795575,0.0012277681886265328
testFlowNoConflictsWithClients,1,indent +4,5,'Ġ',spaces ×1,0.034945840761330574,0.001218675198616315
testFlowNoConflictsWithClients,1,indent +4,5,'Ġ',spaces ×1,0.03369661396479202,0.0011751105946113353
testFlowNoConflictsWithClients,1,indent +4,5,'Ġ',spaces ×1,0.03735578625542292,0.0013027178411649917
testFlowNoConflictsWithClients,1,indent +4,5,'Ġ',spaces ×1,0.038469094133737336,0.00134154251014326
testFlowNoConflictsWithClients,1,indent +4,5,'Ċ',newline ×1,0.07892561780269039,0.002752393156270618
testFlowNoConflictsWithClients,1,indent +4,5,'Ġ',spaces ×1,0.0396380667467079,0.0013823083895799146
testFlowNoConflictsWithClients,1,indent +4,5,'Ġ',spaces ×1,0.03582954727590361,0.001249492920803086
testFlowNoConflictsWithClients,1,indent +4,5,'Ġ',spaces ×1,0.032567260064243445,0.0011357263486159689
testFlowNoConflictsWithClients,1,indent +4,5,'Ġ',spaces ×1,0.03774594721826819,0.0013163240237185944
testFlowNoConflictsWithClients,1,indent +4,5,'Ġ',spaces ×1,0.039182094981514995,0.0013664071701671371
testFlowNoConflictsWithClients,1,indent +4,5,'Ġ',spaces ×1,0.03181260314205828,0.001109409005707772
testFlowNoConflictsWithClients,1,indent +4,5,'Ġ',spaces ×1,0.033272667578692794,0.0011603262043941782
testFlowNoConflictsWithClients,1,indent +4,5,'Ċ',newline ×1,0.06481389587374956,0.002260271485997335
testFlowNoConflictsWithClients,1,indent +4,5,'Ġ',spaces ×1,0.03313420836422861,0.0011554976809701799
testFlowNoConflictsWithClients,1,indent +4,5,'Ġ',spaces ×1,0.036090490825615884,0.0012585928716225593
testFlowNoConflictsWithClients,1,indent +4,5,'Ġ',spaces ×1,0.03708074229122214,0.0012931261630024931
testFlowNoConflictsWithClients,1,indent +4,5,'Ġ',spaces ×1,0.03541344021130431,0.00123498191323971
testFlowNoConflictsWithClients,1,indent +4,5,'Ġ',spaces ×1,0.031704631169239716,0.0011056436716207106
testFlowNoConflictsWithClients,1,indent +4,5,'Ġ',spaces ×1,0.030787577793425225,0.0010736630358550614
testFlowNoConflictsWithClients,1,indent +4,5,'Ġ',spaces ×1,0.028211526535832282,0.0009838277447417692
testFlowNoConflictsWithClients,1,indent +4,5,'Ċ',newline ×1,0.05411038861666208,0.00188700535336915
testFlowNoConflictsWithClients,1,indent +4,5,'Ġ',spaces ×1,0.029929025694323902,0.0010437225300008557
testFlowNoConflictsWithClients,1,indent +4,5,'Ġ',spaces ×1,0.027967902951331114,0.0009753317974770488
testFlowNoConflictsWithClients,1,indent +4,5,'Ġ',spaces ×1,0.03418643012361286,0.0011921920781765268
testFlowNoConflictsWithClients,1,indent +4,5,'Ġ',spaces ×1,0.037939840914762074,0.0013230857279425375
testFlowNoConflictsWithClients,1,indent +4,5,'Ġ',spaces ×1,0.03273842838254758,0.0011416955449426727
testFlowNoConflictsWithClients,1,indent +4,5,'Ġ',spaces ×1,0.034239920363284146,0.0011940574569178953
testFlowNoConflictsWithClients,1,indent +4,5,'Ġ',spaces ×1,0.03537713655934884,0.0012337158867457563
testFlowNoConflictsWithClients,1,indent +4,5,'Ċ',newline ×1,0.04855599957153554,0.0016933057306016783
testFlowNoConflictsWithClients,1,indent +4,5,'Ġ',spaces ×1,0.02853338128755817,0.0009950518674110161
testFlowNoConflictsWithClients,1,indent +4,5,'Ġ',spaces ×1,0.0236323440065021,0.0008241367469905581
testFlowNoConflictsWithClients,1,indent +4,5,'Ġ',spaces ×1,0.030137816744005497,0.001051003753413903
testFlowNoConflictsWithClients,1,indent +4,5,'Ġ',spaces ×1,0.02936338686020937,0.0010239968629832115
testFlowNoConflictsWithClients,1,indent +4,5,'Ġ',spaces ×1,0.03433218755848477,0.0011972751142982072
testFlowNoConflictsWithClients,1,indent +4,5,'Ġ',spaces ×1,0.03915054037470211,0.0013653067583330768
testFlowNoConflictsWithClients,1,indent +4,5,'Ġ',spaces ×1,0.03127795525391512,0.0010907640938362096
testFlowNoConflictsWithClients,1,indent +4,5,'Ċ',newline ×1,0.048800051607082694,0.0017018166193487666
testFlowNoConflictsWithClients,1,indent +4,5,'Ġ',spaces ×1,0.024524924894031835,0.0008552639474439836
testFlowNoConflictsWithClients,1,indent +4,5,'Ġ',spaces ×1,0.02859035844821872,0.0009970388464354677
testFlowNoConflictsWithClients,1,indent +4,5,'Ġ',spaces ×1,0.030472631588772215,0.001062679836706118
testFlowNoConflictsWithClients,1,indent +4,5,'Ġ',spaces ×1,0.034630680768386365,0.0012076845439738832
testFlowNoConflictsWithClients,1,indent +4,5,'Ġ',spaces ×1,0.03179995450909937,0.001108967906711508
testFlowNoConflictsWithClients,1,indent +4,5,'Ġ',spaces ×1,0.03260664029728539,0.0011370996655051438
testFlowNoConflictsWithClients,1,indent +4,5,'Ġ',spaces ×1,0.025729057199119547,0.0008972559597720114
testFlowNoConflictsWithClients,1,indent +4,5,'Ċ',newline ×1,0.06052830918312347,0.0021108191306496446
testFlowNoConflictsWithClients,1,indent +4,5,'Ġ',spaces ×1,0.03403094992833734,0.0011867699777568406
testFlowNoConflictsWithClients,1,indent +4,5,'Ġ',spaces ×1,0.02708662369764098,0.0009445987217767872
testFlowNoConflictsWithClients,1,indent +4,5,'Ġ',spaces ×1,0.0375588165687856,0.0013097981689542773
testFlowNoConflictsWithClients,1,indent +4,5,'Ġ',spaces ×1,0.03772978460771979,0.0013157603808875416
testFlowNoConflictsWithClients,1,indent +4,5,'Ġ',spaces ×1,0.03714585061216885,0.0012953967020489913
testFlowNoConflictsWithClients,1,indent +4,5,'Ġ',spaces ×1,0.04121332384183741,0.0014372427311626472
testFlowNoConflictsWithClients,1,indent +4,5,'Ġ',spaces ×1,0.04060531595101721,0.001416039517247545
testFlowNoConflictsWithClients,1,indent +4,5,'Ċ',newline ×1,0.048375142184511805,0.0016869986449156397
testFlowNoConflictsWithClients,1,indent +4,5,'Ġ',spaces ×1,0.03159327085678702,0.0011017601751032527
testFlowNoConflictsWithClients,1,indent +4,5,'Ġ',spaces ×1,0.03813936987280064,0.0013300439520765072
testFlowNoConflictsWithClients,1,indent +4,5,'Ġ',spaces ×1,0.03196073349586644,0.001114574793235426
testFlowNoConflictsWithClients,1,indent +4,5,'Ġ',spaces ×1,0.035842250977528384,0.0012499359402229498
testFlowNoConflictsWithClients,1,indent +4,5,'Ġ',spaces ×1,0.03291488425967212,0.001147849135653809
testFlowNoConflictsWithClients,1,indent +4,5,'Ġ',spaces ×1,0.0273708722647063,0.00095451139439756
testFlowNoConflictsWithClients,1,indent +4,5,'Ġ',spaces ×1,0.032265532125767216,0.0011252041134274682
testFlowNoConflictsWithClients,1,indent +4,5,'Ċ',newline ×1,0.05883605686280208,0.00205180478480341
testFlowNoConflictsWithClients,1,indent +4,5,'Ġ',spaces ×1,0.03562742341576737,0.0012424442039878593
testFlowNoConflictsWithClients,1,indent +4,5,'Ġ',spaces ×1,0.03211883485770828,0.0011200883022638684
testFlowNoConflictsWithClients,1,indent +4,5,'Ġ',spaces ×1,0.03480711689661452,0.0012138374459767295
testFlowNoConflictsWithClients,1,indent +4,5,'Ġ',spaces ×1,0.049616727276623446,0.0017302967578173192
testFlowNoConflictsWithClients,1,indent +4,5,'Ġ',spaces ×1,0.042912136098002804,0.0014964858433210786
testFlowNoConflictsWithClients,1,indent +4,5,'Ġ',spaces ×1,0.041034892231038775,0.0014310202401882684
testFlowNoConflictsWithClients,1,indent +4,5,'Ġ',spaces ×1,0.03648960833769199,0.0012725113981969384
testFlowNoConflictsWithClients,1,indent +4,5,'Ċ',newline ×1,0.05251067885055967,0.0018312182675683539
testFlowNoConflictsWithClients,1,indent +4,5,'Ġ',spaces ×1,0.03814574424623667,0.0013302662472236256
testFlowNoConflictsWithClients,1,indent +4,5,'Ġ',spaces ×1,0.03522992786773535,0.0012285822405783808
testFlowNoConflictsWithClients,1,indent +4,5,'Ġ',spaces ×1,0.03327605882860223,0.0011604444683153462
testFlowNoConflictsWithClients,1,indent +4,5,'Ġ',spaces ×1,0.029967243435282793,0.001045055307007763
testFlowNoConflictsWithClients,1,indent +4,5,'Ġ',spaces ×1,0.031668691842128054,0.0011043903503197559
testFlowNoConflictsWithClients,1,indent +4,5,'Ġ',spaces ×1,0.030371314806415157,0.0010591465907697723
testFlowNoConflictsWithClients,1,indent +4,5,'Ġ',spaces ×1,0.031908742056580335,0.0011127616825413358
testFlowNoConflictsWithClients,1,indent +4,5,'Ċ',newline ×1,0.05356393197396005,0.001867948631794518
testFlowNoConflictsWithClients,1,indent +4,5,'Ġ',spaces ×1,0.024782343601659818,0.0008642409755483761
testFlowNoConflictsWithClients,1,indent +4,5,'Ġ',spaces ×1,0.022431000861073757,0.000782242001737175
testFlowNoConflictsWithClients,1,indent +4,5,'Ġ',spaces ×1,0.022031227173853356,0.0007683005921999918
testFlowNoConflictsWithClients,1,indent +4,5,'Ġ',spaces ×1,0.023744342787545766,0.0008280425089856796
testFlowNoConflictsWithClients,1,indent +4,5,'Ġ',spaces ×1,0.02751179156479152,0.0009594257090135145
testFlowNoConflictsWithClients,1,indent +4,5,'Ġ',spaces ×1,0.02805627276178528,0.0009784135403672096
testFlowNoConflictsWithClients,1,indent +4,5,'Ġ',spaces ×1,0.0267925207982945,0.0009343423965184373
testFlowNoConflictsWithClients,1,indent +4,5,'Ċ',newline ×1,0.04243085972982659,0.0014797021700484211
testFlowNoConflictsWithClients,1,indent +4,5,'Ġ',spaces ×1,0.027713600602558158,0.0009664634469481237
testFlowNoConflictsWithClients,1,indent +4,5,'Ġ',spaces ×1,0.029214080426501948,0.0010187900617219172
testFlowNoConflictsWithClients,1,indent +4,5,'Ġ',spaces ×1,0.03168653636156957,0.0011050126467876853
testFlowNoConflictsWithClients,1,strip indent,0,'Ċ',newline ×1,0.0014893675540136196,0.002488682848077244
testFlowNoConflictsWithClients,1,strip indent,0,'Ċ',newline ×1,0.0032955044669038137,0.005506676589297087
testFlowNoConflictsWithClients,1,strip indent,0,'Ċ',newline ×1,0.0022411116447378964,0.0037448218177273266
testFlowNoConflictsWithClients,1,strip indent,0,'Ċ',newline ×1,0.0030680990319184834,0.005126689792832766
testFlowNoConflictsWithClients,1,strip indent,0,'Ċ',newline ×1,0.00186053659221844,0.00310889376688528
testFlowNoConflictsWithClients,1,strip indent,0,'Ċ',newline ×1,0.001963670367703778,0.0032812268202112574
testFlowNoConflictsWithClients,1,strip indent,0,'Ċ',newline ×1,0.002297555200328357,0.003839137091552064
testFlowNoConflictsWithClients,1,strip indent,0,'Ċ',newline ×1,0.0023900325735198547,0.003993663656788904
testFlowNoConflictsWithClients,1,strip indent,0,'Ċ',newline ×1,0.0005060524456917279,0.0008455965341977818
testFlowNoConflictsWithClients,1,strip indent,0,'Ċ',newline ×1,0.001838465026693415,0.003072012926823794
testFlowNoConflictsWithClients,1,strip indent,0,'Ċ',newline ×1,0.0016030970299365712,0.002678720958742085
testFlowNoConflictsWithClients,1,strip indent,0,'Ċ',newline ×1,0.0030094190556136085,0.0050286375355763375
testFlowNoConflictsWithClients,1,strip indent,0,'Ċ',newline ×1,0.0006519267644409132,0.0010893475908578562
testFlowNoConflictsWithClients,1,strip indent,0,'Ċ',newline ×1,0.0016705123278948676,0.00279136964326237
testFlowNoConflictsWithClients,1,strip indent,0,'Ċ',newline ×1,0.0019506761052813302,0.0032595138468575597
testFlowNoConflictsWithClients,1,strip indent,0,'Ċ',newline ×1,0.0018747901468974004,0.003132710975040558
testFlowNoConflictsWithClients,1,strip indent,0,'Ċ',newline ×1,0.0016357972931704725,0.002733361993467538
testFlowNoConflictsWithClients,1,strip indent,0,'Ċ',newline ×1,0.002699502579272089,0.004510777577549735
testFlowNoConflictsWithClients,1,strip indent,0,'Ċ',newline ×1,0.0015543727382165582,0.002597304313964553
testFlowNoConflictsWithClients,1,strip indent,0,'Ċ',newline ×1,0.0027880954835585374,0.004658813326525784
testFlowNoConflictsWithClients,1,strip indent,0,'Ċ',newline ×1,0.0016707519765508385,0.0027917700880673297
testFlowNoConflictsWithClients,1,strip indent,0,'Ċ',newline ×1,0.0019604411853835846,0.00327583096568769
testFlowNoConflictsWithClients,1,strip indent,0,'Ċ',newline ×1,0.002228612178602996,0.0037239356322479804
testFlowNoConflictsWithClients,1,strip indent,0,'Ċ',newline ×1,0.0019798461870512603,0.0033082560676627615
