id,project,test_name,true_category,true_label,pred_original,conf_original,pred_renamed,conf_renamed,correct_original,correct_renamed,flipped,code_changed,tokens_original,tokens_renamed
1,apache_hadoop,TestDelegationTokenRenewer.testAddRemoveRenewAction,0,async wait,0,0.9219,5,0.9447,True,False,True,True,242,289
4,NationalSecurityAgency_timely,MetricAdapterTest.testToMetricResponse,3,unordered collections,2,0.4559,5,0.9493,False,False,True,True,260,299
5,apache_hadoop,TestPathData.testToFile,4,test order dependency,3,0.6063,5,0.9513,False,False,True,False,144,174
8,apache_hadoop,TestLocalDirAllocator.testRemoveContext,4,test order dependency,4,0.8007,5,0.947,True,False,True,True,203,217
9,apache_hadoop,TestRMContainerAllocator.testSimple,0,async wait,0,0.9225,5,0.93,True,False,True,True,512,512
18,alibaba_fastjson,MultiMapTes.test_multimap,3,unordered collections,3,0.8527,5,0.9519,True,False,True,True,155,179
20,cdapio_cdap,WorkflowHttpHandlerTest.testWorkflowForkFailure,1,concurrency,0,0.5273,5,0.9456,False,False,True,True,480,512
21,palantir_atlasdb,extraSweepersGiveUpAfterFailingToAcquireEnoughTimes,1,concurrency,1,0.3974,5,0.9496,True,False,True,False,399,477
22,apache_pulsar,TopicReaderTest.testMultiReaderIsAbleToSeekWithTimeOnMiddleOfTopic,2,time,2,0.6331,5,0.931,True,False,True,True,377,455
24,trinodb_trino,TestExchangeClient.testAddLocation,0,async wait,0,0.9112,5,0.9452,True,False,True,True,512,512
25,apache_hadoop,TestDelegationToken.testDelegationTokenSecretManager,1,concurrency,0,0.9117,5,0.9437,False,False,True,True,442,512
28,apache_hadoop,TestDFSIO.testReadSkip,4,test order dependency,2,0.7859,5,0.9418,False,False,True,True,126,156
30,apache_pulsar,ZKSessionTest.testReacquireLocksAfterSessionLost,0,async wait,0,0.8031,5,0.9439,True,False,True,False,430,512
32,apache_druid,ResponseContextTest.serializeWithTruncateArrayTest,3,unordered collections,3,0.652,5,0.9507,True,False,True,True,399,447
33,apache_kafka,shouldTogglePrepareForBulkLoadDuringRestoreCalls,1,concurrency,1,0.4879,5,0.9432,True,False,True,True,385,452
36,apache_pulsar,BacklogQuotaManagerTest.testConsumerBacklogEvictionTimeQuotaWithEmptyLedger,0,async wait,0,0.8077,5,0.9338,True,False,True,True,512,512
37,apache_pulsar,InactiveTopicDeleteTest.testTopicLevelInActiveTopicApi,0,async wait,0,0.9216,5,0.9415,True,False,True,True,512,512
38,apache_hadoop,TestDFSIO.testReadBackward,4,test order dependency,2,0.7809,5,0.9386,False,False,True,True,134,163
40,apache_hadoop,TestDFSIO.testReadRandom,4,test order dependency,2,0.785,5,0.9385,False,False,True,True,127,157
43,spring-projects_spring-data-envers,5637994be37747e82b2d6d5b34555e2bee791fe6.testWithRevisions,4,test order dependency,3,0.8416,5,0.95,False,False,True,True,269,335
46,networknt_json-schema-validator,CollectorContextTest.testCollectorContextWithKeyword,3,unordered collections,3,0.8648,5,0.9527,True,False,True,True,222,248
47,apache_hadoop,TestPeerCache.testEviction,4,test order dependency,0,0.9089,5,0.9358,False,False,True,True,465,512
48,cdapio_cdap,PreviewDataPipelineTest.testLogicalTypePreviewRun,2,time,0,0.6841,5,0.948,False,False,True,True,512,512
51,apache_hadoop,TestHftpFileSystem.testHftpDefaultPorts,4,test order dependency,0,0.5578,5,0.9512,False,False,True,True,203,240
64,apache_ignite,testFlowNoConflictsWithClients,1,concurrency,0,0.9244,5,0.9302,False,False,True,True,331,405
66,palantir_atlasdb,incrementUpperLimitIfOneMinuteElapsedSinceLastUpdate,0,async wait,2,0.7948,5,0.9358,False,False,True,True,221,256
69,apache_samza,TestContainerAllocatorWithHostAffinity.testExpiredRequestAllocationOnAnyHost,0,async wait,0,0.9142,5,0.9447,True,False,True,True,512,512
72,strapdata_elassandra,testTokenExpiry,2,time,0,0.8026,5,0.9424,False,False,True,True,512,512
75,apache_hadoop,TestPathData.testUnqualifiedUriContents,4,test order dependency,4,0.9231,5,0.9522,True,False,True,True,99,122
78,apache_pulsar,testTransactionMetaStoreAssignAndFailover,0,async wait,0,0.9041,5,0.9451,True,False,True,False,512,512
92,apache_pulsar,KeySharedSubscriptionTest.testRemoveFirstConsumer,0,async wait,0,0.921,5,0.944,True,False,True,True,457,512
94,apache_pulsar,PersistentFailoverE2ETest.testSimpleConsumerEventsWithoutPartition,1,concurrency,0,0.889,5,0.9342,False,False,True,True,512,512
96,apache_hadoop,TestBlockFixer.testGeneratedBlock,1,concurrency,0,0.9197,5,0.9385,False,False,True,True,512,512
97,trinodb_trino,testQueryTimeout,0,async wait,1,0.4591,5,0.9446,False,False,True,False,512,512
98,cdapio_cdap,ProgramLifecycleHttpHandlerTest.testStartProgramWithDisabledRuntimeArgs,0,async wait,4,0.7102,5,0.9472,False,False,True,True,352,401
99,stanfordnlp_CoreNLP,DirectedMultiGraphTest.testConnectedComponents,3,unordered collections,3,0.8596,5,0.9514,True,False,True,True,150,180
105,apache_hadoop,TestRPCCompatibility.testVersion2ClientVersion2Server,4,test order dependency,0,0.9198,5,0.9477,False,False,True,True,208,254
107,apache_hadoop,TestDelegationTokenForProxyUser.testDelegationTokenWithRealUser,4,test order dependency,0,0.8027,5,0.9481,False,False,True,False,370,440
109,apache_pulsar,ServerCnxTest.testDuplicateConcurrentSubscribeCommand,1,concurrency,0,0.9219,5,0.9454,False,False,True,True,264,326
111,apache_hadoop,TestPathData.testWithStringAndConfForBuggyPath,4,test order dependency,4,0.8099,5,0.9515,True,False,True,False,87,113
120,apache_hadoop,TestModTime.testModTime,2,time,0,0.9225,5,0.9395,False,False,True,True,512,512
129,apache_hadoop,TestPathData.testWithDirStringAndConf,4,test order dependency,4,0.8657,5,0.9504,True,False,True,False,88,118
130,Kong_unirest-java,DefectTest.nullAndObjectValuesInMap,3,unordered collections,3,0.7537,5,0.9374,True,False,True,True,126,141
135,apache_hadoop,testPendingAndInvalidate,1,concurrency,5,0.609,5,0.9449,False,False,False,True,512,512
139,cdapio_cdap,WorkflowClientTestRun.testWorkflowClient,0,async wait,0,0.6057,5,0.9451,True,False,True,True,512,512
143,apache_cassandra,ColumnFamilyStoreTest.testRemoveSuperColumn,0,async wait,0,0.824,5,0.9457,True,False,True,True,383,463
144,spring-cloud_spring-cloud-config,GiteePropertyPathNotificationExtractorTests.giteeSample,3,unordered collections,3,0.5246,5,0.9516,True,False,True,True,157,183
145,apache_pinot,SegmentGenerationWithTimeColumnTest.testMinAllowedValue,2,time,2,0.7911,5,0.946,True,False,True,True,161,202
154,cdapio_cdap,TestFrameworkTestRun.testWorkerInstances,0,async wait,0,0.9237,5,0.9306,True,False,True,True,512,512
163,pushtorefresh_storio,NotifyAboutChangesTest.notifyAboutChangesConcurrently,1,concurrency,0,0.915,5,0.9278,False,False,True,True,512,512
164,apache_ignite,GridCacheRebalancingWithAsyncClearingTest.testCorrectRebalancingCurrentlyRentingPartitions,1,concurrency,0,0.9234,5,0.9367,False,False,True,False,479,512
170,apache_pulsar,AntiAffinityNamespaceGroupTest.testBrokerSelectionForAntiAffinityGroup,1,concurrency,0,0.8917,5,0.9434,False,False,True,True,512,512
173,apache_hadoop,TestPathData.testQualifiedUriContents,4,test order dependency,4,0.7383,5,0.9528,True,False,True,True,112,135
177,apache_pulsar,NamespacesTest.testSubscribeRate,0,async wait,0,0.9218,5,0.9413,True,False,True,True,510,512
181,spring-projects_spring-data-couchbase,MappingCouchbaseConverterTests.writesAndReadsCustomFieldsConvertedClass,3,unordered collections,3,0.6283,5,0.9353,True,False,True,True,512,512
184,apache_pulsar,testTopicLevelInactivePolicyUpdateAndClean,0,async wait,0,0.922,5,0.9439,True,False,True,True,512,512
187,apache_pulsar,ManagedLedgerTest.testMaximumRolloverTime,0,async wait,0,0.9019,5,0.9348,True,False,True,True,249,307
191,apache_pulsar,DiscoveryServiceTest.testBrokerDiscoveryRoundRobin,0,async wait,0,0.9126,5,0.9474,True,False,True,True,126,159
194,netty_netty,testAutomaticStartStop,0,async wait,0,0.9142,5,0.9287,True,False,True,True,232,310
197,apache_pulsar,PrometheusMetricsTest.testPerTopicStats,1,concurrency,0,0.914,5,0.9427,False,False,True,True,512,512
198,apache_hadoop,TestPathData.testCwdContents,4,test order dependency,4,0.9441,5,0.9509,True,False,True,True,85,108
202,cdapio_cdap,ProvisioningServiceTest.testCancelDeprovision,4,test order dependency,0,0.6196,5,0.9483,False,False,True,True,242,280
203,apache_cassandra,testTimeWindows,2,time,2,0.7916,5,0.9472,True,False,True,True,230,266
206,apache_kafka,testGracefulClose,0,async wait,0,0.747,5,0.9444,True,False,True,True,349,389
207,apache_pulsar,testAsyncFunction,1,concurrency,0,0.9124,5,0.9348,False,False,True,True,397,499
209,apache_hadoop,TestHftpFileSystem.testHftpCustomDefaultPorts,4,test order dependency,0,0.7865,5,0.9499,False,False,True,True,194,241
211,apache_pulsar,testLedgerReachMaximumRolloverTime,0,async wait,2,0.7182,5,0.9368,False,False,True,True,221,267
214,cdapio_cdap,MetadataSubscriberServiceTest.testSubscriber,0,async wait,0,0.6094,5,0.9478,True,False,True,True,512,512
218,alibaba_fastjson,JSONObjectTest_readObject.test_6,3,unordered collections,3,0.5454,5,0.9498,True,False,True,True,243,297
229,apache_pulsar,AvroSchemaTest.testNotAllowNullSchema,3,unordered collections,3,0.8157,5,0.9502,True,False,True,True,367,431
230,alibaba_fastjson,Issue1492.test_for_issue,3,unordered collections,0,0.7893,5,0.9467,False,False,True,True,272,345
237,undertow-io_undertow,d0efffad5d2034bb07525cac9b299dac72c3045d.testCloseReason,4,test order dependency,0,0.8803,5,0.9489,False,False,True,True,243,283
238,apache_pulsar,ReplicatorTest.testReplicatorProducerName,0,async wait,0,0.8551,5,0.949,True,False,True,False,260,314
243,alibaba_fastjson,test_date,2,time,2,0.7289,5,0.9425,True,False,True,True,480,512
247,apache_hadoop,TestSecurityUtil.testBuildDTServiceName,4,test order dependency,4,0.3941,5,0.9481,True,False,True,False,154,176
248,apache_ignite,SystemCacheNotConfiguredTest.test,0,async wait,0,0.9191,5,0.9483,True,False,True,False,135,173
251,apache_hadoop,TestUnderReplicatedBlocks.testSetrepIncWithUnderReplicatedBlocks,0,async wait,0,0.9139,5,0.9434,True,False,True,True,447,500
255,alibaba_fastjson,Issue1584.test_for_issue,3,unordered collections,0,0.457,5,0.9473,False,False,True,False,390,480
256,apache_hadoop,TestDelegationTokenForProxyUser.testWebHdfsDoAs,4,test order dependency,0,0.8921,5,0.9411,False,False,True,True,512,512
258,apache_hadoop,TestMetricsSystemImpl.testInitFirstVerifyCallBacks,3,unordered collections,0,0.9231,5,0.9378,False,False,True,True,512,512
262,cdapio_cdap,WorkflowHttpHandlerTest.testWorkflowTokenPut,0,async wait,0,0.7473,5,0.9467,True,False,True,True,512,512
267,alibaba_fastjson,SortFieldTest.test_1,3,unordered collections,3,0.8637,5,0.9519,True,False,True,False,180,214
284,apache_cassandra,testWithMismatchingPending,1,concurrency,0,0.9219,5,0.944,False,False,True,True,512,512
288,apache_pulsar,MessageIdTest.producerSendAsync,0,async wait,0,0.9178,5,0.95,True,False,True,True,512,512
291,trinodb_trino,testAuthenticationFromMultipleThreadsWithCachedToken,1,concurrency,1,0.4803,5,0.9478,True,False,True,False,391,468
296,apache_pulsar,MessageIdTest.testChecksumReconnection,0,async wait,0,0.9248,5,0.9343,True,False,True,True,512,512
301,apache_hadoop,TestFairScheduler.testContinuousScheduling,0,async wait,0,0.9211,5,0.938,True,False,True,True,468,512
305,apache_ignite,IgnitePdsThreadInterruptionTest.testInterruptsOnLFSRead,1,concurrency,0,0.8635,5,0.9335,False,False,True,False,512,512
306,apache_pulsar,shouldTerminateWhenFutureIsCancelled,1,concurrency,1,0.5131,5,0.9434,True,False,True,True,512,512
309,apache_kafka,testForceMetadataRefreshForPatternSubscriptionDuringRebalance,1,concurrency,0,0.8998,5,0.9364,False,False,True,True,507,512
310,apache_cassandra,testTrackMetadata_rowMarkerDelete,2,time,2,0.7492,5,0.9465,True,False,True,False,334,399
311,apache_cassandra,testTrackMetadata_rowTombstone,2,time,2,0.741,5,0.9448,True,False,True,False,366,435
314,apache_hadoop,TestWritableName.testSetName,4,test order dependency,4,0.9255,5,0.952,True,False,True,True,85,107
317,apache_druid,KafkaLookupExtractorFactoryTest.testStartStop,1,concurrency,0,0.9138,5,0.9186,False,False,True,True,512,512
321,apache_hadoop,TestPeerCache.testAddAndRetrieve,4,test order dependency,0,0.9141,5,0.9463,False,False,True,True,190,238
325,cdapio_cdap,MetadataHttpHandlerTestRun.testSystemMetadataRetrieval,0,async wait,2,0.6997,5,0.9463,False,False,True,False,512,512
327,apache_hadoop,TestDFSIO.testRead,4,test order dependency,2,0.7879,5,0.9416,False,False,True,True,99,125
328,spring-projects_spring-data-couchbase,MappingCouchbaseConverterTests.writesAndReadsClassContainingCustomConvertedObjects,3,unordered collections,3,0.6531,5,0.9361,True,False,True,True,512,512
338,apache_hadoop,TestHftpFileSystem.testHftpCustomUriPortWithDefaultPorts,4,test order dependency,0,0.705,5,0.9506,False,False,True,True,209,246
342,cdapio_cdap,TestFrameworkTestRun.testAppWithServices,1,concurrency,0,0.9229,5,0.94,False,False,True,True,512,512
343,OpenAPITools_openapi-generator,AbstractJavaCodegenTest.testAdditionalModelTypeAnnotationsSemiColon,3,unordered collections,4,0.7471,5,0.9509,False,False,True,True,200,225
349,GoogleCloudPlatform_google-cloud-eclipse,CreateAppEngineStandardWtpProjectTest.testNoTestClassesInDeploymentAssembly,0,async wait,4,0.4775,5,0.9484,False,False,True,True,331,405
356,cdapio_cdap,MetricsQueryTestRun.testingUserServiceGaugeMetrics,0,async wait,0,0.9207,5,0.9393,True,False,True,True,278,337
360,apache_hadoop,TestPeerCache.testExpiry,4,test order dependency,0,0.7824,5,0.9366,False,False,True,True,386,466
366,GoogleCloudPlatform_google-cloud-eclipse,XmlValidatorTest.testValidate_badXml,0,async wait,4,0.8897,5,0.9501,False,False,True,True,178,213
367,apache_hadoop,TestSecurityUtil.testBuildTokenServiceSockAddr,4,test order dependency,0,0.6384,5,0.951,False,False,True,False,152,170
368,apache_hadoop,TestDFSIO.testWrite,4,test order dependency,2,0.7888,5,0.9437,False,False,True,True,100,126
369,apache_pulsar,socketTest,0,async wait,0,0.9154,5,0.933,True,False,True,True,512,512
281,apache_hadoop,TestOffsetRange.testConstructor1,5,non-flaky,5,0.9456,5,0.9509,True,True,False,False,45,55
282,apache_hadoop,TestOffsetRange.testConstructor2,5,non-flaky,5,0.9453,5,0.951,True,True,False,False,45,55
283,apache_hadoop,TestOffsetRange.testConstructor3,5,non-flaky,5,0.9442,5,0.9505,True,True,False,False,46,56
284,apache_hadoop,TestOffsetRange.testConstructor4,5,non-flaky,5,0.9456,5,0.9511,True,True,False,False,45,55
285,apache_hadoop,TestOffsetRange.testCompare,5,non-flaky,5,0.9535,5,0.9514,True,True,False,True,218,255
286,apache_hadoop,TestReaddir.testReaddirBasic,5,non-flaky,5,0.9503,5,0.937,True,True,False,True,512,512
287,apache_hadoop,TestReaddir.testReaddirPlus,5,non-flaky,5,0.9502,5,0.9377,True,True,False,True,512,512
288,apache_hadoop,TestWrites.testAlterWriteRequest,5,non-flaky,5,0.9511,5,0.9442,True,True,False,True,512,512
289,apache_hadoop,TestWrites.testCheckCommit,5,non-flaky,5,0.9498,5,0.9391,True,True,False,True,512,512
290,apache_hadoop,TestWrites.testCheckCommitLargeFileUpload,5,non-flaky,5,0.95,5,0.9354,True,True,False,True,512,512
291,apache_hadoop,TestWrites.testCheckCommitAixCompatMode,5,non-flaky,5,0.9501,5,0.9435,True,True,False,True,508,512
292,apache_hadoop,TestWrites.testCheckCommitFromRead,5,non-flaky,5,0.95,5,0.9367,True,True,False,True,512,512
293,apache_hadoop,TestWrites.testCheckCommitFromReadLargeFileUpload,5,non-flaky,5,0.95,5,0.9366,True,True,False,True,512,512
294,apache_hadoop,TestWrites.testWriteStableHow,5,non-flaky,5,0.9505,5,0.9395,True,True,False,True,512,512
295,apache_hadoop,TestWrites.testOOOWrites,5,non-flaky,5,0.95,5,0.9351,True,True,False,True,512,512
296,apache_hadoop,TestWrites.testOverlappingWrites,5,non-flaky,5,0.9501,5,0.9335,True,True,False,True,512,512
297,apache_hadoop,TestWrites.testCheckSequential,5,non-flaky,5,0.9503,5,0.9416,True,True,False,True,512,512
298,apache_hadoop,TestNfs3HttpServer.testHttpServer,5,non-flaky,5,0.9494,5,0.943,True,True,False,True,239,302
299,apache_hadoop,TestRpcProgramNfs3.testGetattr,5,non-flaky,5,0.9493,5,0.9465,True,True,False,True,392,471
300,apache_hadoop,TestRpcProgramNfs3.testSetattr,5,non-flaky,5,0.9497,5,0.9475,True,True,False,True,443,512
301,apache_hadoop,TestRpcProgramNfs3.testLookup,5,non-flaky,5,0.9493,5,0.9459,True,True,False,True,388,469
302,apache_hadoop,TestRpcProgramNfs3.testAccess,5,non-flaky,5,0.9494,5,0.9455,True,True,False,True,380,461
303,apache_hadoop,TestRpcProgramNfs3.testReadlink,5,non-flaky,5,0.9482,5,0.9463,True,True,False,True,512,512
304,apache_hadoop,TestRpcProgramNfs3.testRead,5,non-flaky,5,0.9495,5,0.9456,True,True,False,True,386,472
305,apache_hadoop,TestRpcProgramNfs3.testEncryptedReadWrite,5,non-flaky,5,0.9505,5,0.9479,True,True,False,True,401,512
306,apache_hadoop,TestRpcProgramNfs3.testWrite,5,non-flaky,5,0.9493,5,0.9472,True,True,False,True,458,512
307,apache_hadoop,TestRpcProgramNfs3.testCreate,5,non-flaky,5,0.9487,5,0.9451,True,True,False,True,419,503
308,apache_hadoop,TestRpcProgramNfs3.testMkdir,5,non-flaky,5,0.9484,5,0.9457,True,True,False,True,476,512
309,apache_hadoop,TestRpcProgramNfs3.testSymlink,5,non-flaky,5,0.9487,5,0.9459,True,True,False,True,409,493
310,apache_hadoop,TestRpcProgramNfs3.testRemove,5,non-flaky,5,0.9492,5,0.9448,True,True,False,True,387,468
311,apache_hadoop,TestRpcProgramNfs3.testRmdir,5,non-flaky,5,0.9493,5,0.9459,True,True,False,True,390,471
312,apache_hadoop,TestRpcProgramNfs3.testRename,5,non-flaky,5,0.949,5,0.9465,True,True,False,True,399,485
313,apache_hadoop,TestRpcProgramNfs3.testReaddir,5,non-flaky,5,0.9492,5,0.946,True,True,False,True,389,470
314,apache_hadoop,TestRpcProgramNfs3.testReaddirplus,5,non-flaky,5,0.9489,5,0.9475,True,True,False,True,404,484
315,apache_hadoop,TestRpcProgramNfs3.testFsstat,5,non-flaky,5,0.9492,5,0.9464,True,True,False,True,390,470
316,apache_hadoop,TestRpcProgramNfs3.testFsinfo,5,non-flaky,5,0.9491,5,0.9463,True,True,False,True,390,470
317,apache_hadoop,TestRpcProgramNfs3.testPathconf,5,non-flaky,5,0.9496,5,0.946,True,True,False,True,394,473
318,apache_hadoop,TestRpcProgramNfs3.testCommit,5,non-flaky,5,0.949,5,0.9454,True,True,False,True,402,498
319,apache_hadoop,TestRpcProgramNfs3.testIdempotent,5,non-flaky,5,0.9517,5,0.9453,True,True,False,True,512,512
320,apache_hadoop,TestRpcProgramNfs3.testDeprecatedKeys,5,non-flaky,5,0.9498,5,0.9418,True,True,False,False,512,512
321,apache_hadoop,TestNfs3Utils.testGetAccessRightsForUserGroup,5,non-flaky,5,0.9515,5,0.9422,True,True,False,True,512,512
322,apache_hadoop,TestDFSClientCache.testEviction,5,non-flaky,5,0.9506,5,0.9409,True,True,False,True,328,395
323,apache_hadoop,TestDFSClientCache.testGetUserGroupInformationSecure,5,non-flaky,5,0.9514,5,0.937,True,True,False,True,310,383
324,apache_hadoop,TestDFSClientCache.testGetUserGroupInformation,5,non-flaky,5,0.9519,5,0.9439,True,True,False,True,278,340
325,apache_hadoop,TestViewfsWithNfs3.testNumExports,5,non-flaky,5,0.9511,5,0.9504,True,True,False,False,60,74
326,apache_hadoop,TestViewfsWithNfs3.testPaths,5,non-flaky,5,0.9525,5,0.9502,True,True,False,False,197,227
327,apache_hadoop,TestViewfsWithNfs3.testFileStatus,5,non-flaky,5,0.9507,5,0.9474,True,True,False,True,184,219
328,apache_hadoop,TestViewfsWithNfs3.testNfsAccessNN1,5,non-flaky,5,0.9452,5,0.9474,True,True,False,True,127,139
329,apache_hadoop,TestViewfsWithNfs3.testNfsAccessNN2,5,non-flaky,5,0.9456,5,0.9479,True,True,False,True,127,139
330,apache_hadoop,TestViewfsWithNfs3.testWrongNfsAccess,5,non-flaky,5,0.948,5,0.9476,True,True,False,True,174,196
331,apache_hadoop,TestViewfsWithNfs3.testNfsWriteNN1,5,non-flaky,5,0.9464,5,0.9483,True,True,False,True,114,126
332,apache_hadoop,TestViewfsWithNfs3.testNfsWriteNN2,5,non-flaky,5,0.9469,5,0.9483,True,True,False,True,114,126
333,apache_hadoop,TestViewfsWithNfs3.testNfsRenameMultiNN,5,non-flaky,5,0.9507,5,0.9467,True,True,False,True,443,512
334,apache_hadoop,TestViewfsWithNfs3.testNfsRenameSingleNN,5,non-flaky,5,0.951,5,0.9469,True,True,False,True,363,435
335,apache_hadoop,TestOpenFileCtxCache.testEviction,5,non-flaky,5,0.9499,5,0.9439,True,True,False,True,512,512
336,apache_hadoop,TestOpenFileCtxCache.testScan,5,non-flaky,5,0.9496,5,0.9454,True,True,False,True,512,512
337,apache_hadoop,TestClientAccessPrivilege.testClientAccessPrivilegeForRemove,5,non-flaky,5,0.9493,5,0.9452,True,True,False,True,382,502
338,apache_hadoop,TestExportsTable.testHdfsExportPoint,5,non-flaky,5,0.951,5,0.9321,True,True,False,True,385,512
339,apache_hadoop,TestExportsTable.testViewFsMultipleExportPoint,5,non-flaky,5,0.9504,5,0.9387,True,True,False,True,512,512
340,apache_hadoop,TestExportsTable.testViewFsInternalExportPoint,5,non-flaky,5,0.9506,5,0.9382,True,True,False,True,512,512
341,apache_hadoop,TestExportsTable.testViewFsRootExportPoint,5,non-flaky,5,0.9507,5,0.939,True,True,False,True,512,512
342,apache_hadoop,TestExportsTable.testHdfsInternalExportPoint,5,non-flaky,5,0.9509,5,0.9338,True,True,False,True,498,512
343,apache_hadoop,TestExportsTable.testInvalidFsExport,5,non-flaky,5,0.9509,5,0.9388,True,True,False,True,387,501
344,apache_hadoop,TestMountd.testStart,5,non-flaky,5,0.9475,5,0.9418,True,True,False,True,512,512
345,apache_hadoop,TestNetworkTopology.testContains,5,non-flaky,5,0.9507,5,0.9489,True,True,False,True,138,163
346,apache_hadoop,TestNetworkTopology.testNumOfChildren,5,non-flaky,5,0.9486,5,0.9508,True,True,False,False,44,54
347,apache_hadoop,TestNetworkTopology.testCreateInvalidTopology,5,non-flaky,5,0.9518,5,0.9426,True,True,False,True,375,433
348,apache_hadoop,TestNetworkTopology.testRacks,5,non-flaky,5,0.9526,5,0.9503,True,True,False,False,213,247
349,apache_hadoop,TestNetworkTopology.testGetDistance,5,non-flaky,5,0.9527,5,0.9519,True,True,False,False,460,512
350,apache_hadoop,TestNetworkTopology.testSortByDistance,5,non-flaky,5,0.9522,5,0.9462,True,True,False,True,512,512
351,apache_hadoop,TestNetworkTopology.testRemove,5,non-flaky,5,0.9526,5,0.9482,True,True,False,False,193,243
352,apache_hadoop,TestNetworkTopology.testChooseRandomExcludedNode,5,non-flaky,5,0.9521,5,0.9513,True,True,False,True,130,165
353,apache_hadoop,TestNetworkTopology.testChooseRandomExcludedRack,5,non-flaky,5,0.9527,5,0.9485,True,True,False,True,190,233
354,apache_hadoop,TestNetworkTopology.testChooseRandomExcludedNodeList,5,non-flaky,5,0.9524,5,0.9497,True,True,False,False,512,512
355,apache_hadoop,TestNetworkTopology.testChooseRandomExcludeAllNodes,5,non-flaky,5,0.9527,5,0.9498,True,True,False,False,189,235
356,apache_hadoop,TestNetworkTopology.testInvalidNetworkTopologiesNotCachedInHdfs,5,non-flaky,5,0.9501,5,0.9482,True,True,False,True,512,512
357,apache_hadoop,TestPermission.testBackwardCompatibility,5,non-flaky,5,0.9495,5,0.9408,True,True,False,True,497,512
358,apache_hadoop,TestPermission.testCreate,5,non-flaky,5,0.9496,5,0.9346,True,True,False,True,512,512
359,apache_hadoop,TestPermission.testFilePermission,5,non-flaky,5,0.9497,5,0.9397,True,True,False,True,512,512
360,apache_hadoop,TestPermissionSymlinks.testDelete,5,non-flaky,5,0.9486,5,0.9483,True,True,False,False,145,180
361,apache_hadoop,TestPermissionSymlinks.testAclDelete,5,non-flaky,5,0.952,5,0.9417,True,True,False,False,418,512
362,apache_hadoop,TestPermissionSymlinks.testReadWhenTargetNotReadable,5,non-flaky,5,0.9484,5,0.9506,True,True,False,False,62,76
363,apache_hadoop,TestPermissionSymlinks.testAclReadTargetNotReadable,5,non-flaky,5,0.9512,5,0.9497,True,True,False,False,135,165
364,apache_hadoop,TestPermissionSymlinks.testFileStatus,5,non-flaky,5,0.9483,5,0.9506,True,True,False,False,61,75
365,apache_hadoop,TestPermissionSymlinks.testAclGetFileLinkStatusTargetNotReadable,5,non-flaky,5,0.951,5,0.9487,True,True,False,False,141,171
366,apache_hadoop,TestPermissionSymlinks.testRenameLinkTargetNotWritableFC,5,non-flaky,5,0.9451,5,0.9495,True,True,False,False,92,110
367,apache_hadoop,TestPermissionSymlinks.testAclRenameTargetNotWritableFC,5,non-flaky,5,0.9519,5,0.944,True,True,False,False,240,290
368,apache_hadoop,TestPermissionSymlinks.testRenameSrcNotWritableFC,5,non-flaky,5,0.946,5,0.9499,True,True,False,False,69,83
369,apache_hadoop,TestPermissionSymlinks.testAclRenameSrcNotWritableFC,5,non-flaky,5,0.9498,5,0.947,True,True,False,False,142,172
370,apache_hadoop,TestPermissionSymlinks.testRenameLinkTargetNotWritableFS,5,non-flaky,5,0.9474,5,0.9505,True,True,False,False,92,110
371,apache_hadoop,TestPermissionSymlinks.testAclRenameTargetNotWritableFS,5,non-flaky,5,0.9521,5,0.9453,True,True,False,False,240,290
372,apache_hadoop,TestPermissionSymlinks.testRenameSrcNotWritableFS,5,non-flaky,5,0.9476,5,0.9509,True,True,False,False,69,83
373,apache_hadoop,TestPermissionSymlinks.testAclRenameSrcNotWritableFS,5,non-flaky,5,0.9509,5,0.9481,True,True,False,False,142,172
374,apache_hadoop,TestPermissionSymlinks.run,5,non-flaky,5,0.9521,5,0.9474,True,True,False,False,217,263
375,apache_hadoop,TestRefreshUserMappings.testGroupMappingRefresh,5,non-flaky,5,0.95,5,0.9372,True,True,False,True,512,512
376,apache_hadoop,TestRefreshUserMappings.testRefreshSuperUserGroupsConfiguration,5,non-flaky,5,0.9518,5,0.9333,True,True,False,True,512,512
377,apache_hadoop,TestFcHdfsSetUMask.testMkdirWithExistingDirClear,5,non-flaky,5,0.9395,5,0.9464,True,True,False,False,58,68
378,apache_hadoop,TestFcHdfsSetUMask.testMkdirWithExistingDirOpen,5,non-flaky,5,0.9391,5,0.9459,True,True,False,False,64,74
379,apache_hadoop,TestFcHdfsSetUMask.testMkdirWithExistingDirMiddle,5,non-flaky,5,0.9442,5,0.9466,True,True,False,False,75,89
380,apache_hadoop,TestFcHdfsSetUMask.testMkdirRecursiveWithNonExistingDirClear,5,non-flaky,5,0.9443,5,0.9463,True,True,False,False,104,122
20912,NationalSecurityAgency_timely,MetricHistogramTest.testMin,5,non-flaky,5,0.9518,5,0.9518,True,True,False,False,54,62
20913,NationalSecurityAgency_timely,MetricHistogramTest.testMax,5,non-flaky,5,0.9519,5,0.9517,True,True,False,False,54,62
20914,NationalSecurityAgency_timely,MetricHistogramTest.testAvg,5,non-flaky,5,0.9518,5,0.9497,True,True,False,True,117,142
20915,NationalSecurityAgency_timely,MetricHistogramTest.testCount,5,non-flaky,5,0.9519,5,0.9517,True,True,False,False,54,62
20916,NationalSecurityAgency_timely,MetricHistogramTest.test50thPercentile,5,non-flaky,5,0.9513,5,0.9516,True,True,False,False,61,69
20917,NationalSecurityAgency_timely,MetricHistogramTest.test75thPercentile,5,non-flaky,5,0.9513,5,0.9516,True,True,False,False,61,69
20918,NationalSecurityAgency_timely,MetricHistogramTest.test90thPercentile,5,non-flaky,5,0.9513,5,0.9516,True,True,False,False,61,69
20919,NationalSecurityAgency_timely,MetricHistogramTest.test99thPercentile,5,non-flaky,5,0.9513,5,0.9517,True,True,False,False,61,69
20920,NationalSecurityAgency_timely,MetricHistogramTest.testSerialization,5,non-flaky,5,0.9516,5,0.9455,True,True,False,True,512,512
20921,NationalSecurityAgency_timely,WriteTimelyPluginTest.testWrite,5,non-flaky,5,0.9498,5,0.9396,True,True,False,True,204,256
20922,NationalSecurityAgency_timely,WriteTimelyPluginTest.testWriteAfterServerRestart,5,non-flaky,5,0.9497,5,0.9269,True,True,False,True,512,512
20923,NationalSecurityAgency_timely,MetricParserTest.testParseWithEscapedCharacters,5,non-flaky,5,0.9522,5,0.9491,True,True,False,True,272,323
20924,NationalSecurityAgency_timely,MetricParserTest.testParseMalformatted,5,non-flaky,5,0.952,5,0.9499,True,True,False,True,153,198
20925,NationalSecurityAgency_timely,TagListParserTest.testListParse,5,non-flaky,5,0.9526,5,0.9511,True,True,False,True,155,180
20926,NationalSecurityAgency_timely,TagListParserTest.testListCombine,5,non-flaky,5,0.9523,5,0.951,True,True,False,True,141,168
20927,NationalSecurityAgency_timely,TagListParserTest.testListCombineMap,5,non-flaky,5,0.9522,5,0.9511,True,True,False,True,136,163
20928,NationalSecurityAgency_timely,TagListParserTest.testParseTagsWithCommas,5,non-flaky,5,0.952,5,0.9494,True,True,False,True,148,182
20929,NationalSecurityAgency_timely,MetricTest.testEquals,5,non-flaky,5,0.9513,5,0.9475,True,True,False,True,512,512
20930,NationalSecurityAgency_timely,MetricTest.testJson,5,non-flaky,5,0.9511,5,0.9492,True,True,False,True,326,385
20931,NationalSecurityAgency_timely,SerializationTest.testBasicAuth,5,non-flaky,5,0.952,5,0.951,True,True,False,True,89,112
20932,NationalSecurityAgency_timely,SerializationTest.testCreateSubscription,5,non-flaky,5,0.952,5,0.9506,True,True,False,True,77,95
20933,NationalSecurityAgency_timely,SerializationTest.testCloseSubscription,5,non-flaky,5,0.9518,5,0.9507,True,True,False,True,77,94
20934,NationalSecurityAgency_timely,SerializationTest.testAddSubscription,5,non-flaky,5,0.9519,5,0.9501,True,True,False,True,97,117
20935,NationalSecurityAgency_timely,SerializationTest.testRemoveSubscription,5,non-flaky,5,0.9519,5,0.9494,True,True,False,True,97,120
20936,NationalSecurityAgency_timely,AuthCacheTest.testSessionIdNull,5,non-flaky,5,0.9508,5,0.952,True,True,False,False,53,61
20937,NationalSecurityAgency_timely,AuthCacheTest.testGetAuths,5,non-flaky,5,0.9522,5,0.9524,True,True,False,True,74,86
20938,NationalSecurityAgency_timely,AuthenticationServiceTest.testBasicAuthenticationFailure,5,non-flaky,5,0.9511,5,0.9523,True,True,False,True,86,98
20939,NationalSecurityAgency_timely,AuthenticationServiceTest.testBasicAuthenticationLogin,5,non-flaky,5,0.9525,5,0.9486,True,True,False,True,201,234
20940,NationalSecurityAgency_timely,AuthenticationServiceTest.testX509AuthenticationLogin,5,non-flaky,5,0.9524,5,0.9491,True,True,False,True,227,264
20941,NationalSecurityAgency_timely,AuthenticationServiceTest.testX509AuthenticationLoginFailed,5,non-flaky,5,0.9528,5,0.9514,True,True,False,True,241,278
20942,NationalSecurityAgency_timely,TimeSeriesGroupingIteratorTest.testMovingAverage,5,non-flaky,5,0.9525,5,0.9477,True,True,False,True,277,327
20943,NationalSecurityAgency_timely,TimeSeriesGroupingIteratorTest.testMultipleTimeSeriesMovingAverage,5,non-flaky,5,0.9493,5,0.9052,True,True,False,True,512,512
20944,NationalSecurityAgency_timely,TimeSeriesGroupingIteratorTest.testTimeSeriesDropOff,5,non-flaky,5,0.9495,5,0.9158,True,True,False,True,512,512
20945,NationalSecurityAgency_timely,TimeSeriesGroupingIteratorTest.testAdditionalTimeSeries,5,non-flaky,5,0.9496,5,0.9201,True,True,False,True,512,512
20946,NationalSecurityAgency_timely,TimeSeriesGroupingIteratorTest.testManySparseTimeSeries,5,non-flaky,5,0.9495,5,0.9117,True,True,False,True,512,512
20947,NationalSecurityAgency_timely,RateIteratorTest.testConstantTimeRate,5,non-flaky,5,0.9525,5,0.9466,True,True,False,True,266,314
20948,NationalSecurityAgency_timely,RateIteratorTest.testRateWithTimeJitter,5,non-flaky,5,0.9497,5,0.9176,True,True,False,True,512,512
20949,NationalSecurityAgency_timely,RateIteratorTest.testCounterRate,5,non-flaky,5,0.9496,5,0.9336,True,True,False,True,512,512
20950,NationalSecurityAgency_timely,RateIteratorTest.testCounterRateWithMax,5,non-flaky,5,0.9499,5,0.9351,True,True,False,True,512,512
20951,NationalSecurityAgency_timely,RateIteratorTest.testCounterRateWithReset,5,non-flaky,5,0.9499,5,0.9326,True,True,False,True,512,512
20952,NationalSecurityAgency_timely,MetricAgeOffIteratorTest.testDefaultMissing,5,non-flaky,5,0.9525,5,0.953,True,True,False,True,151,176
20953,NationalSecurityAgency_timely,MetricAgeOffIteratorTest.testDefault,5,non-flaky,5,0.9517,5,0.9452,True,True,False,False,512,512
20954,NationalSecurityAgency_timely,MetricAgeOffIteratorTest.testMixed,5,non-flaky,5,0.9515,5,0.9462,True,True,False,False,512,512
20955,NationalSecurityAgency_timely,MetricAgeOffIteratorTest.testAgeoffMixed,5,non-flaky,5,0.9512,5,0.9417,True,True,False,False,512,512
20956,NationalSecurityAgency_timely,MetricAgeOffIteratorTest.testSeekPastEndKey,5,non-flaky,5,0.952,5,0.9467,True,True,False,False,512,512
20957,NationalSecurityAgency_timely,MetricAgeOffFilterTest.testDefaultMissing,5,non-flaky,5,0.952,5,0.9529,True,True,False,True,99,117
20958,NationalSecurityAgency_timely,MetricAgeOffFilterTest.testDefault,5,non-flaky,5,0.9519,5,0.9461,True,True,False,True,512,512
20959,NationalSecurityAgency_timely,MetricAgeOffFilterTest.testMixed,5,non-flaky,5,0.9517,5,0.9479,True,True,False,True,512,512
20960,NationalSecurityAgency_timely,MetricAgeOffFilterTest.testAgeoffMixed,5,non-flaky,5,0.9519,5,0.947,True,True,False,False,512,512
20961,NationalSecurityAgency_timely,TagMatchingTest.testRegex1,5,non-flaky,5,0.9526,5,0.9492,True,True,False,True,196,237
20962,NationalSecurityAgency_timely,TagMatchingTest.testRegex2,5,non-flaky,5,0.9526,5,0.9492,True,True,False,True,197,238
20963,NationalSecurityAgency_timely,TagMatchingTest.testRegex3,5,non-flaky,5,0.9527,5,0.9492,True,True,False,True,201,242
20964,NationalSecurityAgency_timely,TestWrappedGorillaCompressor.testSerialization,5,non-flaky,5,0.9493,5,0.9128,True,True,False,True,512,512
20965,NationalSecurityAgency_timely,TestWrappedGorillaCompressor.testHDFSWrite,5,non-flaky,5,0.9494,5,0.9168,True,True,False,True,512,512
20966,NationalSecurityAgency_timely,TestDataStoreCacheIterator.testDownsampleIterator,5,non-flaky,5,0.9495,5,0.9251,True,True,False,True,512,512
20967,NationalSecurityAgency_timely,TestDataStoreCacheIterator.testRateIterator,5,non-flaky,5,0.9498,5,0.9193,True,True,False,True,512,512
20968,NationalSecurityAgency_timely,TestGorillaStore.testOne,5,non-flaky,5,0.9492,5,0.9286,True,True,False,True,512,512
20969,NationalSecurityAgency_timely,TestGorillaStore.testExtentOfStorage,5,non-flaky,5,0.9495,5,0.9132,True,True,False,True,512,512
20970,NationalSecurityAgency_timely,TestMemoryDataStore.testOne,5,non-flaky,5,0.9492,5,0.9201,True,True,False,True,388,481
20971,NationalSecurityAgency_timely,TestMemoryDataStore.testStorage,5,non-flaky,5,0.9491,5,0.9163,True,True,False,True,392,483
20972,NationalSecurityAgency_timely,TestMemoryDataStore.TestExtentOfStorage,5,non-flaky,5,0.949,5,0.8981,True,True,False,True,512,512
20973,NationalSecurityAgency_timely,WebSocketRequestDeserializationTest.testCreateDeserialization,5,non-flaky,5,0.9525,5,0.9506,True,True,False,True,223,268
20974,NationalSecurityAgency_timely,WebSocketRequestDeserializationTest.testRemoveDeserialization,5,non-flaky,5,0.9528,5,0.9501,True,True,False,True,281,334
20975,NationalSecurityAgency_timely,WebSocketRequestDeserializationTest.testCloseDeserialization,5,non-flaky,5,0.9525,5,0.9503,True,True,False,True,223,268
20976,NationalSecurityAgency_timely,WebSocketRequestDeserializationTest.testAddDeserialization,5,non-flaky,5,0.9528,5,0.9494,True,True,False,True,332,393
20977,NationalSecurityAgency_timely,WebSocketRequestDeserializationTest.testAddDeserializationWithTime,5,non-flaky,5,0.9522,5,0.9452,True,True,False,True,396,469
20978,NationalSecurityAgency_timely,WebSocketRequestDeserializationTest.testAddDeserializationWithTimeAndTags,5,non-flaky,5,0.9521,5,0.9465,True,True,False,True,512,512
20979,NationalSecurityAgency_timely,WebSocketRequestDeserializationTest.testAddDeserializationWithStartAndDelayTimeAndTags,5,non-flaky,5,0.9522,5,0.9469,True,True,False,True,512,512
20980,NationalSecurityAgency_timely,MetaTest.testToKeys,5,non-flaky,5,0.9529,5,0.9504,True,True,False,True,176,203
20981,NationalSecurityAgency_timely,SearchLookupResponseTest.testResponse1,5,non-flaky,5,0.9505,5,0.9336,True,True,False,True,512,512
20982,NationalSecurityAgency_timely,MetricsResponseTest.testGenerateHtml,5,non-flaky,5,0.952,5,0.946,True,True,False,True,359,412
20983,NationalSecurityAgency_timely,MetricsResponseTest.testGenerateHtmlWithIgnoredTags,5,non-flaky,5,0.952,5,0.9447,True,True,False,True,380,436
20984,NationalSecurityAgency_timely,SuggestResponseTest.testSuggestResponseEmpty,5,non-flaky,5,0.9522,5,0.9516,True,True,False,True,90,107
20985,NationalSecurityAgency_timely,SuggestResponseTest.testSuggestResponse,5,non-flaky,5,0.9522,5,0.9506,True,True,False,True,146,173
20986,NationalSecurityAgency_timely,AggregatorsResponseTest.testAggregatorsResponseEmpty,5,non-flaky,5,0.9522,5,0.9517,True,True,False,True,96,113
20987,NationalSecurityAgency_timely,AggregatorsResponseTest.testAggregatorsResponse,5,non-flaky,5,0.9522,5,0.9513,True,True,False,True,136,160
20988,NationalSecurityAgency_timely,QueryResponseTest.testEmptyResponse,5,non-flaky,5,0.9518,5,0.9521,True,True,False,True,77,89
20989,NationalSecurityAgency_timely,QueryResponseTest.testOneResponse,5,non-flaky,5,0.9524,5,0.9494,True,True,False,True,309,354
20990,NationalSecurityAgency_timely,MessageFormatTest.testNumberFormat,5,non-flaky,5,0.9485,5,0.9381,True,True,False,True,227,263
20991,NationalSecurityAgency_timely,MetaKeySetTest.testContents,5,non-flaky,5,0.9527,5,0.9449,True,True,False,True,465,512
20992,NationalSecurityAgency_timely,MetaKeySetTest.testToMutations,5,non-flaky,5,0.952,5,0.9354,True,True,False,True,512,512
20993,NationalSecurityAgency_timely,AggregationTest.simple,5,non-flaky,5,0.9497,5,0.9288,True,True,False,True,512,512
20994,NationalSecurityAgency_timely,DownsampleTest.simple,5,non-flaky,5,0.9493,5,0.927,True,True,False,True,512,512
20995,NationalSecurityAgency_timely,DownsampleTest.testCombineTrivial,5,non-flaky,5,0.9516,5,0.945,True,True,False,True,236,287
20996,NationalSecurityAgency_timely,DownsampleTest.testCombineMissingReport,5,non-flaky,5,0.9516,5,0.9452,True,True,False,True,271,327
20997,NationalSecurityAgency_timely,DownsampleTest.testDownsampleStartCalculation,5,non-flaky,5,0.9492,5,0.893,True,True,False,True,242,296
20998,NationalSecurityAgency_timely,AggregationIteratorTest.simpleGetOneSample,5,non-flaky,5,0.9508,5,0.944,True,True,False,True,429,510
20999,NationalSecurityAgency_timely,AggregationIteratorTest.simpleAggregatedSample,5,non-flaky,5,0.9509,5,0.9443,True,True,False,True,412,486
21000,NationalSecurityAgency_timely,DownsampleIteratorTest.simpleGetOneSample,5,non-flaky,5,0.9508,5,0.9459,True,True,False,True,378,447
21001,NationalSecurityAgency_timely,DownsampleIteratorTest.simpleGetTwoSamples,5,non-flaky,5,0.9509,5,0.942,True,True,False,True,452,512
21002,NationalSecurityAgency_timely,DownsampleIteratorTest.simpleTestDownsampling,5,non-flaky,5,0.9509,5,0.9438,True,True,False,True,452,512
21003,NationalSecurityAgency_timely,DownsampleIteratorTest.memoryEstimatorTestSmallObjects,5,non-flaky,5,0.949,5,0.8976,True,True,False,True,512,512
21004,NationalSecurityAgency_timely,DownsampleIteratorTest.memoryEstimatorTestLargeObjects,5,non-flaky,5,0.9492,5,0.9021,True,True,False,True,512,512
21005,NationalSecurityAgency_timely,DownsampleIteratorTest.testDownsampleCombining,5,non-flaky,5,0.9497,5,0.9502,True,True,False,False,315,379
21006,NationalSecurityAgency_timely,TimelyTcpIT.testVersion,5,non-flaky,5,0.9502,5,0.9326,True,True,False,False,401,469
21007,NationalSecurityAgency_timely,TimelyTcpIT.testPut,5,non-flaky,5,0.9502,5,0.921,True,True,False,True,512,512
21008,NationalSecurityAgency_timely,TimelyTcpIT.testPutMultiple,5,non-flaky,5,0.9501,5,0.9347,True,True,False,True,512,512
21009,NationalSecurityAgency_timely,TimelyTcpIT.testPutMultipleBinary,5,non-flaky,5,0.9506,5,0.9386,True,True,False,True,512,512
21010,NationalSecurityAgency_timely,TimelyTcpIT.testPutInvalidTimestamp,5,non-flaky,5,0.95,5,0.9089,True,True,False,False,327,379
21011,NationalSecurityAgency_timely,TimelyTcpIT.testPersistence,5,non-flaky,5,0.9491,5,0.9196,True,True,False,True,512,512
33656,alibaba_fastjson,TestIssue885.testWriteTo,5,non-flaky,5,0.9529,5,0.9499,True,True,False,True,161,186
33657,alibaba_fastjson,TestIssue885.testWriteToWithPretty,5,non-flaky,5,0.9328,5,0.5959,True,True,False,False,213,242
33658,alibaba_fastjson,TestIssue885.testReadFrom,5,non-flaky,5,0.9526,5,0.9492,True,True,False,True,132,161
33659,alibaba_fastjson,SerializeWriterTest.testWriteLiteBasicStr,5,non-flaky,5,0.9498,5,0.9509,True,True,False,True,74,84
33660,alibaba_fastjson,SerializeWriterTest.testWriteLiteSpecilaStr,5,non-flaky,5,0.9496,5,0.9509,True,True,False,False,56,64
33661,alibaba_fastjson,SerializeWriterTest.testWriteLargeBasicStr,5,non-flaky,5,0.9515,5,0.9495,True,True,False,True,139,168
33662,alibaba_fastjson,SerializeWriterTest.testWriteLargeSpecialStr,5,non-flaky,5,0.9514,5,0.9496,True,True,False,True,134,168
33663,alibaba_fastjson,SerializeWriterTest.test_large,5,non-flaky,5,0.9518,5,0.9496,True,True,False,True,108,145
33664,alibaba_fastjson,TestParse.testParse,5,non-flaky,5,0.9523,5,0.9507,True,True,False,True,151,161
33665,alibaba_fastjson,TestIssues569.testBug569,5,non-flaky,5,0.953,5,0.9514,True,True,False,False,490,512
33666,alibaba_fastjson,TestIssues569.testFixBug569,5,non-flaky,5,0.9529,5,0.9479,True,True,False,False,234,275
33667,alibaba_fastjson,TestISO8601Date.testBug1884,5,non-flaky,5,0.9503,5,0.9372,True,True,False,True,342,393
33668,alibaba_fastjson,TestISO8601Date.testBug376,5,non-flaky,5,0.951,5,0.9365,True,True,False,True,306,367
33669,alibaba_fastjson,IgnoreTypeDeserializer.parseObjectWithNotExistTypeThrowException,5,non-flaky,5,0.9516,5,0.9529,True,True,False,True,95,108
33670,alibaba_fastjson,IgnoreTypeDeserializer.parseObjectWithNotExistType,5,non-flaky,5,0.9521,5,0.9513,True,True,False,True,139,160
33671,alibaba_fastjson,IgnoreTypeDeserializer.parseWithNotExistType,5,non-flaky,5,0.952,5,0.9514,True,True,False,False,152,179
33672,alibaba_fastjson,IgnoreTypeDeserializer.parseWithExistType,5,non-flaky,5,0.952,5,0.9512,True,True,False,False,154,181
33673,alibaba_fastjson,IgnoreTypeDeserializer.parseObjectWithExistType,5,non-flaky,5,0.952,5,0.9512,True,True,False,False,135,158
33674,alibaba_fastjson,TestIssue1463.testIssue1463,5,non-flaky,5,0.9522,5,0.9508,True,True,False,True,140,169
33675,alibaba_fastjson,JSONScannerTest.charArrayCompare1,5,non-flaky,5,0.9532,5,0.9524,True,True,False,False,205,276
33676,alibaba_fastjson,JSONScannerTest.charArrayCompare3,5,non-flaky,5,0.9532,5,0.9524,True,True,False,False,209,280
33677,alibaba_fastjson,JSONScannerTest.charArrayCompare4,5,non-flaky,5,0.9533,5,0.9524,True,True,False,False,205,276
33678,alibaba_fastjson,JSONScannerTest.checkDate1,5,non-flaky,5,0.9535,5,0.9524,True,True,False,False,309,400
33679,alibaba_fastjson,JSONScannerTest.checkDate2,5,non-flaky,5,0.9534,5,0.9524,True,True,False,False,312,403
33680,alibaba_fastjson,JSONScannerTest.checkDate3,5,non-flaky,5,0.9534,5,0.9523,True,True,False,False,310,401
33681,alibaba_fastjson,JSONScannerTest.checkDate4,5,non-flaky,5,0.9534,5,0.9524,True,True,False,False,310,401
33682,alibaba_fastjson,JSONScannerTest.checkDate5,5,non-flaky,5,0.9533,5,0.9525,True,True,False,False,319,410
33683,alibaba_fastjson,JSONScannerTest.checkDate6,5,non-flaky,5,0.9532,5,0.9524,True,True,False,False,321,412
33684,alibaba_fastjson,JSONScannerTest.checkDate7,5,non-flaky,5,0.9534,5,0.9524,True,True,False,False,311,402
33685,alibaba_fastjson,JSONScannerTest.checkDate8,5,non-flaky,5,0.9534,5,0.9525,True,True,False,False,317,408
33686,alibaba_fastjson,JSONScannerTest.checkDate9,5,non-flaky,5,0.9535,5,0.9524,True,True,False,False,309,400
33687,alibaba_fastjson,JSONScannerTest.checkDate10,5,non-flaky,5,0.9533,5,0.9523,True,True,False,False,312,403
33688,alibaba_fastjson,JSONScannerTest.checkDate11,5,non-flaky,5,0.9535,5,0.9524,True,True,False,False,309,400
33689,alibaba_fastjson,JSONScannerTest.checkDate12,5,non-flaky,5,0.9533,5,0.9525,True,True,False,False,317,408
33690,alibaba_fastjson,JSONScannerTest.checkDate13,5,non-flaky,5,0.9534,5,0.9524,True,True,False,False,309,400
33691,alibaba_fastjson,JSONScannerTest.checkDate14,5,non-flaky,5,0.9532,5,0.9518,True,True,False,False,314,405
33692,alibaba_fastjson,JSONScannerTest.checkDate15,5,non-flaky,5,0.9534,5,0.9524,True,True,False,False,312,403
33693,alibaba_fastjson,JSONScannerTest.checkDate16,5,non-flaky,5,0.9534,5,0.9524,True,True,False,False,314,405
33694,alibaba_fastjson,JSONScannerTest.checkDate17,5,non-flaky,5,0.9534,5,0.9524,True,True,False,False,313,404
33695,alibaba_fastjson,JSONScannerTest.checkTime1,5,non-flaky,5,0.9526,5,0.9523,True,True,False,False,512,512
33696,alibaba_fastjson,JSONScannerTest.checkTime2,5,non-flaky,5,0.9526,5,0.9523,True,True,False,False,512,512
33697,alibaba_fastjson,JSONScannerTest.checkTime3,5,non-flaky,5,0.9526,5,0.9524,True,True,False,False,512,512
33698,alibaba_fastjson,JSONScannerTest.checkTime4,5,non-flaky,5,0.9526,5,0.9524,True,True,False,False,512,512
33699,alibaba_fastjson,JSONScannerTest.checkTime5,5,non-flaky,5,0.9527,5,0.9524,True,True,False,False,512,512
33700,alibaba_fastjson,JSONScannerTest.checkTime6,5,non-flaky,5,0.9526,5,0.9524,True,True,False,False,512,512
33701,alibaba_fastjson,JSONScannerTest.checkTime7,5,non-flaky,5,0.9526,5,0.9525,True,True,False,False,512,512
33702,alibaba_fastjson,JSONScannerTest.checkTime8,5,non-flaky,5,0.9526,5,0.9525,True,True,False,False,512,512
33703,alibaba_fastjson,JSONScannerTest.checkTime9,5,non-flaky,5,0.9527,5,0.9525,True,True,False,False,512,512
33704,alibaba_fastjson,JSONScannerTest.checkTime10,5,non-flaky,5,0.9525,5,0.9525,True,True,False,False,512,512
33705,alibaba_fastjson,JSONScannerTest.checkTime11,5,non-flaky,5,0.9525,5,0.9525,True,True,False,False,512,512
33706,alibaba_fastjson,JSONScannerTest.checkTime12,5,non-flaky,5,0.9524,5,0.9524,True,True,False,False,512,512
33707,alibaba_fastjson,JSONScannerTest.checkTime13,5,non-flaky,5,0.9524,5,0.9525,True,True,False,False,512,512
33708,alibaba_fastjson,JSONScannerTest.checkTime14,5,non-flaky,5,0.9524,5,0.9525,True,True,False,False,512,512
33709,alibaba_fastjson,JSONScannerTest.checkTime15,5,non-flaky,5,0.9524,5,0.9524,True,True,False,False,512,512
33710,alibaba_fastjson,JSONScannerTest.checkTime16,5,non-flaky,5,0.9525,5,0.9525,True,True,False,False,512,512
33711,alibaba_fastjson,JSONScannerTest.checkTime17,5,non-flaky,5,0.9524,5,0.9524,True,True,False,False,512,512
33712,alibaba_fastjson,JSONScannerTest.info1,5,non-flaky,5,0.9523,5,0.9524,True,True,False,False,395,512
33713,alibaba_fastjson,JSONScannerTest.isEOF1,5,non-flaky,5,0.9523,5,0.9526,True,True,False,False,345,464
33714,alibaba_fastjson,JSONScannerTest.isEOF2,5,non-flaky,5,0.9523,5,0.9525,True,True,False,False,344,463
33715,alibaba_fastjson,JSONScannerTest.isEOF3,5,non-flaky,5,0.9523,5,0.9526,True,True,False,False,345,464
33716,alibaba_fastjson,JSONPathTest.eq1,5,non-flaky,5,0.9529,5,0.952,True,True,False,False,177,224
33717,alibaba_fastjson,JSONPathTest.eq2,5,non-flaky,5,0.9529,5,0.9521,True,True,False,False,176,223
33718,alibaba_fastjson,JSONPathTest.isDigitFirst1,5,non-flaky,5,0.9526,5,0.952,True,True,False,False,160,203
33719,alibaba_fastjson,JSONPathTest.isDigitFirst2,5,non-flaky,5,0.9524,5,0.9519,True,True,False,False,160,203
33720,alibaba_fastjson,JSONPathTest.isDigitFirst3,5,non-flaky,5,0.9525,5,0.952,True,True,False,False,162,205
33721,alibaba_fastjson,JSONPathTest.isEOF1,5,non-flaky,5,0.9527,5,0.9526,True,True,False,False,253,312
33722,alibaba_fastjson,JSONPathTest.isEOF2,5,non-flaky,5,0.9527,5,0.9526,True,True,False,False,249,308
33723,alibaba_fastjson,TestIssue1763_2.testFixBug1763_2,5,non-flaky,5,0.9528,5,0.9471,True,True,False,False,196,225
33724,alibaba_fastjson,TestIssue1763_2.testBug1763_2,5,non-flaky,5,0.9527,5,0.9475,True,True,False,False,221,262
33725,alibaba_fastjson,Bug89.testBug89,5,non-flaky,5,0.952,5,0.9494,True,True,False,True,148,181
33726,alibaba_fastjson,FastJsonJsonViewTest.test_jsonp,5,non-flaky,5,0.9509,5,0.9402,True,True,False,True,347,439
33727,alibaba_fastjson,FastJsonJsonViewTest.test_jsonp_invalidParam,5,non-flaky,5,0.9511,5,0.936,True,True,False,True,343,431
33728,alibaba_fastjson,FastJsonJsonViewTest.test1,5,non-flaky,5,0.9507,5,0.9413,True,True,False,True,182,221
33729,alibaba_fastjson,FastJsonJsonViewTest.test2,5,non-flaky,5,0.9512,5,0.9455,True,True,False,True,186,211
33730,alibaba_fastjson,FastJsonHttpMessageConverterCase2Test.isInjectComponent,5,non-flaky,5,0.9504,5,0.9507,True,True,False,False,76,88
33731,alibaba_fastjson,FastJsonHttpMessageConverterCase2Test.test8,5,non-flaky,5,0.952,5,0.9494,True,True,False,False,141,157
33732,alibaba_fastjson,FastJsonHttpMessageConverterCase2Test.test8_2,5,non-flaky,5,0.9506,5,0.9293,True,True,False,True,428,485
33733,alibaba_fastjson,FastJsonViewTest.isInjectComponent,5,non-flaky,5,0.9499,5,0.9507,True,True,False,False,51,59
33734,alibaba_fastjson,FastJsonViewTest.test1,5,non-flaky,5,0.9519,5,0.9451,True,True,False,False,184,208
33735,alibaba_fastjson,FastJsonViewTest.test2,5,non-flaky,5,0.9518,5,0.9444,True,True,False,False,196,220
33736,alibaba_fastjson,FastJsonViewTest.test3,5,non-flaky,5,0.952,5,0.945,True,True,False,False,204,224
33737,alibaba_fastjson,FastJsonViewTest.test4,5,non-flaky,5,0.9521,5,0.9464,True,True,False,False,210,230
33738,alibaba_fastjson,FastJsonViewTest.test5,5,non-flaky,5,0.9521,5,0.9455,True,True,False,False,242,262
33739,alibaba_fastjson,FastJsonViewTest.test6,5,non-flaky,5,0.9519,5,0.9463,True,True,False,False,161,181
33740,alibaba_fastjson,FastJsonHttpMessageConverterTest.test1,5,non-flaky,5,0.9506,5,0.9363,True,True,False,True,275,315
33741,alibaba_fastjson,FastJsonHttpMessageConverterTest.test2,5,non-flaky,5,0.9515,5,0.9458,True,True,False,True,248,271
33742,alibaba_fastjson,FastJsonHttpMessageConverterTest.test3,5,non-flaky,5,0.9518,5,0.9483,True,True,False,True,117,127
33743,alibaba_fastjson,FastJsonHttpMessageConverterTest.test4,5,non-flaky,5,0.9515,5,0.9465,True,True,False,True,193,213
33744,alibaba_fastjson,FastJsonHttpMessageConverterTest.test5,5,non-flaky,5,0.9516,5,0.9476,True,True,False,True,180,202
33745,alibaba_fastjson,FastJsonHttpMessageConverterTest.test6,5,non-flaky,5,0.9509,5,0.942,True,True,False,False,215,237
33746,alibaba_fastjson,FastJsonpHttpMessageConverter4Case2Test.isInjectComponent,5,non-flaky,5,0.9491,5,0.9499,True,True,False,False,51,59
33747,alibaba_fastjson,FastJsonpHttpMessageConverter4Case2Test.test1,5,non-flaky,5,0.952,5,0.9448,True,True,False,True,198,249
33748,alibaba_fastjson,FastJsonpHttpMessageConverter4Case2Test.test1_2,5,non-flaky,5,0.952,5,0.9477,True,True,False,True,284,343
33749,alibaba_fastjson,FastJsonpHttpMessageConverter4Case2Test.test2,5,non-flaky,5,0.9524,5,0.9482,True,True,False,True,203,232
33750,alibaba_fastjson,FastJsonpHttpMessageConverter4Case2Test.test2_2,5,non-flaky,5,0.9524,5,0.948,True,True,False,True,276,313
33751,alibaba_fastjson,FastJsonpHttpMessageConverter4Case2Test.test3,5,non-flaky,5,0.9518,5,0.9479,True,True,False,True,112,129
33752,alibaba_fastjson,FastJsonpHttpMessageConverter4Case2Test.test3_2,5,non-flaky,5,0.9514,5,0.9457,True,True,False,False,155,175
33753,alibaba_fastjson,FastJsonpHttpMessageConverter4Case2Test.test4,5,non-flaky,5,0.9519,5,0.9477,True,True,False,True,166,194
33754,alibaba_fastjson,FastJsonpHttpMessageConverter4Case2Test.test4_2,5,non-flaky,5,0.9519,5,0.9443,True,True,False,True,292,333
33755,alibaba_fastjson,FastJsonpHttpMessageConverter4Case2Test.test5,5,non-flaky,5,0.9516,5,0.948,True,True,False,True,153,182
35660,cdapio_cdap,Spark2Test.testSpark2Service,5,non-flaky,5,0.9507,5,0.9459,True,True,False,True,295,357
35661,cdapio_cdap,Spark2Test.call,5,non-flaky,5,0.9503,5,0.9272,True,True,False,False,512,512
35662,cdapio_cdap,Spark2Test.testScalaSparkWithObjectStore,5,non-flaky,5,0.9501,5,0.943,True,True,False,True,199,250
35663,cdapio_cdap,Spark2Test.testScalaSparkCrossNSStream,5,non-flaky,5,0.9522,5,0.9434,True,True,False,True,512,512
35664,cdapio_cdap,Spark2Test.testScalaSparkCrossNSDataset,5,non-flaky,5,0.9519,5,0.9444,True,True,False,True,476,512
35665,cdapio_cdap,Spark2Test.testSparkWithLocalFiles,5,non-flaky,5,0.9514,5,0.9455,True,True,False,False,165,187
35666,cdapio_cdap,Spark2Test.testPySpark,5,non-flaky,5,0.9508,5,0.9426,True,True,False,True,512,512
35667,cdapio_cdap,IntegrationTestBaseTest.testDeployApplicationInNamespace,5,non-flaky,5,0.951,5,0.9471,True,True,False,True,290,356
35668,cdapio_cdap,IntegrationTestBaseTest.testSQLQuery,5,non-flaky,5,0.951,5,0.9436,True,True,False,True,512,512
35669,cdapio_cdap,LogBufferWriterTest.testLogBufferWriter,5,non-flaky,5,0.9523,5,0.9415,True,True,False,True,436,512
35670,cdapio_cdap,LogBufferWriterTest.testFileRotation,5,non-flaky,5,0.9526,5,0.9484,True,True,False,True,286,353
35671,cdapio_cdap,LogBufferWriterTest.testWritesOnClosedWriter,5,non-flaky,5,0.9528,5,0.9509,True,True,False,True,272,306
35672,cdapio_cdap,LogBufferRecoveryServiceTest.testLogBufferRecoveryService,5,non-flaky,5,0.9507,5,0.942,True,True,False,True,512,512
35673,cdapio_cdap,ConcurrentLogBufferWriterTest.testWrites,5,non-flaky,5,0.9504,5,0.9423,True,True,False,True,512,512
35674,cdapio_cdap,ConcurrentLogBufferWriterTest.testConcurrentWrites,5,non-flaky,5,0.9505,5,0.943,True,True,False,True,512,512
35675,cdapio_cdap,LogBufferHandlerTest.testHandler,5,non-flaky,5,0.9507,5,0.9411,True,True,False,True,512,512
35676,cdapio_cdap,LogBufferCleanerTest.testLogBufferCleanerService,5,non-flaky,5,0.9514,5,0.9449,True,True,False,True,512,512
35677,cdapio_cdap,LogBufferReaderTest.testLogReader,5,non-flaky,5,0.9521,5,0.9454,True,True,False,True,345,441
35678,cdapio_cdap,LogBufferProcessorPipelineTest.testSingleAppender,5,non-flaky,5,0.9508,5,0.9425,True,True,False,True,512,512
35679,cdapio_cdap,KafkaLogProcessorPipelineTest.testBasicSort,5,non-flaky,5,0.9507,5,0.9437,True,True,False,True,512,512
35680,cdapio_cdap,KafkaLogProcessorPipelineTest.testRegularFlush,5,non-flaky,5,0.9506,5,0.9503,True,True,False,False,512,512
35681,cdapio_cdap,KafkaLogProcessorPipelineTest.testMetricsAppender,5,non-flaky,5,0.9514,5,0.9444,True,True,False,True,512,512
35682,cdapio_cdap,KafkaLogProcessorPipelineTest.testMultiAppenders,5,non-flaky,5,0.9499,5,0.9364,True,True,False,True,512,512
35683,cdapio_cdap,KafkaOffsetResolverTest.testOutOfOrderEvents,5,non-flaky,5,0.9485,5,0.9164,True,True,False,True,512,512
35684,cdapio_cdap,KafkaOffsetResolverTest.testInOrderEvents,5,non-flaky,5,0.949,5,0.9233,True,True,False,True,512,512
35685,cdapio_cdap,TimeEventQueueTest.compare,5,non-flaky,5,0.9504,5,0.9463,True,True,False,False,428,512
35686,cdapio_cdap,TimeEventQueueTest.testKafkaOffset,5,non-flaky,5,0.9513,5,0.9454,True,True,False,True,512,512
35687,cdapio_cdap,TimeEventQueueTest.testInvalidPartition,5,non-flaky,5,0.9406,5,0.9501,True,True,False,True,78,90
35688,cdapio_cdap,TimeEventQueueTest.testIllegalRemove,5,non-flaky,5,0.9485,5,0.9509,True,True,False,True,117,144
35689,cdapio_cdap,TimeEventQueueProcessorTest.test,5,non-flaky,5,0.9488,5,0.9402,True,True,False,True,512,512
35690,cdapio_cdap,LoggersTest.testEffectiveLevel,5,non-flaky,5,0.9517,5,0.9433,True,True,False,True,512,512
35691,cdapio_cdap,FileMetadataTest.testFileMetadataReadWrite,5,non-flaky,5,0.9502,5,0.9364,True,True,False,True,512,512
35692,cdapio_cdap,FileMetadataTest.testFileMetadataReadWriteAcrossFormats,5,non-flaky,5,0.9495,5,0.9291,True,True,False,True,512,512
35693,cdapio_cdap,DistributedLogFrameworkTest.testFramework,5,non-flaky,5,0.9497,5,0.9426,True,True,False,True,512,512
35694,cdapio_cdap,LoggingEventSerializerTest.testEmptySerialization,5,non-flaky,5,0.9499,5,0.9377,True,True,False,True,291,342
35695,cdapio_cdap,LoggingEventSerializerTest.testSerialization,5,non-flaky,5,0.9513,5,0.9388,True,True,False,True,512,512
35696,cdapio_cdap,LoggingEventSerializerTest.testOldSystemLoggingContext,5,non-flaky,5,0.9486,5,0.9396,True,True,False,True,282,329
35697,cdapio_cdap,LoggingEventSerializerTest.testNullSerialization,5,non-flaky,5,0.95,5,0.9391,True,True,False,True,440,506
35698,cdapio_cdap,LoggingEventSerializerTest.testDecodeTimestamp,5,non-flaky,5,0.9502,5,0.9287,True,True,False,True,214,278
35699,cdapio_cdap,LoggingEventTest.testSerialize,5,non-flaky,5,0.9502,5,0.9415,True,True,False,True,512,512
35700,cdapio_cdap,LoggingEventTest.testEmptySerialize,5,non-flaky,5,0.9492,5,0.9417,True,True,False,True,232,269
35701,cdapio_cdap,FileMetadataCleanerTest.testScanAndDeleteNewMetadata,5,non-flaky,5,0.9491,5,0.9157,True,True,False,True,512,512
35702,cdapio_cdap,FileMetadataCleanerTest.testFileMetadataWithCommonContextPrefix,5,non-flaky,5,0.9515,5,0.9431,True,True,False,True,512,512
35703,cdapio_cdap,FileMetadataCleanerTest.testWithBatchSizeLargerThanNumOfFiles,5,non-flaky,5,0.9508,5,0.9378,True,True,False,True,512,512
35704,cdapio_cdap,LogCleanerTest.testLogCleanup,5,non-flaky,5,0.9466,5,0.8941,True,True,False,True,453,512
35705,cdapio_cdap,TestFileLogging.testGetLogNext,5,non-flaky,5,0.9415,5,0.943,True,True,False,True,121,141
35706,cdapio_cdap,TestFileLogging.testGetLogPrev,5,non-flaky,5,0.9414,5,0.9439,True,True,False,True,121,140
35707,cdapio_cdap,TestFileLogging.testGetLog,5,non-flaky,5,0.9515,5,0.9436,True,True,False,True,512,512
35708,cdapio_cdap,CDAPLogAppenderTest.testCDAPLogAppender,5,non-flaky,5,0.9491,5,0.9499,True,True,False,False,512,512
35709,cdapio_cdap,CDAPLogAppenderTest.testCDAPLogAppenderRotation,5,non-flaky,5,0.951,5,0.9507,True,True,False,False,512,512
35710,cdapio_cdap,CDAPLogAppenderTest.testCDAPLogAppenderSizeBasedRotation,5,non-flaky,5,0.9506,5,0.9504,True,True,False,False,512,512
35711,cdapio_cdap,LogFileManagerTest.testLogFileManager,5,non-flaky,5,0.9506,5,0.9502,True,True,False,False,512,512
35712,cdapio_cdap,TestDistributedLogReader.testDistributedLogPrevBoth,5,non-flaky,5,0.9456,5,0.9075,True,True,False,True,271,307
35713,cdapio_cdap,TestDistributedLogReader.testDistributedLogNextBoth,5,non-flaky,5,0.9488,5,0.9143,True,True,False,True,294,336
35714,cdapio_cdap,TestDistributedLogReader.testDistributedLogPrevFile,5,non-flaky,5,0.9461,5,0.9152,True,True,False,True,268,311
35715,cdapio_cdap,TestDistributedLogReader.testDistributedLogNextFile,5,non-flaky,5,0.9497,5,0.918,True,True,False,True,291,338
35716,cdapio_cdap,TestDistributedLogReader.testDistributedLogPrevKafka,5,non-flaky,5,0.9469,5,0.9084,True,True,False,True,276,319
35717,cdapio_cdap,TestDistributedLogReader.testDistributedLogNextKafka,5,non-flaky,5,0.9498,5,0.9193,True,True,False,True,299,341
35718,cdapio_cdap,TestKafkaLogging.testGetNext,5,non-flaky,5,0.9442,5,0.9466,True,True,False,True,147,171
35719,cdapio_cdap,TestKafkaLogging.testGetPrev,5,non-flaky,5,0.9402,5,0.9409,True,True,False,True,133,151
35720,cdapio_cdap,TestKafkaLogging.apply,5,non-flaky,5,0.9509,5,0.9412,True,True,False,False,512,512
35721,cdapio_cdap,LocalLogAppenderResilientTest.addStatusEvent,5,non-flaky,5,0.9506,5,0.9438,True,True,False,False,512,512
35722,cdapio_cdap,LoggingContextMDCTest.testMDC,5,non-flaky,5,0.9527,5,0.9484,True,True,False,True,512,512
35723,cdapio_cdap,LoggingContextAccessorTest.run,5,non-flaky,5,0.9519,5,0.9468,True,True,False,False,373,454
35724,cdapio_cdap,LogAppenderInitializerTest.testConfigUpdate,5,non-flaky,5,0.9502,5,0.9507,True,True,False,False,512,512
35725,cdapio_cdap,TestTMSLogging.testTmsLogAppender,5,non-flaky,5,0.9512,5,0.9509,True,True,False,False,512,512
35726,cdapio_cdap,RollingLocationLogAppenderTest.testRollingLocationLogAppender,5,non-flaky,5,0.9514,5,0.9433,True,True,False,True,512,512
35727,cdapio_cdap,RollingLocationLogAppenderTest.testRollOver,5,non-flaky,5,0.9513,5,0.9436,True,True,False,True,512,512
35728,cdapio_cdap,RollingLocationLogAppenderTest.testFileClose,5,non-flaky,5,0.9514,5,0.9446,True,True,False,True,512,512
35729,cdapio_cdap,MetricsAdminSubscriberServiceTest.test,5,non-flaky,5,0.95,5,0.9386,True,True,False,False,512,512
35730,cdapio_cdap,MessagingMetricsProcessorManagerServiceTest.persistMetricsTests,5,non-flaky,5,0.9498,5,0.9496,True,True,False,False,512,512
35731,cdapio_cdap,MetricsProcessorServiceTest.call,5,non-flaky,5,0.9517,5,0.9431,True,True,False,False,512,512
35732,cdapio_cdap,MetricsQueryHelperTest.testGetResolution,5,non-flaky,5,0.9501,5,0.9387,True,True,False,True,512,512
35733,cdapio_cdap,TimeseriesIdTest.testEquality,5,non-flaky,5,0.9517,5,0.9486,True,True,False,True,282,323
35734,cdapio_cdap,AggregatedMetricsCollectionServiceTest.testPublish,5,non-flaky,5,0.952,5,0.9476,True,True,False,False,512,512
35735,cdapio_cdap,MessagingMetricsCollectionServiceTest.testMessagingPublish,5,non-flaky,5,0.9514,5,0.9436,True,True,False,False,457,512
35736,cdapio_cdap,RoutingToDataSetsTest.testTypeHandlerRequests,5,non-flaky,5,0.9509,5,0.9494,True,True,False,False,238,268
35737,cdapio_cdap,RoutingToDataSetsTest.testInstanceHandlerRequests,5,non-flaky,5,0.9523,5,0.9469,True,True,False,False,246,280
35738,cdapio_cdap,RouterAuditLookUpTest.testCorrectNumberInClassPath,5,non-flaky,5,0.9437,5,0.9491,True,True,False,False,67,77
35739,cdapio_cdap,RouterAuditLookUpTest.testDataFabricEndpoints,5,non-flaky,5,0.951,5,0.9494,True,True,False,False,150,176
35740,cdapio_cdap,RouterAuditLookUpTest.testAppFabricEndpoints,5,non-flaky,5,0.9517,5,0.9477,True,True,False,False,512,512
35741,cdapio_cdap,RouterAuditLookUpTest.testExploreEndpoints,5,non-flaky,5,0.9526,5,0.9477,True,True,False,False,263,305
35742,cdapio_cdap,NettyRouterPipelineAuthTest.testRouterAuthBypass,5,non-flaky,5,0.9525,5,0.9492,True,True,False,False,426,497
35743,cdapio_cdap,AuditLogTest.testAuditLog,5,non-flaky,5,0.9511,5,0.9457,True,True,False,True,512,512
35744,cdapio_cdap,RouterMainTest.testGuiceInjection,5,non-flaky,5,0.9491,5,0.9495,True,True,False,True,109,140
35745,cdapio_cdap,NettyRouterPipelineTest.onCompleted,5,non-flaky,5,0.951,5,0.9466,True,True,False,False,314,404
35746,cdapio_cdap,NettyRouterPipelineTest.testDeployNTimes,5,non-flaky,5,0.95,5,0.9509,True,True,False,False,44,58
35747,cdapio_cdap,NettyRouterPipelineTest.channelRead,5,non-flaky,5,0.9511,5,0.9436,True,True,False,False,399,482
35748,cdapio_cdap,AuthServerAnnounceTest.testEmptyAnnounceAddressURLsConfig,5,non-flaky,5,0.9503,5,0.9481,True,True,False,True,130,162
35749,cdapio_cdap,AuthServerAnnounceTest.testAnnounceURLsConfig,5,non-flaky,5,0.9512,5,0.9457,True,True,False,True,240,291
35750,cdapio_cdap,NettyRouterTestBase.testRouterSync,5,non-flaky,5,0.9496,5,0.9504,True,True,False,False,77,95
35751,cdapio_cdap,NettyRouterTestBase.onCompleted,5,non-flaky,5,0.9501,5,0.9344,True,True,False,False,456,512
35752,cdapio_cdap,NettyRouterTestBase.testRouterOneServerDown,5,non-flaky,5,0.9496,5,0.9464,True,True,False,False,109,149
35753,cdapio_cdap,NettyRouterTestBase.testRouterAllServersDown,5,non-flaky,5,0.9496,5,0.9453,True,True,False,False,133,181
35754,cdapio_cdap,NettyRouterTestBase.testHostForward,5,non-flaky,5,0.9516,5,0.9514,True,True,False,True,125,147
35755,cdapio_cdap,NettyRouterTestBase.onCompleted,5,non-flaky,5,0.9509,5,0.9444,True,True,False,False,271,352
35756,cdapio_cdap,NettyRouterTestBase.testConnectionClose,5,non-flaky,5,0.9516,5,0.9471,True,True,False,True,473,512
35757,cdapio_cdap,NettyRouterTestBase.testConnectionIdleTimeout,5,non-flaky,5,0.9482,5,0.9442,True,True,False,True,512,512
35758,cdapio_cdap,NettyRouterTestBase.testConnectionIdleTimeoutWithMultipleServers,5,non-flaky,5,0.9478,5,0.9275,True,True,False,True,512,512
35759,cdapio_cdap,NettyRouterTestBase.testExpectContinue,5,non-flaky,5,0.9506,5,0.9499,True,True,False,True,271,336
38191,palantir_atlasdb,SchemasTest.testGetFullTableName,5,non-flaky,5,0.9527,5,0.9511,True,True,False,False,114,130
38192,palantir_atlasdb,SchemasTest.testGetFullTableNameLegacy,5,non-flaky,5,0.9526,5,0.951,True,True,False,False,116,136
38193,palantir_atlasdb,SchemasTest.testGetFullTableNameEmptyNamespace,5,non-flaky,5,0.9524,5,0.9511,True,True,False,False,120,140
38194,palantir_atlasdb,SchemasTest.testCreateTable,5,non-flaky,5,0.9524,5,0.9504,True,True,False,False,128,148
38195,palantir_atlasdb,SchemasTest.testCreateTables,5,non-flaky,5,0.9528,5,0.9486,True,True,False,True,299,327
38196,palantir_atlasdb,SchemasTest.testDeleteTable,5,non-flaky,5,0.952,5,0.9502,True,True,False,False,103,123
38197,palantir_atlasdb,SchemasTest.testDeleteTablesForSweepSchema,5,non-flaky,5,0.9528,5,0.9462,True,True,False,True,258,295
38198,palantir_atlasdb,RocksDbKeyValuePerfTest.testWritePerf,5,non-flaky,5,0.9487,5,0.9084,True,True,False,False,461,512
38199,palantir_atlasdb,RocksDbKeyValueServiceTest.testCreate,5,non-flaky,5,0.9526,5,0.9496,True,True,False,True,192,217
38200,palantir_atlasdb,RocksDbKeyValueServiceTest.testReadNoExist,5,non-flaky,5,0.9515,5,0.951,True,True,False,True,107,124
38201,palantir_atlasdb,RocksDbKeyValueServiceTest.testReadGood,5,non-flaky,5,0.9517,5,0.9476,True,True,False,True,198,231
38202,palantir_atlasdb,RocksDbKeyValueServiceTest.testReadGood2,5,non-flaky,5,0.9513,5,0.9433,True,True,False,True,243,280
38203,palantir_atlasdb,RocksDbKeyValueServiceTest.testReadGood3,5,non-flaky,5,0.9519,5,0.9478,True,True,False,True,201,232
38204,palantir_atlasdb,RocksDbKeyValueServiceTest.testReadGood4,5,non-flaky,5,0.9523,5,0.9492,True,True,False,True,187,216
38205,palantir_atlasdb,RocksDbKeyValueServiceTest.testReadBeforeTime,5,non-flaky,5,0.952,5,0.9498,True,True,False,True,138,159
38206,palantir_atlasdb,RocksDbKeyValueServiceTest.testGetRow,5,non-flaky,5,0.9527,5,0.9487,True,True,False,True,212,241
38207,palantir_atlasdb,RocksDbKeyValueServiceTest.testGetRange,5,non-flaky,5,0.9517,5,0.9418,True,True,False,True,512,512
38208,palantir_atlasdb,RocksDbKeyValueServiceTest.testGetRange2,5,non-flaky,5,0.952,5,0.9433,True,True,False,True,402,467
38209,palantir_atlasdb,RocksDbKeyValueServiceTest.testGetRowCellOverlap,5,non-flaky,5,0.9528,5,0.949,True,True,False,True,210,239
38210,palantir_atlasdb,RocksDbKeyValueServiceTest.testGetRangeCellOverlap,5,non-flaky,5,0.9514,5,0.9432,True,True,False,True,471,512
38211,palantir_atlasdb,RocksDbKeyValueServiceTest.testGetRangeCellOverlap2,5,non-flaky,5,0.9525,5,0.9441,True,True,False,True,318,371
38212,palantir_atlasdb,RocksDbKeyValueServiceTest.testDoubleWriteToTransactionTable,5,non-flaky,5,0.9515,5,0.9455,True,True,False,True,336,393
38213,palantir_atlasdb,RocksDbKeyValueServiceTest.testMetadata,5,non-flaky,5,0.9521,5,0.9519,True,True,False,True,94,110
38214,palantir_atlasdb,RocksDbKeyValueServiceTest.testCreateTables,5,non-flaky,5,0.952,5,0.9511,True,True,False,True,95,112
38215,palantir_atlasdb,RocksDbKeyValueServiceTest.testLockFile,5,non-flaky,5,0.952,5,0.9494,True,True,False,True,173,200
38216,palantir_atlasdb,TextUtilsTest.testProperCaseWord,5,non-flaky,5,0.953,5,0.9477,True,True,False,True,193,222
38217,palantir_atlasdb,TextUtilsTest.testProperCaseWords,5,non-flaky,5,0.9528,5,0.9444,True,True,False,True,253,290
38218,palantir_atlasdb,TextUtilsTest.testPluralization,5,non-flaky,5,0.9532,5,0.9518,True,True,False,False,125,145
38219,palantir_atlasdb,TextUtilsTest.testStringForValue,5,non-flaky,5,0.9513,5,0.9457,True,True,False,False,512,512
38220,palantir_atlasdb,TextUtilsTest.testRemoveAllWhitespace,5,non-flaky,5,0.9527,5,0.9503,True,True,False,True,116,132
38221,palantir_atlasdb,TextUtilsTest.testTruncateStringToCharLength,5,non-flaky,5,0.9533,5,0.9499,True,True,False,True,244,286
38222,palantir_atlasdb,TextUtilsTest.testTruncateLabelString,5,non-flaky,5,0.9529,5,0.9504,True,True,False,True,187,220
38223,palantir_atlasdb,TextUtilsTest.testPropertiesToXML,5,non-flaky,5,0.9523,5,0.9494,True,True,False,True,450,512
38224,palantir_atlasdb,TextUtilsTest.testMaximalPrefix,5,non-flaky,5,0.9525,5,0.9377,True,True,False,True,391,466
38225,palantir_atlasdb,TextUtilsTest.testHexConverter,5,non-flaky,5,0.952,5,0.9514,True,True,False,True,126,145
38226,palantir_atlasdb,TextUtilsTest.testParseDate,5,non-flaky,5,0.9514,5,0.9524,True,True,False,False,46,58
38227,palantir_atlasdb,TextUtilsTest.testParseDateFeb29,5,non-flaky,5,0.9515,5,0.9518,True,True,False,False,52,60
38228,palantir_atlasdb,TextUtilsTest.testcleanUTF8String,5,non-flaky,5,0.9523,5,0.9504,True,True,False,True,133,157
38229,palantir_atlasdb,TextUtilsTest.testHashString,5,non-flaky,5,0.9518,5,0.9498,True,True,False,True,138,169
38230,palantir_atlasdb,TextUtilsTest.testEncodeDecodeStringUTF8,5,non-flaky,5,0.9523,5,0.9513,True,True,False,True,138,159
38231,palantir_atlasdb,TextUtilsTest.testEscapeHtmlBasic,5,non-flaky,5,0.9522,5,0.9514,True,True,False,True,132,145
38232,palantir_atlasdb,TextUtilsTest.testEscapeHtmlWhitespaceHandling,5,non-flaky,5,0.9532,5,0.9419,True,True,False,True,262,299
38233,palantir_atlasdb,TextUtilsTest.testEscapeHtmlTwoByteUnicode,5,non-flaky,5,0.9522,5,0.9515,True,True,False,False,127,143
38234,palantir_atlasdb,AbstractAtlasDbKeyValueServiceTest.testGetRowColumnSelection,5,non-flaky,5,0.9521,5,0.9519,True,True,False,False,512,512
38235,palantir_atlasdb,AbstractAtlasDbKeyValueServiceTest.testGetRowsAllColumns,5,non-flaky,5,0.951,5,0.9424,True,True,False,False,453,501
38236,palantir_atlasdb,AbstractAtlasDbKeyValueServiceTest.testGetRowsWhenMultipleVersions,5,non-flaky,5,0.9522,5,0.9438,True,True,False,False,435,512
38237,palantir_atlasdb,AbstractAtlasDbKeyValueServiceTest.testGetRowsWhenMultipleVersionsAndColumnsSelected,5,non-flaky,5,0.9517,5,0.9432,True,True,False,False,458,512
38238,palantir_atlasdb,AbstractAtlasDbKeyValueServiceTest.testGetWhenMultipleVersions,5,non-flaky,5,0.9519,5,0.9458,True,True,False,True,486,512
38239,palantir_atlasdb,AbstractAtlasDbKeyValueServiceTest.testGetRowsWithSelectedColumns,5,non-flaky,5,0.951,5,0.9432,True,True,False,False,455,503
38240,palantir_atlasdb,AbstractAtlasDbKeyValueServiceTest.testGetLatestTimestamps,5,non-flaky,5,0.9523,5,0.9494,True,True,False,False,208,236
38241,palantir_atlasdb,AbstractAtlasDbKeyValueServiceTest.testGetWithMultipleVersions,5,non-flaky,5,0.9525,5,0.9489,True,True,False,False,203,231
38242,palantir_atlasdb,AbstractAtlasDbKeyValueServiceTest.testGetAllTableNames,5,non-flaky,5,0.9531,5,0.9485,True,True,False,True,292,335
38243,palantir_atlasdb,AbstractAtlasDbKeyValueServiceTest.testTableMetadata,5,non-flaky,5,0.9531,5,0.9498,True,True,False,False,201,225
38244,palantir_atlasdb,AbstractAtlasDbKeyValueServiceTest.testGetRange,5,non-flaky,5,0.9508,5,0.952,True,True,False,False,41,49
38245,palantir_atlasdb,AbstractAtlasDbKeyValueServiceTest.testGetAllTimestamps,5,non-flaky,5,0.9524,5,0.947,True,True,False,True,481,512
38246,palantir_atlasdb,AbstractAtlasDbKeyValueServiceTest.testDelete,5,non-flaky,5,0.9511,5,0.9441,True,True,False,False,512,512
38247,palantir_atlasdb,AbstractAtlasDbKeyValueServiceTest.testDeleteMultipleVersions,5,non-flaky,5,0.9526,5,0.9474,True,True,False,False,313,380
38248,palantir_atlasdb,AbstractAtlasDbKeyValueServiceTest.testPutWithTimestamps,5,non-flaky,5,0.9517,5,0.9461,True,True,False,True,362,420
38249,palantir_atlasdb,AbstractAtlasDbKeyValueServiceTest.testGetRangeWithHistory,5,non-flaky,5,0.952,5,0.9514,True,True,False,False,87,107
38250,palantir_atlasdb,AbstractAtlasDbKeyValueServiceTest.testGetRangeWithTimestamps,5,non-flaky,5,0.9522,5,0.9516,True,True,False,False,93,113
38251,palantir_atlasdb,AbstractAtlasDbKeyValueServiceTest.testKeyAlreadyExists,5,non-flaky,5,0.9503,5,0.9436,True,True,False,False,512,512
38252,palantir_atlasdb,AbstractAtlasDbKeyValueServiceTest.testAddGCSentinelValues,5,non-flaky,5,0.9524,5,0.948,True,True,False,True,457,512
38253,palantir_atlasdb,AbstractAtlasDbKeyValueServiceTest.testGetRangeThrowsOnError,5,non-flaky,5,0.9522,5,0.9507,True,True,False,False,146,174
38254,palantir_atlasdb,AbstractAtlasDbKeyValueServiceTest.testGetRangeWithHistoryThrowsOnError,5,non-flaky,5,0.9522,5,0.9507,True,True,False,False,152,180
38255,palantir_atlasdb,AbstractAtlasDbKeyValueServiceTest.testGetRangeOfTimestampsThrowsOnError,5,non-flaky,5,0.9522,5,0.9499,True,True,False,False,158,186
38256,palantir_atlasdb,AbstractAtlasDbKeyValueServiceTest.testCannotModifyValuesAfterWrite,5,non-flaky,5,0.952,5,0.9506,True,True,False,False,278,351
38257,palantir_atlasdb,AbstractSerializableTransactionTest.testClassicWriteSkew,5,non-flaky,5,0.952,5,0.9357,True,True,False,True,277,346
38258,palantir_atlasdb,AbstractSerializableTransactionTest.testClassicWriteSkew2,5,non-flaky,5,0.9521,5,0.9349,True,True,False,True,278,347
38259,palantir_atlasdb,AbstractSerializableTransactionTest.call,5,non-flaky,5,0.951,5,0.949,True,True,False,False,343,413
38260,palantir_atlasdb,AbstractSerializableTransactionTest.testClassicWriteSkewCell,5,non-flaky,5,0.952,5,0.9362,True,True,False,True,278,347
38261,palantir_atlasdb,AbstractSerializableTransactionTest.testClassicWriteSkew2Cell,5,non-flaky,5,0.9521,5,0.9383,True,True,False,True,279,348
38262,palantir_atlasdb,AbstractSerializableTransactionTest.call,5,non-flaky,5,0.9509,5,0.949,True,True,False,False,344,414
38263,palantir_atlasdb,AbstractSerializableTransactionTest.testCycleWithReadOnly,5,non-flaky,5,0.9519,5,0.943,True,True,False,True,512,512
38264,palantir_atlasdb,AbstractSerializableTransactionTest.testLargerCycleWithReadOnly,5,non-flaky,5,0.9515,5,0.9181,True,True,False,True,510,512
38265,palantir_atlasdb,AbstractSerializableTransactionTest.testNonPhantomRead,5,non-flaky,5,0.9524,5,0.9412,True,True,False,True,264,322
38266,palantir_atlasdb,AbstractSerializableTransactionTest.testPhantomReadFail,5,non-flaky,5,0.9521,5,0.939,True,True,False,True,346,424
38267,palantir_atlasdb,AbstractSerializableTransactionTest.testPhantomReadFail2,5,non-flaky,5,0.9519,5,0.9394,True,True,False,True,340,423
38268,palantir_atlasdb,AbstractSerializableTransactionTest.testCellReadWriteFailure,5,non-flaky,5,0.9521,5,0.943,True,True,False,True,339,417
38269,palantir_atlasdb,AbstractSerializableTransactionTest.testCellReadWriteFailure2,5,non-flaky,5,0.9522,5,0.9436,True,True,False,True,340,419
38270,palantir_atlasdb,AbstractSerializableTransactionTest.testColumnSelection,5,non-flaky,5,0.9526,5,0.9442,True,True,False,True,300,362
38271,palantir_atlasdb,AbstractSerializableTransactionTest.testColumnSelection2,5,non-flaky,5,0.9528,5,0.9441,True,True,False,True,338,398
38272,palantir_atlasdb,AbstractTransactionTest.testBigValue,5,non-flaky,5,0.9521,5,0.9497,True,True,False,True,193,216
38273,palantir_atlasdb,AbstractTransactionTest.testSpecialValues,5,non-flaky,5,0.9527,5,0.9484,True,True,False,True,198,237
38274,palantir_atlasdb,AbstractTransactionTest.testKeyValueRows,5,non-flaky,5,0.9531,5,0.9462,True,True,False,True,284,348
38275,palantir_atlasdb,AbstractTransactionTest.testPrimaryKeyViolation,5,non-flaky,5,0.9529,5,0.9484,True,True,False,True,244,288
38276,palantir_atlasdb,AbstractTransactionTest.testEmptyValue,5,non-flaky,5,0.9531,5,0.9439,True,True,False,True,278,339
38277,palantir_atlasdb,AbstractTransactionTest.testKeyValueRange,5,non-flaky,5,0.9524,5,0.9441,True,True,False,True,512,512
38278,palantir_atlasdb,AbstractTransactionTest.testKeyValueEmptyRange,5,non-flaky,5,0.9528,5,0.9518,True,True,False,True,151,175
38279,palantir_atlasdb,AbstractTransactionTest.testKeyValueRangeColumnSelection,5,non-flaky,5,0.9525,5,0.9408,True,True,False,True,512,512
38280,palantir_atlasdb,AbstractTransactionTest.testKeyValueRangeWithDeletes,5,non-flaky,5,0.9531,5,0.9501,True,True,False,True,158,190
38281,palantir_atlasdb,AbstractTransactionTest.testKeyValueRanges,5,non-flaky,5,0.9533,5,0.9504,True,True,False,True,181,209
38282,palantir_atlasdb,AbstractTransactionTest.testKeyValueRanges2,5,non-flaky,5,0.9533,5,0.9475,True,True,False,True,349,389
38283,palantir_atlasdb,AbstractTransactionTest.testKeyValueRangesMany3,5,non-flaky,5,0.9532,5,0.9481,True,True,False,True,256,301
38284,palantir_atlasdb,AbstractTransactionTest.testKeyValueRangeReverse,5,non-flaky,5,0.9531,5,0.9476,True,True,False,True,276,327
38285,palantir_atlasdb,AbstractTransactionTest.testRangePagingBatches,5,non-flaky,5,0.9523,5,0.948,True,True,False,True,230,261
38286,palantir_atlasdb,AbstractTransactionTest.testRangePagingBatchesReverse,5,non-flaky,5,0.9525,5,0.9461,True,True,False,True,274,317
38287,palantir_atlasdb,AbstractTransactionTest.testRangePagingBatchSizeOne,5,non-flaky,5,0.9528,5,0.947,True,True,False,True,287,330
38288,palantir_atlasdb,AbstractTransactionTest.testRangePagingBatchSizeOneReverse,5,non-flaky,5,0.9524,5,0.9454,True,True,False,True,331,384
38289,palantir_atlasdb,AbstractTransactionTest.testRangePageBatchSizeOne,5,non-flaky,5,0.9527,5,0.9501,True,True,False,True,185,208
38290,palantir_atlasdb,AbstractTransactionTest.testRangeAfterTimestmap,5,non-flaky,5,0.9532,5,0.9492,True,True,False,True,235,266
38608,apache_pulsar,PerformanceClientTest.testLoadArguments,5,non-flaky,5,0.9518,5,0.9506,True,True,False,True,512,512
38609,apache_pulsar,GenerateDocumentionTest.testGenerateDocumention,5,non-flaky,5,0.9505,5,0.9513,True,True,False,False,51,59
38610,apache_pulsar,GenerateDocumentionTest.testSpecifyModuleName,5,non-flaky,5,0.9512,5,0.9518,True,True,False,True,78,91
38611,apache_pulsar,PerformanceProducerTest.testMsgKey,5,non-flaky,5,0.9502,5,0.9474,True,True,False,True,512,512
38612,apache_pulsar,PerformanceProducerTest.testCreatePartitions,5,non-flaky,5,0.9509,5,0.947,True,True,False,True,314,369
38613,apache_pulsar,PerformanceProducerTest.testNotExistIMessageFormatter,5,non-flaky,5,0.9484,5,0.9462,True,True,False,True,89,98
38614,apache_pulsar,PerformanceProducerTest.testDefaultIMessageFormatter,5,non-flaky,5,0.9505,5,0.9488,True,True,False,True,92,100
38615,apache_pulsar,TestDefaultMessageFormatter.testFormatMessage,5,non-flaky,5,0.9505,5,0.9412,True,True,False,True,512,512
38616,apache_pulsar,JdbcUtilsTest.TestGetTableId,5,non-flaky,5,0.9518,5,0.9485,True,True,False,True,512,512
38617,apache_pulsar,SqliteJdbcSinkTest.TestInsertAction,5,non-flaky,5,0.9485,5,0.9475,True,True,False,False,54,62
38618,apache_pulsar,SqliteJdbcSinkTest.TestNoAction,5,non-flaky,5,0.9504,5,0.9503,True,True,False,False,47,55
38619,apache_pulsar,SqliteJdbcSinkTest.TestNoActionNullValue,5,non-flaky,5,0.9474,5,0.9462,True,True,False,False,58,66
38620,apache_pulsar,SqliteJdbcSinkTest.TestNoActionNullValueJson,5,non-flaky,5,0.9493,5,0.9486,True,True,False,False,62,70
38621,apache_pulsar,SqliteJdbcSinkTest.TestNoActionJson,5,non-flaky,5,0.9498,5,0.9502,True,True,False,False,58,66
38622,apache_pulsar,SqliteJdbcSinkTest.TestUnknownAction,5,non-flaky,5,0.9513,5,0.9284,True,True,False,True,174,199
38623,apache_pulsar,SqliteJdbcSinkTest.TestUpdateAction,5,non-flaky,5,0.9519,5,0.945,True,True,False,True,512,512
38624,apache_pulsar,SqliteJdbcSinkTest.TestDeleteAction,5,non-flaky,5,0.9515,5,0.9429,True,True,False,True,512,512
38625,apache_pulsar,TestAbstractConfigurationProvider.testDispoableChannel,5,non-flaky,5,0.9524,5,0.9456,True,True,False,True,280,328
38626,apache_pulsar,TestAbstractConfigurationProvider.testReusableChannel,5,non-flaky,5,0.9521,5,0.9452,True,True,False,True,281,344
38627,apache_pulsar,TestAbstractConfigurationProvider.testUnspecifiedChannel,5,non-flaky,5,0.9522,5,0.9467,True,True,False,True,275,337
38628,apache_pulsar,TestAbstractConfigurationProvider.testReusableChannelNotReusedLater,5,non-flaky,5,0.9519,5,0.9431,True,True,False,True,493,512
38629,apache_pulsar,TestAbstractConfigurationProvider.testSourceThrowsExceptionDuringConfiguration,5,non-flaky,5,0.9523,5,0.9419,True,True,False,True,272,321
38630,apache_pulsar,TestAbstractConfigurationProvider.testChannelThrowsExceptionDuringConfiguration,5,non-flaky,5,0.9522,5,0.9396,True,True,False,True,272,319
38631,apache_pulsar,TestAbstractConfigurationProvider.testSinkThrowsExceptionDuringConfiguration,5,non-flaky,5,0.9523,5,0.9442,True,True,False,True,274,323
38632,apache_pulsar,TestAbstractConfigurationProvider.testSourceAndSinkThrowExceptionDuringConfiguration,5,non-flaky,5,0.9525,5,0.9468,True,True,False,True,294,346
38633,apache_pulsar,TestAbstractConfigurationProvider.testSinkSourceMismatchDuringConfiguration,5,non-flaky,5,0.9519,5,0.9286,True,True,False,True,512,512
38634,apache_pulsar,TestPollingPropertiesFileConfigurationProvider.testPolling,5,non-flaky,5,0.9495,5,0.9431,True,True,False,True,385,505
38635,apache_pulsar,TestPollingZooKeeperConfigurationProvider.testPolling,5,non-flaky,5,0.9513,5,0.9389,True,True,False,True,188,248
38636,apache_pulsar,TestApplication.testBasicConfiguration,5,non-flaky,5,0.9507,5,0.9378,True,True,False,True,452,512
38637,apache_pulsar,TestApplication.testFLUME1854,5,non-flaky,5,0.9509,5,0.9311,True,True,False,True,415,484
38638,apache_pulsar,TestApplication.answer,5,non-flaky,5,0.95,5,0.9502,True,True,False,False,310,370
38639,apache_pulsar,TestEnvVarResolverProperties.resolveEnvVar,5,non-flaky,5,0.9518,5,0.9527,True,True,False,True,103,119
38640,apache_pulsar,TestEnvVarResolverProperties.resolveEnvVars,5,non-flaky,5,0.9523,5,0.9515,True,True,False,True,157,183
38641,apache_pulsar,TestEnvVarResolverProperties.getProperty,5,non-flaky,5,0.952,5,0.9497,True,True,False,True,203,234
38642,apache_pulsar,TestStaticZooKeeperConfigurationProvider.testPropertyRead,5,non-flaky,5,0.9507,5,0.9518,True,True,False,False,42,50
38643,apache_pulsar,TestPropertiesFileConfigurationProvider.testPropertyRead,5,non-flaky,5,0.952,5,0.9482,True,True,False,True,512,512
38644,apache_pulsar,StringSinkTests.TestOpenAndWriteSink,5,non-flaky,5,0.9507,5,0.901,True,True,False,True,352,439
38645,apache_pulsar,StringSourceTests.TestOpenAndReadSource,5,non-flaky,5,0.9505,5,0.9131,True,True,False,True,467,512
38646,apache_pulsar,UtilsTest.testJsonSerialization,5,non-flaky,5,0.9519,5,0.9427,True,True,False,True,512,512
38647,apache_pulsar,UtilsTest.testFbSerialization,5,non-flaky,5,0.9505,5,0.9428,True,True,False,True,512,512
38648,apache_pulsar,KinesisSinkTest.testDefaultCredentialProvider,5,non-flaky,5,0.9517,5,0.9463,True,True,False,True,488,512
38649,apache_pulsar,KinesisSinkTest.testCredentialProvider,5,non-flaky,5,0.9519,5,0.9472,True,True,False,True,512,512
38650,apache_pulsar,KinesisSinkTest.testCredentialProviderPlugin,5,non-flaky,5,0.9522,5,0.9494,True,True,False,True,348,402
38651,apache_pulsar,SolrGenericRecordSinkTest.TestOpenAndWriteSink,5,non-flaky,5,0.9512,5,0.935,True,True,False,True,512,512
38652,apache_pulsar,SinkTest.testSinkContext,5,non-flaky,5,0.9511,5,0.9493,True,True,False,True,120,144
38653,apache_pulsar,BatchPushSourceTest.testNotifyErrors,5,non-flaky,5,0.9435,5,0.9497,True,True,False,False,76,90
38654,apache_pulsar,SourceTest.testSinkContext,5,non-flaky,5,0.9508,5,0.9505,True,True,False,True,113,139
38655,apache_pulsar,ByteBufferSchemaWrapperTest.testGetBytesNoCopy,5,non-flaky,5,0.9527,5,0.9515,True,True,False,True,133,154
38656,apache_pulsar,ByteBufferSchemaWrapperTest.testGetBytesOffsetZeroDifferentLen,5,non-flaky,5,0.953,5,0.9502,True,True,False,True,177,207
38657,apache_pulsar,ByteBufferSchemaWrapperTest.testGetBytesOffsetNonZero,5,non-flaky,5,0.9528,5,0.9496,True,True,False,True,218,259
38658,apache_pulsar,ByteBufferSchemaWrapperTest.testGetBytesOffsetZero,5,non-flaky,5,0.953,5,0.9511,True,True,False,True,175,206
38659,apache_pulsar,KafkaBytesSourceTest.testNoKeyValueSchema,5,non-flaky,5,0.9525,5,0.9493,True,True,False,False,512,512
38660,apache_pulsar,KafkaBytesSourceTest.testKeyValueSchema,5,non-flaky,5,0.9529,5,0.9513,True,True,False,False,158,178
38661,apache_pulsar,KafkaAbstractSinkTest.getInstanceId,5,non-flaky,5,0.9518,5,0.9495,True,True,False,False,151,179
38662,apache_pulsar,KafkaAbstractSourceTest.testInvalidConfigWillThrownException,5,non-flaky,5,0.9508,5,0.9405,True,True,False,True,512,512
38663,apache_pulsar,PulsarDatabaseHistoryTest.shouldStartWithEmptyTopicAndStoreDataAndRecoverAllState,5,non-flaky,5,0.951,5,0.9518,True,True,False,False,67,79
38664,apache_pulsar,PulsarDatabaseHistoryTest.shouldIgnoreUnparseableMessages,5,non-flaky,5,0.9515,5,0.9459,True,True,False,False,477,512
38665,apache_pulsar,PulsarDatabaseHistoryTest.shouldStopOnUnparseableSQL,5,non-flaky,5,0.9521,5,0.9516,True,True,False,False,180,205
38666,apache_pulsar,PulsarDatabaseHistoryTest.testExists,5,non-flaky,5,0.952,5,0.9476,True,True,False,True,318,394
38667,apache_pulsar,InfluxDBGenericRecordSinkTest.openInfluxV1,5,non-flaky,5,0.9518,5,0.9413,True,True,False,True,243,293
38668,apache_pulsar,InfluxDBGenericRecordSinkTest.openInfluxV2,5,non-flaky,5,0.9519,5,0.9245,True,True,False,True,260,316
38669,apache_pulsar,InfluxDBGenericRecordSinkTest.openInvalidInfluxConfig,5,non-flaky,5,0.9495,5,0.9494,True,True,False,False,89,101
38670,apache_pulsar,InfluxDBSinkTest.testJsonSchema,5,non-flaky,5,0.952,5,0.9475,True,True,False,True,342,420
38671,apache_pulsar,InfluxDBSinkTest.testAvroSchema,5,non-flaky,5,0.952,5,0.9479,True,True,False,True,343,400
38672,apache_pulsar,InfluxDBSinkTest.testOpenWriteCloseAvro,5,non-flaky,5,0.95,5,0.9508,True,True,False,True,79,86
38673,apache_pulsar,InfluxDBSinkTest.testOpenWriteCloseJson,5,non-flaky,5,0.9513,5,0.9517,True,True,False,True,75,84
38674,apache_pulsar,InfluxDBSinkConfigTest.testRequiredConfigMissing,5,non-flaky,5,0.9508,5,0.9503,True,True,False,False,117,137
38675,apache_pulsar,InfluxDBSinkConfigTest.testBatchConfig,5,non-flaky,5,0.9508,5,0.9498,True,True,False,False,118,138
38676,apache_pulsar,InfluxDBGenericRecordSinkTest.testOpenAndWrite,5,non-flaky,5,0.9511,5,0.9449,True,True,False,False,512,512
38677,apache_pulsar,RabbitMQSinkTest.TestOpenAndWriteSink,5,non-flaky,5,0.951,5,0.9329,True,True,False,True,472,512
38678,apache_pulsar,RabbitMQSourceTest.TestOpenAndWriteSink,5,non-flaky,5,0.951,5,0.9329,True,True,False,True,433,511
38679,apache_pulsar,JsonConverterTests.testAvroToJson,5,non-flaky,5,0.9518,5,0.9477,True,True,False,True,512,512
38680,apache_pulsar,JsonConverterTests.testLogicalTypesToJson,5,non-flaky,5,0.9511,5,0.9437,True,True,False,True,512,512
38681,apache_pulsar,RandomExponentialRetryTests.testExponentialWait,5,non-flaky,5,0.9485,5,0.9371,True,True,False,True,249,261
38682,apache_pulsar,RandomExponentialRetryTests.callWithNoRetries,5,non-flaky,5,0.9491,5,0.9431,True,True,False,True,159,177
38683,apache_pulsar,RandomExponentialRetryTests.callWithExhaustedRetries,5,non-flaky,5,0.9497,5,0.9486,True,True,False,True,130,140
38684,apache_pulsar,RandomExponentialRetryTests.callWithSomeRetries,5,non-flaky,5,0.9482,5,0.9079,True,True,False,True,248,291
38685,apache_pulsar,ElasticSearchBWCTests.getSchemaType,5,non-flaky,5,0.9519,5,0.9475,True,True,False,False,347,396
38686,apache_pulsar,ElasticSearchClientTests.testIndexDelete,5,non-flaky,5,0.9506,5,0.9374,True,True,False,True,502,512
38687,apache_pulsar,ElasticSearchClientTests.testIndexExists,5,non-flaky,5,0.9509,5,0.9424,True,True,False,True,314,370
38688,apache_pulsar,ElasticSearchClientTests.testTopicToIndexName,5,non-flaky,5,0.9525,5,0.9447,True,True,False,False,415,472
38689,apache_pulsar,ElasticSearchClientTests.testMalformedDocFails,5,non-flaky,5,0.9513,5,0.9346,True,True,False,True,512,512
38690,apache_pulsar,ElasticSearchClientTests.testMalformedDocIgnore,5,non-flaky,5,0.9516,5,0.9385,True,True,False,True,414,473
38691,apache_pulsar,ElasticSearchClientTests.testBulkRetry,5,non-flaky,5,0.9502,5,0.9373,True,True,False,True,512,512
38692,apache_pulsar,ElasticSearchClientTests.testBulkBlocking,5,non-flaky,5,0.9503,5,0.9325,True,True,False,True,512,512
38693,apache_pulsar,ElasticSearchSinkTests.getSchema,5,non-flaky,5,0.9514,5,0.9513,True,True,False,False,52,60
38694,apache_pulsar,ElasticSearchSinkTests.testStripNullNodes,5,non-flaky,5,0.952,5,0.9494,True,True,False,True,227,266
38695,apache_pulsar,ElasticSearchSinkTests.testKeepNullNodes,5,non-flaky,5,0.9522,5,0.9491,True,True,False,True,235,274
38696,apache_pulsar,ElasticSearchSinkTests.testNullValueFailure,5,non-flaky,5,0.9516,5,0.9498,True,True,False,True,177,204
38697,apache_pulsar,ElasticSearchSinkTests.testNullValueIgnore,5,non-flaky,5,0.9497,5,0.9482,True,True,False,False,52,60
38698,apache_pulsar,ElasticSearchSinkTests.testNullValueDelete,5,non-flaky,5,0.9493,5,0.9464,True,True,False,False,52,60
38699,apache_pulsar,ElasticSearchExtractTests.getTopicName,5,non-flaky,5,0.9526,5,0.9492,True,True,False,False,512,512
38700,apache_pulsar,ElasticSearchExtractTests.getSchemaType,5,non-flaky,5,0.9525,5,0.9486,True,True,False,False,512,512
38701,apache_pulsar,ElasticSearchClientSslTests.testSslBasic,5,non-flaky,5,0.9517,5,0.946,True,True,False,False,512,512
38702,apache_pulsar,ElasticSearchClientSslTests.testSslWithHostnameVerification,5,non-flaky,5,0.9515,5,0.9449,True,True,False,False,512,512
38703,apache_pulsar,ElasticSearchClientSslTests.testSslWithClientAuth,5,non-flaky,5,0.9519,5,0.9448,True,True,False,False,512,512
38704,apache_pulsar,KafkaConnectSourceErrTest.testOpenAndRead,5,non-flaky,5,0.9503,5,0.9426,True,True,False,True,512,512
38705,apache_pulsar,KafkaConnectSinkTest.smokeTest,5,non-flaky,5,0.951,5,0.95,True,True,False,False,455,512
38706,apache_pulsar,KafkaConnectSinkTest.seekPauseResumeTest,5,non-flaky,5,0.9509,5,0.9503,True,True,False,False,512,512
38707,apache_pulsar,KafkaConnectSinkTest.subscriptionTypeTest,5,non-flaky,5,0.9509,5,0.9375,True,True,False,False,512,512
43026,trinodb_trino,TestDevelopmentLoaderConfig.testDefaults,5,non-flaky,5,0.9517,5,0.9513,True,True,False,False,148,172
43027,trinodb_trino,TestDevelopmentLoaderConfig.testExplicitPropertyMappings,5,non-flaky,5,0.953,5,0.9498,True,True,False,True,320,379
43028,trinodb_trino,BaseDynamicPartitionPruningTest.testJoinWithEmptyBuildSide,5,non-flaky,5,0.952,5,0.9509,True,True,False,True,503,512
43029,trinodb_trino,BaseDynamicPartitionPruningTest.testJoinWithSelectiveBuildSide,5,non-flaky,5,0.9519,5,0.9505,True,True,False,True,512,512
43030,trinodb_trino,BaseDynamicPartitionPruningTest.testJoinWithNonSelectiveBuildSide,5,non-flaky,5,0.9518,5,0.9505,True,True,False,True,512,512
43031,trinodb_trino,BaseDynamicPartitionPruningTest.testJoinLargeBuildSideRangeDynamicFiltering,5,non-flaky,5,0.9518,5,0.9507,True,True,False,True,512,512
43032,trinodb_trino,BaseDynamicPartitionPruningTest.testJoinWithMultipleDynamicFiltersOnProbe,5,non-flaky,5,0.9522,5,0.9518,True,True,False,False,512,512
43033,trinodb_trino,BaseDynamicPartitionPruningTest.testJoinWithImplicitCoercion,5,non-flaky,5,0.952,5,0.9508,True,True,False,True,512,512
43034,trinodb_trino,BaseDynamicPartitionPruningTest.testSemiJoinWithEmptyBuildSide,5,non-flaky,5,0.9522,5,0.9506,True,True,False,True,475,512
43035,trinodb_trino,BaseDynamicPartitionPruningTest.testSemiJoinWithSelectiveBuildSide,5,non-flaky,5,0.952,5,0.9501,True,True,False,True,500,512
43036,trinodb_trino,BaseDynamicPartitionPruningTest.testSemiJoinWithNonSelectiveBuildSide,5,non-flaky,5,0.9517,5,0.9504,True,True,False,True,512,512
43037,trinodb_trino,BaseDynamicPartitionPruningTest.testSemiJoinLargeBuildSideRangeDynamicFiltering,5,non-flaky,5,0.9518,5,0.9508,True,True,False,True,512,512
43038,trinodb_trino,BaseDynamicPartitionPruningTest.testRightJoinWithEmptyBuildSide,5,non-flaky,5,0.9523,5,0.9508,True,True,False,True,480,512
43039,trinodb_trino,BaseDynamicPartitionPruningTest.testRightJoinWithSelectiveBuildSide,5,non-flaky,5,0.952,5,0.9507,True,True,False,True,505,512
43040,trinodb_trino,BaseDynamicPartitionPruningTest.testRightJoinWithNonSelectiveBuildSide,5,non-flaky,5,0.9518,5,0.9505,True,True,False,True,512,512
43041,trinodb_trino,BaseConnectorTest.ensureTestNamingConvention,5,non-flaky,5,0.9511,5,0.9511,True,True,False,False,91,111
43042,trinodb_trino,BaseConnectorTest.testColumnsInReverseOrder,5,non-flaky,5,0.9523,5,0.9528,True,True,False,False,57,69
43043,trinodb_trino,BaseConnectorTest.testCharVarcharComparison,5,non-flaky,5,0.9524,5,0.9517,True,True,False,False,512,512
43044,trinodb_trino,BaseConnectorTest.testVarcharCharComparison,5,non-flaky,5,0.9528,5,0.952,True,True,False,False,512,512
43045,trinodb_trino,BaseConnectorTest.testAggregation,5,non-flaky,5,0.9521,5,0.948,True,True,False,False,512,512
43046,trinodb_trino,BaseConnectorTest.testExactPredicate,5,non-flaky,5,0.9532,5,0.9516,True,True,False,False,146,184
43047,trinodb_trino,BaseConnectorTest.testInListPredicate,5,non-flaky,5,0.9533,5,0.952,True,True,False,False,184,222
43048,trinodb_trino,BaseConnectorTest.testIsNullPredicate,5,non-flaky,5,0.9532,5,0.9518,True,True,False,False,185,227
43049,trinodb_trino,BaseConnectorTest.testLikePredicate,5,non-flaky,5,0.9532,5,0.9511,True,True,False,False,197,252
43050,trinodb_trino,BaseConnectorTest.testMultipleRangesPredicate,5,non-flaky,5,0.9533,5,0.9513,True,True,False,False,160,188
43051,trinodb_trino,BaseConnectorTest.testRangePredicate,5,non-flaky,5,0.9534,5,0.9511,True,True,False,False,158,186
43052,trinodb_trino,BaseConnectorTest.testPredicateReflectedInExplain,5,non-flaky,5,0.953,5,0.9523,True,True,False,False,157,181
43053,trinodb_trino,BaseConnectorTest.testSortItemsReflectedInExplain,5,non-flaky,5,0.9529,5,0.952,True,True,False,True,255,294
43054,trinodb_trino,BaseConnectorTest.testConcurrentScans,5,non-flaky,5,0.9529,5,0.9518,True,True,False,True,103,115
43055,trinodb_trino,BaseConnectorTest.testSelectAll,5,non-flaky,5,0.9518,5,0.9522,True,True,False,False,44,56
43056,trinodb_trino,BaseConnectorTest.testJoinWithEmptySides,5,non-flaky,5,0.9533,5,0.9521,True,True,False,True,284,324
43057,trinodb_trino,BaseConnectorTest.testJoin,5,non-flaky,5,0.9517,5,0.9494,True,True,False,True,512,512
43058,trinodb_trino,BaseConnectorTest.testDescribeTable,5,non-flaky,5,0.9526,5,0.9507,True,True,False,True,415,471
43059,trinodb_trino,BaseConnectorTest.testMaterializedView,5,non-flaky,5,0.9524,5,0.9494,True,True,False,True,512,512
43060,trinodb_trino,BaseConnectorTest.testRenameMaterializedView,5,non-flaky,5,0.9521,5,0.9495,True,True,False,True,512,512
43061,trinodb_trino,BaseConnectorTest.testViewAndMaterializedViewTogether,5,non-flaky,5,0.9526,5,0.9494,True,True,False,True,512,512
43062,trinodb_trino,BaseConnectorTest.testExplainAnalyze,5,non-flaky,5,0.9531,5,0.9501,True,True,False,False,507,512
43063,trinodb_trino,BaseConnectorTest.testExplainAnalyzeVerbose,5,non-flaky,5,0.9524,5,0.9501,True,True,False,False,153,173
43064,trinodb_trino,BaseConnectorTest.testTableSampleSystem,5,non-flaky,5,0.9532,5,0.9504,True,True,False,True,226,265
43065,trinodb_trino,BaseConnectorTest.testTableSampleWithFiltering,5,non-flaky,5,0.9533,5,0.9504,True,True,False,True,288,325
43066,trinodb_trino,BaseConnectorTest.testShowCreateTable,5,non-flaky,5,0.9523,5,0.9499,True,True,False,False,492,512
43067,trinodb_trino,BaseConnectorTest.testSelectInformationSchemaTables,5,non-flaky,5,0.9523,5,0.9481,True,True,False,True,512,512
43068,trinodb_trino,BaseConnectorTest.testSelectInformationSchemaColumns,5,non-flaky,5,0.9527,5,0.9499,True,True,False,True,512,512
43069,trinodb_trino,BaseConnectorTest.testShowCreateInformationSchema,5,non-flaky,5,0.9522,5,0.9517,True,True,False,False,126,146
43070,trinodb_trino,BaseConnectorTest.testShowCreateInformationSchemaTable,5,non-flaky,5,0.9536,5,0.9506,True,True,False,False,337,378
43071,trinodb_trino,BaseConnectorTest.testRollback,5,non-flaky,5,0.9518,5,0.9483,True,True,False,True,286,349
43072,trinodb_trino,BaseConnectorTest.testWriteNotAllowedInTransaction,5,non-flaky,5,0.9526,5,0.9504,True,True,False,False,446,508
43073,trinodb_trino,BaseConnectorTest.testRenameSchema,5,non-flaky,5,0.952,5,0.9476,True,True,False,True,457,512
43074,trinodb_trino,BaseConnectorTest.testRenameTableAcrossSchema,5,non-flaky,5,0.9519,5,0.948,True,True,False,True,512,512
43075,trinodb_trino,BaseConnectorTest.testInsertIntoNotNullColumn,5,non-flaky,5,0.9526,5,0.9519,True,True,False,False,512,512
43076,trinodb_trino,BaseConnectorTest.verifySupportsDeleteDeclaration,5,non-flaky,5,0.9527,5,0.9522,True,True,False,False,211,259
43077,trinodb_trino,BaseConnectorTest.verifySupportsRowLevelDeleteDeclaration,5,non-flaky,5,0.9528,5,0.952,True,True,False,False,229,277
43078,trinodb_trino,BaseConnectorTest.testDeleteAllDataFromTable,5,non-flaky,5,0.9527,5,0.9523,True,True,False,False,207,242
43079,trinodb_trino,BaseConnectorTest.testRowLevelDelete,5,non-flaky,5,0.9526,5,0.9522,True,True,False,False,230,265
43080,trinodb_trino,BaseConnectorTest.testUpdate,5,non-flaky,5,0.9517,5,0.9515,True,True,False,False,512,512
43081,trinodb_trino,BaseConnectorTest.testUpdateRowConcurrently,5,non-flaky,5,0.9509,5,0.9513,True,True,False,False,47,51
43082,trinodb_trino,BaseConnectorTest.testTruncateTable,5,non-flaky,5,0.9527,5,0.9517,True,True,False,False,244,301
43083,trinodb_trino,BaseConnectorTest.testMaterializedViewColumnName,5,non-flaky,5,0.9525,5,0.9525,True,True,False,False,149,182
43084,trinodb_trino,AbstractTestIntegrationSmokeTest.ensureDistributedQueryRunner,5,non-flaky,5,0.952,5,0.9519,True,True,False,False,86,102
43085,trinodb_trino,AbstractTestIntegrationSmokeTest.testColumnsInReverseOrder,5,non-flaky,5,0.9523,5,0.9528,True,True,False,False,57,69
43086,trinodb_trino,AbstractTestIntegrationSmokeTest.testAggregation,5,non-flaky,5,0.9521,5,0.948,True,True,False,False,512,512
43087,trinodb_trino,AbstractTestIntegrationSmokeTest.testExactPredicate,5,non-flaky,5,0.9532,5,0.9516,True,True,False,False,146,184
43088,trinodb_trino,AbstractTestIntegrationSmokeTest.testInListPredicate,5,non-flaky,5,0.9533,5,0.952,True,True,False,False,184,222
43089,trinodb_trino,AbstractTestIntegrationSmokeTest.testIsNullPredicate,5,non-flaky,5,0.9532,5,0.9518,True,True,False,False,185,227
43090,trinodb_trino,AbstractTestIntegrationSmokeTest.testLikePredicate,5,non-flaky,5,0.9532,5,0.9511,True,True,False,False,197,252
43091,trinodb_trino,AbstractTestIntegrationSmokeTest.testLimit,5,non-flaky,5,0.9525,5,0.9528,True,True,False,False,58,70
43092,trinodb_trino,AbstractTestIntegrationSmokeTest.testMultipleRangesPredicate,5,non-flaky,5,0.9533,5,0.9513,True,True,False,False,160,188
43093,trinodb_trino,AbstractTestIntegrationSmokeTest.testRangePredicate,5,non-flaky,5,0.9534,5,0.9511,True,True,False,False,158,186
43094,trinodb_trino,AbstractTestIntegrationSmokeTest.testConcurrentScans,5,non-flaky,5,0.9529,5,0.9518,True,True,False,True,103,115
43095,trinodb_trino,AbstractTestIntegrationSmokeTest.testSelectAll,5,non-flaky,5,0.9518,5,0.9522,True,True,False,False,44,56
43096,trinodb_trino,AbstractTestIntegrationSmokeTest.testJoinWithEmptySides,5,non-flaky,5,0.9533,5,0.952,True,True,False,True,284,320
43097,trinodb_trino,AbstractTestIntegrationSmokeTest.testJoin,5,non-flaky,5,0.9517,5,0.9494,True,True,False,True,512,512
43098,trinodb_trino,AbstractTestIntegrationSmokeTest.testShowSchemas,5,non-flaky,5,0.9519,5,0.951,True,True,False,True,142,173
43099,trinodb_trino,AbstractTestIntegrationSmokeTest.testShowTables,5,non-flaky,5,0.9519,5,0.9513,True,True,False,True,147,167
43100,trinodb_trino,AbstractTestIntegrationSmokeTest.testDescribeTable,5,non-flaky,5,0.9526,5,0.9507,True,True,False,True,415,472
43101,trinodb_trino,AbstractTestIntegrationSmokeTest.testExplainAnalyze,5,non-flaky,5,0.9531,5,0.9501,True,True,False,False,507,512
43102,trinodb_trino,AbstractTestIntegrationSmokeTest.testExplainAnalyzeVerbose,5,non-flaky,5,0.9524,5,0.9501,True,True,False,False,153,173
43103,trinodb_trino,AbstractTestIntegrationSmokeTest.testTableSampleSystem,5,non-flaky,5,0.9532,5,0.9506,True,True,False,True,226,265
43104,trinodb_trino,AbstractTestIntegrationSmokeTest.testTableSampleWithFiltering,5,non-flaky,5,0.9533,5,0.9503,True,True,False,True,288,326
43105,trinodb_trino,AbstractTestIntegrationSmokeTest.testShowCreateTable,5,non-flaky,5,0.9522,5,0.9503,True,True,False,False,489,512
43106,trinodb_trino,AbstractTestIntegrationSmokeTest.testSelectInformationSchemaTables,5,non-flaky,5,0.9523,5,0.9479,True,True,False,True,512,512
43107,trinodb_trino,AbstractTestIntegrationSmokeTest.testSelectInformationSchemaColumns,5,non-flaky,5,0.9527,5,0.9499,True,True,False,True,512,512
43108,trinodb_trino,BaseConnectorSmokeTest.ensureDistributedQueryRunner,5,non-flaky,5,0.952,5,0.9519,True,True,False,False,86,102
43109,trinodb_trino,BaseConnectorSmokeTest.ensureTestNamingConvention,5,non-flaky,5,0.951,5,0.9512,True,True,False,False,93,113
43110,trinodb_trino,BaseConnectorSmokeTest.testSelect,5,non-flaky,5,0.9517,5,0.9505,True,True,False,False,43,55
43111,trinodb_trino,BaseConnectorSmokeTest.testPredicate,5,non-flaky,5,0.9532,5,0.9523,True,True,False,False,107,127
43112,trinodb_trino,BaseConnectorSmokeTest.testLimit,5,non-flaky,5,0.9521,5,0.9526,True,True,False,False,46,58
43113,trinodb_trino,BaseConnectorSmokeTest.testTopN,5,non-flaky,5,0.9521,5,0.9527,True,True,False,False,51,63
43114,trinodb_trino,BaseConnectorSmokeTest.testAggregation,5,non-flaky,5,0.9525,5,0.9527,True,True,False,False,72,88
43115,trinodb_trino,BaseConnectorSmokeTest.testHaving,5,non-flaky,5,0.9522,5,0.953,True,True,False,False,73,85
43116,trinodb_trino,BaseConnectorSmokeTest.testJoin,5,non-flaky,5,0.9523,5,0.9528,True,True,False,False,64,76
43117,trinodb_trino,BaseConnectorSmokeTest.testCreateTable,5,non-flaky,5,0.9526,5,0.9503,True,True,False,True,232,277
43118,trinodb_trino,BaseConnectorSmokeTest.testCreateTableAsSelect,5,non-flaky,5,0.9527,5,0.9501,True,True,False,True,286,331
43119,trinodb_trino,BaseConnectorSmokeTest.testInsert,5,non-flaky,5,0.9526,5,0.9519,True,True,False,False,355,424
43120,trinodb_trino,BaseConnectorSmokeTest.verifySupportsDeleteDeclaration,5,non-flaky,5,0.9527,5,0.9522,True,True,False,False,211,259
43121,trinodb_trino,BaseConnectorSmokeTest.verifySupportsRowLevelDeleteDeclaration,5,non-flaky,5,0.9528,5,0.952,True,True,False,False,229,277
43122,trinodb_trino,BaseConnectorSmokeTest.testDeleteAllDataFromTable,5,non-flaky,5,0.9527,5,0.9523,True,True,False,False,208,243
43123,trinodb_trino,BaseConnectorSmokeTest.testRowLevelDelete,5,non-flaky,5,0.953,5,0.9521,True,True,False,False,353,404
43124,trinodb_trino,BaseConnectorSmokeTest.testUpdate,5,non-flaky,5,0.9522,5,0.9511,True,True,False,False,357,421
43125,trinodb_trino,BaseConnectorSmokeTest.testCreateSchema,5,non-flaky,5,0.9523,5,0.9502,True,True,False,True,271,324
60862,apache_druid,DistinctCountTopNQueryTest.testTopNWithDistinctCountAgg,5,non-flaky,5,0.951,5,0.946,True,True,False,True,512,512
60863,apache_druid,DistinctCountTimeseriesQueryTest.testTimeseriesWithDistinctCountAgg,5,non-flaky,5,0.951,5,0.9464,True,True,False,True,512,512
60864,apache_druid,DistinctCountGroupByQueryTest.testGroupByWithDistinctCountAgg,5,non-flaky,5,0.951,5,0.946,True,True,False,True,512,512
60865,apache_druid,RedisCacheConfigTest.testClusterPriority,5,non-flaky,5,0.9509,5,0.9496,True,True,False,True,469,512
60866,apache_druid,RedisCacheConfigTest.testClusterInvalidNode,5,non-flaky,5,0.9525,5,0.9494,True,True,False,True,226,291
60867,apache_druid,RedisCacheConfigTest.testClusterLackOfPort,5,non-flaky,5,0.9526,5,0.9495,True,True,False,True,221,288
60868,apache_druid,RedisCacheConfigTest.testInvalidClusterNodePort0,5,non-flaky,5,0.9527,5,0.9494,True,True,False,True,227,294
60869,apache_druid,RedisCacheConfigTest.testInvalidClusterNodePort65536,5,non-flaky,5,0.9528,5,0.9493,True,True,False,True,229,294
60870,apache_druid,RedisCacheConfigTest.testNoClusterAndHost,5,non-flaky,5,0.9526,5,0.9499,True,True,False,True,171,224
60871,apache_druid,RedisClusterCacheTest.testConfig,5,non-flaky,5,0.95,5,0.9504,True,True,False,True,157,184
60872,apache_druid,RedisClusterCacheTest.testCache,5,non-flaky,5,0.9532,5,0.9497,True,True,False,True,512,512
60873,apache_druid,RedisStandaloneCacheTest.testBasicInjection,5,non-flaky,5,0.9521,5,0.9498,True,True,False,True,512,512
60874,apache_druid,RedisStandaloneCacheTest.testSimpleInjection,5,non-flaky,5,0.9526,5,0.9494,True,True,False,True,393,470
60875,apache_druid,RedisStandaloneCacheTest.testSanity,5,non-flaky,5,0.9531,5,0.9494,True,True,False,False,333,418
60876,apache_druid,RedisStandaloneCacheTest.testGetBulk,5,non-flaky,5,0.9539,5,0.9501,True,True,False,True,317,410
60877,apache_druid,InfluxParserTest.testParse,5,non-flaky,5,0.953,5,0.9477,True,True,False,False,323,397
60878,apache_druid,InfluxParserTest.testParseWhitelistPass,5,non-flaky,5,0.952,5,0.9522,True,True,False,True,163,191
60879,apache_druid,InfluxParserTest.testParseWhitelistFail,5,non-flaky,5,0.953,5,0.951,True,True,False,True,203,259
60880,apache_druid,InfluxParserTest.testParseFailures,5,non-flaky,5,0.9526,5,0.9506,True,True,False,False,155,206
60881,apache_druid,MaterializedViewSupervisorTest.testCheckSegments,5,non-flaky,5,0.951,5,0.9505,True,True,False,False,512,512
60882,apache_druid,MaterializedViewSupervisorTest.testCheckSegmentsAndSubmitTasks,5,non-flaky,5,0.9515,5,0.9454,True,True,False,True,512,512
60883,apache_druid,MaterializedViewSupervisorTest.testCreateTask,5,non-flaky,5,0.9521,5,0.9446,True,True,False,True,353,447
60884,apache_druid,MaterializedViewSupervisorTest.testSuspendedDoesntRun,5,non-flaky,5,0.9525,5,0.9477,True,True,False,True,512,512
60885,apache_druid,DerivativeDataSourceMetadataTest.testEmptyBaseDataSource,5,non-flaky,5,0.953,5,0.9518,True,True,False,True,176,210
60886,apache_druid,DerivativeDataSourceMetadataTest.testNullBaseDataSource,5,non-flaky,5,0.953,5,0.9514,True,True,False,True,176,210
60887,apache_druid,MaterializedViewSupervisorSpecTest.testSupervisorSerialization,5,non-flaky,5,0.9506,5,0.9462,True,True,False,True,512,512
60888,apache_druid,MaterializedViewSupervisorSpecTest.call,5,non-flaky,5,0.9508,5,0.948,True,True,False,False,512,512
60889,apache_druid,MaterializedViewSupervisorSpecTest.testSuspendResuume,5,non-flaky,5,0.9503,5,0.9438,True,True,False,True,512,512
60890,apache_druid,MaterializedViewSupervisorSpecTest.testEmptyBaseDataSource,5,non-flaky,5,0.9521,5,0.9515,True,True,False,False,512,512
60891,apache_druid,MaterializedViewSupervisorSpecTest.testNullBaseDataSource,5,non-flaky,5,0.9521,5,0.9513,True,True,False,False,512,512
60892,apache_druid,KafkaEmitterTest.testKafkaEmitter,5,non-flaky,5,0.951,5,0.9504,True,True,False,True,512,512
60893,apache_druid,KafkaEmitterConfigTest.testSerDeserKafkaEmitterConfig,5,non-flaky,5,0.9528,5,0.9505,True,True,False,True,231,251
60894,apache_druid,KafkaEmitterConfigTest.testSerDeserKafkaEmitterConfigNullRequestTopic,5,non-flaky,5,0.9527,5,0.9505,True,True,False,True,232,253
60895,apache_druid,KafkaEmitterConfigTest.testSerDeNotRequiredKafkaProducerConfig,5,non-flaky,5,0.9518,5,0.9493,True,True,False,True,176,221
60896,apache_druid,KafkaEmitterConfigTest.testJacksonModules,5,non-flaky,5,0.948,5,0.9514,True,True,False,False,45,59
60897,apache_druid,ThriftInputRowParserTest.testGetThriftClass,5,non-flaky,5,0.9515,5,0.9508,True,True,False,True,220,265
60898,apache_druid,ThriftInputRowParserTest.testParse,5,non-flaky,5,0.9526,5,0.9488,True,True,False,True,363,467
60899,apache_druid,ThriftInputRowParserTest.testDisableJavaScript,5,non-flaky,5,0.9528,5,0.9496,True,True,False,True,419,512
60900,apache_druid,MovingAverageIterableTest.testNext,5,non-flaky,5,0.9521,5,0.9507,True,True,False,True,512,512
60901,apache_druid,MovingAverageIterableTest.testAveraging,5,non-flaky,5,0.9525,5,0.9522,True,True,False,False,512,512
60902,apache_druid,MovingAverageIterableTest.testCompleteData,5,non-flaky,5,0.9527,5,0.9497,True,True,False,False,512,512
60903,apache_druid,MovingAverageIterableTest.testMissingDataAtBeginning,5,non-flaky,5,0.9528,5,0.9501,True,True,False,True,512,512
60904,apache_druid,MovingAverageIterableTest.testMissingDataAtTheEnd,5,non-flaky,5,0.9528,5,0.9498,True,True,False,True,512,512
60905,apache_druid,MovingAverageIterableTest.testMissingDataAtMiddle,5,non-flaky,5,0.953,5,0.948,True,True,False,True,512,512
60906,apache_druid,MovingAverageIterableTest.testMissingDaysAtBegining,5,non-flaky,5,0.9523,5,0.9491,True,True,False,True,512,512
60907,apache_druid,MovingAverageIterableTest.testMissingDaysInMiddle,5,non-flaky,5,0.9525,5,0.9468,True,True,False,True,512,512
60908,apache_druid,MovingAverageIterableTest.testWithFilteredAggregation,5,non-flaky,5,0.9529,5,0.9502,True,True,False,True,512,512
60909,apache_druid,MovingAverageIterableTest.testMissingDaysAtEnd,5,non-flaky,5,0.9524,5,0.9467,True,True,False,True,512,512
60910,apache_druid,PostAveragerAggregatorCalculatorTest.testApply,5,non-flaky,5,0.9528,5,0.9506,True,True,False,True,102,140
60911,apache_druid,PostAveragerAggregatorCalculatorTest.testApplyMissingColumn,5,non-flaky,5,0.9529,5,0.9509,True,True,False,True,104,141
60912,apache_druid,DoubleMaxAveragerFactoryTest.testCreateAverager,5,non-flaky,5,0.9486,5,0.9511,True,True,False,True,85,104
60913,apache_druid,DoubleMinAveragerFactoryTest.testCreateAverager,5,non-flaky,5,0.9492,5,0.9517,True,True,False,True,85,104
60914,apache_druid,DoubleSumAveragerFactoryTest.testCreateAverager,5,non-flaky,5,0.9498,5,0.9521,True,True,False,True,85,104
60915,apache_druid,LongMaxAveragerFactoryTest.testCreateAverager,5,non-flaky,5,0.9486,5,0.9516,True,True,False,True,85,104
60916,apache_druid,LongMeanNoNullAveragerFactoryTest.testCreateAverager,5,non-flaky,5,0.949,5,0.952,True,True,False,True,91,110
60917,apache_druid,LongMinAveragerFactoryTest.testCreateAverager,5,non-flaky,5,0.9482,5,0.9513,True,True,False,True,85,104
60918,apache_druid,DoubleSumAveragerTest.testComputeResult,5,non-flaky,5,0.9531,5,0.9499,True,True,False,True,380,481
60919,apache_druid,LongMeanNoNullAveragerTest.testComputeResult,5,non-flaky,5,0.9529,5,0.9501,True,True,False,True,376,472
60920,apache_druid,DoubleMaxAveragerTest.testComputeResult,5,non-flaky,5,0.953,5,0.9506,True,True,False,True,388,484
60921,apache_druid,DoubleMeanAveragerTest.testComputeResult,5,non-flaky,5,0.9531,5,0.9507,True,True,False,True,380,490
60922,apache_druid,DoubleMeanNoNullAveragerFactoryTest.testCreateAverager,5,non-flaky,5,0.9496,5,0.9522,True,True,False,True,91,110
60923,apache_druid,BaseAveragerFactoryTest.testGetDependentFields,5,non-flaky,5,0.9526,5,0.9528,True,True,False,True,83,99
60924,apache_druid,BaseAveragerFactoryTest.testFinalization,5,non-flaky,5,0.9525,5,0.9519,True,True,False,True,53,73
60925,apache_druid,DoubleMeanNoNullAveragerTest.testComputeResult,5,non-flaky,5,0.9528,5,0.9507,True,True,False,True,512,512
60926,apache_druid,LongSumAveragerTest.testComputeResult,5,non-flaky,5,0.9532,5,0.9507,True,True,False,True,372,482
60927,apache_druid,LongMeanAveragerFactoryTest.testCreateAverager,5,non-flaky,5,0.9486,5,0.9517,True,True,False,True,87,106
60928,apache_druid,LongSumAveragerFactoryTest.testCreateAverager,5,non-flaky,5,0.9491,5,0.9519,True,True,False,True,85,104
60929,apache_druid,DoubleMeanAveragerWithPeriodTest.testComputeResult,5,non-flaky,5,0.9529,5,0.9503,True,True,False,True,512,512
60930,apache_druid,BaseAveragerTest.testBaseAverager,5,non-flaky,5,0.9527,5,0.9521,True,True,False,True,142,180
60931,apache_druid,BaseAveragerTest.testAddElement,5,non-flaky,5,0.9534,5,0.951,True,True,False,True,368,467
60932,apache_druid,BaseAveragerTest.testSkip,5,non-flaky,5,0.9535,5,0.9506,True,True,False,True,433,512
60933,apache_druid,BaseAveragerTest.testHasData,5,non-flaky,5,0.9522,5,0.9507,True,True,False,True,152,216
60934,apache_druid,BaseAveragerTest.testGetResult,5,non-flaky,5,0.9518,5,0.9517,True,True,False,True,119,155
60935,apache_druid,DoubleMeanAveragerFactoryTest.testCreateAverager,5,non-flaky,5,0.9495,5,0.9519,True,True,False,True,87,106
60936,apache_druid,DoubleMinAveragerTest.testComputeResult,5,non-flaky,5,0.953,5,0.9503,True,True,False,True,403,503
60937,apache_druid,LongMeanAveragerTest.testComputeResult,5,non-flaky,5,0.9531,5,0.9502,True,True,False,True,375,471
60938,apache_druid,LongMaxAveragerTest.testComputeResult,5,non-flaky,5,0.9531,5,0.9506,True,True,False,True,361,471
60939,apache_druid,LongMinAveragerTest.testComputeResult,5,non-flaky,5,0.953,5,0.9502,True,True,False,True,367,467
60940,apache_druid,MovingAverageQueryTest.getDruidServers,5,non-flaky,5,0.9528,5,0.9502,True,True,False,False,352,449
60941,apache_druid,RowBucketIterableTest.testCompleteData,5,non-flaky,5,0.9517,5,0.9467,True,True,False,True,512,512
60942,apache_druid,RowBucketIterableTest.testApplyLastDaySingleRow,5,non-flaky,5,0.9523,5,0.9489,True,True,False,True,456,512
60943,apache_druid,RowBucketIterableTest.testApplyLastDayMultipleRows,5,non-flaky,5,0.952,5,0.9481,True,True,False,True,509,512
60944,apache_druid,RowBucketIterableTest.testSingleDaySingleRow,5,non-flaky,5,0.9522,5,0.9488,True,True,False,False,226,300
60945,apache_druid,RowBucketIterableTest.testSingleDayMultipleRow,5,non-flaky,5,0.9522,5,0.9474,True,True,False,False,278,360
60946,apache_druid,RowBucketIterableTest.testMissingDaysAtBegining,5,non-flaky,5,0.9519,5,0.9469,True,True,False,False,297,392
60947,apache_druid,RowBucketIterableTest.testMissingDaysAtBeginingFollowedByMultipleRow,5,non-flaky,5,0.952,5,0.9413,True,True,False,True,496,512
60948,apache_druid,RowBucketIterableTest.testMissingDaysAtBeginingAndAtTheEnd,5,non-flaky,5,0.9521,5,0.9378,True,True,False,True,468,512
60949,apache_druid,RowBucketIterableTest.testMultipleMissingDays,5,non-flaky,5,0.9519,5,0.9382,True,True,False,True,462,512
60950,apache_druid,RowBucketIterableTest.testMultipleMissingDaysMultipleRowAtTheEnd,5,non-flaky,5,0.9513,5,0.9405,True,True,False,True,512,512
60951,apache_druid,RowBucketIterableTest.testMissingDaysInMiddleOneRow,5,non-flaky,5,0.9519,5,0.9433,True,True,False,True,426,512
60952,apache_druid,RowBucketIterableTest.testMissingDaysInMiddleMultipleRow,5,non-flaky,5,0.9517,5,0.9429,True,True,False,True,492,512
60953,apache_druid,RowBucketIterableTest.testApplyLastDayNoRows,5,non-flaky,5,0.9522,5,0.9475,True,True,False,True,452,512
60954,apache_druid,RowBucketIterableTest.testApplyLastTwoDayNoRows,5,non-flaky,5,0.9519,5,0.9414,True,True,False,True,448,512
60955,apache_druid,RowBucketIterableTest.testApplyMultipleInterval,5,non-flaky,5,0.9518,5,0.9467,True,True,False,True,512,512
60956,apache_druid,RowBucketIterableTest.testNodata,5,non-flaky,5,0.9518,5,0.9465,True,True,False,False,194,259
60957,apache_druid,TDigestSketchAggregatorFactoryTest.testResultArraySignature,5,non-flaky,5,0.9516,5,0.9503,True,True,False,True,512,512
60958,apache_druid,TDigestSketchToQuantilePostAggregatorTest.testSerde,5,non-flaky,5,0.9533,5,0.9505,True,True,False,True,242,298
60959,apache_druid,TDigestSketchToQuantilePostAggregatorTest.testToString,5,non-flaky,5,0.9527,5,0.9513,True,True,False,True,151,188
60960,apache_druid,TDigestSketchToQuantilePostAggregatorTest.testEquals,5,non-flaky,5,0.9514,5,0.9516,True,True,False,False,127,153
60961,apache_druid,TDigestSketchToQuantilesPostAggregatorTest.testSerde,5,non-flaky,5,0.9534,5,0.951,True,True,False,True,250,302
70765,apache_kafka,StartAndStopCounterTest.shouldRecordStarts,5,non-flaky,5,0.9529,5,0.9505,True,True,False,False,127,155
70766,apache_kafka,StartAndStopCounterTest.shouldRecordStops,5,non-flaky,5,0.9528,5,0.9505,True,True,False,False,127,155
70767,apache_kafka,StartAndStopCounterTest.shouldExpectRestarts,5,non-flaky,5,0.9495,5,0.9398,True,True,False,False,181,227
70768,apache_kafka,StartAndStopCounterTest.shouldFailToWaitForRestartThatNeverHappens,5,non-flaky,5,0.9497,5,0.9448,True,True,False,False,191,237
70769,apache_kafka,ConnectWorkerIntegrationTest.testAddAndRemoveWorker,5,non-flaky,5,0.9505,5,0.9429,True,True,False,True,512,512
70770,apache_kafka,ConnectWorkerIntegrationTest.testRestartFailedTask,5,non-flaky,5,0.951,5,0.9458,True,True,False,True,512,512
70771,apache_kafka,ConnectWorkerIntegrationTest.testBrokerCoordinator,5,non-flaky,5,0.9504,5,0.936,True,True,False,True,512,512
70772,apache_kafka,RebalanceSourceConnectorsIntegrationTest.testStartTwoConnectors,5,non-flaky,5,0.9505,5,0.9425,True,True,False,False,512,512
70773,apache_kafka,RebalanceSourceConnectorsIntegrationTest.testReconfigConnector,5,non-flaky,5,0.9508,5,0.9438,True,True,False,True,512,512
70774,apache_kafka,RebalanceSourceConnectorsIntegrationTest.testDeleteConnector,5,non-flaky,5,0.9505,5,0.9506,True,True,False,False,512,512
70775,apache_kafka,RebalanceSourceConnectorsIntegrationTest.testAddingWorker,5,non-flaky,5,0.9505,5,0.9505,True,True,False,False,512,512
70776,apache_kafka,RebalanceSourceConnectorsIntegrationTest.testRemovingWorker,5,non-flaky,5,0.9506,5,0.9505,True,True,False,False,512,512
70777,apache_kafka,SessionedProtocolIntegrationTest.ensureInternalEndpointIsSecured,5,non-flaky,5,0.9513,5,0.943,True,True,False,True,512,512
70778,apache_kafka,ErrorHandlingIntegrationTest.testSkipRetryAndDLQWithHeaders,5,non-flaky,5,0.9513,5,0.9511,True,True,False,False,512,512
70779,apache_kafka,ConnectorClientPolicyIntegrationTest.testCreateWithOverridesForNonePolicy,5,non-flaky,5,0.9495,5,0.9472,True,True,False,True,124,140
70780,apache_kafka,ConnectorClientPolicyIntegrationTest.testCreateWithNotAllowedOverridesForPrincipalPolicy,5,non-flaky,5,0.9515,5,0.9487,True,True,False,True,182,206
70781,apache_kafka,ConnectorClientPolicyIntegrationTest.testCreateWithAllowedOverridesForPrincipalPolicy,5,non-flaky,5,0.9506,5,0.9497,True,True,False,True,129,145
70782,apache_kafka,ConnectorClientPolicyIntegrationTest.testCreateWithAllowedOverridesForAllPolicy,5,non-flaky,5,0.9508,5,0.9483,True,True,False,True,138,158
70783,apache_kafka,StartAndStopLatchTest.shouldReturnFalseWhenAwaitingForStartToNeverComplete,5,non-flaky,5,0.9503,5,0.9497,True,True,False,False,139,166
70784,apache_kafka,StartAndStopLatchTest.shouldReturnFalseWhenAwaitingForStopToNeverComplete,5,non-flaky,5,0.9498,5,0.9494,True,True,False,False,152,183
70785,apache_kafka,StartAndStopLatchTest.shouldReturnTrueWhenAwaitingForStartAndStopToComplete,5,non-flaky,5,0.9496,5,0.9492,True,True,False,False,166,201
70786,apache_kafka,StartAndStopLatchTest.shouldReturnFalseWhenAwaitingForDependentLatchToComplete,5,non-flaky,5,0.949,5,0.9492,True,True,False,False,224,272
70787,apache_kafka,StartAndStopLatchTest.shouldReturnTrueWhenAwaitingForStartAndStopAndDependentLatch,5,non-flaky,5,0.9492,5,0.9492,True,True,False,False,256,312
70788,apache_kafka,ExampleConnectIntegrationTest.testSinkConnector,5,non-flaky,5,0.9508,5,0.9509,True,True,False,False,512,512
70789,apache_kafka,ExampleConnectIntegrationTest.testSourceConnector,5,non-flaky,5,0.951,5,0.9469,True,True,False,False,512,512
70790,apache_kafka,RestExtensionIntegrationTest.testRestExtensionApi,5,non-flaky,5,0.951,5,0.9506,True,True,False,False,512,512
70791,apache_kafka,DelegatingClassLoaderTest.testWhiteListedManifestResources,5,non-flaky,5,0.9516,5,0.9481,True,True,False,False,153,173
70792,apache_kafka,DelegatingClassLoaderTest.testOtherResources,5,non-flaky,5,0.9507,5,0.9507,True,True,False,False,116,132
70793,apache_kafka,DelegatingClassLoaderTest.testLoadingUnloadedPluginClass,5,non-flaky,5,0.9519,5,0.9514,True,True,False,True,156,184
70794,apache_kafka,DelegatingClassLoaderTest.testLoadingPluginClass,5,non-flaky,5,0.9517,5,0.9499,True,True,False,True,176,204
70795,apache_kafka,PluginUtilsTest.testJavaLibraryClasses,5,non-flaky,5,0.9531,5,0.944,True,True,False,False,446,510
70796,apache_kafka,PluginUtilsTest.testThirdPartyClasses,5,non-flaky,5,0.9488,5,0.9484,True,True,False,False,88,100
70797,apache_kafka,PluginUtilsTest.testConnectFrameworkClasses,5,non-flaky,5,0.9519,5,0.9448,True,True,False,False,512,512
70798,apache_kafka,PluginUtilsTest.testAllowedConnectFrameworkClasses,5,non-flaky,5,0.9523,5,0.9446,True,True,False,False,512,512
70799,apache_kafka,PluginUtilsTest.testClientConfigProvider,5,non-flaky,5,0.9525,5,0.9451,True,True,False,False,222,262
70800,apache_kafka,PluginUtilsTest.testConnectorClientConfigOverridePolicy,5,non-flaky,5,0.9528,5,0.9453,True,True,False,False,372,436
70801,apache_kafka,PluginUtilsTest.testEmptyPluginUrls,5,non-flaky,5,0.9512,5,0.9522,True,True,False,False,59,67
70802,apache_kafka,PluginUtilsTest.testEmptyStructurePluginUrls,5,non-flaky,5,0.9512,5,0.9522,True,True,False,False,74,86
70803,apache_kafka,PluginUtilsTest.testPluginUrlsWithJars,5,non-flaky,5,0.9515,5,0.9514,True,True,False,True,93,116
70804,apache_kafka,PluginUtilsTest.testOrderOfPluginUrlsWithJars,5,non-flaky,5,0.9527,5,0.9489,True,True,False,True,297,351
70805,apache_kafka,PluginUtilsTest.testPluginUrlsWithZips,5,non-flaky,5,0.9523,5,0.946,True,True,False,True,262,300
70806,apache_kafka,PluginUtilsTest.testPluginUrlsWithClasses,5,non-flaky,5,0.9524,5,0.9426,True,True,False,True,328,377
70807,apache_kafka,PluginUtilsTest.testPluginUrlsWithAbsoluteSymlink,5,non-flaky,5,0.9522,5,0.9474,True,True,False,True,278,331
70808,apache_kafka,PluginUtilsTest.testPluginUrlsWithRelativeSymlinkBackwards,5,non-flaky,5,0.9523,5,0.9459,True,True,False,True,285,339
70809,apache_kafka,PluginUtilsTest.testPluginUrlsWithRelativeSymlinkForwards,5,non-flaky,5,0.9522,5,0.9482,True,True,False,True,324,384
70810,apache_kafka,PluginsTest.shouldInstantiateAndConfigureConverters,5,non-flaky,5,0.9525,5,0.9507,True,True,False,False,291,332
70811,apache_kafka,PluginsTest.shouldInstantiateAndConfigureInternalConverters,5,non-flaky,5,0.9525,5,0.9496,True,True,False,False,352,401
70812,apache_kafka,PluginsTest.shouldInstantiateAndConfigureExplicitlySetHeaderConverterWithCurrentClassLoader,5,non-flaky,5,0.9515,5,0.9477,True,True,False,True,512,512
70813,apache_kafka,PluginsTest.shouldInstantiateAndConfigureConnectRestExtension,5,non-flaky,5,0.9522,5,0.9461,True,True,False,True,440,493
70814,apache_kafka,PluginsTest.shouldInstantiateAndConfigureDefaultHeaderConverter,5,non-flaky,5,0.9511,5,0.949,True,True,False,True,512,512
70815,apache_kafka,PluginsTest.shouldThrowIfPluginThrows,5,non-flaky,5,0.9519,5,0.9503,True,True,False,False,141,174
70816,apache_kafka,PluginsTest.shouldShareStaticValuesBetweenSamePlugin,5,non-flaky,5,0.9522,5,0.9474,True,True,False,True,379,464
70817,apache_kafka,PluginsTest.newPluginShouldServiceLoadWithPluginClassLoader,5,non-flaky,5,0.9522,5,0.9478,True,True,False,True,286,340
70818,apache_kafka,PluginsTest.newPluginShouldInstantiateWithPluginClassLoader,5,non-flaky,5,0.9522,5,0.9487,True,True,False,True,213,257
70819,apache_kafka,PluginsTest.shouldFailToFindConverterInCurrentClassloader,5,non-flaky,5,0.9506,5,0.9514,True,True,False,False,105,121
70820,apache_kafka,PluginsTest.newConverterShouldConfigureWithPluginClassLoader,5,non-flaky,5,0.9517,5,0.9459,True,True,False,True,367,441
70821,apache_kafka,PluginsTest.newConfigProviderShouldConfigureWithPluginClassLoader,5,non-flaky,5,0.952,5,0.9451,True,True,False,True,387,466
70822,apache_kafka,PluginsTest.newHeaderConverterShouldConfigureWithPluginClassLoader,5,non-flaky,5,0.9518,5,0.9511,True,True,False,False,389,466
70823,apache_kafka,PluginsTest.newPluginsShouldConfigureWithPluginClassLoader,5,non-flaky,5,0.9523,5,0.9515,True,True,False,False,284,344
70824,apache_kafka,PluginDescTest.testRegularPluginDesc,5,non-flaky,5,0.9528,5,0.944,True,True,False,False,381,482
70825,apache_kafka,PluginDescTest.testPluginDescWithSystemClassLoader,5,non-flaky,5,0.9526,5,0.9421,True,True,False,True,394,503
70826,apache_kafka,PluginDescTest.testPluginDescWithNullVersion,5,non-flaky,5,0.9524,5,0.9416,True,True,False,True,362,452
70827,apache_kafka,PluginDescTest.testPluginDescEquality,5,non-flaky,5,0.952,5,0.9352,True,True,False,False,512,512
70828,apache_kafka,PluginDescTest.testPluginDescComparison,5,non-flaky,5,0.9516,5,0.9372,True,True,False,False,512,512
70829,apache_kafka,WorkerConfigTest.testAdminListenersConfigAllowedValues,5,non-flaky,5,0.9527,5,0.9484,True,True,False,True,361,429
70830,apache_kafka,WorkerConfigTest.testAdminListenersNotAllowingEmptyStrings,5,non-flaky,5,0.9514,5,0.9517,True,True,False,True,117,136
70831,apache_kafka,WorkerConfigTest.testAdminListenersNotAllowingBlankStrings,5,non-flaky,5,0.9514,5,0.9517,True,True,False,True,126,142
70832,apache_kafka,WorkerSourceTaskTest.answer,5,non-flaky,5,0.9503,5,0.941,True,True,False,False,202,248
70833,apache_kafka,WorkerSourceTaskTest.testPause,5,non-flaky,5,0.95,5,0.8221,True,True,False,True,512,512
70834,apache_kafka,WorkerSourceTaskTest.testPollsInBackground,5,non-flaky,5,0.9498,5,0.8756,True,True,False,True,512,512
70835,apache_kafka,WorkerSourceTaskTest.answer,5,non-flaky,5,0.9504,5,0.8871,True,True,False,False,321,391
70836,apache_kafka,WorkerSourceTaskTest.testPollReturnsNoRecords,5,non-flaky,5,0.9502,5,0.8534,True,True,False,True,512,512
70837,apache_kafka,WorkerSourceTaskTest.testCommit,5,non-flaky,5,0.9499,5,0.8958,True,True,False,True,512,512
70838,apache_kafka,WorkerSourceTaskTest.testCommitFailure,5,non-flaky,5,0.9501,5,0.8786,True,True,False,True,512,512
70839,apache_kafka,WorkerSourceTaskTest.testSendRecordsConvertsData,5,non-flaky,5,0.9515,5,0.942,True,True,False,True,288,361
70840,apache_kafka,WorkerSourceTaskTest.testSendRecordsPropagatesTimestamp,5,non-flaky,5,0.95,5,0.914,True,True,False,True,275,353
70841,apache_kafka,WorkerSourceTaskTest.testSendRecordsCorruptTimestamp,5,non-flaky,5,0.9515,5,0.9485,True,True,False,True,279,351
70842,apache_kafka,WorkerSourceTaskTest.testSendRecordsNoTimestamp,5,non-flaky,5,0.9513,5,0.9301,True,True,False,True,269,342
70843,apache_kafka,WorkerSourceTaskTest.testSendRecordsRetries,5,non-flaky,5,0.9517,5,0.9455,True,True,False,False,512,512
70844,apache_kafka,WorkerSourceTaskTest.testSendRecordsProducerCallbackFail,5,non-flaky,5,0.9517,5,0.9493,True,True,False,False,234,286
70845,apache_kafka,WorkerSourceTaskTest.testSendRecordsTaskCommitRecordFail,5,non-flaky,5,0.9518,5,0.9429,True,True,False,False,427,512
70846,apache_kafka,WorkerSourceTaskTest.answer,5,non-flaky,5,0.9501,5,0.9178,True,True,False,False,299,361
70847,apache_kafka,WorkerSourceTaskTest.testCancel,5,non-flaky,5,0.9514,5,0.9342,True,True,False,False,113,161
70848,apache_kafka,WorkerSourceTaskTest.testMetricsGroup,5,non-flaky,5,0.95,5,0.9361,True,True,False,False,512,512
70849,apache_kafka,WorkerSourceTaskTest.testHeaders,5,non-flaky,5,0.952,5,0.941,True,True,False,True,414,509
70850,apache_kafka,WorkerSourceTaskTest.testHeadersWithCustomConverter,5,non-flaky,5,0.9519,5,0.943,True,True,False,True,512,512
70851,apache_kafka,TransformationConfigTest.testEmbeddedConfigCast,5,non-flaky,5,0.9526,5,0.9502,True,True,False,True,240,272
70852,apache_kafka,TransformationConfigTest.testEmbeddedConfigExtractField,5,non-flaky,5,0.9527,5,0.9501,True,True,False,True,242,273
70853,apache_kafka,TransformationConfigTest.testEmbeddedConfigFlatten,5,non-flaky,5,0.9523,5,0.95,True,True,False,True,217,252
70854,apache_kafka,TransformationConfigTest.testEmbeddedConfigHoistField,5,non-flaky,5,0.9526,5,0.95,True,True,False,True,243,274
70855,apache_kafka,TransformationConfigTest.testEmbeddedConfigInsertField,5,non-flaky,5,0.9524,5,0.9499,True,True,False,True,217,246
70856,apache_kafka,TransformationConfigTest.testEmbeddedConfigMaskField,5,non-flaky,5,0.9526,5,0.95,True,True,False,True,242,284
70857,apache_kafka,TransformationConfigTest.testEmbeddedConfigRegexRouter,5,non-flaky,5,0.9526,5,0.9499,True,True,False,True,272,306
70858,apache_kafka,TransformationConfigTest.testEmbeddedConfigReplaceField,5,non-flaky,5,0.9525,5,0.9497,True,True,False,True,218,247
70859,apache_kafka,TransformationConfigTest.testEmbeddedConfigSetSchemaMetadata,5,non-flaky,5,0.9525,5,0.9504,True,True,False,True,223,253
70860,apache_kafka,TransformationConfigTest.testEmbeddedConfigTimestampConverter,5,non-flaky,5,0.9527,5,0.9495,True,True,False,True,250,281
70861,apache_kafka,TransformationConfigTest.testEmbeddedConfigTimestampRouter,5,non-flaky,5,0.9524,5,0.9498,True,True,False,True,219,249
70862,apache_kafka,TransformationConfigTest.testEmbeddedConfigValueToKey,5,non-flaky,5,0.9527,5,0.95,True,True,False,True,241,272
70863,apache_kafka,StateTrackerTest.currentStateIsNullWhenNotInitialized,5,non-flaky,5,0.9504,5,0.9509,True,True,False,False,45,53
70864,apache_kafka,StateTrackerTest.currentState,5,non-flaky,5,0.9494,5,0.9466,True,True,False,False,98,118
76910,spring-projects_spring-data-envers,DefaultRevisionMetadataUnitTests.createsLocalDateTimeFromTimestamp,5,non-flaky,5,0.9499,5,0.9483,True,True,False,True,109,147
76911,spring-projects_spring-data-envers,QueryDslRepositoryIntegrationTests.testWithQueryDsl,5,non-flaky,5,0.9507,5,0.9503,True,True,False,True,122,181
76912,spring-projects_spring-data-envers,QueryDslRepositoryIntegrationTests.testWithRevisions,5,non-flaky,5,0.9514,5,0.9473,True,True,False,True,260,376
76913,spring-projects_spring-data-envers,EnversRevisionRepositoryImplUnitTests.findRevisionShortCircuitsOnEmptyRevisionList,5,non-flaky,5,0.9462,5,0.9517,True,True,False,False,102,135
76914,spring-projects_spring-data-envers,RepositoryIntegrationTests.testLifeCycle,5,non-flaky,5,0.9507,5,0.9396,True,True,False,True,338,498
76915,spring-projects_spring-data-envers,RepositoryIntegrationTests.returnsEmptyRevisionsForUnrevisionedEntity,5,non-flaky,5,0.9489,5,0.9522,True,True,False,False,48,58
76916,spring-projects_spring-data-envers,RepositoryIntegrationTests.returnsParticularRevisionForAnEntity,5,non-flaky,5,0.952,5,0.9472,True,True,False,True,301,429
76917,spring-projects_spring-data-envers,RepositoryIntegrationTests.considersRevisionNumberSortOrder,5,non-flaky,5,0.9518,5,0.9483,True,True,False,True,194,275
76918,spring-projects_spring-data-envers,RepositoryIntegrationTests.findsDeletedRevisions,5,non-flaky,5,0.9522,5,0.9489,True,True,False,True,180,255
76919,spring-projects_spring-data-envers,RepositoryIntegrationTests.shortCurcuitingWhenOffsetIsToLarge,5,non-flaky,5,0.9509,5,0.9472,True,True,False,True,113,174
77106,networknt_json-schema-validator,Issue406Test.testPreloadingNotHappening,5,non-flaky,5,0.9517,5,0.9516,True,True,False,True,126,145
77107,networknt_json-schema-validator,Issue406Test.execute,5,non-flaky,5,0.9517,5,0.9488,True,True,False,False,292,324
77108,networknt_json-schema-validator,Issue406Test.testPreloadingHappeningForCircularDependency,5,non-flaky,5,0.9515,5,0.9512,True,True,False,False,114,130
77109,networknt_json-schema-validator,Issue386Test.dataIsValid,5,non-flaky,5,0.9524,5,0.9483,True,True,False,True,236,268
77110,networknt_json-schema-validator,Issue386Test.dataIsInvalidFailFast,5,non-flaky,5,0.9519,5,0.9478,True,True,False,True,302,350
77111,networknt_json-schema-validator,Issue386Test.dataIsInvalidFailSlow,5,non-flaky,5,0.9523,5,0.9469,True,True,False,True,309,353
77112,networknt_json-schema-validator,Issue425Test.testNullableOneOf,5,non-flaky,5,0.9513,5,0.9509,True,True,False,False,47,55
77113,networknt_json-schema-validator,Issue366FailFastTest.setup,5,non-flaky,5,0.9482,5,0.9518,True,True,False,False,28,38
77114,networknt_json-schema-validator,Issue366FailFastTest.firstOneValid,5,non-flaky,5,0.9525,5,0.9505,True,True,False,True,172,210
77115,networknt_json-schema-validator,Issue366FailFastTest.secondOneValid,5,non-flaky,5,0.9525,5,0.9503,True,True,False,True,172,210
77116,networknt_json-schema-validator,Issue366FailFastTest.bothValid,5,non-flaky,5,0.9523,5,0.9495,True,True,False,True,199,241
77117,networknt_json-schema-validator,Issue366FailFastTest.neitherValid,5,non-flaky,5,0.9524,5,0.9498,True,True,False,True,199,241
77118,networknt_json-schema-validator,TypeFactoryTest.testValidIntegralValuesWithJavaSemantics,5,non-flaky,5,0.9519,5,0.9492,True,True,False,False,170,198
77119,networknt_json-schema-validator,TypeFactoryTest.testValidIntegralValuesWithoutJavaSemantics,5,non-flaky,5,0.9519,5,0.9492,True,True,False,False,169,197
77120,networknt_json-schema-validator,TypeFactoryTest.testWithLosslessNarrowing,5,non-flaky,5,0.9526,5,0.9485,True,True,False,False,266,311
77121,networknt_json-schema-validator,TypeFactoryTest.testWithoutLosslessNarrowing,5,non-flaky,5,0.9525,5,0.9479,True,True,False,False,265,315
77122,networknt_json-schema-validator,Issue461Test.shouldWalkWithValidation,5,non-flaky,5,0.9519,5,0.9511,True,True,False,True,186,210
77123,networknt_json-schema-validator,TypeValidatorTest.testNumeicValues,5,non-flaky,5,0.952,5,0.9511,True,True,False,False,80,96
77124,networknt_json-schema-validator,TypeValidatorTest.testNonNumeicValues,5,non-flaky,5,0.9518,5,0.9514,True,True,False,False,82,98
77125,networknt_json-schema-validator,SpecVersionTest.testGetVersionValue,5,non-flaky,5,0.9529,5,0.9514,True,True,False,True,143,165
77126,networknt_json-schema-validator,SpecVersionTest.testGetVersionFlags,5,non-flaky,5,0.9528,5,0.9494,True,True,False,True,257,313
77127,networknt_json-schema-validator,SpecVersionTest.testAllVersionValue,5,non-flaky,5,0.9525,5,0.9496,True,True,False,True,212,240
77128,networknt_json-schema-validator,Issue383Test.nestedOneOfsShouldStillMatchV7,5,non-flaky,5,0.9527,5,0.9468,True,True,False,True,227,256
77129,networknt_json-schema-validator,Issue396Test.testComplexPropertyNamesV7,5,non-flaky,5,0.9525,5,0.9516,True,True,False,False,370,443
77130,networknt_json-schema-validator,Issue255Test.shouldFailWhenRequiredPropertiesDoNotExistInReferencedSubSchema,5,non-flaky,5,0.9522,5,0.9465,True,True,False,True,232,261
77131,networknt_json-schema-validator,Issue342Test.propertyNameEnumShouldFailV7,5,non-flaky,5,0.9531,5,0.9476,True,True,False,True,319,360
77132,networknt_json-schema-validator,Issue285Test.nestedValidation,5,non-flaky,5,0.9514,5,0.9503,True,True,False,False,140,179
77133,networknt_json-schema-validator,Issue285Test.nestedTypeValidation,5,non-flaky,5,0.9519,5,0.9507,True,True,False,True,182,215
77134,networknt_json-schema-validator,Issue285Test.typeValidation,5,non-flaky,5,0.9518,5,0.9501,True,True,False,True,179,213
77135,networknt_json-schema-validator,Issue426Test.shouldWorkV7,5,non-flaky,5,0.9524,5,0.9457,True,True,False,True,329,378
77136,networknt_json-schema-validator,Issue404Test.expectObjectNotIntegerV7,5,non-flaky,5,0.9525,5,0.949,True,True,False,True,224,253
77137,networknt_json-schema-validator,V4JsonSchemaTest.testLoadingWithId,5,non-flaky,5,0.9523,5,0.9526,True,True,False,True,172,192
77138,networknt_json-schema-validator,V4JsonSchemaTest.testBignumValidator,5,non-flaky,5,0.951,5,0.9507,True,True,False,False,52,60
77139,networknt_json-schema-validator,V4JsonSchemaTest.testFormatValidator,5,non-flaky,5,0.951,5,0.9505,True,True,False,False,48,56
77140,networknt_json-schema-validator,V4JsonSchemaTest.testComplexSchema,5,non-flaky,5,0.9509,5,0.9508,True,True,False,False,49,57
77141,networknt_json-schema-validator,V4JsonSchemaTest.testZeroTerminatedFloatsValidator,5,non-flaky,5,0.9509,5,0.9504,True,True,False,False,56,64
77142,networknt_json-schema-validator,V4JsonSchemaTest.testAdditionalItemsValidator,5,non-flaky,5,0.9511,5,0.9507,True,True,False,False,49,57
77143,networknt_json-schema-validator,V4JsonSchemaTest.testAdditionalPropertiesValidator,5,non-flaky,5,0.951,5,0.9509,True,True,False,False,51,59
77144,networknt_json-schema-validator,V4JsonSchemaTest.testAllOfValidator,5,non-flaky,5,0.9508,5,0.9504,True,True,False,False,48,56
77145,networknt_json-schema-validator,V4JsonSchemaTest.testAnyOFValidator,5,non-flaky,5,0.9503,5,0.9502,True,True,False,False,48,56
77146,networknt_json-schema-validator,V4JsonSchemaTest.testDefaultValidator,5,non-flaky,5,0.951,5,0.9506,True,True,False,False,46,54
77147,networknt_json-schema-validator,V4JsonSchemaTest.testDefinitionsValidator,5,non-flaky,5,0.951,5,0.9509,True,True,False,False,48,56
77148,networknt_json-schema-validator,V4JsonSchemaTest.testDependenciesValidator,5,non-flaky,5,0.951,5,0.9509,True,True,False,False,49,57
77149,networknt_json-schema-validator,V4JsonSchemaTest.testEnumValidator,5,non-flaky,5,0.9511,5,0.9511,True,True,False,False,47,55
77150,networknt_json-schema-validator,V4JsonSchemaTest.testItemsValidator,5,non-flaky,5,0.9511,5,0.9506,True,True,False,False,46,54
77151,networknt_json-schema-validator,V4JsonSchemaTest.testMaximumValidator,5,non-flaky,5,0.9512,5,0.9507,True,True,False,False,46,54
77152,networknt_json-schema-validator,V4JsonSchemaTest.testMaxItemsValidator,5,non-flaky,5,0.9512,5,0.9505,True,True,False,False,48,56
77153,networknt_json-schema-validator,V4JsonSchemaTest.testMaxLengthValidator,5,non-flaky,5,0.9511,5,0.9506,True,True,False,False,48,56
77154,networknt_json-schema-validator,V4JsonSchemaTest.testMaxPropertiesValidator,5,non-flaky,5,0.9511,5,0.9507,True,True,False,False,50,58
77155,networknt_json-schema-validator,V4JsonSchemaTest.testMinimumValidator,5,non-flaky,5,0.9511,5,0.9508,True,True,False,False,46,54
77156,networknt_json-schema-validator,V4JsonSchemaTest.testMinItemsValidator,5,non-flaky,5,0.9511,5,0.9507,True,True,False,False,48,56
77157,networknt_json-schema-validator,V4JsonSchemaTest.testMinLengthValidator,5,non-flaky,5,0.9511,5,0.9507,True,True,False,False,48,56
77158,networknt_json-schema-validator,V4JsonSchemaTest.testMinPropertiesValidator,5,non-flaky,5,0.9511,5,0.951,True,True,False,False,50,58
77159,networknt_json-schema-validator,V4JsonSchemaTest.testMultipleOfValidator,5,non-flaky,5,0.9509,5,0.9505,True,True,False,False,48,56
77160,networknt_json-schema-validator,V4JsonSchemaTest.testNotValidator,5,non-flaky,5,0.9508,5,0.9504,True,True,False,False,46,54
77161,networknt_json-schema-validator,V4JsonSchemaTest.testOneOfValidator,5,non-flaky,5,0.9505,5,0.9503,True,True,False,False,48,56
77162,networknt_json-schema-validator,V4JsonSchemaTest.testPatternValidator,5,non-flaky,5,0.951,5,0.9507,True,True,False,False,46,54
77163,networknt_json-schema-validator,V4JsonSchemaTest.testPatternPropertiesValidator,5,non-flaky,5,0.951,5,0.9509,True,True,False,False,50,58
77164,networknt_json-schema-validator,V4JsonSchemaTest.testPropertiesValidator,5,non-flaky,5,0.9512,5,0.951,True,True,False,False,47,55
77165,networknt_json-schema-validator,V4JsonSchemaTest.testRefValidator,5,non-flaky,5,0.9507,5,0.9507,True,True,False,False,46,54
77166,networknt_json-schema-validator,V4JsonSchemaTest.testRefRemoteValidator,5,non-flaky,5,0.9506,5,0.9504,True,True,False,False,48,56
77167,networknt_json-schema-validator,V4JsonSchemaTest.testRefIdReference,5,non-flaky,5,0.9508,5,0.9506,True,True,False,False,47,55
77168,networknt_json-schema-validator,V4JsonSchemaTest.testRelativeRefRemoteValidator,5,non-flaky,5,0.9507,5,0.9501,True,True,False,False,51,59
77169,networknt_json-schema-validator,V4JsonSchemaTest.testRequiredValidator,5,non-flaky,5,0.9509,5,0.9506,True,True,False,False,46,54
77170,networknt_json-schema-validator,V4JsonSchemaTest.testTypeValidator,5,non-flaky,5,0.9509,5,0.9507,True,True,False,False,46,54
77171,networknt_json-schema-validator,V4JsonSchemaTest.testUnionTypeValidator,5,non-flaky,5,0.9508,5,0.9506,True,True,False,False,49,57
77172,networknt_json-schema-validator,V4JsonSchemaTest.testUniqueItemsValidator,5,non-flaky,5,0.9512,5,0.9508,True,True,False,False,48,56
77173,networknt_json-schema-validator,V4JsonSchemaTest.testEnumObject,5,non-flaky,5,0.9509,5,0.9512,True,True,False,False,47,55
77174,networknt_json-schema-validator,V4JsonSchemaTest.testIdSchemaWithUrl,5,non-flaky,5,0.9511,5,0.9511,True,True,False,False,48,56
77175,networknt_json-schema-validator,V4JsonSchemaTest.testSchemaFromClasspath,5,non-flaky,5,0.9504,5,0.9505,True,True,False,False,52,60
77176,networknt_json-schema-validator,V4JsonSchemaTest.testUUIDValidator,5,non-flaky,5,0.9508,5,0.9509,True,True,False,False,48,56
77177,networknt_json-schema-validator,V4JsonSchemaTest.testFailFast_AllErrors,5,non-flaky,5,0.9522,5,0.9493,True,True,False,True,177,209
77178,networknt_json-schema-validator,V4JsonSchemaTest.testFailFast_OneErrors,5,non-flaky,5,0.9522,5,0.9491,True,True,False,True,177,209
77179,networknt_json-schema-validator,V4JsonSchemaTest.testFailFast_TwoErrors,5,non-flaky,5,0.9522,5,0.9492,True,True,False,True,177,209
77180,networknt_json-schema-validator,V4JsonSchemaTest.testFailFast_NoErrors,5,non-flaky,5,0.9523,5,0.949,True,True,False,True,157,185
77181,networknt_json-schema-validator,Issue451Test.cleanup,5,non-flaky,5,0.9507,5,0.9521,True,True,False,False,33,41
77182,networknt_json-schema-validator,Issue451Test.shouldWalkAnyOfProperties,5,non-flaky,5,0.9505,5,0.9516,True,True,False,False,41,49
77183,networknt_json-schema-validator,Issue451Test.shouldWalkAnyOfPropertiesWithWithPayloadAndValidation,5,non-flaky,5,0.9521,5,0.9521,True,True,False,True,107,125
77184,networknt_json-schema-validator,Issue451Test.shouldWalkAnyOfPropertiesWithWithPayload,5,non-flaky,5,0.952,5,0.9523,True,True,False,True,104,120
77185,networknt_json-schema-validator,Issue456Test.shouldWorkT2,5,non-flaky,5,0.9527,5,0.9445,True,True,False,True,250,283
77186,networknt_json-schema-validator,Issue456Test.shouldWorkT3,5,non-flaky,5,0.9526,5,0.9473,True,True,False,True,225,254
77187,networknt_json-schema-validator,JsonWalkTest.setup,5,non-flaky,5,0.95,5,0.952,True,True,False,False,35,43
77188,networknt_json-schema-validator,JsonWalkTest.cleanup,5,non-flaky,5,0.9504,5,0.9508,True,True,False,False,38,46
77189,networknt_json-schema-validator,JsonWalkTest.testWalk,5,non-flaky,5,0.9519,5,0.9494,True,True,False,True,485,512
77190,networknt_json-schema-validator,JsonWalkTest.testWalkWithDifferentListeners,5,non-flaky,5,0.9517,5,0.9492,True,True,False,True,512,512
77191,networknt_json-schema-validator,Issue313Test.shouldFailV201909,5,non-flaky,5,0.9526,5,0.9477,True,True,False,True,225,254
77192,networknt_json-schema-validator,Issue313Test.shouldFailV7,5,non-flaky,5,0.9524,5,0.9488,True,True,False,True,222,251
77193,networknt_json-schema-validator,Issue428Test.testNullableOneOf,5,non-flaky,5,0.9514,5,0.951,True,True,False,False,47,55
77194,networknt_json-schema-validator,MaximumValidatorTest.positiveNumber,5,non-flaky,5,0.9531,5,0.9488,True,True,False,True,163,201
77195,networknt_json-schema-validator,MaximumValidatorTest.negativeNumber,5,non-flaky,5,0.9531,5,0.9452,True,True,False,True,414,490
77196,networknt_json-schema-validator,MaximumValidatorTest.positiveInteger,5,non-flaky,5,0.9532,5,0.9448,True,True,False,True,312,376
77197,networknt_json-schema-validator,MaximumValidatorTest.negativeInteger,5,non-flaky,5,0.9527,5,0.9453,True,True,False,True,408,469
77198,networknt_json-schema-validator,MaximumValidatorTest.positiveExclusiveInteger,5,non-flaky,5,0.9527,5,0.9444,True,True,False,True,334,399
77199,networknt_json-schema-validator,MaximumValidatorTest.negativeExclusiveInteger,5,non-flaky,5,0.9531,5,0.9452,True,True,False,True,299,360
77200,networknt_json-schema-validator,MaximumValidatorTest.negativeDoubleOverflowTest,5,non-flaky,5,0.9518,5,0.944,True,True,False,True,512,512
77201,networknt_json-schema-validator,MaximumValidatorTest.doubleValueCoarsing,5,non-flaky,5,0.952,5,0.9484,True,True,False,True,512,512
77202,networknt_json-schema-validator,MaximumValidatorTest.doubleValueCoarsingExceedRange,5,non-flaky,5,0.9519,5,0.9473,True,True,False,True,512,512
77203,networknt_json-schema-validator,MinimumValidatorTest.setUp,5,non-flaky,5,0.9519,5,0.9509,True,True,False,False,222,255
77204,networknt_json-schema-validator,MinimumValidatorTest.positiveNumber,5,non-flaky,5,0.9529,5,0.95,True,True,False,True,142,171
77205,networknt_json-schema-validator,MinimumValidatorTest.negativeNumber,5,non-flaky,5,0.953,5,0.9442,True,True,False,True,397,461
88771,apache_ignite,SharedRDDExampleSelfTest.testSharedRDDExample,5,non-flaky,5,0.9509,5,0.9511,True,True,False,False,50,58
88772,apache_ignite,JavaIgniteDataFrameSelfTest.testCatalogExample,5,non-flaky,5,0.9499,5,0.9507,True,True,False,False,48,56
88773,apache_ignite,JavaIgniteDataFrameSelfTest.testDataFrameExample,5,non-flaky,5,0.9503,5,0.951,True,True,False,False,50,58
88774,apache_ignite,JavaIgniteDataFrameSelfTest.testDataFrameWriteExample,5,non-flaky,5,0.9497,5,0.9502,True,True,False,False,52,60
88775,apache_ignite,IgniteDataFrameSelfTest.testCatalogExample,5,non-flaky,5,0.9501,5,0.9508,True,True,False,False,47,55
88776,apache_ignite,IgniteDataFrameSelfTest.testDataFrameExample,5,non-flaky,5,0.9506,5,0.9509,True,True,False,False,49,57
88777,apache_ignite,IgniteDataFrameSelfTest.testDataFrameWriteExample,5,non-flaky,5,0.95,5,0.9505,True,True,False,False,51,59
88778,apache_ignite,IgniteOsgiServiceTest.testServiceExposedAndCallbacksInvoked,5,non-flaky,5,0.9518,5,0.9415,True,True,False,True,312,393
88779,apache_ignite,IgniteKarafFeaturesInstallationTest.testAllBundlesActiveAndFeaturesInstalled,5,non-flaky,5,0.9509,5,0.9392,True,True,False,True,512,512
88780,apache_ignite,LongRunningProcessManagerTest.testStart,5,non-flaky,5,0.9519,5,0.9385,True,True,False,True,450,512
88781,apache_ignite,LongRunningProcessManagerTest.testPing,5,non-flaky,5,0.9519,5,0.9401,True,True,False,True,508,512
88782,apache_ignite,LongRunningProcessManagerTest.testStop,5,non-flaky,5,0.952,5,0.9435,True,True,False,True,510,512
88783,apache_ignite,LongRunningProcessManagerTest.testClear,5,non-flaky,5,0.952,5,0.9427,True,True,False,True,508,512
88784,apache_ignite,LongRunningProcessClearTaskTest.testCallProcessNotFound,5,non-flaky,5,0.9521,5,0.9466,True,True,False,True,177,227
88785,apache_ignite,LongRunningProcessClearTaskTest.testCallProcessIsRunning,5,non-flaky,5,0.9516,5,0.9492,True,True,False,True,148,188
88786,apache_ignite,LongRunningProcessClearTaskTest.testCallProcessIsDone,5,non-flaky,5,0.9518,5,0.9399,True,True,False,True,249,324
88787,apache_ignite,LongRunningProcessClearTaskTest.testCallProcessIsDoneWithException,5,non-flaky,5,0.9514,5,0.9335,True,True,False,True,303,386
88788,apache_ignite,LongRunningProcessStopTaskTest.testCallProcessNotFound,5,non-flaky,5,0.9522,5,0.947,True,True,False,True,179,229
88789,apache_ignite,LongRunningProcessStopTaskTest.testCallProcessIsRunning,5,non-flaky,5,0.9514,5,0.9356,True,True,False,True,271,350
88790,apache_ignite,LongRunningProcessStopTaskTest.testCallProcessIsDone,5,non-flaky,5,0.9515,5,0.9391,True,True,False,True,271,350
88791,apache_ignite,LongRunningProcessStopTaskTest.testCallProcessIsDoneWithException,5,non-flaky,5,0.9509,5,0.9244,True,True,False,True,325,410
88792,apache_ignite,LongRunningProcessStartTaskTest.testCall,5,non-flaky,5,0.9515,5,0.9395,True,True,False,True,213,276
88793,apache_ignite,LongRunningProcessStartTaskTest.testCallWithException,5,non-flaky,5,0.9518,5,0.9485,True,True,False,True,229,292
88794,apache_ignite,LongRunningProcessPingTaskTest.testCallProcessNotFound,5,non-flaky,5,0.9521,5,0.9464,True,True,False,True,177,227
88795,apache_ignite,LongRunningProcessPingTaskTest.testCallProcessIsRunning,5,non-flaky,5,0.9517,5,0.9365,True,True,False,True,250,326
88796,apache_ignite,LongRunningProcessPingTaskTest.testCallProcessIsDone,5,non-flaky,5,0.9518,5,0.9385,True,True,False,True,249,325
88797,apache_ignite,LongRunningProcessPingTaskTest.testCallProcessIsDoneWithException,5,non-flaky,5,0.9514,5,0.9319,True,True,False,True,303,386
88798,apache_ignite,ProcessManagerWrapperTest.testStart,5,non-flaky,5,0.9515,5,0.9523,True,True,False,False,79,96
88799,apache_ignite,ProcessManagerWrapperTest.testPing,5,non-flaky,5,0.9516,5,0.9514,True,True,False,True,87,104
88800,apache_ignite,ProcessManagerWrapperTest.testStop,5,non-flaky,5,0.9519,5,0.9515,True,True,False,True,93,106
88801,apache_ignite,ProcessManagerWrapperTest.testClear,5,non-flaky,5,0.9517,5,0.9518,True,True,False,True,87,104
88802,apache_ignite,LoadTest.testMultithreading,5,non-flaky,5,0.9511,5,0.9507,True,True,False,False,512,512
88803,apache_ignite,ReliabilityTest.testFailover,5,non-flaky,5,0.9504,5,0.9501,True,True,False,False,512,512
88804,apache_ignite,IgniteBinaryTest.testUnmarshalSchemalessIgniteBinaries,5,non-flaky,5,0.952,5,0.9509,True,True,False,False,340,415
88805,apache_ignite,IgniteBinaryTest.testReadingSchemalessIgniteBinaries,5,non-flaky,5,0.9517,5,0.9507,True,True,False,False,385,464
88806,apache_ignite,IgniteBinaryTest.testBinaryObjectPutGet,5,non-flaky,5,0.9516,5,0.9509,True,True,False,False,474,512
88807,apache_ignite,IgniteBinaryTest.testBinaryObjectApi,5,non-flaky,5,0.9515,5,0.951,True,True,False,False,512,512
88808,apache_ignite,FunctionalTest.testCacheManagement,5,non-flaky,5,0.951,5,0.9505,True,True,False,False,512,512
88809,apache_ignite,FunctionalTest.testCacheConfiguration,5,non-flaky,5,0.9512,5,0.9509,True,True,False,False,512,512
88810,apache_ignite,FunctionalTest.testPutGet,5,non-flaky,5,0.9514,5,0.951,True,True,False,False,512,512
88811,apache_ignite,FunctionalTest.testBatchPutGet,5,non-flaky,5,0.9516,5,0.9509,True,True,False,False,512,512
88812,apache_ignite,FunctionalTest.testAtomicPutGet,5,non-flaky,5,0.9515,5,0.9429,True,True,False,True,393,478
88813,apache_ignite,FunctionalTest.testRemoveReplace,5,non-flaky,5,0.951,5,0.9506,True,True,False,False,512,512
88814,apache_ignite,FunctionalTest.testClientFailsOnStart,5,non-flaky,5,0.9517,5,0.9439,True,True,False,True,358,445
88815,apache_ignite,ClientCacheConfigurationTest.testSerialization,5,non-flaky,5,0.9518,5,0.9514,True,True,False,False,512,512
88816,apache_ignite,ClientConfigurationTest.testSerialization,5,non-flaky,5,0.952,5,0.9473,True,True,False,True,512,512
88817,apache_ignite,FullyConnectedComponentSearcherTest.testFind,5,non-flaky,5,0.9514,5,0.9462,True,True,False,True,232,302
88818,apache_ignite,IgnitePageMemReplaceDelayedWriteUnitTest.testReplacementWithDelayCausesLockForRead,5,non-flaky,5,0.9504,5,0.9142,True,True,False,True,512,512
88819,apache_ignite,IgnitePageMemReplaceDelayedWriteUnitTest.testBackwardCompatibilityMode,5,non-flaky,5,0.9506,5,0.9244,True,True,False,True,512,512
88820,apache_ignite,IgniteThrottlingUnitTest.breakInCaseTooFast,5,non-flaky,5,0.9503,5,0.941,True,True,False,True,183,230
88821,apache_ignite,IgniteThrottlingUnitTest.noBreakIfNotFastWrite,5,non-flaky,5,0.9503,5,0.9411,True,True,False,True,184,231
88822,apache_ignite,IgniteThrottlingUnitTest.averageCalculation,5,non-flaky,5,0.9482,5,0.9327,True,True,False,True,180,237
88823,apache_ignite,IgniteThrottlingUnitTest.speedCalculation,5,non-flaky,5,0.948,5,0.9123,True,True,False,True,203,261
88824,apache_ignite,IgniteThrottlingUnitTest.speedWithDelayCalculation,5,non-flaky,5,0.9475,5,0.8649,True,True,False,True,320,411
88825,apache_ignite,IgniteThrottlingUnitTest.beginOfCp,5,non-flaky,5,0.9488,5,0.9115,True,True,False,True,340,428
88826,apache_ignite,IgniteThrottlingUnitTest.enforceThrottleAtTheEndOfCp,5,non-flaky,5,0.9492,5,0.9215,True,True,False,True,322,390
88827,apache_ignite,IgniteThrottlingUnitTest.tooMuchPagesMarkedDirty,5,non-flaky,5,0.9504,5,0.9368,True,True,False,True,226,287
88828,apache_ignite,IgniteThrottlingUnitTest.warningInCaseTooMuchThrottling,5,non-flaky,5,0.9502,5,0.9397,True,True,False,True,512,512
88829,apache_ignite,RobinHoodBackwardShiftHashMapTest.testShortSize,5,non-flaky,5,0.9525,5,0.9506,True,True,False,False,119,143
88830,apache_ignite,RobinHoodBackwardShiftHashMapTest.testSimplestPutGet,5,non-flaky,5,0.9512,5,0.9501,True,True,False,False,464,512
88831,apache_ignite,RobinHoodBackwardShiftHashMapTest.testSimplestOverflow,5,non-flaky,5,0.9518,5,0.9508,True,True,False,False,416,486
88832,apache_ignite,RobinHoodBackwardShiftHashMapTest.testPutRemoveOnSamePlaces,5,non-flaky,5,0.9508,5,0.9502,True,True,False,False,323,388
88833,apache_ignite,RobinHoodBackwardShiftHashMapTest.testCollisionOnRemove,5,non-flaky,5,0.9522,5,0.9441,True,True,False,True,363,420
88834,apache_ignite,RobinHoodBackwardShiftHashMapTest.testRandomOpsPutRemove,5,non-flaky,5,0.9501,5,0.9478,True,True,False,False,46,54
88835,apache_ignite,RobinHoodBackwardShiftHashMapTest.testPutAndCantGetOutdatedValue,5,non-flaky,5,0.9517,5,0.9507,True,True,False,False,300,361
88836,apache_ignite,RobinHoodBackwardShiftHashMapTest.testPutAndRefreshValue,5,non-flaky,5,0.9511,5,0.9502,True,True,False,False,331,410
88837,apache_ignite,RobinHoodBackwardShiftHashMapTest.testClearAtWithControlMap3,5,non-flaky,5,0.9521,5,0.9482,True,True,False,True,134,167
88838,apache_ignite,RobinHoodBackwardShiftHashMapTest.testClearAtWithControlMap7,5,non-flaky,5,0.9521,5,0.9467,True,True,False,True,134,167
88839,apache_ignite,RobinHoodBackwardShiftHashMapTest.testClearAllWithControlMap,5,non-flaky,5,0.9508,5,0.9505,True,True,False,True,69,87
88840,apache_ignite,FullPageIdTableTest.testRandomOperations,5,non-flaky,5,0.9499,5,0.9495,True,True,False,False,512,512
88841,apache_ignite,FullPageIdTableTest.putRemoveScenario,5,non-flaky,5,0.9498,5,0.9459,True,True,False,True,68,86
88842,apache_ignite,FullPageIdTableTest.putRemoveScenarioNewMap,5,non-flaky,5,0.949,5,0.9439,True,True,False,True,70,83
88843,apache_ignite,ObjectHistogramTest.testBuckets,5,non-flaky,5,0.9521,5,0.9525,True,True,False,False,113,125
88844,apache_ignite,ObjectHistogramTest.testAdd,5,non-flaky,5,0.9518,5,0.951,True,True,False,False,124,156
88845,apache_ignite,ObjectHistogramTest.testAddHist,5,non-flaky,5,0.9521,5,0.9523,True,True,False,True,99,112
88846,apache_ignite,ObjectHistogramTest.testDistributionFunction,5,non-flaky,5,0.9522,5,0.9485,True,True,False,True,245,306
88847,apache_ignite,ObjectHistogramTest.testOfSum,5,non-flaky,5,0.9514,5,0.9514,True,True,False,False,512,512
88848,apache_ignite,SimpleDatasetTest.basicTest,5,non-flaky,5,0.9513,5,0.9405,True,True,False,True,512,512
88849,apache_ignite,SimpleLabeledDatasetTest.basicTest,5,non-flaky,5,0.9513,5,0.9383,True,True,False,True,512,512
88850,apache_ignite,DatasetWrapperTest.testComputeWithCtx,5,non-flaky,5,0.9527,5,0.951,True,True,False,True,178,219
88851,apache_ignite,DatasetWrapperTest.testComputeWithCtx2,5,non-flaky,5,0.9527,5,0.9507,True,True,False,True,179,218
88852,apache_ignite,DatasetWrapperTest.testComputeWithCtx3,5,non-flaky,5,0.9524,5,0.9496,True,True,False,False,153,186
88853,apache_ignite,DatasetWrapperTest.testCompute,5,non-flaky,5,0.953,5,0.9515,True,True,False,True,166,205
88854,apache_ignite,DatasetWrapperTest.testCompute2,5,non-flaky,5,0.9531,5,0.9506,True,True,False,True,184,223
88855,apache_ignite,DatasetWrapperTest.testClose,5,non-flaky,5,0.9518,5,0.9512,True,True,False,False,57,74
88856,apache_ignite,LocalDatasetBuilderTest.testBuild,5,non-flaky,5,0.9512,5,0.9363,True,True,False,True,374,489
88857,apache_ignite,LocalDatasetBuilderTest.testBuildWithPredicate,5,non-flaky,5,0.9512,5,0.9396,True,True,False,True,354,456
88858,apache_ignite,IteratorWithConcurrentModificationCheckerTest.testNextWhenIteratorHasLessElementsThanExpected,5,non-flaky,5,0.953,5,0.9516,True,True,False,True,193,236
88859,apache_ignite,IteratorWithConcurrentModificationCheckerTest.testNextWhenIteratorHasMoreElementsThanExpected,5,non-flaky,5,0.9527,5,0.9515,True,True,False,True,170,209
88860,apache_ignite,IteratorWithConcurrentModificationCheckerTest.testHasNextWhenIteratorHasLessElementsThanExpected,5,non-flaky,5,0.953,5,0.9508,True,True,False,True,210,266
88861,apache_ignite,IteratorWithConcurrentModificationCheckerTest.testHasNextWhenIteratorHasMoreElementsThanExpected,5,non-flaky,5,0.9528,5,0.9511,True,True,False,True,182,231
88862,apache_ignite,DatasetAffinityFunctionWrapperTest.testReset,5,non-flaky,5,0.9517,5,0.9517,True,True,False,False,56,73
88863,apache_ignite,DatasetAffinityFunctionWrapperTest.testPartitions,5,non-flaky,5,0.9525,5,0.9505,True,True,False,True,99,129
88864,apache_ignite,DatasetAffinityFunctionWrapperTest.testPartition,5,non-flaky,5,0.9525,5,0.951,True,True,False,True,107,139
88865,apache_ignite,DatasetAffinityFunctionWrapperTest.testAssignPartitions,5,non-flaky,5,0.9525,5,0.9508,True,True,False,True,175,213
88866,apache_ignite,DatasetAffinityFunctionWrapperTest.testRemoveNode,5,non-flaky,5,0.9517,5,0.9511,True,True,False,True,86,109
88867,apache_ignite,PartitionDataStorageTest.testComputeDataIfAbsent,5,non-flaky,5,0.9509,5,0.9452,True,True,False,True,208,268
88868,apache_ignite,PipelineMdlTest.testPredict,5,non-flaky,5,0.9511,5,0.9519,True,True,False,True,89,106
88869,apache_ignite,PipelineTest.testTrainWithTheLinearlySeparableCase,5,non-flaky,5,0.9515,5,0.951,True,True,False,False,512,512
88870,apache_ignite,PipelineTest.testTrainWithMissedFinalStage,5,non-flaky,5,0.9514,5,0.9495,True,True,False,False,512,512
89274,apache_samza,TestSamzaRestService.testStartShouldStartTheMetricsReportersAndServer,5,non-flaky,5,0.9491,5,0.9421,True,True,False,True,190,228
89275,apache_samza,TestSamzaRestService.testStopShouldStopTheMetricsReportersAndStopTheServer,5,non-flaky,5,0.9492,5,0.9478,True,True,False,False,72,90
89276,apache_samza,TestYarnRestJobStatusProvider.testGetJobStatuses,5,non-flaky,5,0.9526,5,0.9469,True,True,False,True,357,430
89277,apache_samza,TestJobsResource.testGetJobs,5,non-flaky,5,0.9532,5,0.9488,True,True,False,True,414,507
89278,apache_samza,TestJobsResource.testPostJobs,5,non-flaky,5,0.9524,5,0.9512,True,True,False,True,76,101
89279,apache_samza,TestJobsResource.testPutJobs,5,non-flaky,5,0.9522,5,0.9512,True,True,False,True,75,100
89280,apache_samza,TestJobsResource.testGetJob,5,non-flaky,5,0.9531,5,0.9505,True,True,False,False,207,250
89281,apache_samza,TestJobsResource.testPostJob,5,non-flaky,5,0.9524,5,0.951,True,True,False,False,120,146
89282,apache_samza,TestJobsResource.testGetJobNameNotFound,5,non-flaky,5,0.953,5,0.9514,True,True,False,True,172,208
89283,apache_samza,TestJobsResource.testGetJobIdNotFound,5,non-flaky,5,0.9528,5,0.951,True,True,False,True,173,209
89284,apache_samza,TestJobsResource.testGetJobNameWithoutId,5,non-flaky,5,0.9515,5,0.9511,True,True,False,True,92,114
89285,apache_samza,TestJobsResource.testStartJob,5,non-flaky,5,0.9531,5,0.9506,True,True,False,False,232,279
89286,apache_samza,TestJobsResource.testStopJob,5,non-flaky,5,0.9533,5,0.9505,True,True,False,False,233,280
89287,apache_samza,TestJobsResource.testPutBadJobStatus,5,non-flaky,5,0.9529,5,0.9513,True,True,False,False,202,241
89288,apache_samza,TestJobsResource.testPutMissingStatus,5,non-flaky,5,0.9531,5,0.9508,True,True,False,False,187,226
89289,apache_samza,TestTasksResource.testGetTasks,5,non-flaky,5,0.9529,5,0.9477,True,True,False,True,376,442
89290,apache_samza,TestTasksResource.testGetTasksWithInvalidJobName,5,non-flaky,5,0.9523,5,0.9494,True,True,False,True,186,215
89291,apache_samza,TestTasksResource.testGetTasksWithInvalidJobId,5,non-flaky,5,0.9522,5,0.9492,True,True,False,True,186,215
89292,apache_samza,TestLocalStoreMonitor.shouldDeleteLocalTaskStoreWhenItHasNoOffsetFile,5,non-flaky,5,0.9517,5,0.9485,True,True,False,False,117,139
89293,apache_samza,TestLocalStoreMonitor.shouldDeleteLocalStoreWhenLastModifiedTimeOfOffsetFileIsGreaterThanOffsetTTL,5,non-flaky,5,0.9515,5,0.9473,True,True,False,True,123,148
89294,apache_samza,TestLocalStoreMonitor.shouldDeleteInActiveLocalStoresOfTheJob,5,non-flaky,5,0.9513,5,0.9454,True,True,False,True,241,266
89295,apache_samza,TestLocalStoreMonitor.shouldDoNothingWhenLastModifiedTimeOfOffsetFileIsLessThanOffsetTTL,5,non-flaky,5,0.9518,5,0.949,True,True,False,True,105,125
89296,apache_samza,TestLocalStoreMonitor.shouldDoNothingWhenTheJobIsRunning,5,non-flaky,5,0.9516,5,0.9488,True,True,False,False,130,156
89297,apache_samza,TestLocalStoreMonitor.shouldDeleteTaskStoreWhenTaskPreferredStoreIsNotLocalHost,5,non-flaky,5,0.9512,5,0.9462,True,True,False,True,194,224
89298,apache_samza,TestLocalStoreMonitor.shouldContinueLocalStoreCleanUpAfterFailureToCleanUpStoreOfAJob,5,non-flaky,5,0.9521,5,0.9458,True,True,False,True,480,512
89299,apache_samza,TestMonitorService.testMonitorsShouldBeInstantiatedProperly,5,non-flaky,5,0.9527,5,0.9495,True,True,False,True,298,375
89300,apache_samza,TestMonitorService.testShouldGroupRelevantMonitorConfigTogether,5,non-flaky,5,0.9495,5,0.9446,True,True,False,True,512,512
89301,apache_samza,TestMonitorService.testMonitorExceptionIsolation,5,non-flaky,5,0.952,5,0.9459,True,True,False,True,281,331
89302,apache_samza,TestMonitorService.createSchedulerAndScheduleMonitor,5,non-flaky,5,0.9519,5,0.9491,True,True,False,False,512,512
89303,apache_samza,TestMonitorService.testShouldFailWhenTheMonitorFactoryClassIsInvalid,5,non-flaky,5,0.9519,5,0.9511,True,True,False,True,294,331
89304,apache_samza,TestMonitorService.monitor,5,non-flaky,5,0.9511,5,0.9488,True,True,False,False,165,213
89305,apache_samza,TestKafkaSystemConsumerMetrics.testKafkaSystemConsumerMetrics,5,non-flaky,5,0.9523,5,0.9426,True,True,False,True,512,512
89306,apache_samza,TestKafkaSystemAdminWithMock.testGetSystemStreamMetaDataWithValidTopic,5,non-flaky,5,0.9519,5,0.9435,True,True,False,False,512,512
89307,apache_samza,TestKafkaSystemAdminWithMock.testGetSystemStreamMetaDataWithInvalidTopic,5,non-flaky,5,0.9474,5,0.9491,True,True,False,True,94,110
89308,apache_samza,TestKafkaSystemAdminWithMock.testGetSystemStreamMetaDataWithNoTopic,5,non-flaky,5,0.9446,5,0.9479,True,True,False,True,78,92
89309,apache_samza,TestKafkaSystemAdminWithMock.testGetSystemStreamMetaDataForTopicWithNoMessage,5,non-flaky,5,0.953,5,0.946,True,True,False,False,512,512
89310,apache_samza,TestKafkaSystemAdminWithMock.testGetSSPMetadata,5,non-flaky,5,0.9526,5,0.9493,True,True,False,True,403,432
89311,apache_samza,TestKafkaSystemAdminWithMock.testGetSSPMetadataEmptyPartition,5,non-flaky,5,0.9525,5,0.9483,True,True,False,True,388,432
89312,apache_samza,TestKafkaSystemAdminWithMock.testGetSSPMetadataEmptyUpcomingOffset,5,non-flaky,5,0.9494,5,0.9469,True,True,False,True,266,295
89313,apache_samza,TestKafkaSystemAdminWithMock.testGetSSPMetadataZeroUpcomingOffset,5,non-flaky,5,0.9502,5,0.9457,True,True,False,True,284,315
89314,apache_samza,TestKafkaSystemAdminWithMock.testGetSystemStreamMetaDataWithRetry,5,non-flaky,5,0.9523,5,0.9451,True,True,False,False,396,473
89315,apache_samza,TestKafkaSystemAdminWithMock.testGetSystemStreamMetadataShouldTerminateAfterFiniteRetriesOnException,5,non-flaky,5,0.9492,5,0.9495,True,True,False,False,162,197
89316,apache_samza,TestKafkaSystemAdminWithMock.testGetSystemStreamPartitionCountsShouldTerminateAfterFiniteRetriesOnException,5,non-flaky,5,0.9518,5,0.95,True,True,False,True,200,247
89317,apache_samza,TestKafkaSystemAdminWithMock.testGetSSPMetadataWithRetry,5,non-flaky,5,0.9523,5,0.9487,True,True,False,True,482,512
89318,apache_samza,TestKafkaSystemAdminWithMock.testGetSSPMetadataShouldTerminateAfterFiniteRetriesOnException,5,non-flaky,5,0.9521,5,0.9509,True,True,False,True,301,359
89319,apache_samza,TestKafkaSystemConsumer.testConfigValidations,5,non-flaky,5,0.951,5,0.9506,True,True,False,False,74,102
89320,apache_samza,TestKafkaSystemConsumer.testFetchThresholdShouldDivideEvenlyAmongPartitions,5,non-flaky,5,0.9515,5,0.9461,True,True,False,True,249,306
89321,apache_samza,TestKafkaSystemConsumer.testConsumerRegisterOlderOffsetOfTheSamzaSSP,5,non-flaky,5,0.9512,5,0.9479,True,True,False,True,352,413
89322,apache_samza,TestKafkaSystemConsumer.testFetchThresholdBytes,5,non-flaky,5,0.9502,5,0.9491,True,True,False,True,512,512
89323,apache_samza,TestKafkaSystemConsumer.testFetchThresholdBytesDiabled,5,non-flaky,5,0.9505,5,0.9473,True,True,False,True,512,512
89324,apache_samza,TestKafkaSystemConsumer.testStartConsumer,5,non-flaky,5,0.9523,5,0.9451,True,True,False,True,512,512
89325,apache_samza,TestKafkaSystemAdminJava.testCreateStreamShouldCoordinatorStreamWithCorrectTopicProperties,5,non-flaky,5,0.9528,5,0.9462,True,True,False,True,249,296
89326,apache_samza,TestKafkaSystemAdminJava.testGetOffsetsAfter,5,non-flaky,5,0.9523,5,0.95,True,True,False,True,190,228
89327,apache_samza,TestKafkaSystemAdminJava.testToKafkaSpecForCheckpointStreamShouldReturnTheCorrectStreamSpecByPreservingTheConfig,5,non-flaky,5,0.9524,5,0.937,True,True,False,True,438,512
89328,apache_samza,TestKafkaSystemAdminJava.testToKafkaSpec,5,non-flaky,5,0.9518,5,0.9461,True,True,False,True,512,512
89329,apache_samza,TestKafkaSystemAdminJava.testCreateCoordinatorStream,5,non-flaky,5,0.9464,5,0.9497,True,True,False,True,110,143
89330,apache_samza,TestKafkaSystemAdminJava.testCreateCoordinatorStreamWithSpecialCharsInTopicName,5,non-flaky,5,0.9518,5,0.9391,True,True,False,True,512,512
89331,apache_samza,TestKafkaSystemAdminJava.testCreateChangelogStreamHelp,5,non-flaky,5,0.9429,5,0.9457,True,True,False,False,39,49
89332,apache_samza,TestKafkaSystemAdminJava.testCreateChangelogStreamWithSpecialCharsInTopicName,5,non-flaky,5,0.9422,5,0.9447,True,True,False,False,56,70
89333,apache_samza,TestKafkaSystemAdminJava.testCreateStream,5,non-flaky,5,0.9509,5,0.9495,True,True,False,True,131,167
89334,apache_samza,TestKafkaSystemAdminJava.testValidateStreamDoesNotExist,5,non-flaky,5,0.9448,5,0.9511,True,True,False,True,74,98
89335,apache_samza,TestKafkaSystemAdminJava.testValidateStreamWrongPartitionCount,5,non-flaky,5,0.951,5,0.9512,True,True,False,True,144,177
89336,apache_samza,TestKafkaSystemAdminJava.testValidateStreamWrongName,5,non-flaky,5,0.9513,5,0.9514,True,True,False,True,142,175
89337,apache_samza,TestKafkaSystemAdminJava.testClearStream,5,non-flaky,5,0.9517,5,0.9479,True,True,False,True,311,393
89338,apache_samza,TestKafkaSystemAdminJava.testShouldAssembleMetadata,5,non-flaky,5,0.9526,5,0.9467,True,True,False,True,512,512
89339,apache_samza,TestKafkaSystemAdminJava.testStartpointSpecificOffsetVisitorShouldResolveToCorrectOffset,5,non-flaky,5,0.9498,5,0.9503,True,True,False,True,178,219
89340,apache_samza,TestKafkaSystemAdminJava.testStartpointTimestampVisitorShouldResolveToCorrectOffset,5,non-flaky,5,0.9528,5,0.9492,True,True,False,True,350,418
89341,apache_samza,TestKafkaSystemAdminJava.testStartpointTimestampVisitorShouldResolveToCorrectOffsetWhenTimestampDoesNotExist,5,non-flaky,5,0.9528,5,0.9478,True,True,False,True,370,448
89342,apache_samza,TestKafkaSystemAdminJava.testStartpointOldestVisitorShouldResolveToCorrectOffset,5,non-flaky,5,0.9521,5,0.9506,True,True,False,True,249,308
89343,apache_samza,TestKafkaSystemAdminJava.testStartpointUpcomingVisitorShouldResolveToCorrectOffset,5,non-flaky,5,0.952,5,0.9504,True,True,False,True,248,310
89344,apache_samza,TestKafkaStreamSpec.testUnsupportedConfigStrippedFromProperties,5,non-flaky,5,0.9535,5,0.9486,True,True,False,True,382,490
89345,apache_samza,TestKafkaStreamSpec.testInvalidPartitionCount,5,non-flaky,5,0.9465,5,0.9504,True,True,False,False,57,67
89346,apache_samza,TestKafkaSystemProducerJava.apply,5,non-flaky,5,0.9503,5,0.9458,True,True,False,False,224,270
89347,apache_samza,TestKafkaInputDescriptor.testISDConfigsWithOverrides,5,non-flaky,5,0.9525,5,0.9503,True,True,False,True,285,335
89348,apache_samza,TestKafkaInputDescriptor.testISDConfigsWithDefaults,5,non-flaky,5,0.9529,5,0.9502,True,True,False,True,239,287
89349,apache_samza,TestKafkaSystemDescriptor.testSDConfigsWithOverrides,5,non-flaky,5,0.9528,5,0.9499,True,True,False,True,512,512
89350,apache_samza,TestKafkaSystemDescriptor.testSDConfigsWithoutOverrides,5,non-flaky,5,0.9496,5,0.9507,True,True,False,True,136,159
89351,apache_samza,TestKafkaSystemFactoryJava.testGetIntermediateStreamProperties,5,non-flaky,5,0.952,5,0.9442,True,True,False,True,461,512
89352,apache_samza,TestKafkaCheckpointManagerFactory.testGetCheckpointTopicProperties,5,non-flaky,5,0.9527,5,0.9494,True,True,False,True,289,351
89353,apache_samza,TestKafkaCheckpointLogKeySerde.testBinaryCompatibility,5,non-flaky,5,0.9531,5,0.9499,True,True,False,True,261,306
89354,apache_samza,TestKafkaCheckpointLogKeySerde.testSerde,5,non-flaky,5,0.9521,5,0.9516,True,True,False,True,158,189
89355,apache_samza,TestKafkaCheckpointLogKeySerde.testCheckpointTypeV2,5,non-flaky,5,0.9521,5,0.9514,True,True,False,True,170,195
89356,apache_samza,TestKafkaCheckpointLogKeySerde.testForwardsCompatibility,5,non-flaky,5,0.9526,5,0.9503,True,True,False,True,198,232
89357,apache_samza,TestKafkaCheckpointManager.testCreateResourcesTopicCreationError,5,non-flaky,5,0.9476,5,0.9508,True,True,False,False,151,185
89358,apache_samza,TestKafkaCheckpointManager.testCreateResourcesTopicValidationError,5,non-flaky,5,0.9489,5,0.9513,True,True,False,False,142,176
89359,apache_samza,TestKafkaCheckpointManager.testReadFailsOnSerdeExceptions,5,non-flaky,5,0.9505,5,0.9503,True,True,False,True,329,380
89360,apache_samza,TestKafkaCheckpointManager.testReadSucceedsOnKeySerdeExceptionsWhenValidationIsDisabled,5,non-flaky,5,0.9506,5,0.9432,True,True,False,True,346,397
89361,apache_samza,TestKafkaCheckpointManager.testStart,5,non-flaky,5,0.9519,5,0.9459,True,True,False,True,295,369
89362,apache_samza,TestKafkaCheckpointManager.testRegister,5,non-flaky,5,0.9476,5,0.9497,True,True,False,False,95,117
89363,apache_samza,TestKafkaCheckpointManager.testStop,5,non-flaky,5,0.9498,5,0.9489,True,True,False,False,122,156
89364,apache_samza,TestKafkaCheckpointManager.testWriteCheckpointShouldRecreateSystemProducerOnFailure,5,non-flaky,5,0.9511,5,0.9473,True,True,False,True,512,512
89365,apache_samza,TestKafkaCheckpointManager.testCreateResources,5,non-flaky,5,0.949,5,0.948,True,True,False,False,144,183
89366,apache_samza,TestKafkaCheckpointManager.testCreateResourcesSkipValidation,5,non-flaky,5,0.9491,5,0.9473,True,True,False,False,150,189
89367,apache_samza,TestKafkaCheckpointManager.testReadEmpty,5,non-flaky,5,0.9486,5,0.9497,True,True,False,True,114,126
89368,apache_samza,TestKafkaCheckpointManager.testReadCheckpointV1,5,non-flaky,5,0.95,5,0.9457,True,True,False,True,219,255
89369,apache_samza,TestKafkaCheckpointManager.testReadIgnoreCheckpointV2WhenV1Enabled,5,non-flaky,5,0.951,5,0.9456,True,True,False,True,284,329
89370,apache_samza,TestKafkaCheckpointManager.testReadCheckpointV2,5,non-flaky,5,0.9505,5,0.9469,True,True,False,True,252,301
89371,apache_samza,TestKafkaCheckpointManager.testReadCheckpointPriority,5,non-flaky,5,0.9513,5,0.9464,True,True,False,True,297,347
89372,apache_samza,TestKafkaCheckpointManager.testReadMultipleCheckpointsMultipleSSP,5,non-flaky,5,0.9503,5,0.9457,True,True,False,True,512,512
89373,apache_samza,TestKafkaCheckpointManager.testReadMultipleCheckpointsUpgradeCheckpointVersion,5,non-flaky,5,0.9514,5,0.946,True,True,False,False,512,512
91412,strapdata_elassandra,PreBuiltXPackTransportClientTests.testPluginInstalled,5,non-flaky,5,0.9509,5,0.9503,True,True,False,True,122,144
91413,strapdata_elassandra,MonitoringWithWatcherRestIT.cleanExporters,5,non-flaky,5,0.9514,5,0.9491,True,True,False,True,221,257
91414,strapdata_elassandra,WatchBackwardsCompatibilityIT.waitForSecuritySetup,5,non-flaky,5,0.9498,5,0.949,True,True,False,True,512,512
91415,strapdata_elassandra,OpenLdapUserSearchSessionFactoryTests.init,5,non-flaky,5,0.9503,5,0.9488,True,True,False,True,289,338
91416,strapdata_elassandra,TribeRestTestCase.compare,5,non-flaky,5,0.9507,5,0.9502,True,True,False,False,109,117
91417,strapdata_elassandra,SessionFactoryLoadBalancingTests.init,5,non-flaky,5,0.9459,5,0.9492,True,True,False,False,71,82
91418,strapdata_elassandra,TokenAuthIntegTests.testExpiredTokensDeletedAfterExpiration,5,non-flaky,5,0.951,5,0.9491,True,True,False,True,512,512
91419,strapdata_elassandra,NativePrivilegeStoreTests.setup,5,non-flaky,5,0.9502,5,0.9475,True,True,False,True,512,512
91420,strapdata_elassandra,TransportHasPrivilegesActionTests.setup,5,non-flaky,5,0.9484,5,0.9455,True,True,False,False,512,512
91421,strapdata_elassandra,RemoteIndexAuditTrailStartingTests.transportSSLEnabled,5,non-flaky,5,0.9485,5,0.9509,True,True,False,False,58,69
91422,strapdata_elassandra,SSLTrustRestrictionsTests.nodeSettings,5,non-flaky,5,0.9507,5,0.9488,True,True,False,False,293,360
91423,strapdata_elassandra,LicensingTests.nodeSettings,5,non-flaky,5,0.9514,5,0.9512,True,True,False,False,179,202
91424,strapdata_elassandra,BasicDistributedJobsIT.testDedicatedMlNode,5,non-flaky,5,0.9509,5,0.9479,True,True,False,True,512,512
91425,strapdata_elassandra,MlDistributedFailureIT.testLoseDedicatedMasterNode,5,non-flaky,5,0.95,5,0.9462,True,True,False,False,512,512
91426,strapdata_elassandra,AutodetectProcessManagerTests.testCanCloseClosingJob,5,non-flaky,5,0.9504,5,0.9444,True,True,False,True,512,512
91427,strapdata_elassandra,MachineLearningLicensingTests.resetLicensing,5,non-flaky,5,0.9508,5,0.9505,True,True,False,False,78,102
91428,strapdata_elassandra,HistoryActionConditionTests.testActionConditionWithHardFailures,5,non-flaky,5,0.9511,5,0.9479,True,True,False,True,512,512
91429,strapdata_elassandra,HistoryTemplateEmailMappingsTests.setUp,5,non-flaky,5,0.9499,5,0.9504,True,True,False,False,71,86
91430,strapdata_elassandra,HttpInputIntegrationTests.testHttpInput,5,non-flaky,5,0.9488,5,0.9454,True,True,False,False,512,512
91431,strapdata_elassandra,BasicWatcherTests.testIndexWatch,5,non-flaky,5,0.9498,5,0.9484,True,True,False,False,512,512
91432,strapdata_elassandra,BasicWatcherTests.testModifyWatches,5,non-flaky,5,0.9495,5,0.9449,True,True,False,True,512,512
91433,strapdata_elassandra,WatchAckTests.indexTestDocument,5,non-flaky,5,0.9523,5,0.951,True,True,False,False,171,198
91434,strapdata_elassandra,TimeThrottleIntegrationTests.testTimeThrottle,5,non-flaky,5,0.9476,5,0.9445,True,True,False,False,481,512
91435,strapdata_elassandra,ActivateWatchTests.testDeactivateAndActivate,5,non-flaky,5,0.9487,5,0.9447,True,True,False,False,512,512
91436,strapdata_elassandra,PreBuiltTransportClientTests.testPluginInstalled,5,non-flaky,5,0.9518,5,0.9488,True,True,False,True,180,207
91437,strapdata_elassandra,PreBuiltTransportClientTests.testInstallPluginTwice,5,non-flaky,5,0.9518,5,0.9472,True,True,False,False,306,354
91438,strapdata_elassandra,PackagingTestCase.logTestNameBefore,5,non-flaky,5,0.9515,5,0.9517,True,True,False,False,54,65
91439,strapdata_elassandra,RpmPreservationTestCase.onlyCompatibleDistributions,5,non-flaky,5,0.9526,5,0.9529,True,True,False,False,81,96
91440,strapdata_elassandra,ArchiveTestCase.onlyCompatibleDistributions,5,non-flaky,5,0.9517,5,0.9527,True,True,False,False,62,73
91441,strapdata_elassandra,PackageTestCase.onlyCompatibleDistributions,5,non-flaky,5,0.9517,5,0.9527,True,True,False,False,62,73
91442,strapdata_elassandra,DebPreservationTestCase.onlyCompatibleDistributions,5,non-flaky,5,0.9519,5,0.9529,True,True,False,False,83,98
91443,strapdata_elassandra,WildflyIT.testTransportClient,5,non-flaky,5,0.9493,5,0.9494,True,True,False,True,512,512
91444,strapdata_elassandra,ESIntegTestCase.randomIndexTemplate,5,non-flaky,5,0.9516,5,0.949,True,True,False,True,512,512
91445,strapdata_elassandra,SuiteScopeClusterIT.testReproducible,5,non-flaky,5,0.9518,5,0.9454,True,True,False,False,266,314
91446,strapdata_elassandra,LoggingListenerTests.annotatedTestMethod,5,non-flaky,5,0.9505,5,0.952,True,True,False,False,56,61
91447,strapdata_elassandra,LoggingListenerTests.annotatedTestMethod2,5,non-flaky,5,0.9499,5,0.9518,True,True,False,False,51,56
91448,strapdata_elassandra,LoggingListenerTests.invalidMethod,5,non-flaky,5,0.9499,5,0.9515,True,True,False,False,44,49
91449,strapdata_elassandra,IndexShardIT.testStressMaybeFlushOrRollTranslogGeneration,5,non-flaky,5,0.9505,5,0.9459,True,True,False,True,512,512
91450,strapdata_elassandra,RecoveryDuringReplicationTests.testRecoveryAfterPrimaryPromotion,5,non-flaky,5,0.9502,5,0.9423,True,True,False,True,512,512
91451,strapdata_elassandra,RecoveryDuringReplicationTests.testResyncAfterPrimaryPromotion,5,non-flaky,5,0.951,5,0.9467,True,True,False,True,512,512
91452,strapdata_elassandra,RecoveryDuringReplicationTests.indexTranslogOperations,5,non-flaky,5,0.9505,5,0.9468,True,True,False,False,512,512
91453,strapdata_elassandra,RecoveryDuringReplicationTests.indexTranslogOperations,5,non-flaky,5,0.9505,5,0.9469,True,True,False,False,512,512
91454,strapdata_elassandra,InternalEngineMergeIT.testMergesHappening,5,non-flaky,5,0.9506,5,0.9478,True,True,False,True,512,512
91455,strapdata_elassandra,RecoveryWhileUnderLoadIT.testRecoverWhileUnderLoadAllocateReplicasTest,5,non-flaky,5,0.9484,5,0.9478,True,True,False,True,512,512
91456,strapdata_elassandra,RelocationIT.testSimpleRelocationNoIndexing,5,non-flaky,5,0.9487,5,0.9418,True,True,False,False,512,512
91457,strapdata_elassandra,RelocationIT.testRelocationWhileIndexingRandom,5,non-flaky,5,0.9506,5,0.9405,True,True,False,True,512,512
91458,strapdata_elassandra,RelocationIT.indexShardStateChanged,5,non-flaky,5,0.9504,5,0.9378,True,True,False,False,512,512
91459,strapdata_elassandra,RelocationIT.testIndexAndRelocateConcurrently,5,non-flaky,5,0.9508,5,0.9509,True,True,False,False,512,512
91460,strapdata_elassandra,SnapshotDisruptionIT.clusterChanged,5,non-flaky,5,0.95,5,0.9475,True,True,False,False,512,512
91461,strapdata_elassandra,DiscoveryDisruptionIT.testIsolatedUnicastNodes,5,non-flaky,5,0.9505,5,0.949,True,True,False,True,512,512
91462,strapdata_elassandra,NodeJoinControllerTests.setUp,5,non-flaky,5,0.9454,5,0.95,True,True,False,False,66,77
91463,strapdata_elassandra,ZenDiscoveryIT.testNoShardRelocationsOccurWhenElectedMasterNodeFails,5,non-flaky,5,0.9497,5,0.9489,True,True,False,True,512,512
91464,strapdata_elassandra,PublishClusterStateActionTests.setAsMaster,5,non-flaky,5,0.9516,5,0.9504,True,True,False,False,140,159
91465,strapdata_elassandra,MasterDisruptionIT.testFailWithMinimumMasterNodesConfigured,5,non-flaky,5,0.9502,5,0.9467,True,True,False,True,512,512
91466,strapdata_elassandra,MasterDisruptionIT.execute,5,non-flaky,5,0.9517,5,0.9477,True,True,False,False,512,512
91467,strapdata_elassandra,MasterDisruptionIT.testIsolateMasterAndVerifyClusterStateConsensus,5,non-flaky,5,0.9499,5,0.9405,True,True,False,False,512,512
91468,strapdata_elassandra,MasterDisruptionIT.testMappingTimeout,5,non-flaky,5,0.9499,5,0.9339,True,True,False,False,512,512
91469,strapdata_elassandra,ClusterDisruptionIT.testAckedIndexing,5,non-flaky,5,0.9507,5,0.9421,True,True,False,False,512,512
91470,strapdata_elassandra,MasterServiceTests.execute,5,non-flaky,5,0.9488,5,0.9342,True,True,False,False,512,512
91471,strapdata_elassandra,MasterServiceTests.execute,5,non-flaky,5,0.9492,5,0.9402,True,True,False,False,512,512
91472,strapdata_elassandra,ClusterApplierServiceTests.onSuccess,5,non-flaky,5,0.9493,5,0.9351,True,True,False,False,512,512
91473,strapdata_elassandra,ClusterApplierServiceTests.onSuccess,5,non-flaky,5,0.9493,5,0.9411,True,True,False,False,512,512
91474,strapdata_elassandra,ClusterServiceIT.execute,5,non-flaky,5,0.9493,5,0.9449,True,True,False,False,398,467
91475,strapdata_elassandra,SpecificMasterNodesIT.testSimpleOnlyMasterNodeElection,5,non-flaky,5,0.9464,5,0.9441,True,True,False,True,512,512
91476,strapdata_elassandra,MinimumMasterNodesIT.testSimpleMinimumMasterNodes,5,non-flaky,5,0.9487,5,0.9466,True,True,False,True,512,512
91477,strapdata_elassandra,PrimaryAllocationIT.testPrimaryReplicaResyncFailed,5,non-flaky,5,0.9501,5,0.9455,True,True,False,False,512,512
91478,strapdata_elassandra,PersistentTasksExecutorFullRestartIT.testFullClusterRestart,5,non-flaky,5,0.9503,5,0.9458,True,True,False,True,512,512
91479,strapdata_elassandra,SearchWhileCreatingIndexIT.testIndexCausesIndexCreation,5,non-flaky,5,0.9493,5,0.9518,True,True,False,False,59,70
91480,strapdata_elassandra,SharedClusterSnapshotRestoreIT.testReadonlyRepository,5,non-flaky,5,0.9501,5,0.9396,True,True,False,True,512,512
91481,strapdata_elassandra,SharedClusterSnapshotRestoreIT.testAbortedSnapshotDuringInitDoesNotStart,5,non-flaky,5,0.9502,5,0.9484,True,True,False,True,512,512
91482,strapdata_elassandra,QueueResizingEsThreadPoolExecutorTests.testAutoQueueSizingWithMax,5,non-flaky,5,0.95,5,0.9443,True,True,False,True,512,512
91483,strapdata_elassandra,IndexActionIT.testAutoGenerateIdNoDuplicates,5,non-flaky,5,0.9502,5,0.9391,True,True,False,True,512,512
91484,strapdata_elassandra,IndexingMasterFailoverIT.run,5,non-flaky,5,0.9504,5,0.9469,True,True,False,False,512,512
91485,strapdata_elassandra,IndicesShardStoreRequestIT.testEmpty,5,non-flaky,5,0.95,5,0.9512,True,True,False,True,132,150
91486,strapdata_elassandra,RemoteClusterConnectionTests.run,5,non-flaky,5,0.9502,5,0.9441,True,True,False,False,512,512
91487,strapdata_elassandra,IndexPrimaryRelocationIT.run,5,non-flaky,5,0.9504,5,0.9441,True,True,False,False,512,512
91488,strapdata_elassandra,IndexRecoveryIT.testRerouteRecovery,5,non-flaky,5,0.95,5,0.9338,True,True,False,False,512,512
91489,strapdata_elassandra,IndexRecoveryIT.sendRequest,5,non-flaky,5,0.9504,5,0.9446,True,True,False,False,512,512
91490,strapdata_elassandra,RareClusterStateIT.execute,5,non-flaky,5,0.9498,5,0.949,True,True,False,False,512,512
91491,strapdata_elassandra,UpdateByQueryBasicTests.testBasics,5,non-flaky,5,0.9501,5,0.9489,True,True,False,True,512,512
91492,strapdata_elassandra,ReindexFailureTests.testFailuresCauseAbortDefault,5,non-flaky,5,0.9505,5,0.9495,True,True,False,True,462,512
91493,strapdata_elassandra,CancelTests.clearAllowedOperations,5,non-flaky,5,0.9455,5,0.9504,True,True,False,False,72,83
96007,stanfordnlp_CoreNLP,SemgrexPatternITest.testNERStanfordDependencies,5,non-flaky,5,0.9524,5,0.9464,True,True,False,True,309,370
96008,stanfordnlp_CoreNLP,SemgrexPatternITest.testNERUniversalDependencies,5,non-flaky,5,0.9522,5,0.9462,True,True,False,True,308,369
96009,stanfordnlp_CoreNLP,SUTimeSimpleParserITest.testWorking,5,non-flaky,5,0.952,5,0.9474,True,True,False,False,289,340
96010,stanfordnlp_CoreNLP,HeidelTimeITest.runHeidelTimeEnglish,5,non-flaky,5,0.9518,5,0.9437,True,True,False,True,512,512
96011,stanfordnlp_CoreNLP,HeidelTimeITest.runHeidelTimeSpanish,5,non-flaky,5,0.9519,5,0.9436,True,True,False,True,512,512
96012,stanfordnlp_CoreNLP,DcorefExactOutputITest.testCoref,5,non-flaky,5,0.9421,5,0.9468,True,True,False,True,192,219
96013,stanfordnlp_CoreNLP,DcorefBenchmarkSlowITest.testDcoref,5,non-flaky,5,0.9498,5,0.9346,True,True,False,True,512,512
96014,stanfordnlp_CoreNLP,SentenceUtilsITest.testRebuildingMWTText,5,non-flaky,5,0.9518,5,0.9492,True,True,False,True,201,228
96015,stanfordnlp_CoreNLP,SentenceUtilsITest.testRebuildingText,5,non-flaky,5,0.9519,5,0.9497,True,True,False,True,169,203
96016,stanfordnlp_CoreNLP,TokenSequenceMatcherITest.testTokenSequenceMatcherValue,5,non-flaky,5,0.9532,5,0.9502,True,True,False,True,316,427
96017,stanfordnlp_CoreNLP,TokenSequenceMatcherITest.testTokenSequenceMatcherBeginEnd,5,non-flaky,5,0.9527,5,0.9483,True,True,False,True,460,512
96018,stanfordnlp_CoreNLP,TokenSequenceMatcherITest.testTokenSequenceMatcher1,5,non-flaky,5,0.952,5,0.9491,True,True,False,True,512,512
96019,stanfordnlp_CoreNLP,TokenSequenceMatcherITest.testTokenSequenceMatcher2,5,non-flaky,5,0.9523,5,0.9489,True,True,False,True,512,512
96020,stanfordnlp_CoreNLP,TokenSequenceMatcherITest.testTokenSequenceMatcher3,5,non-flaky,5,0.9525,5,0.9497,True,True,False,True,512,512
96021,stanfordnlp_CoreNLP,TokenSequenceMatcherITest.testTokenSequenceMatcherConj,5,non-flaky,5,0.9507,5,0.9509,True,True,False,False,512,512
96022,stanfordnlp_CoreNLP,TokenSequenceMatcherITest.testTokenSequenceMatcherConj2,5,non-flaky,5,0.9532,5,0.9517,True,True,False,False,353,453
96023,stanfordnlp_CoreNLP,TokenSequenceMatcherITest.testTokenSequenceMatcherConjAll,5,non-flaky,5,0.953,5,0.9518,True,True,False,False,512,512
96024,stanfordnlp_CoreNLP,TokenSequenceMatcherITest.testTokenSequenceMatcherAll,5,non-flaky,5,0.9526,5,0.9489,True,True,False,True,512,512
96025,stanfordnlp_CoreNLP,TokenSequenceMatcherITest.testTokenSequenceMatcherAll2,5,non-flaky,5,0.953,5,0.9517,True,True,False,False,512,512
96026,stanfordnlp_CoreNLP,TokenSequenceMatcherITest.testTokenSequenceMatcherNonOverlapping,5,non-flaky,5,0.9533,5,0.948,True,True,False,True,400,488
96027,stanfordnlp_CoreNLP,TokenSequenceMatcherITest.testTokenSequenceMatcher4,5,non-flaky,5,0.952,5,0.9485,True,True,False,True,512,512
96028,stanfordnlp_CoreNLP,TokenSequenceMatcherITest.testTokenSequenceMatcher5,5,non-flaky,5,0.9521,5,0.9488,True,True,False,True,512,512
96029,stanfordnlp_CoreNLP,TokenSequenceMatcherITest.testTokenSequenceMatcher6,5,non-flaky,5,0.9522,5,0.9496,True,True,False,True,512,512
96030,stanfordnlp_CoreNLP,TokenSequenceMatcherITest.testTokenSequenceMatcher7,5,non-flaky,5,0.9527,5,0.9498,True,True,False,True,512,512
96031,stanfordnlp_CoreNLP,TokenSequenceMatcherITest.testTokenSequenceMatcher8,5,non-flaky,5,0.9525,5,0.9497,True,True,False,True,444,512
96032,stanfordnlp_CoreNLP,TokenSequenceMatcherITest.testTokenSequenceMatcher9,5,non-flaky,5,0.9532,5,0.9499,True,True,False,True,512,512
96033,stanfordnlp_CoreNLP,TokenSequenceMatcherITest.testTokenSequenceMatcher10,5,non-flaky,5,0.953,5,0.9483,True,True,False,True,462,512
96034,stanfordnlp_CoreNLP,TokenSequenceMatcherITest.testTokenSequenceOptimizeOrString,5,non-flaky,5,0.9524,5,0.9522,True,True,False,True,512,512
96035,stanfordnlp_CoreNLP,TokenSequenceMatcherITest.testMultiplePatterns,5,non-flaky,5,0.951,5,0.9503,True,True,False,True,512,512
96036,stanfordnlp_CoreNLP,TokenSequenceMatcherITest.testTokenSequenceMatcherPosNNP,5,non-flaky,5,0.9523,5,0.9497,True,True,False,True,512,512
96037,stanfordnlp_CoreNLP,TokenSequenceMatcherITest.testTokenSequenceMatcherNumber,5,non-flaky,5,0.9519,5,0.9512,True,True,False,False,512,512
96038,stanfordnlp_CoreNLP,TokenSequenceMatcherITest.testTokenSequenceMatcherNested,5,non-flaky,5,0.9527,5,0.951,True,True,False,True,208,265
96039,stanfordnlp_CoreNLP,TokenSequenceMatcherITest.testTokenSequenceMatcherAAs,5,non-flaky,5,0.9524,5,0.948,True,True,False,True,275,332
96040,stanfordnlp_CoreNLP,TokenSequenceMatcherITest.testTokenSequenceFindsWildcard,5,non-flaky,5,0.9528,5,0.9481,True,True,False,True,431,512
96041,stanfordnlp_CoreNLP,TokenSequenceMatcherITest.testTokenSequenceMatchesWildcard,5,non-flaky,5,0.9528,5,0.9496,True,True,False,True,286,365
96042,stanfordnlp_CoreNLP,TokenSequenceMatcherITest.testTokenSequenceMatcherABs,5,non-flaky,5,0.9526,5,0.9491,True,True,False,True,512,512
96043,stanfordnlp_CoreNLP,TokenSequenceMatcherITest.testTokenSequenceMatcherMultiNodePattern,5,non-flaky,5,0.9531,5,0.9481,True,True,False,True,512,512
96044,stanfordnlp_CoreNLP,TokenSequenceMatcherITest.testTokenSequenceMatcherMultiNodePattern2,5,non-flaky,5,0.9531,5,0.9498,True,True,False,True,434,512
96045,stanfordnlp_CoreNLP,TokenSequenceMatcherITest.testTokenSequenceMatcherBackRef,5,non-flaky,5,0.9528,5,0.9502,True,True,False,True,261,334
96046,stanfordnlp_CoreNLP,TokenSequenceMatcherITest.testMultiPatternMatcher,5,non-flaky,5,0.9518,5,0.9515,True,True,False,True,315,370
96047,stanfordnlp_CoreNLP,TokenSequenceMatcherITest.testStringPatternMatchCaseInsensitive,5,non-flaky,5,0.9519,5,0.9502,True,True,False,True,288,360
96048,stanfordnlp_CoreNLP,TokenSequenceMatcherITest.testStringMatchCaseInsensitive,5,non-flaky,5,0.9522,5,0.9506,True,True,False,True,278,352
96049,stanfordnlp_CoreNLP,TokenSequenceMatcherITest.testCompile,5,non-flaky,5,0.9524,5,0.9511,True,True,False,True,149,184
96050,stanfordnlp_CoreNLP,TokenSequenceMatcherITest.testBindingCompile,5,non-flaky,5,0.9476,5,0.9511,True,True,False,True,101,124
96051,stanfordnlp_CoreNLP,TokenSequenceMatcherITest.testNoBindingCompile,5,non-flaky,5,0.9487,5,0.9522,True,True,False,False,101,115
96052,stanfordnlp_CoreNLP,TokenSequenceMatcherITest.testCaseInsensitive1,5,non-flaky,5,0.9507,5,0.9509,True,True,False,True,182,227
96053,stanfordnlp_CoreNLP,TokenSequenceMatcherITest.testCaseInsensitive2,5,non-flaky,5,0.951,5,0.9509,True,True,False,True,180,233
96054,stanfordnlp_CoreNLP,TSVSentenceIteratorITest.testOnlyGloss,5,non-flaky,5,0.9535,5,0.9528,True,True,False,False,268,315
96055,stanfordnlp_CoreNLP,TSVSentenceIteratorITest.testFullTokens,5,non-flaky,5,0.953,5,0.9474,True,True,False,False,512,512
96056,stanfordnlp_CoreNLP,TSVSentenceIteratorITest.testParseArray,5,non-flaky,5,0.953,5,0.9453,True,True,False,True,475,512
96057,stanfordnlp_CoreNLP,TSVSentenceIteratorITest.testParseTrees,5,non-flaky,5,0.9529,5,0.9435,True,True,False,False,512,512
96058,stanfordnlp_CoreNLP,MorphaAnnotatorITest.testMorphaAnnotator,5,non-flaky,5,0.9489,5,0.9516,True,True,False,True,70,90
96059,stanfordnlp_CoreNLP,MorphaAnnotatorITest.testSentencesAnnotation,5,non-flaky,5,0.9521,5,0.9493,True,True,False,True,154,206
96060,stanfordnlp_CoreNLP,CoNLLUOutputterITest.testInvalidOutputter,5,non-flaky,5,0.9516,5,0.947,True,True,False,True,188,225
96061,stanfordnlp_CoreNLP,CoNLLUOutputterITest.testSimpleSentence,5,non-flaky,5,0.9524,5,0.9467,True,True,False,True,512,512
96062,stanfordnlp_CoreNLP,ChineseSerializationITest.testChineseSerialization,5,non-flaky,5,0.9528,5,0.9508,True,True,False,True,512,512
96063,stanfordnlp_CoreNLP,TokensRegexNERAnnotatorITest.testTokensRegexSyntax,5,non-flaky,5,0.9534,5,0.9489,True,True,False,True,512,512
96064,stanfordnlp_CoreNLP,TokensRegexNERAnnotatorITest.testTokensRegexMatchGroup,5,non-flaky,5,0.9534,5,0.9506,True,True,False,True,229,292
96065,stanfordnlp_CoreNLP,TokensRegexNERAnnotatorITest.testTokensRegexNormalizedAnnotate,5,non-flaky,5,0.9537,5,0.9501,True,True,False,True,459,512
96066,stanfordnlp_CoreNLP,TokensRegexNERAnnotatorITest.testTokensRegexCustomAnnotate,5,non-flaky,5,0.9533,5,0.9499,True,True,False,True,342,415
96067,stanfordnlp_CoreNLP,TokensRegexNERAnnotatorITest.testBasicMatching,5,non-flaky,5,0.9532,5,0.9517,True,True,False,True,181,230
96068,stanfordnlp_CoreNLP,TokensRegexNERAnnotatorITest.testOverwrite,5,non-flaky,5,0.9527,5,0.9522,True,True,False,True,187,228
96069,stanfordnlp_CoreNLP,TokensRegexNERAnnotatorITest.testPriority,5,non-flaky,5,0.9519,5,0.9517,True,True,False,True,136,163
96070,stanfordnlp_CoreNLP,TokensRegexNERAnnotatorITest.testEmptyAnnotation,5,non-flaky,5,0.9522,5,0.9515,True,True,False,False,95,125
96071,stanfordnlp_CoreNLP,QuantifiableEntityNormalizingAnnotatorITest.testQuantifiableEntityNormalizingAnnotator,5,non-flaky,5,0.953,5,0.9463,True,True,False,True,411,500
96072,stanfordnlp_CoreNLP,RequirementsCorrectSlowITest.testDefaultPipeline,5,non-flaky,5,0.9488,5,0.9519,True,True,False,False,66,76
96073,stanfordnlp_CoreNLP,RequirementsCorrectSlowITest.testDepparsePipeline,5,non-flaky,5,0.9415,5,0.9476,True,True,False,False,56,66
96074,stanfordnlp_CoreNLP,RequirementsCorrectSlowITest.testQuotePipeline,5,non-flaky,5,0.9454,5,0.9502,True,True,False,False,61,71
96075,stanfordnlp_CoreNLP,RequirementsCorrectSlowITest.testTrueCasePipeline,5,non-flaky,5,0.9475,5,0.9506,True,True,False,False,58,67
96076,stanfordnlp_CoreNLP,RequirementsCorrectSlowITest.testOpenIEPipeline,5,non-flaky,5,0.9433,5,0.9483,True,True,False,False,61,71
96077,stanfordnlp_CoreNLP,RequirementsCorrectSlowITest.testMentionRegression,5,non-flaky,5,0.9461,5,0.9505,True,True,False,False,37,47
96078,stanfordnlp_CoreNLP,PipelineITest.testPipeline,5,non-flaky,5,0.952,5,0.948,True,True,False,True,512,512
96079,stanfordnlp_CoreNLP,PipelinePropertiesITest.buildFrenchPipeline,5,non-flaky,5,0.9532,5,0.9513,True,True,False,True,512,512
96080,stanfordnlp_CoreNLP,CoreQuoteSanityITest.testCoreQuote,5,non-flaky,5,0.9529,5,0.9513,True,True,False,True,304,355
96081,stanfordnlp_CoreNLP,CustomAnnotationSerializerITest.testSimple,5,non-flaky,5,0.9485,5,0.9509,True,True,False,True,62,80
96082,stanfordnlp_CoreNLP,CustomAnnotationSerializerITest.testCollapsedGraphs,5,non-flaky,5,0.9479,5,0.9514,True,True,False,True,69,86
96083,stanfordnlp_CoreNLP,CustomAnnotationSerializerITest.testTwoSentences,5,non-flaky,5,0.9479,5,0.9511,True,True,False,True,76,94
96084,stanfordnlp_CoreNLP,CustomAnnotationSerializerITest.testCopyWordGraphs,5,non-flaky,5,0.9476,5,0.9505,True,True,False,True,70,86
96085,stanfordnlp_CoreNLP,StanfordCoreNLPServerITest.testLive,5,non-flaky,5,0.9506,5,0.9501,True,True,False,True,78,96
96086,stanfordnlp_CoreNLP,StanfordCoreNLPServerITest.testReady,5,non-flaky,5,0.9506,5,0.9504,True,True,False,True,78,97
96087,stanfordnlp_CoreNLP,StanfordCoreNLPServerITest.testClient,5,non-flaky,5,0.9506,5,0.944,True,True,False,True,223,278
96088,stanfordnlp_CoreNLP,StanfordCoreNLPServerITest.testClientFailure,5,non-flaky,5,0.9499,5,0.9408,True,True,False,True,185,226
96089,stanfordnlp_CoreNLP,StanfordCoreNLPServerITest.testTregexJson,5,non-flaky,5,0.9529,5,0.9489,True,True,False,True,373,431
96090,stanfordnlp_CoreNLP,StanfordCoreNLPServerITest.testSemgrexJson,5,non-flaky,5,0.9529,5,0.948,True,True,False,True,408,463
96091,stanfordnlp_CoreNLP,StanfordCoreNLPServerITest.testSemgrexAnnotation,5,non-flaky,5,0.9529,5,0.9479,True,True,False,True,408,463
96092,stanfordnlp_CoreNLP,StanfordCoreNLPServerITest.testSemgrexFilter,5,non-flaky,5,0.9528,5,0.9475,True,True,False,True,350,405
96093,stanfordnlp_CoreNLP,MWTProtobufSerializationITest.testBasicExample,5,non-flaky,5,0.9528,5,0.9505,True,True,False,True,223,282
96094,stanfordnlp_CoreNLP,ProtobufAnnotationSerializerSlowITest.testMentions,5,non-flaky,5,0.9445,5,0.9495,True,True,False,False,46,56
96095,stanfordnlp_CoreNLP,ProtobufAnnotationSerializerSlowITest.testSentiment,5,non-flaky,5,0.9466,5,0.9507,True,True,False,False,41,51
96096,stanfordnlp_CoreNLP,ProtobufAnnotationSerializerSlowITest.testOpenie,5,non-flaky,5,0.9441,5,0.9493,True,True,False,False,49,59
96097,stanfordnlp_CoreNLP,ProtobufAnnotationSerializerSlowITest.testQuote,5,non-flaky,5,0.9505,5,0.9516,True,True,False,False,110,136
96098,stanfordnlp_CoreNLP,ProtobufAnnotationSerializerSlowITest.testGetPossibleAnnotators,5,non-flaky,5,0.9516,5,0.9527,True,True,False,False,54,68
96099,stanfordnlp_CoreNLP,ProtobufAnnotationSerializerSlowITest.testSave,5,non-flaky,5,0.9511,5,0.9522,True,True,False,True,93,116
96100,stanfordnlp_CoreNLP,ProtobufAnnotationSerializerSlowITest.testSaveLarge,5,non-flaky,5,0.9511,5,0.9522,True,True,False,True,92,115
96101,stanfordnlp_CoreNLP,ProtobufAnnotationSerializerSlowITest.testSaveSize,5,non-flaky,5,0.9526,5,0.9497,True,True,False,True,258,319
96102,stanfordnlp_CoreNLP,ProtobufAnnotationSerializerSlowITest.testCanWriteRead,5,non-flaky,5,0.9528,5,0.9484,True,True,False,True,263,338
96103,stanfordnlp_CoreNLP,ProtobufAnnotationSerializerSlowITest.testCanWriteReadCleanXML,5,non-flaky,5,0.9527,5,0.9469,True,True,False,True,309,401
96104,stanfordnlp_CoreNLP,ProtobufAnnotationSerializerSlowITest.testCanWriteReadWriteReadLargeFile,5,non-flaky,5,0.9526,5,0.9466,True,True,False,True,512,512
96105,stanfordnlp_CoreNLP,ProtobufAnnotationSerializerSlowITest.testSerializeLanguage,5,non-flaky,5,0.9465,5,0.9501,True,True,False,False,59,73
96106,stanfordnlp_CoreNLP,ProtobufAnnotationSerializerSlowITest.testRelation,5,non-flaky,5,0.944,5,0.9484,True,True,False,False,45,55
98337,Kong_unirest-java,MockClientInterceptorIssueTest.setup,5,non-flaky,5,0.9493,5,0.9486,True,True,False,False,68,80
98338,Kong_unirest-java,ExpectedResponseTest.writeValue,5,non-flaky,5,0.9513,5,0.9507,True,True,False,False,51,59
98339,Kong_unirest-java,AssertTest.expectAnyPath,5,non-flaky,5,0.9518,5,0.9504,True,True,False,False,97,127
98340,Kong_unirest-java,ApacheBehaviorTest.setTimeoutsAndCustomClient,5,non-flaky,5,0.9491,5,0.9351,True,True,False,False,422,512
98341,Kong_unirest-java,ApacheInterceptorTest.process,5,non-flaky,5,0.9509,5,0.9496,True,True,False,False,87,95
98342,Kong_unirest-java,ApacheClientTest.setUp,5,non-flaky,5,0.9502,5,0.9498,True,True,False,False,37,45
98343,Kong_unirest-java,ApacheClientTest.tearDown,5,non-flaky,5,0.9508,5,0.9504,True,True,False,False,52,64
98344,Kong_unirest-java,CacheManagerTest.getClient,5,non-flaky,5,0.9511,5,0.9511,True,True,False,False,46,54
98345,Kong_unirest-java,UriFormatterTest.testMangler_encoding,5,non-flaky,5,0.9493,5,0.9501,True,True,False,False,50,58
98346,Kong_unirest-java,UriFormatterTest.testMangler_fragment,5,non-flaky,5,0.948,5,0.9492,True,True,False,False,55,63
98347,Kong_unirest-java,UriFormatterTest.basicBoringUri,5,non-flaky,5,0.9504,5,0.9511,True,True,False,False,49,57
98348,Kong_unirest-java,UriFormatterTest.semicolonsAsParam,5,non-flaky,5,0.9512,5,0.9527,True,True,False,False,53,61
98349,Kong_unirest-java,UriFormatterTest.utf8Chars,5,non-flaky,5,0.9517,5,0.9522,True,True,False,False,70,78
98350,Kong_unirest-java,ClientFactoryTest.before,5,non-flaky,5,0.9502,5,0.9507,True,True,False,False,39,47
98351,Kong_unirest-java,JSONArrayTest.toString,5,non-flaky,5,0.9514,5,0.9507,True,True,False,False,47,55
98352,Kong_unirest-java,JsonObjectMapperTest.getDate,5,non-flaky,5,0.9513,5,0.9511,True,True,False,False,46,54
98353,Kong_unirest-java,ConsumerTest.tearDown,5,non-flaky,5,0.9514,5,0.9472,True,True,False,False,120,152
98354,Kong_unirest-java,AsObjectTest.writeValue,5,non-flaky,5,0.9513,5,0.9508,True,True,False,False,76,88
98355,Kong_unirest-java,ShutDownHooksTest.setUp,5,non-flaky,5,0.9503,5,0.9506,True,True,False,False,54,66
98356,Kong_unirest-java,AsGenericTypeTest.getSomeTees,5,non-flaky,5,0.9515,5,0.9518,True,True,False,True,50,58
98357,Kong_unirest-java,CallbackFutureTest.completed,5,non-flaky,5,0.9503,5,0.9471,True,True,False,False,112,120
98358,Kong_unirest-java,CallbackFutureTest.completed,5,non-flaky,5,0.9507,5,0.9493,True,True,False,False,100,108
98359,Kong_unirest-java,DownloadProgressTest.setUp,5,non-flaky,5,0.9501,5,0.9504,True,True,False,False,53,65
98360,Kong_unirest-java,PostRequestHandlersTest.tearDown,5,non-flaky,5,0.9511,5,0.9514,True,True,False,False,50,62
98361,Kong_unirest-java,PostRequestHandlersTest.accept,5,non-flaky,5,0.9503,5,0.9511,True,True,False,False,57,70
98362,Kong_unirest-java,AsFileTest.tearDown,5,non-flaky,5,0.9519,5,0.951,True,True,False,False,70,86
98363,Kong_unirest-java,CachingAlternativeTest.invalidate,5,non-flaky,5,0.9516,5,0.9511,True,True,False,False,69,81
98364,Kong_unirest-java,ProxyTest.tearDown,5,non-flaky,5,0.9511,5,0.9502,True,True,False,False,70,86
98365,Kong_unirest-java,InterceptorTest.setUp,5,non-flaky,5,0.9499,5,0.9499,True,True,False,False,60,72
98366,Kong_unirest-java,InterceptorTest.onRequest,5,non-flaky,5,0.9507,5,0.9465,True,True,False,False,151,167
98367,Kong_unirest-java,CustomObjectMapperTest.setUp,5,non-flaky,5,0.9504,5,0.9517,True,True,False,False,63,75
98368,Kong_unirest-java,UploadProgressTest.setUp,5,non-flaky,5,0.9502,5,0.9507,True,True,False,False,55,67
99702,apache_cassandra,DistributionSequenceTest.simpleSequence,5,non-flaky,5,0.9519,5,0.9493,True,True,False,True,349,451
99703,apache_cassandra,DistributionSequenceTest.negValueSequence,5,non-flaky,5,0.9521,5,0.9485,True,True,False,True,375,489
99704,apache_cassandra,DistributionSequenceTest.bigSequence,5,non-flaky,5,0.9526,5,0.9511,True,True,False,True,182,234
99705,apache_cassandra,DistributionSequenceTest.setSeed,5,non-flaky,5,0.951,5,0.9484,True,True,False,True,512,512
99706,apache_cassandra,DistributionGaussianTest.simpleGaussian,5,non-flaky,5,0.9516,5,0.9513,True,True,False,False,477,512
99707,apache_cassandra,DistributionGaussianTest.negValueGaussian,5,non-flaky,5,0.9528,5,0.9512,True,True,False,True,185,232
99708,apache_cassandra,MultiResultLoggerTest.delegatesToInitialPrintStream,5,non-flaky,5,0.9519,5,0.9494,True,True,False,True,137,174
99709,apache_cassandra,MultiResultLoggerTest.printingExceptions,5,non-flaky,5,0.9525,5,0.949,True,True,False,True,259,304
99710,apache_cassandra,MultiResultLoggerTest.delegatesToAdditionalPrintStreams,5,non-flaky,5,0.9521,5,0.9482,True,True,False,True,162,200
99711,apache_cassandra,MultiResultLoggerTest.delegatesPrintfToAdditionalPrintStreams,5,non-flaky,5,0.9524,5,0.9487,True,True,False,True,174,212
99712,apache_cassandra,MultiResultLoggerTest.delegatesPrintlnToAdditionalPrintStreams,5,non-flaky,5,0.9521,5,0.9483,True,True,False,True,157,195
99713,apache_cassandra,SettingsNodeTest.testDefaults,5,non-flaky,5,0.9519,5,0.9523,True,True,False,True,74,88
99714,apache_cassandra,SettingsNodeTest.testOveridingDataCenter,5,non-flaky,5,0.952,5,0.9513,True,True,False,True,112,137
99715,apache_cassandra,SettingsMiscTest.versionTriggersSpecialOption,5,non-flaky,5,0.951,5,0.9522,True,True,False,False,66,78
99716,apache_cassandra,SettingsMiscTest.noSpecialOptions,5,non-flaky,5,0.9509,5,0.9521,True,True,False,False,56,68
99717,apache_cassandra,SettingsMiscTest.parsesVersionMatch,5,non-flaky,5,0.9519,5,0.9521,True,True,False,True,82,96
99718,apache_cassandra,SettingsMiscTest.parsesVersionNoMatch,5,non-flaky,5,0.9521,5,0.9522,True,True,False,True,81,97
99719,apache_cassandra,OptionReplicationTest.defaultsToReplicationFactorOfOne,5,non-flaky,5,0.9521,5,0.9523,True,True,False,True,83,101
99720,apache_cassandra,StressSettingsTest.isSerializable,5,non-flaky,5,0.9521,5,0.9517,True,True,False,True,134,164
99721,apache_cassandra,FQLReplayTest.testOrderedReplay,5,non-flaky,5,0.9506,5,0.9433,True,True,False,True,319,387
99722,apache_cassandra,FQLReplayTest.testQueryIterator,5,non-flaky,5,0.9506,5,0.9439,True,True,False,True,317,382
99723,apache_cassandra,FQLReplayTest.testMergingIterator,5,non-flaky,5,0.9506,5,0.9509,True,True,False,False,512,512
99724,apache_cassandra,FQLReplayTest.testFQLQueryReader,5,non-flaky,5,0.9515,5,0.947,True,True,False,True,463,512
99725,apache_cassandra,FQLReplayTest.testStoringResults,5,non-flaky,5,0.9513,5,0.9487,True,True,False,True,512,512
99726,apache_cassandra,FQLReplayTest.testCompareColumnDefinitions,5,non-flaky,5,0.9522,5,0.9486,True,True,False,True,304,359
99727,apache_cassandra,FQLReplayTest.testCompareEqualRows,5,non-flaky,5,0.9525,5,0.9517,True,True,False,False,324,393
99728,apache_cassandra,FQLReplayTest.testCompareRowsDifferentCount,5,non-flaky,5,0.9525,5,0.9517,True,True,False,False,417,496
99729,apache_cassandra,FQLReplayTest.testCompareRowsDifferentContent,5,non-flaky,5,0.9525,5,0.952,True,True,False,False,342,401
99730,apache_cassandra,FQLReplayTest.testCompareRowsDifferentColumnCount,5,non-flaky,5,0.9526,5,0.9519,True,True,False,False,343,402
99731,apache_cassandra,FQLReplayTest.testResultHandler,5,non-flaky,5,0.9521,5,0.9489,True,True,False,True,512,512
99732,apache_cassandra,FQLReplayTest.testResultHandlerWithDifference,5,non-flaky,5,0.9523,5,0.9466,True,True,False,True,512,512
99733,apache_cassandra,FQLReplayTest.testResultHandlerMultipleResultSets,5,non-flaky,5,0.9516,5,0.944,True,True,False,True,512,512
99734,apache_cassandra,FQLReplayTest.testResultHandlerFailedQuery,5,non-flaky,5,0.9516,5,0.9456,True,True,False,True,512,512
99735,apache_cassandra,FQLReplayTest.testCompare,5,non-flaky,5,0.9531,5,0.9498,True,True,False,True,512,512
99736,apache_cassandra,FQLReplayTest.testFQLQuerySingleToStatement,5,non-flaky,5,0.951,5,0.9446,True,True,False,True,512,512
99737,apache_cassandra,FQLReplayTest.testFQLQueryBatchToStatement,5,non-flaky,5,0.9515,5,0.9508,True,True,False,False,512,512
99738,apache_cassandra,FQLReplayTest.testParser,5,non-flaky,5,0.952,5,0.9419,True,True,False,True,467,512
99739,apache_cassandra,FQLReplayTest.testNoPass,5,non-flaky,5,0.9514,5,0.9523,True,True,False,False,58,70
99740,apache_cassandra,FQLReplayTest.testBadPort,5,non-flaky,5,0.9518,5,0.9525,True,True,False,False,59,71
99741,apache_cassandra,FQLReplayTest.writeMarshallablePayload,5,non-flaky,5,0.9508,5,0.949,True,True,False,False,431,512
99742,apache_cassandra,FQLReplayTest.writeMarshallablePayload,5,non-flaky,5,0.9508,5,0.9492,True,True,False,False,432,512
99743,apache_cassandra,FQLCompareTest.endToEnd,5,non-flaky,5,0.9523,5,0.9518,True,True,False,False,188,219
99744,apache_cassandra,FQLCompareTest.endToEndQueryFailures,5,non-flaky,5,0.9525,5,0.9515,True,True,False,False,191,222
99745,apache_cassandra,FQLCompareTest.compareEqual,5,non-flaky,5,0.9517,5,0.9513,True,True,False,False,512,512
99746,apache_cassandra,AsyncStreamingInputPlusTest.isOpen,5,non-flaky,5,0.9523,5,0.952,True,True,False,False,88,105
99747,apache_cassandra,AsyncStreamingInputPlusTest.append_closed,5,non-flaky,5,0.9508,5,0.9492,True,True,False,False,112,140
99748,apache_cassandra,AsyncStreamingInputPlusTest.append_normal,5,non-flaky,5,0.9509,5,0.949,True,True,False,True,137,171
99749,apache_cassandra,AsyncStreamingInputPlusTest.read,5,non-flaky,5,0.9505,5,0.9473,True,True,False,True,512,512
99750,apache_cassandra,AsyncStreamingInputPlusTest.read_closed,5,non-flaky,5,0.9518,5,0.952,True,True,False,False,96,113
99751,apache_cassandra,AsyncStreamingInputPlusTest.available_closed,5,non-flaky,5,0.9508,5,0.9499,True,True,False,False,78,98
99752,apache_cassandra,AsyncStreamingInputPlusTest.available_HappyPath,5,non-flaky,5,0.9509,5,0.9491,True,True,False,True,137,172
99753,apache_cassandra,AsyncStreamingInputPlusTest.available_ClosedButWithBytes,5,non-flaky,5,0.9511,5,0.9483,True,True,False,True,154,193
99754,apache_cassandra,AsyncStreamingInputPlusTest.consumeUntil_SingleBuffer_Partial_HappyPath,5,non-flaky,5,0.9494,5,0.95,True,True,False,False,61,73
99755,apache_cassandra,AsyncStreamingInputPlusTest.consumeUntil_SingleBuffer_AllBytes_HappyPath,5,non-flaky,5,0.9497,5,0.9501,True,True,False,False,61,73
99756,apache_cassandra,AsyncStreamingInputPlusTest.consumeUntil_MultipleBufferr_Partial_HappyPath,5,non-flaky,5,0.9491,5,0.9495,True,True,False,False,62,74
99757,apache_cassandra,AsyncStreamingInputPlusTest.consumeUntil_MultipleBuffer_AllBytes_HappyPath,5,non-flaky,5,0.9496,5,0.95,True,True,False,False,61,73
99758,apache_cassandra,AsyncStreamingInputPlusTest.consumeUntil_SingleBuffer_Fails,5,non-flaky,5,0.9503,5,0.9517,True,True,False,False,67,79
99759,apache_cassandra,AsyncStreamingInputPlusTest.consumeUntil_MultipleBuffer_Fails,5,non-flaky,5,0.9504,5,0.9517,True,True,False,False,67,79
99760,apache_cassandra,AsyncStreamingInputPlusTest.rebufferTimeout,5,non-flaky,5,0.9467,5,0.9267,True,True,False,True,297,362
99761,apache_cassandra,RateBasedBackPressureTest.testAcceptsNoLessThanThreeArguments,5,non-flaky,5,0.951,5,0.9511,True,True,False,False,85,97
99762,apache_cassandra,RateBasedBackPressureTest.testHighRatioMustBeBiggerThanZero,5,non-flaky,5,0.9504,5,0.9513,True,True,False,False,100,112
99763,apache_cassandra,RateBasedBackPressureTest.testHighRatioMustBeSmallerEqualThanOne,5,non-flaky,5,0.9506,5,0.9512,True,True,False,False,102,114
99764,apache_cassandra,RateBasedBackPressureTest.testFactorMustBeBiggerEqualThanOne,5,non-flaky,5,0.9503,5,0.9507,True,True,False,False,102,114
99765,apache_cassandra,RateBasedBackPressureTest.testWindowSizeMustBeBiggerEqualThanTen,5,non-flaky,5,0.9507,5,0.951,True,True,False,False,103,115
99766,apache_cassandra,RateBasedBackPressureTest.testFlowMustBeEitherFASTorSLOW,5,non-flaky,5,0.9515,5,0.9486,True,True,False,False,285,333
99767,apache_cassandra,RateBasedBackPressureTest.testBackPressureStateUpdates,5,non-flaky,5,0.9512,5,0.9426,True,True,False,True,386,467
99768,apache_cassandra,RateBasedBackPressureTest.testBackPressureIsNotUpdatedBeyondInfinity,5,non-flaky,5,0.9502,5,0.9399,True,True,False,True,394,477
99769,apache_cassandra,RateBasedBackPressureTest.testBackPressureIsUpdatedOncePerWindowSize,5,non-flaky,5,0.949,5,0.9165,True,True,False,True,512,512
99770,apache_cassandra,RateBasedBackPressureTest.testBackPressureWhenBelowHighRatio,5,non-flaky,5,0.9501,5,0.9385,True,True,False,True,335,401
99771,apache_cassandra,RateBasedBackPressureTest.testBackPressureRateLimiterIsIncreasedAfterGoingAgainAboveHighRatio,5,non-flaky,5,0.9498,5,0.9349,True,True,False,True,512,512
99772,apache_cassandra,RateBasedBackPressureTest.testBackPressureFastFlow,5,non-flaky,5,0.9509,5,0.9432,True,True,False,True,512,512
99773,apache_cassandra,RateBasedBackPressureTest.testBackPressureSlowFlow,5,non-flaky,5,0.951,5,0.9438,True,True,False,True,512,512
99774,apache_cassandra,RateBasedBackPressureTest.testBackPressureWithDifferentGroups,5,non-flaky,5,0.9512,5,0.9436,True,True,False,True,512,512
99775,apache_cassandra,RateBasedBackPressureTest.testBackPressurePastTimeout,5,non-flaky,5,0.9507,5,0.9424,True,True,False,True,512,512
99776,apache_cassandra,MessagingServiceTest.testDroppedMessages,5,non-flaky,5,0.9504,5,0.9503,True,True,False,False,512,512
99777,apache_cassandra,MessagingServiceTest.testDCLatency,5,non-flaky,5,0.9481,5,0.9182,True,True,False,True,321,365
99778,apache_cassandra,MessagingServiceTest.testNegativeDCLatency,5,non-flaky,5,0.9491,5,0.9252,True,True,False,True,232,291
99779,apache_cassandra,MessagingServiceTest.testQueueWaitLatency,5,non-flaky,5,0.9484,5,0.9442,True,True,False,True,235,276
99780,apache_cassandra,MessagingServiceTest.testNegativeQueueWaitLatency,5,non-flaky,5,0.9495,5,0.9432,True,True,False,True,189,236
99781,apache_cassandra,MessagingServiceTest.testUpdatesBackPressureOnSendWhenEnabledAndWithSupportedCallback,5,non-flaky,5,0.9517,5,0.9323,True,True,False,True,413,488
99782,apache_cassandra,MessagingServiceTest.testUpdatesBackPressureOnReceiveWhenEnabledAndWithSupportedCallback,5,non-flaky,5,0.9514,5,0.9348,True,True,False,True,475,512
99783,apache_cassandra,MessagingServiceTest.testUpdatesBackPressureOnTimeoutWhenEnabledAndWithSupportedCallback,5,non-flaky,5,0.9514,5,0.9361,True,True,False,True,474,512
99784,apache_cassandra,MessagingServiceTest.testAppliesBackPressureWhenEnabled,5,non-flaky,5,0.9507,5,0.9451,True,True,False,False,215,252
99785,apache_cassandra,MessagingServiceTest.testDoesntApplyBackPressureToBroadcastAddress,5,non-flaky,5,0.9511,5,0.9475,True,True,False,False,129,149
99786,apache_cassandra,MessagingServiceTest.testFailedInternodeAuth,5,non-flaky,5,0.9513,5,0.9435,True,True,False,True,229,282
99787,apache_cassandra,MessagingServiceTest.reconnectWithNewIp,5,non-flaky,5,0.9505,5,0.9501,True,True,False,False,364,417
99788,apache_cassandra,MessagingServiceTest.listenPlainConnection,5,non-flaky,5,0.9525,5,0.9498,True,True,False,True,150,165
99789,apache_cassandra,MessagingServiceTest.listenPlainConnectionWithBroadcastAddr,5,non-flaky,5,0.9522,5,0.9497,True,True,False,True,155,170
99790,apache_cassandra,MessagingServiceTest.listenRequiredSecureConnection,5,non-flaky,5,0.9514,5,0.9486,True,True,False,True,283,306
99791,apache_cassandra,MessagingServiceTest.listenRequiredSecureConnectionWithBroadcastAddr,5,non-flaky,5,0.9512,5,0.9481,True,True,False,True,288,310
99792,apache_cassandra,MessagingServiceTest.listenRequiredSecureConnectionWithLegacyPort,5,non-flaky,5,0.9512,5,0.9484,True,True,False,True,287,310
99793,apache_cassandra,MessagingServiceTest.listenRequiredSecureConnectionWithBroadcastAddrAndLegacyPort,5,non-flaky,5,0.9515,5,0.9479,True,True,False,True,292,315
99794,apache_cassandra,MessagingServiceTest.listenOptionalSecureConnection,5,non-flaky,5,0.9523,5,0.9498,True,True,False,True,137,152
99795,apache_cassandra,MessagingServiceTest.listenOptionalSecureConnectionWithBroadcastAddr,5,non-flaky,5,0.9521,5,0.9495,True,True,False,True,142,157
99796,apache_cassandra,MessagingServiceTest.getPreferredRemoteAddrUsesPrivateIp,5,non-flaky,5,0.9525,5,0.9515,True,True,False,False,377,418
99797,apache_cassandra,MessagingServiceTest.getPreferredRemoteAddrUsesPreferredIp,5,non-flaky,5,0.9524,5,0.9521,True,True,False,False,200,229
99798,apache_cassandra,MessagingServiceTest.getPreferredRemoteAddrUsesPrivateIpOverridesPreferredIp,5,non-flaky,5,0.9523,5,0.9513,True,True,False,False,487,512
99799,apache_cassandra,OutboundConnectionSettingsTest.build_SmallSendSize,5,non-flaky,5,0.9512,5,0.9523,True,True,False,False,64,76
99800,apache_cassandra,OutboundConnectionSettingsTest.build_SendSizeLessThanZero,5,non-flaky,5,0.9517,5,0.9525,True,True,False,False,67,79
99801,apache_cassandra,OutboundConnectionSettingsTest.build_TcpConnectTimeoutLessThanZero,5,non-flaky,5,0.9512,5,0.9517,True,True,False,False,69,81
104091,spring-cloud_spring-cloud-config,ServerNativeApplicationTests.contextLoads,5,non-flaky,5,0.9443,5,0.9511,True,True,False,False,57,71
104092,spring-cloud_spring-cloud-config,ApplicationBootstrapTests.contextLoads,5,non-flaky,5,0.9485,5,0.9507,True,True,False,True,119,146
104093,spring-cloud_spring-cloud-config,ApplicationTests.contextLoads,5,non-flaky,5,0.9485,5,0.9509,True,True,False,True,119,146
104094,spring-cloud_spring-cloud-config,ApplicationFailFastTests.contextFails,5,non-flaky,5,0.9503,5,0.9464,True,True,False,False,186,236
104095,spring-cloud_spring-cloud-config,ConfigClientWatchTests.stateChangedWorks,5,non-flaky,5,0.9488,5,0.948,True,True,False,True,118,153
104096,spring-cloud_spring-cloud-config,ConfigServiceBootstrapConfigurationTest.overrideConfigServicePropertySourceLocatorWhenBeanIsProvided,5,non-flaky,5,0.9461,5,0.9443,True,True,False,True,227,296
104097,spring-cloud_spring-cloud-config,ConfigClientAutoConfigurationTests.sunnyDay,5,non-flaky,5,0.946,5,0.9499,True,True,False,True,98,125
104098,spring-cloud_spring-cloud-config,ConfigClientAutoConfigurationTests.withParent,5,non-flaky,5,0.9453,5,0.9491,True,True,False,True,120,152
104099,spring-cloud_spring-cloud-config,DiscoveryClientConfigServiceBootstrapConfigurationNoSpringRetryTests.shouldFailWithExceptionGetConfigServerInstanceFromDiscoveryClient,5,non-flaky,5,0.9475,5,0.9491,True,True,False,False,94,130
104100,spring-cloud_spring-cloud-config,DiscoveryClientConfigServiceBootstrapConfigurationNoSpringRetryTests.shouldFailWithMessageGetConfigServerInstanceFromDiscoveryClient,5,non-flaky,5,0.9484,5,0.9477,True,True,False,False,122,166
104101,spring-cloud_spring-cloud-config,DiscoveryClientConfigServiceBootstrapConfigurationNoSpringRetryTests.shouldSucceedGetConfigServerInstanceFromDiscoveryClient,5,non-flaky,5,0.9485,5,0.9474,True,True,False,False,124,168
104102,spring-cloud_spring-cloud-config,DiscoveryClientConfigServiceBootstrapConfigurationTests.offByDefault,5,non-flaky,5,0.9475,5,0.9463,True,True,False,False,138,177
104103,spring-cloud_spring-cloud-config,DiscoveryClientConfigServiceBootstrapConfigurationTests.onWhenRequested,5,non-flaky,5,0.947,5,0.9451,True,True,False,False,93,129
104104,spring-cloud_spring-cloud-config,DiscoveryClientConfigServiceBootstrapConfigurationTests.onWhenHeartbeat,5,non-flaky,5,0.9459,5,0.9408,True,True,False,False,117,167
104105,spring-cloud_spring-cloud-config,DiscoveryClientConfigServiceBootstrapConfigurationTests.secureWhenRequested,5,non-flaky,5,0.9467,5,0.9396,True,True,False,False,117,162
104106,spring-cloud_spring-cloud-config,DiscoveryClientConfigServiceBootstrapConfigurationTests.multipleInstancesReturnedFromDiscovery,5,non-flaky,5,0.9495,5,0.9301,True,True,False,True,183,245
104107,spring-cloud_spring-cloud-config,DiscoveryClientConfigServiceBootstrapConfigurationTests.setsPasssword,5,non-flaky,5,0.9503,5,0.9443,True,True,False,False,185,237
104108,spring-cloud_spring-cloud-config,DiscoveryClientConfigServiceBootstrapConfigurationTests.setsPath,5,non-flaky,5,0.9467,5,0.9479,True,True,False,False,87,119
104109,spring-cloud_spring-cloud-config,DiscoveryClientConfigServiceBootstrapConfigurationTests.shouldFailGetConfigServerInstanceFromDiscoveryClient,5,non-flaky,5,0.9472,5,0.9448,True,True,False,False,97,133
104110,spring-cloud_spring-cloud-config,DiscoveryClientConfigServiceBootstrapConfigurationTests.shouldRetryAndSucceedGetConfigServerInstanceFromDiscoveryClient,5,non-flaky,5,0.9484,5,0.9382,True,True,False,False,196,262
104111,spring-cloud_spring-cloud-config,DiscoveryClientConfigServiceBootstrapConfigurationTests.shouldNotRetryIfNotFailFastPropertySet,5,non-flaky,5,0.9487,5,0.9374,True,True,False,False,140,184
104112,spring-cloud_spring-cloud-config,DiscoveryClientConfigServiceBootstrapConfigurationTests.shouldRetryAndFailWithExceptionGetConfigServerInstanceFromDiscoveryClient,5,non-flaky,5,0.9486,5,0.9456,True,True,False,False,138,182
104113,spring-cloud_spring-cloud-config,DiscoveryClientConfigServiceBootstrapConfigurationTests.shouldRetryAndFailWithMessageGetConfigServerInstanceFromDiscoveryClient,5,non-flaky,5,0.9492,5,0.9458,True,True,False,False,154,202
104114,spring-cloud_spring-cloud-config,ConfigServerHealthIndicatorTests.testDefaultStatus,5,non-flaky,5,0.9486,5,0.9517,True,True,False,False,64,78
104115,spring-cloud_spring-cloud-config,ConfigServerHealthIndicatorTests.testExceptionStatus,5,non-flaky,5,0.9474,5,0.9498,True,True,False,False,102,124
104116,spring-cloud_spring-cloud-config,ConfigServerHealthIndicatorTests.testServerUp,5,non-flaky,5,0.9477,5,0.9508,True,True,False,True,123,150
104117,spring-cloud_spring-cloud-config,ConfigServerHealthIndicatorTests.healthIsCached,5,non-flaky,5,0.9495,5,0.9513,True,True,False,True,161,215
104118,spring-cloud_spring-cloud-config,ConfigServicePropertySourceLocatorTests.sunnyDay,5,non-flaky,5,0.95,5,0.9436,True,True,False,True,227,298
104119,spring-cloud_spring-cloud-config,ConfigServicePropertySourceLocatorTests.sunnyDayWithLabel,5,non-flaky,5,0.948,5,0.9491,True,True,False,True,140,171
104120,spring-cloud_spring-cloud-config,ConfigServicePropertySourceLocatorTests.sunnyDayWithLabelThatContainsASlash,5,non-flaky,5,0.9494,5,0.9491,True,True,False,True,155,190
104121,spring-cloud_spring-cloud-config,ConfigServicePropertySourceLocatorTests.sunnyDayWithNoSuchLabel,5,non-flaky,5,0.9478,5,0.9492,True,True,False,False,105,131
104122,spring-cloud_spring-cloud-config,ConfigServicePropertySourceLocatorTests.failsQuietly,5,non-flaky,5,0.9472,5,0.9491,True,True,False,False,94,116
104123,spring-cloud_spring-cloud-config,ConfigServicePropertySourceLocatorTests.failFast,5,non-flaky,5,0.9498,5,0.9354,True,True,False,True,446,512
104124,spring-cloud_spring-cloud-config,ConfigServicePropertySourceLocatorTests.failFastWhenNotFound,5,non-flaky,5,0.9496,5,0.9371,True,True,False,True,438,512
104125,spring-cloud_spring-cloud-config,ConfigServicePropertySourceLocatorTests.failFastWhenBothPasswordAndAuthorizationPropertiesSet,5,non-flaky,5,0.9495,5,0.9391,True,True,False,True,304,370
104126,spring-cloud_spring-cloud-config,ConfigServicePropertySourceLocatorTests.interceptorShouldAddHeadersWhenHeadersPropertySet,5,non-flaky,5,0.949,5,0.9465,True,True,False,True,204,253
104127,spring-cloud_spring-cloud-config,ConfigServicePropertySourceLocatorTests.shouldAddAuthorizationHeaderWhenPasswordSet,5,non-flaky,5,0.9493,5,0.9499,True,True,False,True,142,181
104128,spring-cloud_spring-cloud-config,ConfigServicePropertySourceLocatorTests.shouldAddAuthorizationHeaderWhenAuthorizationSet,5,non-flaky,5,0.9494,5,0.9488,True,True,False,True,186,228
104129,spring-cloud_spring-cloud-config,ConfigServicePropertySourceLocatorTests.shouldThrowExceptionWhenPasswordAndAuthorizationBothSet,5,non-flaky,5,0.9501,5,0.9476,True,True,False,True,216,262
104130,spring-cloud_spring-cloud-config,ConfigServicePropertySourceLocatorTests.shouldThrowExceptionWhenNegativeReadTimeoutSet,5,non-flaky,5,0.9443,5,0.9482,True,True,False,True,137,167
104131,spring-cloud_spring-cloud-config,ConfigServicePropertySourceLocatorTests.shouldThrowExceptionWhenNegativeConnectTimeoutSet,5,non-flaky,5,0.9445,5,0.9483,True,True,False,True,137,167
104132,spring-cloud_spring-cloud-config,ConfigServicePropertySourceLocatorTests.checkInterceptorHasNoAuthorizationHeaderPresent,5,non-flaky,5,0.9504,5,0.9422,True,True,False,True,273,335
104133,spring-cloud_spring-cloud-config,ConfigClientPropertiesTests.vanilla,5,non-flaky,5,0.95,5,0.9466,True,True,False,True,142,169
104134,spring-cloud_spring-cloud-config,ConfigClientPropertiesTests.uriCreds,5,non-flaky,5,0.951,5,0.9503,True,True,False,True,137,157
104135,spring-cloud_spring-cloud-config,ConfigClientPropertiesTests.explicitPassword,5,non-flaky,5,0.9508,5,0.9493,True,True,False,True,147,174
104136,spring-cloud_spring-cloud-config,ConfigClientPropertiesTests.testIfNoColonPresentInUriCreds,5,non-flaky,5,0.9509,5,0.9485,True,True,False,True,157,184
104137,spring-cloud_spring-cloud-config,ConfigClientPropertiesTests.testIfColonPresentAtTheEndInUriCreds,5,non-flaky,5,0.9511,5,0.9487,True,True,False,True,160,185
104138,spring-cloud_spring-cloud-config,ConfigClientPropertiesTests.testIfColonPresentAtTheStartInUriCreds,5,non-flaky,5,0.9508,5,0.9495,True,True,False,True,146,167
104139,spring-cloud_spring-cloud-config,ConfigClientPropertiesTests.testIfColonPresentAtTheStartAndEndInUriCreds,5,non-flaky,5,0.9506,5,0.9492,True,True,False,True,150,171
104140,spring-cloud_spring-cloud-config,ConfigClientPropertiesTests.testIfSpacePresentAsUriCreds,5,non-flaky,5,0.9509,5,0.9466,True,True,False,True,154,181
104141,spring-cloud_spring-cloud-config,ConfigClientPropertiesTests.changeNameInOverride,5,non-flaky,5,0.9475,5,0.9513,True,True,False,True,105,132
104142,spring-cloud_spring-cloud-config,ConfigClientPropertiesTests.testThatExplicitUsernamePasswordTakePrecedence,5,non-flaky,5,0.951,5,0.9472,True,True,False,True,177,222
104143,spring-cloud_spring-cloud-config,ConfigClientPropertiesTests.checkIfExceptionThrownForNegativeIndex,5,non-flaky,5,0.9471,5,0.9495,True,True,False,False,119,145
104144,spring-cloud_spring-cloud-config,ConfigClientPropertiesTests.checkIfExceptionThrownForPositiveInvalidIndex,5,non-flaky,5,0.9471,5,0.949,True,True,False,False,120,146
104145,spring-cloud_spring-cloud-config,ConfigClientPropertiesTests.checkIfExceptionThrownForIndexEqualToLength,5,non-flaky,5,0.9478,5,0.9494,True,True,False,False,121,147
104146,spring-cloud_spring-cloud-config,ConfigServerBootstrapConfigurationTests.withHealthIndicator,5,non-flaky,5,0.9476,5,0.9476,True,True,False,True,193,239
104147,spring-cloud_spring-cloud-config,EncryptionControllerTests.cannotDecryptWithoutKey,5,non-flaky,5,0.9442,5,0.9515,True,True,False,False,51,61
104148,spring-cloud_spring-cloud-config,EncryptionControllerTests.cannotDecryptWithNoopEncryptor,5,non-flaky,5,0.9424,5,0.9511,True,True,False,False,54,64
104149,spring-cloud_spring-cloud-config,EncryptionControllerTests.shouldThrowExceptionOnDecryptInvalidData,5,non-flaky,5,0.9487,5,0.9519,True,True,False,False,88,106
104150,spring-cloud_spring-cloud-config,EncryptionControllerTests.shouldThrowExceptionOnDecryptWrongKey,5,non-flaky,5,0.9494,5,0.9522,True,True,False,False,116,138
104151,spring-cloud_spring-cloud-config,EncryptionControllerTests.sunnyDayRsaKey,5,non-flaky,5,0.9503,5,0.9496,True,True,False,False,115,141
104152,spring-cloud_spring-cloud-config,EncryptionControllerTests.publicKey,5,non-flaky,5,0.949,5,0.9504,True,True,False,True,98,123
104153,spring-cloud_spring-cloud-config,EncryptionControllerTests.appAndProfile,5,non-flaky,5,0.9505,5,0.9471,True,True,False,True,165,205
104154,spring-cloud_spring-cloud-config,EncryptionControllerTests.formDataIn,5,non-flaky,5,0.9504,5,0.9473,True,True,False,True,171,213
104155,spring-cloud_spring-cloud-config,EncryptionControllerTests.formDataInWithPrefix,5,non-flaky,5,0.9504,5,0.9479,True,True,False,True,179,221
104156,spring-cloud_spring-cloud-config,EncryptionControllerTests.prefixStrippedBeforeEncrypt,5,non-flaky,5,0.9511,5,0.9495,True,True,False,True,210,255
104157,spring-cloud_spring-cloud-config,EncryptionControllerTests.encryptDecyptTextWithCurlyBrace,5,non-flaky,5,0.9472,5,0.9507,True,True,False,False,69,88
104158,spring-cloud_spring-cloud-config,EncryptionControllerTests.locate,5,non-flaky,5,0.9492,5,0.951,True,True,False,False,100,136
104159,spring-cloud_spring-cloud-config,CipherEnvironmentEncryptorTests.shouldDecryptEnvironment,5,non-flaky,5,0.9515,5,0.9504,True,True,False,True,164,220
104160,spring-cloud_spring-cloud-config,CipherEnvironmentEncryptorTests.shouldDecryptEnvironmentWithKey,5,non-flaky,5,0.9519,5,0.9493,True,True,False,True,179,237
104161,spring-cloud_spring-cloud-config,CipherEnvironmentEncryptorTests.shouldBeAbleToUseNullAsPropertyValue,5,non-flaky,5,0.9516,5,0.9515,True,True,False,True,138,182
104162,spring-cloud_spring-cloud-config,EncryptionIntegrationTests.symmetricEncryptionEnabled,5,non-flaky,5,0.9486,5,0.9499,True,True,False,False,86,103
104163,spring-cloud_spring-cloud-config,EncryptionIntegrationTests.symmetricEncryptionBootstrapConfig,5,non-flaky,5,0.9481,5,0.9488,True,True,False,False,88,105
104164,spring-cloud_spring-cloud-config,EncryptionIntegrationTests.keystoreBootstrapConfig,5,non-flaky,5,0.948,5,0.9494,True,True,False,False,86,103
104165,spring-cloud_spring-cloud-config,EnvironmentPrefixHelperTests.testAddPrefix,5,non-flaky,5,0.9499,5,0.9526,True,True,False,False,69,83
104166,spring-cloud_spring-cloud-config,EnvironmentPrefixHelperTests.testAddNoPrefix,5,non-flaky,5,0.9495,5,0.9523,True,True,False,False,61,75
104167,spring-cloud_spring-cloud-config,EnvironmentPrefixHelperTests.testStripNoPrefix,5,non-flaky,5,0.947,5,0.9521,True,True,False,False,46,56
104168,spring-cloud_spring-cloud-config,EnvironmentPrefixHelperTests.testStripPrefix,5,non-flaky,5,0.9475,5,0.9524,True,True,False,False,50,60
104169,spring-cloud_spring-cloud-config,EnvironmentPrefixHelperTests.testStripPrefixWithEscape,5,non-flaky,5,0.9492,5,0.9526,True,True,False,False,65,79
104170,spring-cloud_spring-cloud-config,EnvironmentPrefixHelperTests.testKeysDefaults,5,non-flaky,5,0.9503,5,0.9525,True,True,False,True,91,111
104171,spring-cloud_spring-cloud-config,EnvironmentPrefixHelperTests.testKeysWithPrefix,5,non-flaky,5,0.9516,5,0.9526,True,True,False,True,100,123
104172,spring-cloud_spring-cloud-config,EnvironmentPrefixHelperTests.testKeysWithPrefixAndEscape,5,non-flaky,5,0.9516,5,0.9527,True,True,False,True,109,131
104173,spring-cloud_spring-cloud-config,EnvironmentPrefixHelperTests.testTextWithCurlyBracesNoPrefix,5,non-flaky,5,0.9473,5,0.9514,True,True,False,False,67,81
104174,spring-cloud_spring-cloud-config,EnvironmentPrefixHelperTests.testTextWithCurlyBracesPrefix,5,non-flaky,5,0.9502,5,0.9529,True,True,False,False,90,108
104175,spring-cloud_spring-cloud-config,EncryptionControllerMultiTextEncryptorTests.shouldEncryptUsingApplicationAndProfiles,5,non-flaky,5,0.9512,5,0.9488,True,True,False,False,150,203
104176,spring-cloud_spring-cloud-config,EncryptionControllerMultiTextEncryptorTests.shouldNotEncryptUsingNoOp,5,non-flaky,5,0.9496,5,0.9514,True,True,False,True,86,123
104177,spring-cloud_spring-cloud-config,EncryptionControllerMultiTextEncryptorTests.shouldNotDecryptUsingNoOp,5,non-flaky,5,0.9494,5,0.9515,True,True,False,True,86,122
104178,spring-cloud_spring-cloud-config,KeyStoreTextEncryptorLocatorTests.testDefaults,5,non-flaky,5,0.9493,5,0.9523,True,True,False,True,81,95
104179,spring-cloud_spring-cloud-config,KeyStoreTextEncryptorLocatorTests.locate,5,non-flaky,5,0.9502,5,0.9511,True,True,False,False,116,151
104180,spring-cloud_spring-cloud-config,KeyStoreTextEncryptorLocatorTests.testDifferentKeyAndSecret,5,non-flaky,5,0.9511,5,0.9517,True,True,False,True,118,144
104181,spring-cloud_spring-cloud-config,EnvironmentPropertySourceTest.testEscapedPlaceholdersRemoved,5,non-flaky,5,0.9474,5,0.9526,True,True,False,False,96,114
104182,spring-cloud_spring-cloud-config,GitSkipSslValidationCredentialsProviderTest.testCanHandle,5,non-flaky,5,0.9499,5,0.9443,True,True,False,False,170,208
104183,spring-cloud_spring-cloud-config,GitSkipSslValidationCredentialsProviderTest.testIsInteractive,5,non-flaky,5,0.9474,5,0.9488,True,True,False,False,78,96
104184,spring-cloud_spring-cloud-config,GitSkipSslValidationCredentialsProviderTest.testIsInteractiveWithDelegate,5,non-flaky,5,0.948,5,0.9442,True,True,False,False,145,185
104185,spring-cloud_spring-cloud-config,GitSkipSslValidationCredentialsProviderTest.testSupportsSslFailureInformationalMessage,5,non-flaky,5,0.9494,5,0.9415,True,True,False,True,239,287
104186,spring-cloud_spring-cloud-config,GitSkipSslValidationCredentialsProviderTest.testSupportsSslFailureInformationalMessageWithDelegate,5,non-flaky,5,0.9435,5,0.9489,True,True,False,False,85,108
104187,spring-cloud_spring-cloud-config,GitSkipSslValidationCredentialsProviderTest.testSupportsSslValidationYesNoTypes,5,non-flaky,5,0.9504,5,0.9346,True,True,False,True,412,490
104188,spring-cloud_spring-cloud-config,GitSkipSslValidationCredentialsProviderTest.testSupportsYesNoTypeWithDelegate,5,non-flaky,5,0.9458,5,0.9493,True,True,False,False,81,104
104189,spring-cloud_spring-cloud-config,GitSkipSslValidationCredentialsProviderTest.testSupportsUnrelatedCredentialItemTypes,5,non-flaky,5,0.9501,5,0.9501,True,True,False,True,124,154
104190,spring-cloud_spring-cloud-config,GitSkipSslValidationCredentialsProviderTest.testSupportsUnrelatedCredentialItemTypesWithDelegate,5,non-flaky,5,0.9504,5,0.9444,True,True,False,True,214,263
104610,apache_pinot,AggregateMetricsClusterIntegrationTest.testQueries,5,non-flaky,5,0.9525,5,0.9505,True,True,False,True,177,211
104611,apache_pinot,SegmentPartitionLLCRealtimeClusterIntegrationTest.testPartitionMetadata,5,non-flaky,5,0.953,5,0.9484,True,True,False,True,489,512
104612,apache_pinot,SegmentPartitionLLCRealtimeClusterIntegrationTest.testPartitionRouting,5,non-flaky,5,0.9527,5,0.951,True,True,False,True,512,512
104613,apache_pinot,SegmentPartitionLLCRealtimeClusterIntegrationTest.testNonPartitionedStream,5,non-flaky,5,0.9517,5,0.95,True,True,False,True,512,512
104614,apache_pinot,NullHandlingIntegrationTest.testTotalCount,5,non-flaky,5,0.9522,5,0.9527,True,True,False,True,62,81
104615,apache_pinot,NullHandlingIntegrationTest.testCountWithNullDescription,5,non-flaky,5,0.9522,5,0.9525,True,True,False,True,72,92
104616,apache_pinot,NullHandlingIntegrationTest.testCountWithNullDescriptionAndSalary,5,non-flaky,5,0.9523,5,0.9525,True,True,False,True,80,100
104617,apache_pinot,ChaosMonkeyIntegrationTest.testShortZookeeperFreeze,5,non-flaky,5,0.9483,5,0.9507,True,True,False,False,51,65
104618,apache_pinot,ChaosMonkeyIntegrationTest.testLongZookeeperFreeze,5,non-flaky,5,0.9487,5,0.9503,True,True,False,False,52,66
104619,apache_pinot,RealtimeClusterIntegrationTest.testQueriesFromQueryFile,5,non-flaky,5,0.9501,5,0.9522,True,True,False,False,42,56
104620,apache_pinot,RealtimeClusterIntegrationTest.testGeneratedQueriesWithMultiValues,5,non-flaky,5,0.9506,5,0.9523,True,True,False,False,46,60
104621,apache_pinot,RealtimeClusterIntegrationTest.testDictionaryBasedQueries,5,non-flaky,5,0.9525,5,0.9411,True,True,False,False,199,308
104622,apache_pinot,RealtimeClusterIntegrationTest.testQueryExceptions,5,non-flaky,5,0.9503,5,0.9521,True,True,False,False,38,52
104623,apache_pinot,RealtimeClusterIntegrationTest.testInstanceShutdown,5,non-flaky,5,0.9504,5,0.9511,True,True,False,False,38,52
104624,apache_pinot,RealtimeClusterIntegrationTest.testHardcodedSqlQueries,5,non-flaky,5,0.9502,5,0.9522,True,True,False,False,44,58
104625,apache_pinot,RealtimeClusterIntegrationTest.testSqlQueriesFromQueryFile,5,non-flaky,5,0.95,5,0.952,True,True,False,False,46,60
104626,apache_pinot,MergeRollupMinionClusterIntegrationTest.testSingleLevelConcat,5,non-flaky,5,0.9535,5,0.9505,True,True,False,True,512,512
104627,apache_pinot,MergeRollupMinionClusterIntegrationTest.testSingleLevelRollup,5,non-flaky,5,0.9533,5,0.9507,True,True,False,True,512,512
104628,apache_pinot,MergeRollupMinionClusterIntegrationTest.testMultiLevelConcat,5,non-flaky,5,0.9532,5,0.9499,True,True,False,True,512,512
104629,apache_pinot,OfflineClusterIntegrationTest.testInstancesStarted,5,non-flaky,5,0.9515,5,0.9506,True,True,False,False,100,122
104630,apache_pinot,OfflineClusterIntegrationTest.testInvalidTableConfig,5,non-flaky,5,0.9522,5,0.9493,True,True,False,False,208,258
104631,apache_pinot,OfflineClusterIntegrationTest.testRefreshTableConfigAndQueryTimeout,5,non-flaky,5,0.9504,5,0.9424,True,True,False,True,512,512
104632,apache_pinot,OfflineClusterIntegrationTest.testUploadSameSegments,5,non-flaky,5,0.9522,5,0.9443,True,True,False,True,489,512
104633,apache_pinot,OfflineClusterIntegrationTest.testUploadSegmentRefreshOnly,5,non-flaky,5,0.9527,5,0.9492,True,True,False,True,512,512
104634,apache_pinot,OfflineClusterIntegrationTest.testInvertedIndexTriggering,5,non-flaky,5,0.9507,5,0.9512,True,True,False,False,512,512
104635,apache_pinot,OfflineClusterIntegrationTest.testTimeFunc,5,non-flaky,5,0.9505,5,0.9468,True,True,False,True,319,371
104636,apache_pinot,OfflineClusterIntegrationTest.testLiteralOnlyFunc,5,non-flaky,5,0.9462,5,0.9254,True,True,False,True,512,512
104637,apache_pinot,OfflineClusterIntegrationTest.testRangeIndexTriggering,5,non-flaky,5,0.9508,5,0.9501,True,True,False,True,512,512
104638,apache_pinot,OfflineClusterIntegrationTest.testBloomFilterTriggering,5,non-flaky,5,0.9506,5,0.95,True,True,False,True,512,512
104639,apache_pinot,OfflineClusterIntegrationTest.testServerErrorWithBrokerTimeout,5,non-flaky,5,0.9473,5,0.9299,True,True,False,True,253,323
104640,apache_pinot,OfflineClusterIntegrationTest.testStarTreeTriggering,5,non-flaky,5,0.9522,5,0.9486,True,True,False,True,512,512
104641,apache_pinot,OfflineClusterIntegrationTest.testDefaultColumns,5,non-flaky,5,0.9529,5,0.9514,True,True,False,True,320,403
104642,apache_pinot,OfflineClusterIntegrationTest.testBrokerResponseMetadata,5,non-flaky,5,0.9496,5,0.9514,True,True,False,False,42,56
104643,apache_pinot,OfflineClusterIntegrationTest.testGroupByUDF,5,non-flaky,5,0.9514,5,0.9468,True,True,False,True,512,512
104644,apache_pinot,OfflineClusterIntegrationTest.testAggregationUDF,5,non-flaky,5,0.9509,5,0.9472,True,True,False,True,284,338
104645,apache_pinot,OfflineClusterIntegrationTest.testSelectionUDF,5,non-flaky,5,0.951,5,0.9442,True,True,False,True,512,512
104646,apache_pinot,OfflineClusterIntegrationTest.testFilterUDF,5,non-flaky,5,0.951,5,0.9436,True,True,False,True,512,512
104647,apache_pinot,OfflineClusterIntegrationTest.testCaseStatementInSelection,5,non-flaky,5,0.9526,5,0.9485,True,True,False,True,512,512
104648,apache_pinot,OfflineClusterIntegrationTest.testCaseStatementInSelectionWithTransformFunctionInThen,5,non-flaky,5,0.9523,5,0.9474,True,True,False,True,330,395
104649,apache_pinot,OfflineClusterIntegrationTest.testCaseStatementWithLogicalTransformFunction,5,non-flaky,5,0.9514,5,0.9465,True,True,False,True,407,494
104650,apache_pinot,OfflineClusterIntegrationTest.testCaseStatementWithInAggregation,5,non-flaky,5,0.9535,5,0.949,True,True,False,False,174,221
104651,apache_pinot,OfflineClusterIntegrationTest.testFilterWithInvertedIndexUDF,5,non-flaky,5,0.9508,5,0.9423,True,True,False,True,427,504
104652,apache_pinot,OfflineClusterIntegrationTest.testQueryWithRepeatedColumns,5,non-flaky,5,0.953,5,0.9482,True,True,False,True,500,512
104653,apache_pinot,OfflineClusterIntegrationTest.testQueryWithOrderby,5,non-flaky,5,0.9536,5,0.95,True,True,False,True,203,265
104654,apache_pinot,OfflineClusterIntegrationTest.testQueryWithAlias,5,non-flaky,5,0.9524,5,0.9488,True,True,False,True,512,512
104655,apache_pinot,OfflineClusterIntegrationTest.testDistinctQuery,5,non-flaky,5,0.9522,5,0.9494,True,True,False,True,512,512
104656,apache_pinot,OfflineClusterIntegrationTest.testNonAggregationGroupByQuery,5,non-flaky,5,0.9521,5,0.9472,True,True,False,True,512,512
104657,apache_pinot,OfflineClusterIntegrationTest.testCaseInsensitivity,5,non-flaky,5,0.9503,5,0.9382,True,True,False,True,512,512
104658,apache_pinot,OfflineClusterIntegrationTest.testColumnNameContainsTableName,5,non-flaky,5,0.9509,5,0.9441,True,True,False,True,512,512
104659,apache_pinot,OfflineClusterIntegrationTest.testCaseInsensitivityWithColumnNameContainsTableName,5,non-flaky,5,0.9513,5,0.9441,True,True,False,True,512,512
104660,apache_pinot,OfflineClusterIntegrationTest.testQuerySourceWithDatabaseName,5,non-flaky,5,0.9525,5,0.9499,True,True,False,True,152,184
104661,apache_pinot,OfflineClusterIntegrationTest.testDistinctCountHll,5,non-flaky,5,0.9524,5,0.9484,True,True,False,True,512,512
104662,apache_pinot,OfflineClusterIntegrationTest.testAggregationFunctionsWithUnderscore,5,non-flaky,5,0.9527,5,0.9475,True,True,False,True,269,325
104663,apache_pinot,OfflineClusterIntegrationTest.testGrpcQueryServer,5,non-flaky,5,0.95,5,0.9447,True,True,False,True,287,343
104664,apache_pinot,OfflineClusterIntegrationTest.testHardcodedServerPartitionedSqlQueries,5,non-flaky,5,0.9496,5,0.9518,True,True,False,False,52,66
104665,apache_pinot,OfflineClusterIntegrationTest.testAggregateMetadataAPI,5,non-flaky,5,0.9528,5,0.9505,True,True,False,False,512,512
104666,apache_pinot,RealtimeKinesisIntegrationTest.testRecords,5,non-flaky,5,0.9519,5,0.9482,True,True,False,True,512,512
104667,apache_pinot,RealtimeKinesisIntegrationTest.testCountRecords,5,non-flaky,5,0.9522,5,0.9499,True,True,False,True,106,134
104668,apache_pinot,StarTreeClusterIntegrationTest.testGeneratedQueries,5,non-flaky,5,0.9516,5,0.9518,True,True,False,False,103,129
104669,apache_pinot,StarTreeClusterIntegrationTest.testPredicateOnMetrics,5,non-flaky,5,0.953,5,0.9482,True,True,False,True,278,354
104670,apache_pinot,LuceneRealtimeClusterIntegrationTest.testTextSearchCountQuery,5,non-flaky,5,0.9514,5,0.9448,True,True,False,True,267,347
104671,apache_pinot,RealtimeToOfflineSegmentsMinionClusterIntegrationTest.testRealtimeToOfflineSegmentsTask,5,non-flaky,5,0.9497,5,0.9409,True,True,False,True,512,512
104672,apache_pinot,RealtimeToOfflineSegmentsMinionClusterIntegrationTest.testSegmentListApi,5,non-flaky,5,0.9447,5,0.9498,True,True,False,False,26,32
104673,apache_pinot,RealtimeToOfflineSegmentsMinionClusterIntegrationTest.testBrokerDebugOutput,5,non-flaky,5,0.9449,5,0.9496,True,True,False,False,25,31
104674,apache_pinot,RealtimeToOfflineSegmentsMinionClusterIntegrationTest.testBrokerDebugRoutingTableSQL,5,non-flaky,5,0.9439,5,0.9493,True,True,False,False,28,34
104675,apache_pinot,RealtimeToOfflineSegmentsMinionClusterIntegrationTest.testBrokerResponseMetadata,5,non-flaky,5,0.9456,5,0.9503,True,True,False,False,26,32
104676,apache_pinot,RealtimeToOfflineSegmentsMinionClusterIntegrationTest.testDictionaryBasedQueries,5,non-flaky,5,0.9458,5,0.9508,True,True,False,False,26,32
104677,apache_pinot,RealtimeToOfflineSegmentsMinionClusterIntegrationTest.testGeneratedQueriesWithMultiValues,5,non-flaky,5,0.9455,5,0.951,True,True,False,False,28,34
104678,apache_pinot,RealtimeToOfflineSegmentsMinionClusterIntegrationTest.testGeneratedQueriesWithoutMultiValues,5,non-flaky,5,0.9458,5,0.9511,True,True,False,False,28,34
104679,apache_pinot,RealtimeToOfflineSegmentsMinionClusterIntegrationTest.testHardcodedQueries,5,non-flaky,5,0.9464,5,0.9512,True,True,False,False,25,31
104680,apache_pinot,RealtimeToOfflineSegmentsMinionClusterIntegrationTest.testHardcodedSqlQueries,5,non-flaky,5,0.9461,5,0.9508,True,True,False,False,27,33
104681,apache_pinot,RealtimeToOfflineSegmentsMinionClusterIntegrationTest.testInstanceShutdown,5,non-flaky,5,0.9458,5,0.9504,True,True,False,False,24,30
104682,apache_pinot,RealtimeToOfflineSegmentsMinionClusterIntegrationTest.testQueriesFromQueryFile,5,non-flaky,5,0.9461,5,0.9508,True,True,False,False,26,32
104683,apache_pinot,RealtimeToOfflineSegmentsMinionClusterIntegrationTest.testQueryExceptions,5,non-flaky,5,0.9467,5,0.9509,True,True,False,False,24,30
104684,apache_pinot,RealtimeToOfflineSegmentsMinionClusterIntegrationTest.testReload,5,non-flaky,5,0.9442,5,0.9504,True,True,False,False,29,35
104685,apache_pinot,RealtimeToOfflineSegmentsMinionClusterIntegrationTest.testSqlQueriesFromQueryFile,5,non-flaky,5,0.9453,5,0.9507,True,True,False,False,28,34
104686,apache_pinot,RealtimeToOfflineSegmentsMinionClusterIntegrationTest.testVirtualColumnQueries,5,non-flaky,5,0.9463,5,0.9511,True,True,False,False,25,31
104687,apache_pinot,MapTypeClusterIntegrationTest.testJsonPathQueries,5,non-flaky,5,0.9528,5,0.9493,True,True,False,True,512,512
104688,apache_pinot,MapTypeClusterIntegrationTest.testQueries,5,non-flaky,5,0.9526,5,0.9494,True,True,False,True,512,512
104689,apache_pinot,UpsertTableSegmentUploadIntegrationTest.testSegmentAssignment,5,non-flaky,5,0.9511,5,0.9488,True,True,False,True,170,209
104690,apache_pinot,BasicAuthTlsRealtimeIntegrationTest.testSegmentUploadDownload,5,non-flaky,5,0.95,5,0.95,True,True,False,False,512,512
104691,apache_pinot,ConvertToRawIndexMinionClusterIntegrationTest.testConvertToRawIndexTask,5,non-flaky,5,0.9524,5,0.9479,True,True,False,True,512,512
104692,apache_pinot,ConvertToRawIndexMinionClusterIntegrationTest.testPinotHelixResourceManagerAPIs,5,non-flaky,5,0.952,5,0.9495,True,True,False,True,437,509
104693,apache_pinot,BaseClusterIntegrationTestSet.testHardcodedQueries,5,non-flaky,5,0.9511,5,0.9513,True,True,False,False,512,512
104694,apache_pinot,LLCRealtimeClusterIntegrationTest.testConsumerDirectoryExists,5,non-flaky,5,0.9515,5,0.9503,True,True,False,False,87,105
104695,apache_pinot,LLCRealtimeClusterIntegrationTest.testSegmentFlushSize,5,non-flaky,5,0.953,5,0.9497,True,True,False,True,182,202
104696,apache_pinot,LLCRealtimeClusterIntegrationTest.testInvertedIndexTriggering,5,non-flaky,5,0.9495,5,0.9405,True,True,False,True,485,512
104697,apache_pinot,LLCRealtimeClusterIntegrationTest.testAddHLCTableShouldFail,5,non-flaky,5,0.9502,5,0.9519,True,True,False,True,134,154
104698,apache_pinot,LLCRealtimeClusterIntegrationTest.testReload,5,non-flaky,5,0.9502,5,0.9516,True,True,False,False,36,50
104699,apache_pinot,LLCRealtimeClusterIntegrationTest.testHardcodedServerPartitionedSqlQueries,5,non-flaky,5,0.9496,5,0.9518,True,True,False,False,52,66
104700,apache_pinot,SegmentWriterUploaderIntegrationTest.testFileBasedSegmentWriterAndDefaultUploader,5,non-flaky,5,0.9519,5,0.9468,True,True,False,True,512,512
104701,apache_pinot,BasicAuthRealtimeIntegrationTest.testSegmentUploadDownload,5,non-flaky,5,0.95,5,0.95,True,True,False,False,512,512
104702,apache_pinot,ServerStarterIntegrationTest.testDefaultServerConf,5,non-flaky,5,0.9511,5,0.9503,True,True,False,True,111,135
104703,apache_pinot,ServerStarterIntegrationTest.testSetInstanceIdToHostname,5,non-flaky,5,0.952,5,0.9476,True,True,False,True,169,210
104704,apache_pinot,ServerStarterIntegrationTest.testCustomInstanceId,5,non-flaky,5,0.9511,5,0.9502,True,True,False,True,123,156
104705,apache_pinot,ServerStarterIntegrationTest.testCustomHost,5,non-flaky,5,0.9514,5,0.9496,True,True,False,False,158,198
104706,apache_pinot,ServerStarterIntegrationTest.testCustomPort,5,non-flaky,5,0.9515,5,0.9494,True,True,False,True,146,186
104707,apache_pinot,ServerStarterIntegrationTest.testAllCustomServerConf,5,non-flaky,5,0.9508,5,0.9491,True,True,False,False,164,194
104708,apache_pinot,JsonPathClusterIntegrationTest.testPqlQueries,5,non-flaky,5,0.9525,5,0.9495,True,True,False,True,512,512
104709,apache_pinot,JsonPathClusterIntegrationTest.testSqlQueries,5,non-flaky,5,0.9521,5,0.9483,True,True,False,True,512,512
110836,pushtorefresh_storio,GetObjectObserveChangesTest.repeatsOperationWithQueryByChangeOfTable,5,non-flaky,5,0.9519,5,0.9475,True,True,False,True,172,214
110837,pushtorefresh_storio,GetObjectObserveChangesTest.repeatsOperationWithRawQueryByChangeOfTable,5,non-flaky,5,0.9519,5,0.9462,True,True,False,True,173,215
110838,pushtorefresh_storio,GetObjectObserveChangesTest.repeatsOperationWithQueryByChangeOfTag,5,non-flaky,5,0.9519,5,0.947,True,True,False,True,172,216
110839,pushtorefresh_storio,GetObjectObserveChangesTest.repeatsOperationWithRawQueryByChangeOfTag,5,non-flaky,5,0.9519,5,0.9463,True,True,False,True,173,215
110840,pushtorefresh_storio,GetListOfObjectsObserveChangesTest.repeatsOperationWithQueryByChangeOfTable,5,non-flaky,5,0.952,5,0.9465,True,True,False,True,182,225
110841,pushtorefresh_storio,GetListOfObjectsObserveChangesTest.repeatsOperationWithRawQueryByChangeOfTable,5,non-flaky,5,0.9521,5,0.9477,True,True,False,True,184,227
110842,pushtorefresh_storio,GetListOfObjectsObserveChangesTest.repeatsOperationWithQueryByChangeOfTag,5,non-flaky,5,0.952,5,0.9466,True,True,False,True,182,225
110843,pushtorefresh_storio,GetListOfObjectsObserveChangesTest.repeatsOperationWithRawQueryByChangeOfTag,5,non-flaky,5,0.9521,5,0.9466,True,True,False,True,184,227
110844,pushtorefresh_storio,ObserveChangesOfTagTest.insertEmission,5,non-flaky,5,0.9513,5,0.94,True,True,False,True,235,307
110845,pushtorefresh_storio,ObserveChangesOfTagTest.updateEmission,5,non-flaky,5,0.951,5,0.9231,True,True,False,True,395,504
110846,pushtorefresh_storio,ObserveChangesOfTagTest.deleteEmission,5,non-flaky,5,0.951,5,0.9345,True,True,False,True,234,306
110847,pushtorefresh_storio,QueryTest.queryAll,5,non-flaky,5,0.9521,5,0.9509,True,True,False,True,91,104
110848,pushtorefresh_storio,QueryTest.queryOneByField,5,non-flaky,5,0.9509,5,0.9363,True,True,False,True,457,512
110849,pushtorefresh_storio,QueryTest.queryOrdered,5,non-flaky,5,0.9513,5,0.9441,True,True,False,True,479,512
110850,pushtorefresh_storio,QueryTest.queryOrderedDesc,5,non-flaky,5,0.9513,5,0.9432,True,True,False,True,484,512
110851,pushtorefresh_storio,QueryTest.querySingleLimit,5,non-flaky,5,0.9513,5,0.9441,True,True,False,True,320,382
110852,pushtorefresh_storio,QueryTest.queryLimitOffset,5,non-flaky,5,0.9516,5,0.9377,True,True,False,True,486,512
110853,pushtorefresh_storio,QueryTest.queryIntegerLimit,5,non-flaky,5,0.9512,5,0.9424,True,True,False,True,315,376
110854,pushtorefresh_storio,QueryTest.queryLimitOffsetQuantity,5,non-flaky,5,0.9515,5,0.9408,True,True,False,True,485,512
110855,pushtorefresh_storio,QueryTest.mapFromCursor,5,non-flaky,5,0.9507,5,0.942,True,True,False,False,512,512
110856,pushtorefresh_storio,QueryTest.mapFromCursor,5,non-flaky,5,0.9508,5,0.9395,True,True,False,False,512,512
110857,pushtorefresh_storio,QueryTest.mapFromCursor,5,non-flaky,5,0.9521,5,0.9481,True,True,False,False,283,342
110858,pushtorefresh_storio,QueryTest.queryWithRawQuery,5,non-flaky,5,0.9509,5,0.9344,True,True,False,True,512,512
110859,pushtorefresh_storio,QueryTest.queryWithRawQueryAndArguments,5,non-flaky,5,0.9512,5,0.9329,True,True,False,True,455,512
110860,pushtorefresh_storio,QueryTest.queryWithRawQuerySqlInjectionFail,5,non-flaky,5,0.9514,5,0.9151,True,True,False,True,360,436
110861,pushtorefresh_storio,QueryTest.getNumberOfResults,5,non-flaky,5,0.9512,5,0.9467,True,True,False,True,192,234
110862,pushtorefresh_storio,QueryTest.queryOneExistedObject,5,non-flaky,5,0.9513,5,0.9437,True,True,False,True,369,435
110863,pushtorefresh_storio,QueryTest.queryOneNonExistedObject,5,non-flaky,5,0.9512,5,0.9439,True,True,False,True,321,379
110864,pushtorefresh_storio,DeleteTest.deleteOne,5,non-flaky,5,0.9515,5,0.9465,True,True,False,True,211,263
110865,pushtorefresh_storio,DeleteTest.deleteCollection,5,non-flaky,5,0.9508,5,0.9303,True,True,False,False,464,512
110866,pushtorefresh_storio,RxQueryTest.insertEmission,5,non-flaky,5,0.9512,5,0.9294,True,True,False,True,366,469
110867,pushtorefresh_storio,RxQueryTest.updateEmission,5,non-flaky,5,0.9506,5,0.9101,True,True,False,True,446,512
110868,pushtorefresh_storio,RxQueryTest.deleteEmission,5,non-flaky,5,0.9514,5,0.9264,True,True,False,True,393,490
110869,pushtorefresh_storio,RxQueryTest.run,5,non-flaky,5,0.9502,5,0.9263,True,True,False,False,512,512
110870,pushtorefresh_storio,RxQueryTest.nestedTransaction,5,non-flaky,5,0.9513,5,0.94,True,True,False,False,153,196
110871,pushtorefresh_storio,RxQueryTest.queryOneExistedObjectObservable,5,non-flaky,5,0.9495,5,0.9373,True,True,False,True,473,512
110872,pushtorefresh_storio,RxQueryTest.queryOneNonExistedObjectObservable,5,non-flaky,5,0.9488,5,0.9317,True,True,False,True,445,512
110873,pushtorefresh_storio,RxQueryTest.queryOneExistedObjectTableUpdate,5,non-flaky,5,0.9488,5,0.9249,True,True,False,True,512,512
110874,pushtorefresh_storio,RxQueryTest.queryOneNonexistedObjectTableUpdate,5,non-flaky,5,0.9489,5,0.9352,True,True,False,True,505,512
110875,pushtorefresh_storio,RxQueryTest.queryListOfObjectsAsSingle,5,non-flaky,5,0.9511,5,0.9399,True,True,False,True,319,373
110876,pushtorefresh_storio,RxQueryTest.queryObjectAsSingle,5,non-flaky,5,0.9509,5,0.9404,True,True,False,True,311,364
110877,pushtorefresh_storio,RxQueryTest.queryNumberOfResultsAsSingle,5,non-flaky,5,0.9508,5,0.94,True,True,False,True,309,363
110878,pushtorefresh_storio,InterceptorTest.deleteByQuery,5,non-flaky,5,0.951,5,0.9471,True,True,False,False,200,236
110879,pushtorefresh_storio,InterceptorTest.deleteCollectionOfObjects,5,non-flaky,5,0.9517,5,0.9488,True,True,False,False,129,153
110880,pushtorefresh_storio,InterceptorTest.deleteObject,5,non-flaky,5,0.9513,5,0.9486,True,True,False,False,119,143
110881,pushtorefresh_storio,InterceptorTest.execSql,5,non-flaky,5,0.9508,5,0.9479,True,True,False,False,206,242
110882,pushtorefresh_storio,InterceptorTest.getCursorWithRawQuery,5,non-flaky,5,0.951,5,0.9476,True,True,False,False,228,268
110883,pushtorefresh_storio,InterceptorTest.getCursorWithQuery,5,non-flaky,5,0.9511,5,0.9456,True,True,False,False,221,261
110884,pushtorefresh_storio,InterceptorTest.getListOfObjectsWithRawQuery,5,non-flaky,5,0.9511,5,0.9472,True,True,False,False,236,276
110885,pushtorefresh_storio,InterceptorTest.getListOfObjectsWithQuery,5,non-flaky,5,0.9513,5,0.947,True,True,False,False,229,269
110886,pushtorefresh_storio,InterceptorTest.getNumberOfResultsWithRawQuery,5,non-flaky,5,0.951,5,0.9467,True,True,False,False,230,270
110887,pushtorefresh_storio,InterceptorTest.getNumberOfResultsWithQuery,5,non-flaky,5,0.951,5,0.9464,True,True,False,False,223,263
110888,pushtorefresh_storio,InterceptorTest.getObjectWithRawQuery,5,non-flaky,5,0.9511,5,0.9476,True,True,False,False,230,270
110889,pushtorefresh_storio,InterceptorTest.getObjectWithQuery,5,non-flaky,5,0.9512,5,0.9472,True,True,False,False,223,263
110890,pushtorefresh_storio,InterceptorTest.putCollection,5,non-flaky,5,0.9515,5,0.949,True,True,False,False,126,150
110891,pushtorefresh_storio,InterceptorTest.putContentValues,5,non-flaky,5,0.9516,5,0.9479,True,True,False,False,151,179
110892,pushtorefresh_storio,InterceptorTest.putContentValuesIterable,5,non-flaky,5,0.9517,5,0.9476,True,True,False,False,157,185
110893,pushtorefresh_storio,InterceptorTest.putObject,5,non-flaky,5,0.9512,5,0.9488,True,True,False,False,119,143
110894,pushtorefresh_storio,InsertTest.insertOne,5,non-flaky,5,0.9521,5,0.9447,True,True,False,True,258,322
110895,pushtorefresh_storio,InsertTest.insertCollection,5,non-flaky,5,0.9518,5,0.9446,True,True,False,True,245,306
110896,pushtorefresh_storio,InsertTest.insertAndDeleteTwice,5,non-flaky,5,0.9512,5,0.9353,True,True,False,True,364,453
110897,pushtorefresh_storio,InsertTest.insertOneWithNullField,5,non-flaky,5,0.9522,5,0.9458,True,True,False,True,267,337
110898,pushtorefresh_storio,UpdateTest.updateOne,5,non-flaky,5,0.9517,5,0.9491,True,True,False,True,169,203
110899,pushtorefresh_storio,UpdateTest.updateNullFieldToNotNull,5,non-flaky,5,0.9519,5,0.9455,True,True,False,True,216,258
110900,pushtorefresh_storio,UpdateTest.updateNotNullFieldToNull,5,non-flaky,5,0.9518,5,0.9466,True,True,False,True,217,261
110901,pushtorefresh_storio,UpdateTest.updateCollection,5,non-flaky,5,0.9503,5,0.9385,True,True,False,True,512,512
110902,pushtorefresh_storio,ObserveChangesInTableTest.insertEmission,5,non-flaky,5,0.9513,5,0.94,True,True,False,True,235,307
110903,pushtorefresh_storio,ObserveChangesInTableTest.updateEmission,5,non-flaky,5,0.951,5,0.9231,True,True,False,True,395,504
110904,pushtorefresh_storio,ObserveChangesInTableTest.deleteEmission,5,non-flaky,5,0.951,5,0.9358,True,True,False,True,234,306
110905,pushtorefresh_storio,ExecSQLTest.shouldReturnQueryInGetData,5,non-flaky,5,0.9517,5,0.9486,True,True,False,True,213,255
110906,pushtorefresh_storio,ExecSQLTest.execSQLWithEmptyArgs,5,non-flaky,5,0.9512,5,0.9483,True,True,False,False,217,253
110907,pushtorefresh_storio,ExecSQLTest.shouldPassArgsAsObjects,5,non-flaky,5,0.9512,5,0.9458,True,True,False,True,512,512
110908,pushtorefresh_storio,GetCursorObserveChangesTest.repeatsOperationWithQueryByChangeOfTable,5,non-flaky,5,0.9512,5,0.9239,True,True,False,True,281,341
110909,pushtorefresh_storio,GetCursorObserveChangesTest.repeatsOperationWithRawQueryByChangeOfTable,5,non-flaky,5,0.9512,5,0.9185,True,True,False,True,283,346
110910,pushtorefresh_storio,GetCursorObserveChangesTest.repeatsOperationWithQueryByChangeOfTag,5,non-flaky,5,0.9512,5,0.9276,True,True,False,True,281,342
110911,pushtorefresh_storio,GetCursorObserveChangesTest.repeatsOperationWithRawQueryByChangeOfTag,5,non-flaky,5,0.9513,5,0.9255,True,True,False,True,283,344
110912,pushtorefresh_storio,GetNumberOfResultsObserveChangesTest.repeatsOperationWithQueryByChangeOfTable,5,non-flaky,5,0.9516,5,0.9443,True,True,False,True,166,209
110913,pushtorefresh_storio,GetNumberOfResultsObserveChangesTest.repeatsOperationWithRawQueryByChangeOfTable,5,non-flaky,5,0.9517,5,0.9445,True,True,False,True,168,211
110914,pushtorefresh_storio,GetNumberOfResultsObserveChangesTest.repeatsOperationWithQueryByChangeOfTag,5,non-flaky,5,0.9516,5,0.9443,True,True,False,True,166,209
110915,pushtorefresh_storio,GetNumberOfResultsObserveChangesTest.repeatsOperationWithRawQueryByChangeOfTag,5,non-flaky,5,0.9517,5,0.9441,True,True,False,True,168,210
110916,pushtorefresh_storio,AutoParcelTest.insertObject,5,non-flaky,5,0.9508,5,0.9402,True,True,False,True,488,512
110917,pushtorefresh_storio,AutoParcelTest.updateObject,5,non-flaky,5,0.9507,5,0.9275,True,True,False,True,512,512
110918,pushtorefresh_storio,AutoParcelTest.deleteObject,5,non-flaky,5,0.9505,5,0.9354,True,True,False,True,512,512
110919,pushtorefresh_storio,SQLiteTypeMappingTest.nullPutResolver,5,non-flaky,5,0.9518,5,0.9521,True,True,False,False,153,177
110920,pushtorefresh_storio,SQLiteTypeMappingTest.nullMapFromCursor,5,non-flaky,5,0.9517,5,0.9525,True,True,False,False,154,178
110921,pushtorefresh_storio,SQLiteTypeMappingTest.nullMapToDeleteQuery,5,non-flaky,5,0.9518,5,0.9522,True,True,False,False,154,178
110922,pushtorefresh_storio,SQLiteTypeMappingTest.build,5,non-flaky,5,0.9522,5,0.949,True,True,False,True,338,398
110923,pushtorefresh_storio,InsertQueryTest.shouldNotAllowNullTable,5,non-flaky,5,0.9522,5,0.951,True,True,False,False,128,157
110924,pushtorefresh_storio,InsertQueryTest.shouldNotAllowEmptyTable,5,non-flaky,5,0.9524,5,0.9505,True,True,False,False,112,137
110925,pushtorefresh_storio,InsertQueryTest.nullColumnHackShouldBeNullByDefault,5,non-flaky,5,0.9522,5,0.9499,True,True,False,True,111,135
110926,pushtorefresh_storio,InsertQueryTest.completeBuilderShouldNotAllowNullTable,5,non-flaky,5,0.9517,5,0.949,True,True,False,False,253,301
110927,pushtorefresh_storio,InsertQueryTest.completeBuilderShouldNotAllowEmptyTable,5,non-flaky,5,0.9516,5,0.9496,True,True,False,False,233,277
110928,pushtorefresh_storio,InsertQueryTest.completeBuilderShouldUpdateTable,5,non-flaky,5,0.9523,5,0.95,True,True,False,True,133,163
110929,pushtorefresh_storio,InsertQueryTest.createdThroughToBuilderQueryShouldBeEqual,5,non-flaky,5,0.9523,5,0.942,True,True,False,True,239,293
110930,pushtorefresh_storio,InsertQueryTest.affectsTagsCollectionShouldRewrite,5,non-flaky,5,0.9527,5,0.9502,True,True,False,True,200,232
110931,pushtorefresh_storio,InsertQueryTest.affectsTagsVarargShouldRewrite,5,non-flaky,5,0.9528,5,0.9498,True,True,False,True,180,212
110932,pushtorefresh_storio,InsertQueryTest.affectsTagsCollectionAllowsNull,5,non-flaky,5,0.9522,5,0.9502,True,True,False,True,171,202
110933,pushtorefresh_storio,InsertQueryTest.buildWithNormalValues,5,non-flaky,5,0.9518,5,0.9441,True,True,False,True,272,324
110934,pushtorefresh_storio,InsertQueryTest.shouldNotAllowNullTag,5,non-flaky,5,0.9525,5,0.9507,True,True,False,False,199,240
110935,pushtorefresh_storio,InsertQueryTest.shouldNotAllowEmptyTag,5,non-flaky,5,0.9525,5,0.9502,True,True,False,False,196,237
113858,spring-projects_spring-data-couchbase,FluxTest.beforeEach,5,non-flaky,5,0.9472,5,0.9514,True,True,False,False,26,36
113859,spring-projects_spring-data-couchbase,FluxTest.concatMapCB,5,non-flaky,5,0.9454,5,0.9268,True,True,False,False,212,246
113860,spring-projects_spring-data-couchbase,FluxTest.cbse,5,non-flaky,5,0.9506,5,0.938,True,True,False,True,512,512
113861,spring-projects_spring-data-couchbase,FluxTest.pairIdAndResult,5,non-flaky,5,0.9508,5,0.9467,True,True,False,True,339,409
113862,spring-projects_spring-data-couchbase,FluxTest.flatMapCB,5,non-flaky,5,0.9476,5,0.9298,True,True,False,False,188,218
113863,spring-projects_spring-data-couchbase,FluxTest.flatMapSyncCB,5,non-flaky,5,0.9465,5,0.9374,True,True,False,False,152,182
113864,spring-projects_spring-data-couchbase,FluxTest.flatMapVsConcatMapCB2,5,non-flaky,5,0.9458,5,0.9114,True,True,False,False,372,430
113865,spring-projects_spring-data-couchbase,CouchbaseTemplateQueryIntegrationTests.beforeEach,5,non-flaky,5,0.9474,5,0.9502,True,True,False,False,195,238
113866,spring-projects_spring-data-couchbase,CouchbaseTemplateKeyValueIntegrationTests.beforeEach,5,non-flaky,5,0.9475,5,0.95,True,True,False,False,144,174
113867,spring-projects_spring-data-couchbase,ReactiveCouchbaseTemplateKeyValueIntegrationTests.beforeEach,5,non-flaky,5,0.9452,5,0.9496,True,True,False,True,129,149
113868,spring-projects_spring-data-couchbase,ReactiveCouchbaseTemplateQueryCollectionIntegrationTests.beforeEach,5,non-flaky,5,0.95,5,0.9488,True,True,False,False,286,340
113869,spring-projects_spring-data-couchbase,ReactiveCouchbaseTemplateQueryCollectionIntegrationTests.afterEach,5,non-flaky,5,0.9494,5,0.9512,True,True,False,False,135,169
113870,spring-projects_spring-data-couchbase,ReactiveCouchbaseTemplateQueryCollectionIntegrationTests.existsById,5,non-flaky,5,0.9495,5,0.9424,True,True,False,False,235,281
113871,spring-projects_spring-data-couchbase,ReactiveCouchbaseTemplateQueryCollectionIntegrationTests.findByAnalytics,5,non-flaky,5,0.9501,5,0.943,True,True,False,False,205,247
113872,spring-projects_spring-data-couchbase,ReactiveCouchbaseTemplateQueryCollectionIntegrationTests.findById,5,non-flaky,5,0.9501,5,0.9443,True,True,False,False,200,242
113873,spring-projects_spring-data-couchbase,ReactiveCouchbaseTemplateQueryCollectionIntegrationTests.findByQuery,5,non-flaky,5,0.9506,5,0.9445,True,True,False,False,228,270
113874,spring-projects_spring-data-couchbase,ReactiveCouchbaseTemplateQueryCollectionIntegrationTests.findFromReplicasById,5,non-flaky,5,0.9499,5,0.9339,True,True,False,False,215,257
113875,spring-projects_spring-data-couchbase,ReactiveCouchbaseTemplateQueryCollectionIntegrationTests.insertById,5,non-flaky,5,0.9496,5,0.9385,True,True,False,False,249,299
113876,spring-projects_spring-data-couchbase,ReactiveCouchbaseTemplateQueryCollectionIntegrationTests.removeById,5,non-flaky,5,0.9491,5,0.9467,True,True,False,False,153,179
113877,spring-projects_spring-data-couchbase,ReactiveCouchbaseTemplateQueryCollectionIntegrationTests.removeByQuery,5,non-flaky,5,0.9509,5,0.9461,True,True,False,False,219,253
113878,spring-projects_spring-data-couchbase,ReactiveCouchbaseTemplateQueryCollectionIntegrationTests.replaceById,5,non-flaky,5,0.9492,5,0.9387,True,True,False,False,320,382
113879,spring-projects_spring-data-couchbase,ReactiveCouchbaseTemplateQueryCollectionIntegrationTests.upsertById,5,non-flaky,5,0.9499,5,0.9394,True,True,False,False,242,297
113880,spring-projects_spring-data-couchbase,ReactiveCouchbaseTemplateQueryCollectionIntegrationTests.existsByIdOther,5,non-flaky,5,0.9496,5,0.9416,True,True,False,False,241,291
113881,spring-projects_spring-data-couchbase,ReactiveCouchbaseTemplateQueryCollectionIntegrationTests.findByAnalyticsOther,5,non-flaky,5,0.95,5,0.9414,True,True,False,False,211,257
113882,spring-projects_spring-data-couchbase,ReactiveCouchbaseTemplateQueryCollectionIntegrationTests.findByIdOther,5,non-flaky,5,0.9501,5,0.9421,True,True,False,False,206,252
113883,spring-projects_spring-data-couchbase,ReactiveCouchbaseTemplateQueryCollectionIntegrationTests.findByQueryOther,5,non-flaky,5,0.9508,5,0.9445,True,True,False,False,234,280
113884,spring-projects_spring-data-couchbase,ReactiveCouchbaseTemplateQueryCollectionIntegrationTests.findFromReplicasByIdOther,5,non-flaky,5,0.9494,5,0.9274,True,True,False,False,221,267
113885,spring-projects_spring-data-couchbase,ReactiveCouchbaseTemplateQueryCollectionIntegrationTests.insertByIdOther,5,non-flaky,5,0.9497,5,0.9376,True,True,False,False,250,300
113886,spring-projects_spring-data-couchbase,ReactiveCouchbaseTemplateQueryCollectionIntegrationTests.removeByIdOther,5,non-flaky,5,0.9496,5,0.9446,True,True,False,False,159,189
113887,spring-projects_spring-data-couchbase,ReactiveCouchbaseTemplateQueryCollectionIntegrationTests.removeByQueryOther,5,non-flaky,5,0.951,5,0.947,True,True,False,False,225,263
113888,spring-projects_spring-data-couchbase,ReactiveCouchbaseTemplateQueryCollectionIntegrationTests.replaceByIdOther,5,non-flaky,5,0.9494,5,0.9363,True,True,False,False,321,383
113889,spring-projects_spring-data-couchbase,ReactiveCouchbaseTemplateQueryCollectionIntegrationTests.upsertByIdOther,5,non-flaky,5,0.9498,5,0.9374,True,True,False,False,243,298
113890,spring-projects_spring-data-couchbase,ReactiveCouchbaseTemplateQueryCollectionIntegrationTests.existsByIdOptions,5,non-flaky,5,0.9495,5,0.9498,True,True,False,True,105,124
113891,spring-projects_spring-data-couchbase,ReactiveCouchbaseTemplateQueryCollectionIntegrationTests.findByAnalyticsOptions,5,non-flaky,5,0.9501,5,0.9498,True,True,False,True,105,123
113892,spring-projects_spring-data-couchbase,ReactiveCouchbaseTemplateQueryCollectionIntegrationTests.findByIdOptions,5,non-flaky,5,0.9496,5,0.9493,True,True,False,True,104,123
113893,spring-projects_spring-data-couchbase,ReactiveCouchbaseTemplateQueryCollectionIntegrationTests.findByQueryOptions,5,non-flaky,5,0.9508,5,0.9493,True,True,False,True,125,147
113894,spring-projects_spring-data-couchbase,ReactiveCouchbaseTemplateQueryCollectionIntegrationTests.findFromReplicasByIdOptions,5,non-flaky,5,0.9487,5,0.9328,True,True,False,False,219,265
113895,spring-projects_spring-data-couchbase,ReactiveCouchbaseTemplateQueryCollectionIntegrationTests.insertByIdOptions,5,non-flaky,5,0.9499,5,0.9494,True,True,False,True,113,132
113896,spring-projects_spring-data-couchbase,ReactiveCouchbaseTemplateQueryCollectionIntegrationTests.removeByIdOptions,5,non-flaky,5,0.9492,5,0.9453,True,True,False,False,142,173
113897,spring-projects_spring-data-couchbase,ReactiveCouchbaseTemplateQueryCollectionIntegrationTests.removeByQueryOptions,5,non-flaky,5,0.9511,5,0.9484,True,True,False,True,162,190
113898,spring-projects_spring-data-couchbase,ReactiveCouchbaseTemplateQueryCollectionIntegrationTests.replaceByIdOptions,5,non-flaky,5,0.9494,5,0.9489,True,True,False,True,113,132
113899,spring-projects_spring-data-couchbase,ReactiveCouchbaseTemplateQueryCollectionIntegrationTests.upsertByIdOptions,5,non-flaky,5,0.9493,5,0.9486,True,True,False,True,107,125
113900,spring-projects_spring-data-couchbase,QueryCriteriaTests.testNullValue,5,non-flaky,5,0.9504,5,0.9531,True,True,False,True,54,70
113901,spring-projects_spring-data-couchbase,CouchbaseTemplateQueryCollectionIntegrationTests.beforeEach,5,non-flaky,5,0.95,5,0.9488,True,True,False,False,286,340
113902,spring-projects_spring-data-couchbase,CouchbaseTemplateQueryCollectionIntegrationTests.afterEach,5,non-flaky,5,0.9494,5,0.9512,True,True,False,False,135,169
113903,spring-projects_spring-data-couchbase,CouchbaseTemplateQueryCollectionIntegrationTests.existsById,5,non-flaky,5,0.9496,5,0.9421,True,True,False,False,231,281
113904,spring-projects_spring-data-couchbase,CouchbaseTemplateQueryCollectionIntegrationTests.findByAnalytics,5,non-flaky,5,0.9502,5,0.9433,True,True,False,False,199,245
113905,spring-projects_spring-data-couchbase,CouchbaseTemplateQueryCollectionIntegrationTests.findById,5,non-flaky,5,0.95,5,0.9441,True,True,False,False,196,242
113906,spring-projects_spring-data-couchbase,CouchbaseTemplateQueryCollectionIntegrationTests.findByQuery,5,non-flaky,5,0.9507,5,0.9443,True,True,False,False,229,279
113907,spring-projects_spring-data-couchbase,CouchbaseTemplateQueryCollectionIntegrationTests.findFromReplicasById,5,non-flaky,5,0.95,5,0.9339,True,True,False,False,211,257
113908,spring-projects_spring-data-couchbase,CouchbaseTemplateQueryCollectionIntegrationTests.insertById,5,non-flaky,5,0.9497,5,0.9395,True,True,False,False,240,290
113909,spring-projects_spring-data-couchbase,CouchbaseTemplateQueryCollectionIntegrationTests.removeById,5,non-flaky,5,0.9498,5,0.946,True,True,False,False,149,179
113910,spring-projects_spring-data-couchbase,CouchbaseTemplateQueryCollectionIntegrationTests.removeByQuery,5,non-flaky,5,0.9511,5,0.9473,True,True,False,False,207,241
113911,spring-projects_spring-data-couchbase,CouchbaseTemplateQueryCollectionIntegrationTests.replaceById,5,non-flaky,5,0.949,5,0.9352,True,True,False,False,310,372
113912,spring-projects_spring-data-couchbase,CouchbaseTemplateQueryCollectionIntegrationTests.upsertById,5,non-flaky,5,0.9497,5,0.9387,True,True,False,False,232,287
113913,spring-projects_spring-data-couchbase,CouchbaseTemplateQueryCollectionIntegrationTests.existsByIdOther,5,non-flaky,5,0.9496,5,0.9404,True,True,False,False,232,282
113914,spring-projects_spring-data-couchbase,CouchbaseTemplateQueryCollectionIntegrationTests.findByAnalyticsOther,5,non-flaky,5,0.95,5,0.9423,True,True,False,False,200,246
113915,spring-projects_spring-data-couchbase,CouchbaseTemplateQueryCollectionIntegrationTests.findByIdOther,5,non-flaky,5,0.95,5,0.9431,True,True,False,False,197,243
113916,spring-projects_spring-data-couchbase,CouchbaseTemplateQueryCollectionIntegrationTests.findByQueryOther,5,non-flaky,5,0.9506,5,0.945,True,True,False,False,230,280
113917,spring-projects_spring-data-couchbase,CouchbaseTemplateQueryCollectionIntegrationTests.findFromReplicasByIdOther,5,non-flaky,5,0.95,5,0.9319,True,True,False,False,212,258
113918,spring-projects_spring-data-couchbase,CouchbaseTemplateQueryCollectionIntegrationTests.insertByIdOther,5,non-flaky,5,0.9498,5,0.9385,True,True,False,False,241,291
113919,spring-projects_spring-data-couchbase,CouchbaseTemplateQueryCollectionIntegrationTests.removeByIdOther,5,non-flaky,5,0.9498,5,0.9447,True,True,False,False,150,180
113920,spring-projects_spring-data-couchbase,CouchbaseTemplateQueryCollectionIntegrationTests.removeByQueryOther,5,non-flaky,5,0.9512,5,0.9476,True,True,False,False,208,242
113921,spring-projects_spring-data-couchbase,CouchbaseTemplateQueryCollectionIntegrationTests.replaceByIdOther,5,non-flaky,5,0.9492,5,0.9333,True,True,False,False,311,373
113922,spring-projects_spring-data-couchbase,CouchbaseTemplateQueryCollectionIntegrationTests.upsertByIdOther,5,non-flaky,5,0.9495,5,0.9358,True,True,False,False,233,288
113923,spring-projects_spring-data-couchbase,CouchbaseTemplateQueryCollectionIntegrationTests.existsByIdOptions,5,non-flaky,5,0.9491,5,0.9494,True,True,False,True,105,124
113924,spring-projects_spring-data-couchbase,CouchbaseTemplateQueryCollectionIntegrationTests.findByAnalyticsOptions,5,non-flaky,5,0.9501,5,0.9501,True,True,False,True,102,120
113925,spring-projects_spring-data-couchbase,CouchbaseTemplateQueryCollectionIntegrationTests.findByIdOptions,5,non-flaky,5,0.9494,5,0.9489,True,True,False,True,104,123
113926,spring-projects_spring-data-couchbase,CouchbaseTemplateQueryCollectionIntegrationTests.findByQueryOptions,5,non-flaky,5,0.9508,5,0.9497,True,True,False,True,122,145
113927,spring-projects_spring-data-couchbase,CouchbaseTemplateQueryCollectionIntegrationTests.findFromReplicasByIdOptions,5,non-flaky,5,0.9488,5,0.9315,True,True,False,False,218,264
113928,spring-projects_spring-data-couchbase,CouchbaseTemplateQueryCollectionIntegrationTests.insertByIdOptions,5,non-flaky,5,0.9495,5,0.949,True,True,False,True,114,133
113929,spring-projects_spring-data-couchbase,CouchbaseTemplateQueryCollectionIntegrationTests.removeByIdOptions,5,non-flaky,5,0.949,5,0.9445,True,True,False,False,142,173
113930,spring-projects_spring-data-couchbase,CouchbaseTemplateQueryCollectionIntegrationTests.removeByQueryOptions,5,non-flaky,5,0.9511,5,0.9484,True,True,False,True,159,186
113931,spring-projects_spring-data-couchbase,CouchbaseTemplateQueryCollectionIntegrationTests.replaceByIdOptions,5,non-flaky,5,0.9491,5,0.9485,True,True,False,True,113,133
113932,spring-projects_spring-data-couchbase,CouchbaseTemplateQueryCollectionIntegrationTests.upsertByIdOptions,5,non-flaky,5,0.949,5,0.9474,True,True,False,True,107,127
113933,spring-projects_spring-data-couchbase,CouchbaseTemplateQueryCollectionIntegrationTests.testScopeCollectionAnnotation,5,non-flaky,5,0.9506,5,0.9473,True,True,False,True,427,512
113934,spring-projects_spring-data-couchbase,CouchbaseTemplateQueryCollectionIntegrationTests.testScopeCollectionRepoWith,5,non-flaky,5,0.9507,5,0.9458,True,True,False,True,428,512
113935,spring-projects_spring-data-couchbase,CustomTypeKeyIntegrationTests.getConnectionString,5,non-flaky,5,0.9493,5,0.9517,True,True,False,False,28,38
113936,spring-projects_spring-data-couchbase,BasicCouchbasePersistentPropertyTests.getId,5,non-flaky,5,0.9491,5,0.9519,True,True,False,False,27,37
113937,spring-projects_spring-data-couchbase,CustomConvertersTests.convert,5,non-flaky,5,0.9492,5,0.9528,True,True,False,False,39,49
113938,spring-projects_spring-data-couchbase,N1qlQueryCreatorTests.beforeEach,5,non-flaky,5,0.9459,5,0.9516,True,True,False,False,62,80
113939,spring-projects_spring-data-couchbase,StringN1qlQueryCreatorMockedTests.beforeEach,5,non-flaky,5,0.9434,5,0.9511,True,True,False,False,98,120
113940,spring-projects_spring-data-couchbase,StringN1qlQueryCreatorMockedTests.getConnectionString,5,non-flaky,5,0.9493,5,0.9517,True,True,False,False,28,38
113941,spring-projects_spring-data-couchbase,StringN1qlQueryCreatorTests.beforeEach,5,non-flaky,5,0.9434,5,0.9511,True,True,False,False,98,120
113942,spring-projects_spring-data-couchbase,StringN1qlQueryCreatorTests.getConnectionString,5,non-flaky,5,0.9493,5,0.9517,True,True,False,False,28,38
113943,spring-projects_spring-data-couchbase,CouchbaseRepositoryQueryCollectionIntegrationTests.beforeEach,5,non-flaky,5,0.9481,5,0.9512,True,True,False,False,184,226
113944,spring-projects_spring-data-couchbase,CouchbaseRepositoryQueryCollectionIntegrationTests.afterEach,5,non-flaky,5,0.9485,5,0.9522,True,True,False,False,52,74
113945,spring-projects_spring-data-couchbase,CouchbaseRepositoryQueryCollectionIntegrationTests.myTest,5,non-flaky,5,0.9506,5,0.9512,True,True,False,False,152,213
113946,spring-projects_spring-data-couchbase,CouchbaseRepositoryQueryCollectionIntegrationTests.testScopeCollectionAnnotation,5,non-flaky,5,0.9509,5,0.9496,True,True,False,True,340,414
113947,spring-projects_spring-data-couchbase,CouchbaseRepositoryQueryCollectionIntegrationTests.testScopeCollectionAnnotationSwap,5,non-flaky,5,0.9505,5,0.9513,True,True,False,True,252,295
113948,spring-projects_spring-data-couchbase,CouchbaseRepositoryQueryCollectionIntegrationTests.testScopeCollectionRepoWith,5,non-flaky,5,0.9511,5,0.9486,True,True,False,True,311,378
113949,spring-projects_spring-data-couchbase,ReactiveCouchbaseRepositoryQueryCollectionIntegrationTests.beforeEach,5,non-flaky,5,0.9479,5,0.9513,True,True,False,False,192,239
113950,spring-projects_spring-data-couchbase,ReactiveCouchbaseRepositoryQueryCollectionIntegrationTests.afterEach,5,non-flaky,5,0.9485,5,0.9522,True,True,False,False,52,74
113951,spring-projects_spring-data-couchbase,ReactiveCouchbaseRepositoryQueryCollectionIntegrationTests.myTest,5,non-flaky,5,0.9504,5,0.9507,True,True,False,False,160,221
113952,spring-projects_spring-data-couchbase,ReactiveCouchbaseRepositoryQueryCollectionIntegrationTests.testScopeCollectionAnnotation,5,non-flaky,5,0.9506,5,0.948,True,True,False,True,380,462
113953,spring-projects_spring-data-couchbase,ReactiveCouchbaseRepositoryQueryCollectionIntegrationTests.testScopeCollectionRepoWith,5,non-flaky,5,0.9508,5,0.9465,True,True,False,True,340,410
113954,spring-projects_spring-data-couchbase,CouchbaseRepositoryKeyValueIntegrationTests.getConnectionString,5,non-flaky,5,0.9493,5,0.9517,True,True,False,False,28,38
113955,spring-projects_spring-data-couchbase,ReactiveCouchbaseRepositoryQueryIntegrationTests.testCas,5,non-flaky,5,0.9506,5,0.949,True,True,False,True,127,168
113956,spring-projects_spring-data-couchbase,ReactiveCouchbaseRepositoryQueryIntegrationTests.getPolicyByIdAndEffectiveDateTime,5,non-flaky,5,0.9505,5,0.9498,True,True,False,False,151,182
113957,spring-projects_spring-data-couchbase,ReactiveCouchbaseRepositoryQueryIntegrationTests.getConnectionString,5,non-flaky,5,0.9493,5,0.9517,True,True,False,False,28,38
118685,netty_netty,XmlDecoderTest.shouldDecodeRequestWithSimpleXml,5,non-flaky,5,0.9518,5,0.9472,True,True,False,True,512,512
118686,netty_netty,XmlDecoderTest.shouldDecodeXmlHeader,5,non-flaky,5,0.9518,5,0.9483,True,True,False,True,512,512
118687,netty_netty,XmlDecoderTest.shouldDecodeWithoutHeader,5,non-flaky,5,0.9519,5,0.9486,True,True,False,True,512,512
118688,netty_netty,SmtpCommandTest.getCommandFromCache,5,non-flaky,5,0.9471,5,0.9428,True,True,False,False,114,130
118689,netty_netty,SmtpCommandTest.equalsIgnoreCase,5,non-flaky,5,0.9483,5,0.9476,True,True,False,False,86,98
118690,netty_netty,SmtpCommandTest.isContentExpected,5,non-flaky,5,0.9506,5,0.948,True,True,False,False,149,178
118691,netty_netty,SmtpRequestEncoderTest.testEncodeEhlo,5,non-flaky,5,0.9496,5,0.9504,True,True,False,False,59,67
118692,netty_netty,SmtpRequestEncoderTest.testEncodeHelo,5,non-flaky,5,0.9504,5,0.951,True,True,False,False,59,67
118693,netty_netty,SmtpRequestEncoderTest.testEncodeMail,5,non-flaky,5,0.9501,5,0.9515,True,True,False,False,69,77
118694,netty_netty,SmtpRequestEncoderTest.testEncodeMailNullSender,5,non-flaky,5,0.9494,5,0.9497,True,True,False,False,61,69
118695,netty_netty,SmtpRequestEncoderTest.testEncodeRcpt,5,non-flaky,5,0.9477,5,0.9496,True,True,False,False,72,80
118696,netty_netty,SmtpRequestEncoderTest.testEncodeNoop,5,non-flaky,5,0.949,5,0.9492,True,True,False,False,54,62
118697,netty_netty,SmtpRequestEncoderTest.testEncodeRset,5,non-flaky,5,0.9487,5,0.949,True,True,False,False,54,62
118698,netty_netty,SmtpRequestEncoderTest.testEncodeHelp,5,non-flaky,5,0.9492,5,0.9499,True,True,False,False,55,63
118699,netty_netty,SmtpRequestEncoderTest.testEncodeHelpWithArg,5,non-flaky,5,0.9493,5,0.9497,True,True,False,False,60,68
118700,netty_netty,SmtpRequestEncoderTest.testEncodeData,5,non-flaky,5,0.9493,5,0.9492,True,True,False,False,51,59
118701,netty_netty,SmtpRequestEncoderTest.testEncodeDataAndContent,5,non-flaky,5,0.9517,5,0.9454,True,True,False,True,275,321
118702,netty_netty,SmtpRequestEncoderTest.testThrowsIfContentExpected,5,non-flaky,5,0.9515,5,0.9505,True,True,False,True,167,199
118703,netty_netty,SmtpRequestEncoderTest.testRsetClearsContentExpectedFlag,5,non-flaky,5,0.951,5,0.9453,True,True,False,True,184,227
118704,netty_netty,SmtpResponseDecoderTest.testDecodeOneLineResponse,5,non-flaky,5,0.9517,5,0.9477,True,True,False,True,202,255
118705,netty_netty,SmtpResponseDecoderTest.testDecodeOneLineResponseNoDetails,5,non-flaky,5,0.9519,5,0.9483,True,True,False,True,163,202
118706,netty_netty,SmtpResponseDecoderTest.testDecodeOneLineResponseChunked,5,non-flaky,5,0.9519,5,0.9457,True,True,False,True,227,281
118707,netty_netty,SmtpResponseDecoderTest.testDecodeTwoLineResponse,5,non-flaky,5,0.9516,5,0.9467,True,True,False,True,232,289
118708,netty_netty,SmtpResponseDecoderTest.testDecodeTwoLineResponseChunked,5,non-flaky,5,0.9517,5,0.9442,True,True,False,True,302,374
118709,netty_netty,SmtpResponseDecoderTest.testDecodeInvalidSeparator,5,non-flaky,5,0.9507,5,0.9524,True,True,False,True,81,94
118710,netty_netty,SmtpResponseDecoderTest.testDecodeInvalidCode,5,non-flaky,5,0.9504,5,0.9524,True,True,False,True,79,92
118711,netty_netty,SmtpResponseDecoderTest.testDecodeInvalidLine,5,non-flaky,5,0.9506,5,0.9523,True,True,False,True,77,89
118712,netty_netty,UnixChannelUtilTest.testPooledAllocatorIsBufferCopyNeededForWrite,5,non-flaky,5,0.9501,5,0.9507,True,True,False,False,63,71
118713,netty_netty,UnixChannelUtilTest.testUnPooledAllocatorIsBufferCopyNeededForWrite,5,non-flaky,5,0.9498,5,0.9504,True,True,False,False,65,73
118714,netty_netty,SocketTest.testKeepAlive,5,non-flaky,5,0.9521,5,0.9503,True,True,False,False,80,96
118715,netty_netty,SocketTest.testTcpNoDelay,5,non-flaky,5,0.9517,5,0.949,True,True,False,False,88,104
118716,netty_netty,SocketTest.testReceivedBufferSize,5,non-flaky,5,0.9517,5,0.9474,True,True,False,True,136,162
118717,netty_netty,SocketTest.testSendBufferSize,5,non-flaky,5,0.9516,5,0.9477,True,True,False,True,132,158
118718,netty_netty,SocketTest.testSoLinger,5,non-flaky,5,0.9521,5,0.9499,True,True,False,False,86,102
118719,netty_netty,SocketTest.testDoubleCloseDoesNotThrow,5,non-flaky,5,0.9523,5,0.9513,True,True,False,True,71,87
118720,netty_netty,SocketTest.testTrafficClass,5,non-flaky,5,0.9515,5,0.9504,True,True,False,True,101,123
118721,netty_netty,DetectPeerCloseWithoutReadTest.clientCloseWithoutServerReadIsDetectedNoExtraReadRequested,5,non-flaky,5,0.9504,5,0.9499,True,True,False,False,63,71
118722,netty_netty,DetectPeerCloseWithoutReadTest.clientCloseWithoutServerReadIsDetectedExtraReadRequested,5,non-flaky,5,0.9503,5,0.95,True,True,False,False,62,70
118723,netty_netty,DetectPeerCloseWithoutReadTest.serverCloseWithoutClientReadIsDetectedNoExtraReadRequested,5,non-flaky,5,0.9503,5,0.9501,True,True,False,False,63,71
118724,netty_netty,DetectPeerCloseWithoutReadTest.serverCloseWithoutClientReadIsDetectedExtraReadRequested,5,non-flaky,5,0.9502,5,0.9502,True,True,False,False,62,70
118725,netty_netty,BigEndianCompositeByteBufTest.testInternalNioBufferAfterRelease,5,non-flaky,5,0.9499,5,0.9518,True,True,False,False,56,64
118726,netty_netty,ByteProcessorTest.testForward,5,non-flaky,5,0.9525,5,0.9487,True,True,False,True,512,512
118727,netty_netty,ByteProcessorTest.testBackward,5,non-flaky,5,0.9529,5,0.9494,True,True,False,True,512,512
118728,netty_netty,BigEndianHeapByteBufTest.shouldNotAllowNullInConstructor1,5,non-flaky,5,0.9501,5,0.9518,True,True,False,False,66,74
118729,netty_netty,BigEndianHeapByteBufTest.shouldNotAllowNullInConstructor2,5,non-flaky,5,0.9498,5,0.9514,True,True,False,False,74,82
118730,netty_netty,EmptyByteBufTest.testIsWritable,5,non-flaky,5,0.9515,5,0.9516,True,True,False,True,94,112
118731,netty_netty,EmptyByteBufTest.testWriteEmptyByteBuf,5,non-flaky,5,0.9517,5,0.9486,True,True,False,True,236,281
118732,netty_netty,EmptyByteBufTest.testIsReadable,5,non-flaky,5,0.9514,5,0.9515,True,True,False,True,94,110
118733,netty_netty,EmptyByteBufTest.testArray,5,non-flaky,5,0.952,5,0.9517,True,True,False,False,117,137
118734,netty_netty,EmptyByteBufTest.testNioBuffer,5,non-flaky,5,0.9523,5,0.9499,True,True,False,True,193,229
118735,netty_netty,EmptyByteBufTest.testMemoryAddress,5,non-flaky,5,0.9521,5,0.9486,True,True,False,True,229,279
118736,netty_netty,EmptyByteBufTest.consistentEqualsAndHashCodeWithAbstractBytebuf,5,non-flaky,5,0.9526,5,0.9491,True,True,False,True,212,240
118737,netty_netty,ByteBufUtilTest.decodeRandomHexBytesWithEvenLength,5,non-flaky,5,0.9514,5,0.9519,True,True,False,False,45,53
118738,netty_netty,ByteBufUtilTest.decodeRandomHexBytesWithOddLength,5,non-flaky,5,0.9514,5,0.9519,True,True,False,False,46,54
118739,netty_netty,ByteBufUtilTest.decodeHexDumpWithOddLength,5,non-flaky,5,0.9512,5,0.9529,True,True,False,False,63,71
118740,netty_netty,ByteBufUtilTest.decodeHexDumpWithInvalidChar,5,non-flaky,5,0.9507,5,0.9526,True,True,False,False,62,70
118741,netty_netty,ByteBufUtilTest.equalsBufferSubsections,5,non-flaky,5,0.952,5,0.9481,True,True,False,True,253,287
118742,netty_netty,ByteBufUtilTest.notEqualsBufferSubsections,5,non-flaky,5,0.9521,5,0.9474,True,True,False,True,341,387
118743,netty_netty,ByteBufUtilTest.notEqualsBufferOverflow,5,non-flaky,5,0.952,5,0.9471,True,True,False,True,288,331
118744,netty_netty,ByteBufUtilTest.notEqualsBufferUnderflow,5,non-flaky,5,0.9522,5,0.9507,True,True,False,True,284,322
118745,netty_netty,ByteBufUtilTest.writeShortBE,5,non-flaky,5,0.9515,5,0.9478,True,True,False,True,302,369
118746,netty_netty,ByteBufUtilTest.setShortBE,5,non-flaky,5,0.9518,5,0.9483,True,True,False,True,323,384
118747,netty_netty,ByteBufUtilTest.writeMediumBE,5,non-flaky,5,0.9517,5,0.9477,True,True,False,True,303,364
118748,netty_netty,ByteBufUtilTest.testWriteUsAscii,5,non-flaky,5,0.9517,5,0.9472,True,True,False,True,191,225
118749,netty_netty,ByteBufUtilTest.testWriteUsAsciiSwapped,5,non-flaky,5,0.9519,5,0.945,True,True,False,True,202,236
118750,netty_netty,ByteBufUtilTest.testWriteUsAsciiWrapped,5,non-flaky,5,0.9519,5,0.9471,True,True,False,True,240,291
118751,netty_netty,ByteBufUtilTest.testWriteUsAsciiComposite,5,non-flaky,5,0.952,5,0.9456,True,True,False,True,289,339
118752,netty_netty,ByteBufUtilTest.testWriteUsAsciiCompositeWrapped,5,non-flaky,5,0.9519,5,0.9477,True,True,False,True,302,352
118753,netty_netty,ByteBufUtilTest.testWriteUtf8,5,non-flaky,5,0.9517,5,0.9477,True,True,False,True,210,244
118754,netty_netty,ByteBufUtilTest.testWriteUtf8Composite,5,non-flaky,5,0.9518,5,0.9448,True,True,False,True,304,357
118755,netty_netty,ByteBufUtilTest.testWriteUtf8CompositeWrapped,5,non-flaky,5,0.952,5,0.9445,True,True,False,True,317,370
118756,netty_netty,ByteBufUtilTest.testWriteUtf8Surrogates,5,non-flaky,5,0.952,5,0.9469,True,True,False,True,424,488
118757,netty_netty,ByteBufUtilTest.testWriteUtf8InvalidOnlyTrailingSurrogate,5,non-flaky,5,0.9519,5,0.9461,True,True,False,True,374,430
118758,netty_netty,ByteBufUtilTest.testWriteUtf8InvalidOnlyLeadingSurrogate,5,non-flaky,5,0.9519,5,0.9458,True,True,False,True,374,430
118759,netty_netty,ByteBufUtilTest.testWriteUtf8InvalidSurrogatesSwitched,5,non-flaky,5,0.9518,5,0.9443,True,True,False,True,413,473
118760,netty_netty,ByteBufUtilTest.testWriteUtf8InvalidTwoLeadingSurrogates,5,non-flaky,5,0.9517,5,0.9433,True,True,False,True,414,469
118761,netty_netty,ByteBufUtilTest.testWriteUtf8InvalidTwoTrailingSurrogates,5,non-flaky,5,0.9518,5,0.9446,True,True,False,True,414,474
118762,netty_netty,ByteBufUtilTest.testWriteUtf8InvalidEndOnLeadingSurrogate,5,non-flaky,5,0.9519,5,0.9459,True,True,False,True,301,349
118763,netty_netty,ByteBufUtilTest.testWriteUtf8InvalidEndOnTrailingSurrogate,5,non-flaky,5,0.952,5,0.9467,True,True,False,True,301,349
118764,netty_netty,ByteBufUtilTest.testWriteUsAsciiString,5,non-flaky,5,0.9517,5,0.9485,True,True,False,True,203,238
118765,netty_netty,ByteBufUtilTest.testWriteUtf8Wrapped,5,non-flaky,5,0.9518,5,0.9451,True,True,False,True,253,304
118766,netty_netty,ByteBufUtilTest.testDecodeUsAscii,5,non-flaky,5,0.9507,5,0.9513,True,True,False,False,57,65
118767,netty_netty,ByteBufUtilTest.testDecodeUtf8,5,non-flaky,5,0.9518,5,0.9522,True,True,False,False,76,84
118768,netty_netty,ByteBufUtilTest.testToStringDoesNotThrowIndexOutOfBounds,5,non-flaky,5,0.9525,5,0.9466,True,True,False,True,240,280
118769,netty_netty,ByteBufUtilTest.testIsTextWithUtf8,5,non-flaky,5,0.9521,5,0.9488,True,True,False,True,512,512
118770,netty_netty,ByteBufUtilTest.testIsTextWithoutOptimization,5,non-flaky,5,0.9528,5,0.9498,True,True,False,True,157,181
118771,netty_netty,ByteBufUtilTest.testIsTextWithAscii,5,non-flaky,5,0.9526,5,0.9507,True,True,False,True,156,179
118772,netty_netty,ByteBufUtilTest.testIsTextWithInvalidIndexAndLength,5,non-flaky,5,0.951,5,0.9474,True,True,False,True,512,512
118773,netty_netty,ByteBufUtilTest.testUtf8Bytes,5,non-flaky,5,0.9519,5,0.9519,True,True,False,True,81,93
118774,netty_netty,ByteBufUtilTest.testUtf8BytesWithSurrogates,5,non-flaky,5,0.9513,5,0.9519,True,True,False,True,70,83
118775,netty_netty,ByteBufUtilTest.testUtf8BytesWithNonSurrogates3Bytes,5,non-flaky,5,0.9516,5,0.9519,True,True,False,True,69,82
118776,netty_netty,ByteBufUtilTest.testUtf8BytesWithNonSurrogatesNonAscii,5,non-flaky,5,0.9515,5,0.9518,True,True,False,True,97,108
118777,netty_netty,ByteBufUtilTest.run,5,non-flaky,5,0.9498,5,0.9414,True,True,False,False,512,512
118778,netty_netty,AbstractReferenceCountedByteBufTest.testRetainOverflow,5,non-flaky,5,0.9521,5,0.9525,True,True,False,True,124,136
118779,netty_netty,AbstractReferenceCountedByteBufTest.testRetainOverflow2,5,non-flaky,5,0.9519,5,0.9527,True,True,False,True,104,114
118780,netty_netty,AbstractReferenceCountedByteBufTest.testReleaseOverflow,5,non-flaky,5,0.952,5,0.9521,True,True,False,True,120,132
118781,netty_netty,AbstractReferenceCountedByteBufTest.testReleaseErrorMessage,5,non-flaky,5,0.9519,5,0.9485,True,True,False,True,179,210
118782,netty_netty,AbstractReferenceCountedByteBufTest.testRetainResurrect,5,non-flaky,5,0.9523,5,0.9525,True,True,False,True,115,128
118783,netty_netty,AbstractReferenceCountedByteBufTest.testRetainResurrect2,5,non-flaky,5,0.9523,5,0.9525,True,True,False,True,118,131
118784,netty_netty,ReadOnlyByteBufferBufTest.testCopyDirect,5,non-flaky,5,0.951,5,0.9521,True,True,False,False,37,45
134981,undertow-io_undertow,WebsocketBasicAuthTestCase.beforeRequest,5,non-flaky,5,0.952,5,0.9495,True,True,False,False,199,223
134982,undertow-io_undertow,WebsocketBasicAuthTestCase.testWrappedRequest,5,non-flaky,5,0.9501,5,0.9465,True,True,False,True,219,241
134983,undertow-io_undertow,SuspendResumeTestCase.testConnectionWaitsForMessageEnd,5,non-flaky,5,0.9504,5,0.934,True,True,False,True,512,512
134984,undertow-io_undertow,SuspendResumeTestCase.handleEvent,5,non-flaky,5,0.9501,5,0.9266,True,True,False,False,512,512
134985,undertow-io_undertow,SuspendResumeTestCase.testRejectWhenSuspended,5,non-flaky,5,0.9511,5,0.9367,True,True,False,True,244,298
134986,undertow-io_undertow,JsrWebsocketExtensionTestCase.testLongTextMessage,5,non-flaky,5,0.951,5,0.9444,True,True,False,True,512,512
134987,undertow-io_undertow,JsrWebsocketExtensionTestCase.testExtensionsHeaders,5,non-flaky,5,0.9515,5,0.944,True,True,False,True,512,512
134988,undertow-io_undertow,AnnotatedEndpointTest.testStringOnMessage,5,non-flaky,5,0.9513,5,0.9462,True,True,False,True,220,257
134989,undertow-io_undertow,AnnotatedEndpointTest.testRedirectHandling,5,non-flaky,5,0.952,5,0.9477,True,True,False,True,179,213
134990,undertow-io_undertow,AnnotatedEndpointTest.testWebSocketInRootContext,5,non-flaky,5,0.9514,5,0.9453,True,True,False,True,216,253
134991,undertow-io_undertow,AnnotatedEndpointTest.testAnnotatedClientEndpoint,5,non-flaky,5,0.952,5,0.9487,True,True,False,True,182,216
134992,undertow-io_undertow,AnnotatedEndpointTest.testIdleTimeout,5,non-flaky,5,0.9518,5,0.9461,True,True,False,True,179,213
134993,undertow-io_undertow,AnnotatedEndpointTest.testCloseReason,5,non-flaky,5,0.9524,5,0.9458,True,True,False,True,285,341
134994,undertow-io_undertow,AnnotatedEndpointTest.testAnnotatedClientEndpointWithConfigurator,5,non-flaky,5,0.9522,5,0.9468,True,True,False,True,251,300
134995,undertow-io_undertow,AnnotatedEndpointTest.testErrorHandling,5,non-flaky,5,0.9514,5,0.9476,True,True,False,True,391,476
134996,undertow-io_undertow,AnnotatedEndpointTest.testClientSideIdleTimeout,5,non-flaky,5,0.9495,5,0.9444,True,True,False,True,215,256
134997,undertow-io_undertow,AnnotatedEndpointTest.testGenericMessageHandling,5,non-flaky,5,0.9516,5,0.9483,True,True,False,True,394,481
134998,undertow-io_undertow,AnnotatedEndpointTest.testImplicitIntegerConversion,5,non-flaky,5,0.9513,5,0.946,True,True,False,True,221,258
134999,undertow-io_undertow,AnnotatedEndpointTest.testEncodingAndDecodingText,5,non-flaky,5,0.9515,5,0.9465,True,True,False,True,224,260
135000,undertow-io_undertow,AnnotatedEndpointTest.testEncodingAndDecodingBinary,5,non-flaky,5,0.9515,5,0.9465,True,True,False,True,225,262
135001,undertow-io_undertow,AnnotatedEndpointTest.testEncodingWithGenericSuperclass,5,non-flaky,5,0.9513,5,0.9459,True,True,False,True,226,263
135002,undertow-io_undertow,AnnotatedEndpointTest.testRequestUri,5,non-flaky,5,0.9515,5,0.9461,True,True,False,True,226,263
135003,undertow-io_undertow,AnnotatedEndpointTest.testTimeoutCloseReason,5,non-flaky,5,0.9518,5,0.9495,True,True,False,True,144,171
135004,undertow-io_undertow,AnnotatedEndpointTest.testThreadSafeSend,5,non-flaky,5,0.9484,5,0.9072,True,True,False,True,243,283
135005,undertow-io_undertow,TestMessagesReceivedInOrder.onOpen,5,non-flaky,5,0.9503,5,0.927,True,True,False,False,512,512
135006,undertow-io_undertow,JsrWebSocketServer07Test.testErrorHandling,5,non-flaky,5,0.9513,5,0.9447,True,True,False,True,507,512
135007,undertow-io_undertow,DynamicEndpointTest.testDynamicAnnotatedEndpoint,5,non-flaky,5,0.9516,5,0.946,True,True,False,True,239,276
135008,undertow-io_undertow,DynamicEndpointTest.testDynamicProgramaticEndpoint,5,non-flaky,5,0.9515,5,0.9468,True,True,False,True,229,266
135009,undertow-io_undertow,WebsocketStressTestCase.onOpen,5,non-flaky,5,0.9512,5,0.9403,True,True,False,False,215,247
135010,undertow-io_undertow,WebsocketStressTestCase.onMessage,5,non-flaky,5,0.9502,5,0.93,True,True,False,False,512,512
135011,undertow-io_undertow,ClassUtilsTest.testExtractHandlerType,5,non-flaky,5,0.9521,5,0.9496,True,True,False,True,512,512
135012,undertow-io_undertow,ClassUtilsTest.testExtractEncoderType,5,non-flaky,5,0.9527,5,0.949,True,True,False,True,241,286
135013,undertow-io_undertow,ClientEndpointReconnectTestCase.testAnnotatedClientEndpoint,5,non-flaky,5,0.9513,5,0.943,True,True,False,True,481,512
135014,undertow-io_undertow,AjpClientTestCase.run,5,non-flaky,5,0.9503,5,0.9384,True,True,False,False,416,481
135015,undertow-io_undertow,AjpClientTestCase.acknowledged,5,non-flaky,5,0.9498,5,0.9373,True,True,False,False,512,512
135016,undertow-io_undertow,AjpClientTestCase.completed,5,non-flaky,5,0.9499,5,0.9352,True,True,False,False,512,512
135017,undertow-io_undertow,AjpClientTestCase.testConnectionClose,5,non-flaky,5,0.9502,5,0.9409,True,True,False,True,428,510
135018,undertow-io_undertow,HttpClientTestCase.run,5,non-flaky,5,0.9503,5,0.9384,True,True,False,False,416,481
135019,undertow-io_undertow,HttpClientTestCase.completed,5,non-flaky,5,0.9499,5,0.9352,True,True,False,False,512,512
135020,undertow-io_undertow,HttpClientTestCase.run,5,non-flaky,5,0.95,5,0.935,True,True,False,False,512,512
135021,undertow-io_undertow,HttpClientTestCase.testConnectionClose,5,non-flaky,5,0.9502,5,0.9414,True,True,False,True,428,512
135022,undertow-io_undertow,ResponseParserResumeTestCase.testMethodSplit,5,non-flaky,5,0.9519,5,0.9479,True,True,False,True,179,215
135023,undertow-io_undertow,ResponseParserResumeTestCase.testOneCharacterAtATime,5,non-flaky,5,0.9521,5,0.9469,True,True,False,True,225,272
135024,undertow-io_undertow,Http2ClientTestCase.run,5,non-flaky,5,0.9503,5,0.931,True,True,False,False,460,512
135025,undertow-io_undertow,Http2ClientTestCase.completed,5,non-flaky,5,0.9504,5,0.9361,True,True,False,False,512,512
135026,undertow-io_undertow,HttpStringTestCase.testOrderShorterFirst,5,non-flaky,5,0.9526,5,0.9517,True,True,False,True,94,110
135027,undertow-io_undertow,HttpStringTestCase.testCompareShorterFirst,5,non-flaky,5,0.9525,5,0.9514,True,True,False,False,190,215
135028,undertow-io_undertow,HttpStringTestCase.testCompare,5,non-flaky,5,0.9525,5,0.9511,True,True,False,False,179,204
135029,undertow-io_undertow,HttpStringTestCase.testSerialization,5,non-flaky,5,0.9521,5,0.949,True,True,False,True,188,228
135030,undertow-io_undertow,DateUtilsTestCase.testParseFirefoxDate,5,non-flaky,5,0.9503,5,0.941,True,True,False,True,198,250
135031,undertow-io_undertow,DateUtilsTestCase.testParseChromeDate,5,non-flaky,5,0.9504,5,0.9389,True,True,False,True,192,245
135032,undertow-io_undertow,DateUtilsTestCase.testParseIE9Date,5,non-flaky,5,0.9504,5,0.9399,True,True,False,True,205,253
135033,undertow-io_undertow,DateUtilsTestCase.testPerformance,5,non-flaky,5,0.9455,5,0.8815,True,True,False,True,302,397
135034,undertow-io_undertow,SubstringMapTestCase.testSubstringMap,5,non-flaky,5,0.9506,5,0.9399,True,True,False,True,512,512
135035,undertow-io_undertow,HeadersUtilsTestCase.testTokenExtraction,5,non-flaky,5,0.951,5,0.9524,True,True,False,False,76,89
135036,undertow-io_undertow,CanonicalPathUtilsTestCase.testCanonicalization,5,non-flaky,5,0.9528,5,0.9492,True,True,False,False,512,512
135037,undertow-io_undertow,CanonicalPathUtilsTestCase.testCanonicalizationBackslash,5,non-flaky,5,0.953,5,0.9489,True,True,False,False,512,512
135038,undertow-io_undertow,NetworkUtilsAddressParsingTestCase.testIpV4Address,5,non-flaky,5,0.9525,5,0.9477,True,True,False,True,397,462
135039,undertow-io_undertow,NetworkUtilsAddressParsingTestCase.testIpV4AddressWithLeadingZero,5,non-flaky,5,0.9504,5,0.951,True,True,False,False,69,77
135040,undertow-io_undertow,NetworkUtilsAddressParsingTestCase.testIpV4AddressToSmall,5,non-flaky,5,0.9502,5,0.9512,True,True,False,False,65,73
135041,undertow-io_undertow,NetworkUtilsAddressParsingTestCase.testIpV4AddressToLarge,5,non-flaky,5,0.9504,5,0.9514,True,True,False,False,69,77
135042,undertow-io_undertow,NetworkUtilsAddressParsingTestCase.testIpV4AddressMultipleDots,5,non-flaky,5,0.95,5,0.9507,True,True,False,False,66,74
135043,undertow-io_undertow,NetworkUtilsAddressParsingTestCase.testIpV4AddressMultipleDots2,5,non-flaky,5,0.95,5,0.9503,True,True,False,False,69,77
135044,undertow-io_undertow,NetworkUtilsAddressParsingTestCase.testIpV4Hostname,5,non-flaky,5,0.9509,5,0.952,True,True,False,False,60,68
135045,undertow-io_undertow,NetworkUtilsAddressParsingTestCase.testIpV4Hostname2,5,non-flaky,5,0.9502,5,0.9511,True,True,False,False,61,69
135046,undertow-io_undertow,NetworkUtilsAddressParsingTestCase.testIpV4AddressStartsWithDot,5,non-flaky,5,0.9504,5,0.9513,True,True,False,False,71,79
135047,undertow-io_undertow,NetworkUtilsAddressParsingTestCase.testIpv6Address,5,non-flaky,5,0.9519,5,0.9517,True,True,False,False,512,512
135048,undertow-io_undertow,NetworkUtilsAddressParsingTestCase.testIpV6AddressWithLeadingZero,5,non-flaky,5,0.9502,5,0.9512,True,True,False,False,81,89
135049,undertow-io_undertow,NetworkUtilsAddressParsingTestCase.testIpV6AddressToSmall,5,non-flaky,5,0.9502,5,0.951,True,True,False,False,77,85
135050,undertow-io_undertow,NetworkUtilsAddressParsingTestCase.testIpV6AddressToLarge,5,non-flaky,5,0.9504,5,0.9515,True,True,False,False,81,89
135051,undertow-io_undertow,NetworkUtilsAddressParsingTestCase.testIpV6AddressMultipleColons,5,non-flaky,5,0.9503,5,0.9511,True,True,False,False,80,91
135052,undertow-io_undertow,NetworkUtilsAddressParsingTestCase.testIpV6AddressMultipleColons2,5,non-flaky,5,0.9502,5,0.951,True,True,False,False,67,78
135053,undertow-io_undertow,NetworkUtilsAddressParsingTestCase.testIpV6Hostname,5,non-flaky,5,0.951,5,0.952,True,True,False,False,60,68
135054,undertow-io_undertow,NetworkUtilsAddressParsingTestCase.testIpV6Hostname2,5,non-flaky,5,0.9503,5,0.9511,True,True,False,False,61,69
135055,undertow-io_undertow,NetworkUtilsAddressParsingTestCase.testIpV6AddressStartsWithColon,5,non-flaky,5,0.9503,5,0.9515,True,True,False,False,83,91
135056,undertow-io_undertow,NodeStatusCodesTestCase.testCodeLookup,5,non-flaky,5,0.9509,5,0.9509,True,True,False,False,55,63
135057,undertow-io_undertow,ContentTypeParsingTestCase.testCharsetParsing,5,non-flaky,5,0.9532,5,0.949,True,True,False,False,468,508
135058,undertow-io_undertow,PathMatcherTestCase.testSimplePrefixCase,5,non-flaky,5,0.952,5,0.9506,True,True,False,True,512,512
135059,undertow-io_undertow,PathMatcherTestCase.testSimpleMatchCase,5,non-flaky,5,0.9525,5,0.9497,True,True,False,True,459,512
135060,undertow-io_undertow,PathMatcherTestCase.testSimpleDefaultCase,5,non-flaky,5,0.9531,5,0.9504,True,True,False,True,260,310
135061,undertow-io_undertow,PathMatcherTestCase.testDefaultFallthrough,5,non-flaky,5,0.9524,5,0.9504,True,True,False,True,512,512
135062,undertow-io_undertow,URLUtilsTestCase.testDecodingWithEncodedAndDecodedSlashAndSlashDecodingDisabled,5,non-flaky,5,0.9527,5,0.9497,True,True,False,True,164,185
135063,undertow-io_undertow,URLUtilsTestCase.testDecodingURLMustNotMutateSpaceSymbolsCaseIfSpaceDecodingDisabled,5,non-flaky,5,0.9525,5,0.9499,True,True,False,True,125,148
135064,undertow-io_undertow,URLUtilsTestCase.testIsAbsoluteUrlRecognizingAbsolutUrls,5,non-flaky,5,0.9525,5,0.9509,True,True,False,False,139,155
135065,undertow-io_undertow,URLUtilsTestCase.testIsAbsoluteUrlRecognizingAppUrls,5,non-flaky,5,0.9514,5,0.9509,True,True,False,False,112,124
135066,undertow-io_undertow,URLUtilsTestCase.testIsAbsoluteUrlRecognizingRelativeUrls,5,non-flaky,5,0.9522,5,0.9495,True,True,False,False,138,158
135067,undertow-io_undertow,URLUtilsTestCase.testIsAbsoluteUrlRecognizingEmptyOrNullAsRelative,5,non-flaky,5,0.9514,5,0.9518,True,True,False,False,79,91
135068,undertow-io_undertow,URLUtilsTestCase.testIsAbsoluteUrlIgnoresSyntaxErrorsAreNotAbsolute,5,non-flaky,5,0.9512,5,0.952,True,True,False,False,58,66
135069,undertow-io_undertow,CookiesTestCase.testParsingSetCookieHeaderV0,5,non-flaky,5,0.9517,5,0.9433,True,True,False,True,391,467
135070,undertow-io_undertow,CookiesTestCase.testParsingSetCookieHeaderV1,5,non-flaky,5,0.9526,5,0.9468,True,True,False,True,325,383
135071,undertow-io_undertow,CookiesTestCase.testInvalidCookie,5,non-flaky,5,0.9527,5,0.9457,True,True,False,True,458,512
135072,undertow-io_undertow,CookiesTestCase.testRequestCookieDomainPathVersion,5,non-flaky,5,0.9528,5,0.945,True,True,False,True,332,389
135073,undertow-io_undertow,CookiesTestCase.testMultipleRequestCookies,5,non-flaky,5,0.9529,5,0.946,True,True,False,True,400,473
135074,undertow-io_undertow,CookiesTestCase.testEqualsInValueNotAllowed,5,non-flaky,5,0.9529,5,0.948,True,True,False,True,216,248
135075,undertow-io_undertow,CookiesTestCase.testEmptyCookieNames,5,non-flaky,5,0.9527,5,0.9481,True,True,False,True,277,324
135076,undertow-io_undertow,CookiesTestCase.testEqualsInValueAllowed,5,non-flaky,5,0.9525,5,0.9502,True,True,False,True,154,174
135077,undertow-io_undertow,CookiesTestCase.testEqualsInValueAllowedInQuotedValue,5,non-flaky,5,0.9528,5,0.9481,True,True,False,True,247,287
135078,undertow-io_undertow,CookiesTestCase.testEqualsInValueNotAllowedInQuotedValue,5,non-flaky,5,0.9529,5,0.9486,True,True,False,True,248,288
135079,undertow-io_undertow,CookiesTestCase.testCommaSeparatedCookies,5,non-flaky,5,0.9527,5,0.9465,True,True,False,True,448,512
135080,undertow-io_undertow,CookiesTestCase.testSimpleJSONObjectInRequestCookies,5,non-flaky,5,0.9525,5,0.9451,True,True,False,True,489,512
162667,OpenAPITools_openapi-generator,StoreApiTest.deleteOrderTest,5,non-flaky,5,0.9517,5,0.9491,True,True,False,True,97,124
162668,OpenAPITools_openapi-generator,StoreApiTest.getInventoryTest,5,non-flaky,5,0.9522,5,0.9508,True,True,False,False,96,120
162669,OpenAPITools_openapi-generator,StoreApiTest.getOrderByIdTest,5,non-flaky,5,0.9522,5,0.9505,True,True,False,True,108,135
162670,OpenAPITools_openapi-generator,StoreApiTest.placeOrderTest,5,non-flaky,5,0.9521,5,0.9499,True,True,False,True,104,133
162671,OpenAPITools_openapi-generator,PetApiTest.addPetTest,5,non-flaky,5,0.9517,5,0.9506,True,True,False,True,95,123
162672,OpenAPITools_openapi-generator,PetApiTest.deletePetTest,5,non-flaky,5,0.9516,5,0.9495,True,True,False,True,114,143
162673,OpenAPITools_openapi-generator,PetApiTest.findPetsByStatusTest,5,non-flaky,5,0.952,5,0.9504,True,True,False,True,116,145
162674,OpenAPITools_openapi-generator,PetApiTest.findPetsByTagsTest,5,non-flaky,5,0.952,5,0.9504,True,True,False,True,116,145
162675,OpenAPITools_openapi-generator,PetApiTest.getPetByIdTest,5,non-flaky,5,0.9522,5,0.9505,True,True,False,True,108,135
162676,OpenAPITools_openapi-generator,PetApiTest.updatePetTest,5,non-flaky,5,0.9518,5,0.9503,True,True,False,True,95,123
162677,OpenAPITools_openapi-generator,PetApiTest.updatePetWithFormTest,5,non-flaky,5,0.9521,5,0.9486,True,True,False,True,131,166
162678,OpenAPITools_openapi-generator,PetApiTest.uploadFileTest,5,non-flaky,5,0.9521,5,0.948,True,True,False,True,161,191
162679,OpenAPITools_openapi-generator,UserApiTest.createUserTest,5,non-flaky,5,0.9517,5,0.9501,True,True,False,True,95,124
162680,OpenAPITools_openapi-generator,UserApiTest.createUsersWithArrayInputTest,5,non-flaky,5,0.952,5,0.95,True,True,False,True,104,132
162681,OpenAPITools_openapi-generator,UserApiTest.createUsersWithListInputTest,5,non-flaky,5,0.9519,5,0.9496,True,True,False,True,104,133
162682,OpenAPITools_openapi-generator,UserApiTest.deleteUserTest,5,non-flaky,5,0.9518,5,0.9496,True,True,False,True,95,124
162683,OpenAPITools_openapi-generator,UserApiTest.getUserByNameTest,5,non-flaky,5,0.9521,5,0.9504,True,True,False,True,108,137
162684,OpenAPITools_openapi-generator,UserApiTest.loginUserTest,5,non-flaky,5,0.952,5,0.9494,True,True,False,True,119,152
162685,OpenAPITools_openapi-generator,UserApiTest.logoutUserTest,5,non-flaky,5,0.9519,5,0.9503,True,True,False,False,82,106
162686,OpenAPITools_openapi-generator,UserApiTest.updateUserTest,5,non-flaky,5,0.952,5,0.9498,True,True,False,True,110,143
162687,OpenAPITools_openapi-generator,TypeHolderDefaultTest.testTypeHolderDefault,5,non-flaky,5,0.9508,5,0.9518,True,True,False,False,43,51
162688,OpenAPITools_openapi-generator,TypeHolderDefaultTest.stringItemTest,5,non-flaky,5,0.9506,5,0.9518,True,True,False,False,39,47
162689,OpenAPITools_openapi-generator,TypeHolderDefaultTest.numberItemTest,5,non-flaky,5,0.9506,5,0.9518,True,True,False,False,39,47
162690,OpenAPITools_openapi-generator,TypeHolderDefaultTest.integerItemTest,5,non-flaky,5,0.9506,5,0.9519,True,True,False,False,39,47
162691,OpenAPITools_openapi-generator,TypeHolderDefaultTest.boolItemTest,5,non-flaky,5,0.9504,5,0.952,True,True,False,False,39,47
162692,OpenAPITools_openapi-generator,TypeHolderDefaultTest.arrayItemTest,5,non-flaky,5,0.9507,5,0.9522,True,True,False,False,39,47
162693,OpenAPITools_openapi-generator,OuterEnumTest.testOuterEnum,5,non-flaky,5,0.9508,5,0.9519,True,True,False,False,42,50
162694,OpenAPITools_openapi-generator,ClassModelTest.testClassModel,5,non-flaky,5,0.9506,5,0.9521,True,True,False,False,39,47
162695,OpenAPITools_openapi-generator,ClassModelTest.propertyClassTest,5,non-flaky,5,0.9509,5,0.9525,True,True,False,False,39,47
162696,OpenAPITools_openapi-generator,ArrayTestTest.testArrayTest,5,non-flaky,5,0.9505,5,0.9521,True,True,False,False,39,47
162697,OpenAPITools_openapi-generator,ArrayTestTest.arrayOfStringTest,5,non-flaky,5,0.9511,5,0.9521,True,True,False,False,41,49
162698,OpenAPITools_openapi-generator,ArrayTestTest.arrayArrayOfIntegerTest,5,non-flaky,5,0.9512,5,0.9526,True,True,False,False,43,51
162699,OpenAPITools_openapi-generator,ArrayTestTest.arrayArrayOfModelTest,5,non-flaky,5,0.951,5,0.9524,True,True,False,False,43,51
162700,OpenAPITools_openapi-generator,CatTest.testCat,5,non-flaky,5,0.9507,5,0.952,True,True,False,False,37,45
162701,OpenAPITools_openapi-generator,CatTest.classNameTest,5,non-flaky,5,0.9509,5,0.9523,True,True,False,False,39,47
162702,OpenAPITools_openapi-generator,CatTest.colorTest,5,non-flaky,5,0.9508,5,0.9521,True,True,False,False,37,45
162703,OpenAPITools_openapi-generator,CatTest.declawedTest,5,non-flaky,5,0.9508,5,0.9524,True,True,False,False,39,47
162704,OpenAPITools_openapi-generator,XmlItemTest.testXmlItem,5,non-flaky,5,0.9499,5,0.9511,True,True,False,False,41,49
162705,OpenAPITools_openapi-generator,XmlItemTest.attributeStringTest,5,non-flaky,5,0.9506,5,0.9519,True,True,False,False,39,47
162706,OpenAPITools_openapi-generator,XmlItemTest.attributeNumberTest,5,non-flaky,5,0.9507,5,0.952,True,True,False,False,39,47
162707,OpenAPITools_openapi-generator,XmlItemTest.attributeIntegerTest,5,non-flaky,5,0.9505,5,0.9517,True,True,False,False,39,47
162708,OpenAPITools_openapi-generator,XmlItemTest.attributeBooleanTest,5,non-flaky,5,0.9509,5,0.9516,True,True,False,False,41,49
162709,OpenAPITools_openapi-generator,XmlItemTest.wrappedArrayTest,5,non-flaky,5,0.9508,5,0.9526,True,True,False,False,39,47
162710,OpenAPITools_openapi-generator,XmlItemTest.nameStringTest,5,non-flaky,5,0.9508,5,0.9522,True,True,False,False,39,47
162711,OpenAPITools_openapi-generator,XmlItemTest.nameNumberTest,5,non-flaky,5,0.9509,5,0.9523,True,True,False,False,39,47
162712,OpenAPITools_openapi-generator,XmlItemTest.nameIntegerTest,5,non-flaky,5,0.9504,5,0.9519,True,True,False,False,39,47
162713,OpenAPITools_openapi-generator,XmlItemTest.nameBooleanTest,5,non-flaky,5,0.9503,5,0.9515,True,True,False,False,41,49
162714,OpenAPITools_openapi-generator,XmlItemTest.nameArrayTest,5,non-flaky,5,0.9506,5,0.9522,True,True,False,False,39,47
162715,OpenAPITools_openapi-generator,XmlItemTest.nameWrappedArrayTest,5,non-flaky,5,0.9505,5,0.952,True,True,False,False,43,51
162716,OpenAPITools_openapi-generator,XmlItemTest.prefixStringTest,5,non-flaky,5,0.9505,5,0.9521,True,True,False,False,39,47
162717,OpenAPITools_openapi-generator,XmlItemTest.prefixNumberTest,5,non-flaky,5,0.9505,5,0.9521,True,True,False,False,39,47
162718,OpenAPITools_openapi-generator,XmlItemTest.prefixIntegerTest,5,non-flaky,5,0.9502,5,0.9519,True,True,False,False,39,47
162719,OpenAPITools_openapi-generator,XmlItemTest.prefixBooleanTest,5,non-flaky,5,0.9505,5,0.9516,True,True,False,False,41,49
162720,OpenAPITools_openapi-generator,XmlItemTest.prefixArrayTest,5,non-flaky,5,0.9503,5,0.952,True,True,False,False,39,47
162721,OpenAPITools_openapi-generator,XmlItemTest.prefixWrappedArrayTest,5,non-flaky,5,0.9505,5,0.9519,True,True,False,False,43,51
162722,OpenAPITools_openapi-generator,XmlItemTest.namespaceStringTest,5,non-flaky,5,0.9503,5,0.9519,True,True,False,False,39,47
162723,OpenAPITools_openapi-generator,XmlItemTest.namespaceNumberTest,5,non-flaky,5,0.9506,5,0.9522,True,True,False,False,39,47
162724,OpenAPITools_openapi-generator,XmlItemTest.namespaceIntegerTest,5,non-flaky,5,0.95,5,0.9518,True,True,False,False,39,47
162725,OpenAPITools_openapi-generator,XmlItemTest.namespaceBooleanTest,5,non-flaky,5,0.9503,5,0.9517,True,True,False,False,41,49
162726,OpenAPITools_openapi-generator,XmlItemTest.namespaceArrayTest,5,non-flaky,5,0.9504,5,0.9522,True,True,False,False,39,47
162727,OpenAPITools_openapi-generator,XmlItemTest.namespaceWrappedArrayTest,5,non-flaky,5,0.9504,5,0.952,True,True,False,False,43,51
162728,OpenAPITools_openapi-generator,XmlItemTest.prefixNamespaceStringTest,5,non-flaky,5,0.9499,5,0.9514,True,True,False,False,43,51
162729,OpenAPITools_openapi-generator,XmlItemTest.prefixNamespaceNumberTest,5,non-flaky,5,0.9499,5,0.9513,True,True,False,False,43,51
162730,OpenAPITools_openapi-generator,XmlItemTest.prefixNamespaceIntegerTest,5,non-flaky,5,0.9494,5,0.9504,True,True,False,False,43,51
162731,OpenAPITools_openapi-generator,XmlItemTest.prefixNamespaceBooleanTest,5,non-flaky,5,0.9494,5,0.9505,True,True,False,False,45,53
162732,OpenAPITools_openapi-generator,XmlItemTest.prefixNamespaceArrayTest,5,non-flaky,5,0.9497,5,0.9511,True,True,False,False,43,51
162733,OpenAPITools_openapi-generator,XmlItemTest.prefixNamespaceWrappedArrayTest,5,non-flaky,5,0.9492,5,0.9495,True,True,False,False,47,55
162734,OpenAPITools_openapi-generator,OuterCompositeTest.testOuterComposite,5,non-flaky,5,0.9507,5,0.9519,True,True,False,False,44,52
162735,OpenAPITools_openapi-generator,OuterCompositeTest.myNumberTest,5,non-flaky,5,0.9504,5,0.9522,True,True,False,False,39,47
162736,OpenAPITools_openapi-generator,OuterCompositeTest.myStringTest,5,non-flaky,5,0.9504,5,0.9521,True,True,False,False,39,47
162737,OpenAPITools_openapi-generator,OuterCompositeTest.myBooleanTest,5,non-flaky,5,0.9505,5,0.9519,True,True,False,False,41,49
162738,OpenAPITools_openapi-generator,ModelApiResponseTest.testModelApiResponse,5,non-flaky,5,0.9506,5,0.9518,True,True,False,False,43,51
162739,OpenAPITools_openapi-generator,ModelApiResponseTest.codeTest,5,non-flaky,5,0.95,5,0.951,True,True,False,False,37,45
162740,OpenAPITools_openapi-generator,ModelApiResponseTest.typeTest,5,non-flaky,5,0.9508,5,0.9515,True,True,False,False,37,45
162741,OpenAPITools_openapi-generator,ModelApiResponseTest.messageTest,5,non-flaky,5,0.9501,5,0.9516,True,True,False,False,37,45
162742,OpenAPITools_openapi-generator,CategoryTest.testCategory,5,non-flaky,5,0.9507,5,0.9512,True,True,False,False,37,45
162743,OpenAPITools_openapi-generator,CategoryTest.idTest,5,non-flaky,5,0.9505,5,0.9514,True,True,False,False,37,45
162744,OpenAPITools_openapi-generator,CategoryTest.nameTest,5,non-flaky,5,0.9503,5,0.9513,True,True,False,False,37,45
162745,OpenAPITools_openapi-generator,NameTest.testName,5,non-flaky,5,0.9506,5,0.9514,True,True,False,False,37,45
162746,OpenAPITools_openapi-generator,NameTest.nameTest,5,non-flaky,5,0.9503,5,0.9513,True,True,False,False,37,45
162747,OpenAPITools_openapi-generator,NameTest.snakeCaseTest,5,non-flaky,5,0.9509,5,0.9525,True,True,False,False,39,47
162748,OpenAPITools_openapi-generator,NameTest.propertyTest,5,non-flaky,5,0.9507,5,0.9515,True,True,False,False,37,45
162749,OpenAPITools_openapi-generator,NameTest._123numberTest,5,non-flaky,5,0.9506,5,0.9514,True,True,False,False,41,49
162750,OpenAPITools_openapi-generator,AdditionalPropertiesBooleanTest.testAdditionalPropertiesBoolean,5,non-flaky,5,0.9509,5,0.9518,True,True,False,False,45,53
162751,OpenAPITools_openapi-generator,AdditionalPropertiesBooleanTest.nameTest,5,non-flaky,5,0.9503,5,0.9513,True,True,False,False,37,45
162752,OpenAPITools_openapi-generator,CatAllOfTest.testCatAllOf,5,non-flaky,5,0.9511,5,0.9517,True,True,False,False,41,49
162753,OpenAPITools_openapi-generator,CatAllOfTest.declawedTest,5,non-flaky,5,0.9508,5,0.9524,True,True,False,False,39,47
162754,OpenAPITools_openapi-generator,FileSchemaTestClassTest.testFileSchemaTestClass,5,non-flaky,5,0.9502,5,0.9513,True,True,False,False,45,53
162755,OpenAPITools_openapi-generator,FileSchemaTestClassTest.fileTest,5,non-flaky,5,0.9505,5,0.9518,True,True,False,False,37,45
162756,OpenAPITools_openapi-generator,FileSchemaTestClassTest.filesTest,5,non-flaky,5,0.9506,5,0.9511,True,True,False,False,37,45
162757,OpenAPITools_openapi-generator,AdditionalPropertiesIntegerTest.testAdditionalPropertiesInteger,5,non-flaky,5,0.9508,5,0.9518,True,True,False,False,43,51
162758,OpenAPITools_openapi-generator,AdditionalPropertiesIntegerTest.nameTest,5,non-flaky,5,0.9503,5,0.9513,True,True,False,False,37,45
162759,OpenAPITools_openapi-generator,AdditionalPropertiesObjectTest.testAdditionalPropertiesObject,5,non-flaky,5,0.9505,5,0.9519,True,True,False,False,43,51
162760,OpenAPITools_openapi-generator,AdditionalPropertiesObjectTest.nameTest,5,non-flaky,5,0.9503,5,0.9513,True,True,False,False,37,45
162761,OpenAPITools_openapi-generator,ReadOnlyFirstTest.testReadOnlyFirst,5,non-flaky,5,0.9511,5,0.9519,True,True,False,False,41,49
162762,OpenAPITools_openapi-generator,ReadOnlyFirstTest.barTest,5,non-flaky,5,0.9505,5,0.9515,True,True,False,False,37,45
162763,OpenAPITools_openapi-generator,ReadOnlyFirstTest.bazTest,5,non-flaky,5,0.9509,5,0.9524,True,True,False,False,39,47
162764,OpenAPITools_openapi-generator,EnumTestTest.testEnumTest,5,non-flaky,5,0.9508,5,0.9516,True,True,False,False,41,49
162765,OpenAPITools_openapi-generator,EnumTestTest.enumStringTest,5,non-flaky,5,0.9506,5,0.952,True,True,False,False,39,47
162766,OpenAPITools_openapi-generator,EnumTestTest.enumStringRequiredTest,5,non-flaky,5,0.9508,5,0.9516,True,True,False,False,41,49
175737,GoogleCloudPlatform_google-cloud-eclipse,MultipleConnectionsTest.testDefaultSettings,5,non-flaky,5,0.9481,5,0.9494,True,True,False,True,99,121
175738,GoogleCloudPlatform_google-cloud-eclipse,MultipleConnectionsTest.testDefaultBehaviour,5,non-flaky,5,0.9493,5,0.9446,True,True,False,True,125,162
175739,GoogleCloudPlatform_google-cloud-eclipse,MultipleConnectionsTest.testSingleConnectionBehaviour,5,non-flaky,5,0.9496,5,0.9445,True,True,False,True,140,183
175740,GoogleCloudPlatform_google-cloud-eclipse,MultipleConnectionsTest.testTwoConnectionsBehaviour,5,non-flaky,5,0.9493,5,0.9425,True,True,False,True,141,182
175741,GoogleCloudPlatform_google-cloud-eclipse,MultipleConnectionsTest.testUnlimitedConnectionsBehaviour,5,non-flaky,5,0.9497,5,0.9405,True,True,False,True,155,199
175742,GoogleCloudPlatform_google-cloud-eclipse,MessagesTest.testCloudSdkNotConfigured,5,non-flaky,5,0.9491,5,0.9496,True,True,False,False,51,61
175743,GoogleCloudPlatform_google-cloud-eclipse,MessagesTest.testSpecifyVersionTooltip,5,non-flaky,5,0.9523,5,0.951,True,True,False,False,96,118
175744,GoogleCloudPlatform_google-cloud-eclipse,AppEngineDeployPreferencesPanelTest.testAutoSelectSingleAccount,5,non-flaky,5,0.9524,5,0.9491,True,True,False,False,176,224
175745,GoogleCloudPlatform_google-cloud-eclipse,AppEngineDeployPreferencesPanelTest.testAutoSelectSingleAccount_loadGcpProjects,5,non-flaky,5,0.9515,5,0.9479,True,True,False,False,160,203
175746,GoogleCloudPlatform_google-cloud-eclipse,AppEngineDeployPreferencesPanelTest.testValidationMessageWhenNotSignedIn,5,non-flaky,5,0.9491,5,0.9507,True,True,False,True,76,95
175747,GoogleCloudPlatform_google-cloud-eclipse,AppEngineDeployPreferencesPanelTest.testValidationMessageWhenSignedIn,5,non-flaky,5,0.9509,5,0.9505,True,True,False,False,117,148
175748,GoogleCloudPlatform_google-cloud-eclipse,AppEngineDeployPreferencesPanelTest.testUncheckStopPreviousVersionButtonWhenDisabled,5,non-flaky,5,0.9514,5,0.9404,True,True,False,True,429,512
175749,GoogleCloudPlatform_google-cloud-eclipse,AppEngineDeployPreferencesPanelTest.testProjectSavedInPreferencesSelected,5,non-flaky,5,0.9523,5,0.9476,True,True,False,False,317,396
175750,GoogleCloudPlatform_google-cloud-eclipse,AppEngineDeployPreferencesPanelTest.testProjectNotSelectedIsAnErrorWhenRequireValuesIsTrue,5,non-flaky,5,0.9457,5,0.948,True,True,False,False,71,85
175751,GoogleCloudPlatform_google-cloud-eclipse,AppEngineDeployPreferencesPanelTest.testProjectNotSelectedIsNotAnErrorWhenRequireValuesIsFalse,5,non-flaky,5,0.9454,5,0.948,True,True,False,False,72,86
175752,GoogleCloudPlatform_google-cloud-eclipse,AppEngineDeployPreferencesPanelTest.testProjectsExistThenNoProjectNotFoundError,5,non-flaky,5,0.9511,5,0.9486,True,True,False,False,139,173
175753,GoogleCloudPlatform_google-cloud-eclipse,AppEngineDeployPreferencesPanelTest.testRefreshProjectsForSelectedCredential,5,non-flaky,5,0.9524,5,0.948,True,True,False,False,274,342
175754,GoogleCloudPlatform_google-cloud-eclipse,AppEngineDeployPreferencesPanelTest.testRefreshProjectsForSelectedCredential_switchAccounts,5,non-flaky,5,0.952,5,0.9476,True,True,False,True,308,386
175755,GoogleCloudPlatform_google-cloud-eclipse,AppEngineDeployPreferencesPanelTest.testNoProjectSelectedWhenSwitchingAccounts,5,non-flaky,5,0.9525,5,0.9467,True,True,False,False,245,327
175756,GoogleCloudPlatform_google-cloud-eclipse,PluginXmlTest.testLimitedVisibility,5,non-flaky,5,0.9531,5,0.9473,True,True,False,True,339,422
175757,GoogleCloudPlatform_google-cloud-eclipse,GcpProjectQueryJobTest.testNullCredential,5,non-flaky,5,0.9495,5,0.9516,True,True,False,False,72,86
175758,GoogleCloudPlatform_google-cloud-eclipse,GcpProjectQueryJobTest.testRun_setsProjects,5,non-flaky,5,0.9511,5,0.9486,True,True,False,False,113,148
175759,GoogleCloudPlatform_google-cloud-eclipse,GcpProjectQueryJobTest.testRun_abandonIfDisposed,5,non-flaky,5,0.9506,5,0.9491,True,True,False,False,108,144
175760,GoogleCloudPlatform_google-cloud-eclipse,GcpProjectQueryJobTest.testRun_abandonIfNotLatestJob,5,non-flaky,5,0.9516,5,0.9496,True,True,False,False,116,156
175761,GoogleCloudPlatform_google-cloud-eclipse,GcpProjectQueryJobTest.testRun_abandonStaleJob,5,non-flaky,5,0.952,5,0.9414,True,True,False,True,374,466
175762,GoogleCloudPlatform_google-cloud-eclipse,BlankDeployPreferencesPanelTest.testGetHelpContextId,5,non-flaky,5,0.9443,5,0.9489,True,True,False,False,47,57
175763,GoogleCloudPlatform_google-cloud-eclipse,DeployPropertyPageTest.testCorrectPanelIsShownForFacetedProject,5,non-flaky,5,0.9522,5,0.9468,True,True,False,True,310,389
175764,GoogleCloudPlatform_google-cloud-eclipse,StandardDeployPreferencesPanelTest.testGetHelpContextId,5,non-flaky,5,0.9516,5,0.9471,True,True,False,True,179,224
175765,GoogleCloudPlatform_google-cloud-eclipse,FlexDeployPreferencesPanelTest.testGetHelpContextId,5,non-flaky,5,0.9502,5,0.9491,True,True,False,True,99,126
175766,GoogleCloudPlatform_google-cloud-eclipse,FlexDeployPreferencesPanelTest.testDefaultAppYamlPathSet,5,non-flaky,5,0.9504,5,0.9508,True,True,False,True,109,131
175767,GoogleCloudPlatform_google-cloud-eclipse,FlexDeployPreferencesPanelTest.testAppYamlPathValidation_nonExistingAppYaml,5,non-flaky,5,0.9497,5,0.9507,True,True,False,True,109,132
175768,GoogleCloudPlatform_google-cloud-eclipse,FlexDeployPreferencesPanelTest.testAppYamlPathValidation_noValidationIfRequireValuesIsFalse,5,non-flaky,5,0.9496,5,0.9503,True,True,False,True,109,130
175769,GoogleCloudPlatform_google-cloud-eclipse,FlexDeployPreferencesPanelTest.testAppYamlPathValidation_absolutePathWorks,5,non-flaky,5,0.9507,5,0.9467,True,True,False,True,145,180
175770,GoogleCloudPlatform_google-cloud-eclipse,FlexDeployPreferencesDialogTest.testFlexPricingLabel,5,non-flaky,5,0.9487,5,0.9495,True,True,False,True,88,113
175771,GoogleCloudPlatform_google-cloud-eclipse,AppYamlValidatorTest.testContructor_nonAbsoluteBasePath,5,non-flaky,5,0.9515,5,0.9512,True,True,False,False,134,168
175772,GoogleCloudPlatform_google-cloud-eclipse,AppYamlValidatorTest.testValidate_relativePathAndNoAppYaml,5,non-flaky,5,0.9482,5,0.9497,True,True,False,True,109,136
175773,GoogleCloudPlatform_google-cloud-eclipse,AppYamlValidatorTest.testValidate_absolutePathAndNoAppYaml,5,non-flaky,5,0.9499,5,0.9491,True,True,False,True,124,153
175774,GoogleCloudPlatform_google-cloud-eclipse,AppYamlValidatorTest.testValidate_relativePathAndInvalidFileName,5,non-flaky,5,0.9513,5,0.9498,True,True,False,False,151,186
175775,GoogleCloudPlatform_google-cloud-eclipse,AppYamlValidatorTest.testValidate_absolutePathInvalidFileName,5,non-flaky,5,0.9514,5,0.9497,True,True,False,True,165,203
175776,GoogleCloudPlatform_google-cloud-eclipse,AppYamlValidatorTest.testValidate_relativePathNotFile,5,non-flaky,5,0.9511,5,0.9496,True,True,False,False,138,173
175777,GoogleCloudPlatform_google-cloud-eclipse,AppYamlValidatorTest.testValidate_absolutePathNotFile,5,non-flaky,5,0.9517,5,0.9487,True,True,False,True,153,196
175778,GoogleCloudPlatform_google-cloud-eclipse,AppYamlValidatorTest.testValidate_relativePathWithAppYaml,5,non-flaky,5,0.9483,5,0.9503,True,True,False,True,105,133
175779,GoogleCloudPlatform_google-cloud-eclipse,AppYamlValidatorTest.testValidate_absolutePathWithAppYaml,5,non-flaky,5,0.9509,5,0.95,True,True,False,True,125,151
175780,GoogleCloudPlatform_google-cloud-eclipse,AppYamlValidatorTest.testValidateRuntime_javaRuntime,5,non-flaky,5,0.9503,5,0.9511,True,True,False,True,88,103
175781,GoogleCloudPlatform_google-cloud-eclipse,AppYamlValidatorTest.testValidateRuntime_malformedAppYaml,5,non-flaky,5,0.9498,5,0.9504,True,True,False,True,128,147
175782,GoogleCloudPlatform_google-cloud-eclipse,AppYamlValidatorTest.testValidateRuntime_noRuntime,5,non-flaky,5,0.9504,5,0.9507,True,True,False,True,125,144
175783,GoogleCloudPlatform_google-cloud-eclipse,AppYamlValidatorTest.testValidateRuntime_nullRuntime,5,non-flaky,5,0.9501,5,0.9507,True,True,False,True,124,143
175784,GoogleCloudPlatform_google-cloud-eclipse,AppYamlValidatorTest.testValidateRuntime_notJavaRuntime,5,non-flaky,5,0.9509,5,0.951,True,True,False,True,126,145
175785,GoogleCloudPlatform_google-cloud-eclipse,AppYamlValidatorTest.testValidateRuntime_customRuntime,5,non-flaky,5,0.9511,5,0.9504,True,True,False,True,132,155
175786,GoogleCloudPlatform_google-cloud-eclipse,AppYamlValidatorTest.testValidateRuntime_ioException,5,non-flaky,5,0.9487,5,0.9506,True,True,False,True,109,128
175787,GoogleCloudPlatform_google-cloud-eclipse,AppEngineApplicationQueryJobTest.testRun_projectHasNoApplication,5,non-flaky,5,0.9519,5,0.9487,True,True,False,False,249,318
175788,GoogleCloudPlatform_google-cloud-eclipse,AppEngineApplicationQueryJobTest.testRun_projectHasApplication,5,non-flaky,5,0.952,5,0.9492,True,True,False,True,179,234
175789,GoogleCloudPlatform_google-cloud-eclipse,AppEngineApplicationQueryJobTest.testRun_queryError,5,non-flaky,5,0.9503,5,0.9471,True,True,False,False,168,221
175790,GoogleCloudPlatform_google-cloud-eclipse,AppEngineApplicationQueryJobTest.testRun_abandonIfDisposed,5,non-flaky,5,0.9512,5,0.9479,True,True,False,False,156,200
175791,GoogleCloudPlatform_google-cloud-eclipse,AppEngineApplicationQueryJobTest.testRun_abandonIfNotLatestJob,5,non-flaky,5,0.9519,5,0.9491,True,True,False,False,166,214
175792,GoogleCloudPlatform_google-cloud-eclipse,AppEngineApplicationQueryJobTest.testRun_abandonIfProjectSelectorHasNoSelection,5,non-flaky,5,0.9514,5,0.949,True,True,False,False,168,216
175793,GoogleCloudPlatform_google-cloud-eclipse,AppEngineApplicationQueryJobTest.testRun_abandonStaleJob,5,non-flaky,5,0.9513,5,0.9445,True,True,False,True,501,512
175794,GoogleCloudPlatform_google-cloud-eclipse,RelativeFileFieldSetterTest.testConstructor_nonAbsoluteBasePath,5,non-flaky,5,0.9496,5,0.9508,True,True,False,False,81,103
175795,GoogleCloudPlatform_google-cloud-eclipse,RelativeFileFieldSetterTest.testFileDialogCanceled,5,non-flaky,5,0.9507,5,0.9504,True,True,False,False,99,126
175796,GoogleCloudPlatform_google-cloud-eclipse,RelativeFileFieldSetterTest.testSetField,5,non-flaky,5,0.9501,5,0.9502,True,True,False,False,106,133
175797,GoogleCloudPlatform_google-cloud-eclipse,RelativeFileFieldSetterTest.testSetField_userSuppliesPathOutsideBase,5,non-flaky,5,0.949,5,0.9493,True,True,False,False,121,148
175798,GoogleCloudPlatform_google-cloud-eclipse,RelativeFileFieldSetterTest.testFileDialogFilterSet_relativePathInField,5,non-flaky,5,0.9509,5,0.9463,True,True,False,False,188,236
175799,GoogleCloudPlatform_google-cloud-eclipse,RelativeFileFieldSetterTest.testFileDialogFilterSet_absolutePathInField,5,non-flaky,5,0.9509,5,0.9466,True,True,False,False,192,240
175800,GoogleCloudPlatform_google-cloud-eclipse,ProjectSelectorSelectionChangedListenerTest.testSelectionChanged_emptySelection,5,non-flaky,5,0.9489,5,0.9504,True,True,False,False,70,88
175801,GoogleCloudPlatform_google-cloud-eclipse,ProjectSelectorSelectionChangedListenerTest.testSelectionChanged_repositoryException,5,non-flaky,5,0.9488,5,0.9475,True,True,False,False,178,221
175802,GoogleCloudPlatform_google-cloud-eclipse,ProjectSelectorSelectionChangedListenerTest.testSelectionChanged_noAppEngineApplication,5,non-flaky,5,0.9488,5,0.948,True,True,False,False,185,228
175803,GoogleCloudPlatform_google-cloud-eclipse,ProjectSelectorSelectionChangedListenerTest.testSelectionChanged_hasAppEngineApplication,5,non-flaky,5,0.9507,5,0.9486,True,True,False,False,136,175
175804,GoogleCloudPlatform_google-cloud-eclipse,ProjectSelectorSelectionChangedListenerTest.testSelectionChanged_doNotRunQueryJobIfCached,5,non-flaky,5,0.9494,5,0.9467,True,True,False,True,161,195
175805,GoogleCloudPlatform_google-cloud-eclipse,ProjectSelectorSelectionChangedListenerTest.testSelectionChanged_whenCachedResultIsNoAppEngineApplication,5,non-flaky,5,0.9486,5,0.9482,True,True,False,True,197,236
175806,GoogleCloudPlatform_google-cloud-eclipse,ProjectSelectorSelectionChangedListenerTest.testSelectionChanged_changeSelectedProject,5,non-flaky,5,0.9503,5,0.9415,True,True,False,True,387,488
175807,GoogleCloudPlatform_google-cloud-eclipse,MessagesTest.testUrlOpenErrorDialogTitle,5,non-flaky,5,0.9435,5,0.9444,True,True,False,False,47,57
175808,GoogleCloudPlatform_google-cloud-eclipse,MessagesTest.testUrlOpenErrorDialogMessage,5,non-flaky,5,0.9443,5,0.9447,True,True,False,False,50,60
175809,GoogleCloudPlatform_google-cloud-eclipse,MessagesTest.testInvalidUrlErrorMessage,5,non-flaky,5,0.9512,5,0.9506,True,True,False,False,68,82
175810,GoogleCloudPlatform_google-cloud-eclipse,SharedImagesTest.testCreateRefreshIcon,5,non-flaky,5,0.9466,5,0.9493,True,True,False,False,52,62
175811,GoogleCloudPlatform_google-cloud-eclipse,PluginXmlTest.testExtensionPoint,5,non-flaky,5,0.9531,5,0.9495,True,True,False,True,238,292
175812,GoogleCloudPlatform_google-cloud-eclipse,FontUtilTest.testConvertFontToBold,5,non-flaky,5,0.9516,5,0.9485,True,True,False,True,163,202
175813,GoogleCloudPlatform_google-cloud-eclipse,FontUtilTest.testConvertFontToItalic,5,non-flaky,5,0.9516,5,0.9482,True,True,False,True,165,204
175814,GoogleCloudPlatform_google-cloud-eclipse,OpenUriSelectionListenerTest.testWidgetSelected_InvalidURI,5,non-flaky,5,0.9442,5,0.95,True,True,False,True,116,142
175815,GoogleCloudPlatform_google-cloud-eclipse,OpenUriSelectionListenerTest.testWidgetDefaultSelected_InvalidURI,5,non-flaky,5,0.9439,5,0.9495,True,True,False,True,118,143
175816,GoogleCloudPlatform_google-cloud-eclipse,OpenUriSelectionListenerTest.testWidgetSelected_MalformedURL,5,non-flaky,5,0.9446,5,0.9497,True,True,False,True,118,143
175817,GoogleCloudPlatform_google-cloud-eclipse,OpenUriSelectionListenerTest.testWidgetDefaultSelected_MalformedURL,5,non-flaky,5,0.9442,5,0.9493,True,True,False,True,120,146
175818,GoogleCloudPlatform_google-cloud-eclipse,OpenUriSelectionListenerTest.testWidgetSelected_errorInvokingBrowser,5,non-flaky,5,0.9436,5,0.9466,True,True,False,True,148,177
175819,GoogleCloudPlatform_google-cloud-eclipse,OpenUriSelectionListenerTest.testWidgetDefaultSelected_errorInvokingBrowser,5,non-flaky,5,0.9453,5,0.9454,True,True,False,True,157,191
175820,GoogleCloudPlatform_google-cloud-eclipse,OpenUriSelectionListenerTest.testWidgetSelected_successful,5,non-flaky,5,0.9486,5,0.9493,True,True,False,False,170,201
175821,GoogleCloudPlatform_google-cloud-eclipse,OpenUriSelectionListenerTest.testWidgetDefaultSelected_successful,5,non-flaky,5,0.949,5,0.9485,True,True,False,False,179,214
175822,GoogleCloudPlatform_google-cloud-eclipse,BooleanConverterTest.testNegate,5,non-flaky,5,0.9519,5,0.9522,True,True,False,False,72,86
175823,GoogleCloudPlatform_google-cloud-eclipse,BucketNameValidatorTest.testValidation_nonStringInput,5,non-flaky,5,0.9491,5,0.9498,True,True,False,True,79,97
175824,GoogleCloudPlatform_google-cloud-eclipse,BucketNameValidatorTest.testValidation_emptyString,5,non-flaky,5,0.946,5,0.9487,True,True,False,False,47,57
175825,GoogleCloudPlatform_google-cloud-eclipse,BucketNameValidatorTest.testValidation_upperCaseLetter,5,non-flaky,5,0.9413,5,0.9443,True,True,False,True,104,123
175826,GoogleCloudPlatform_google-cloud-eclipse,BucketNameValidatorTest.testValidation_startWithDot,5,non-flaky,5,0.9448,5,0.948,True,True,False,False,52,62
175827,GoogleCloudPlatform_google-cloud-eclipse,BucketNameValidatorTest.testValidation_endWithDot,5,non-flaky,5,0.9436,5,0.9468,True,True,False,False,52,62
175828,GoogleCloudPlatform_google-cloud-eclipse,BucketNameValidatorTest.testValidation_startWithHyphen,5,non-flaky,5,0.9445,5,0.9473,True,True,False,False,52,62
175829,GoogleCloudPlatform_google-cloud-eclipse,BucketNameValidatorTest.testValidation_endWithHyphen,5,non-flaky,5,0.9442,5,0.9475,True,True,False,False,52,62
175830,GoogleCloudPlatform_google-cloud-eclipse,BucketNameValidatorTest.testValidation_startWithUnderscore,5,non-flaky,5,0.9427,5,0.9463,True,True,False,False,53,63
175831,GoogleCloudPlatform_google-cloud-eclipse,BucketNameValidatorTest.testValidation_endWithUnderscore,5,non-flaky,5,0.9427,5,0.946,True,True,False,False,53,63
175832,GoogleCloudPlatform_google-cloud-eclipse,BucketNameValidatorTest.testValidation_maxLengthWithoutDot,5,non-flaky,5,0.9466,5,0.9486,True,True,False,False,54,64
175833,GoogleCloudPlatform_google-cloud-eclipse,BucketNameValidatorTest.testValidation_tooLongNameWithoutDot,5,non-flaky,5,0.943,5,0.9476,True,True,False,False,58,68
175834,GoogleCloudPlatform_google-cloud-eclipse,BucketNameValidatorTest.testValidation_validNameWithDot,5,non-flaky,5,0.9472,5,0.9496,True,True,False,False,60,70
175835,GoogleCloudPlatform_google-cloud-eclipse,BucketNameValidatorTest.testValidation_tooLongNameWithDot,5,non-flaky,5,0.9422,5,0.948,True,True,False,False,58,68
175836,GoogleCloudPlatform_google-cloud-eclipse,BucketNameValidatorTest.testValidation_maxLengthWithDot,5,non-flaky,5,0.9459,5,0.9483,True,True,False,False,54,64
