id,project,test_name,true_category,true_label,pred_original,conf_original,pred_renameonly,conf_renameonly,correct_original,correct_renameonly,flipped,identifiers_changed,tokens_original,tokens_renameonly
3,eclipse_xtext-core,RequestManagerTest.testRunWriteAfterRead,1,concurrency,0,0.5192,1,0.838,False,True,True,True,330,314
11,androidx_androidx,getNanoTime,2,time,2,0.8492,2,0.8129,True,True,False,True,146,147
13,androidx_androidx,testTimer_withListenerAndCleanUp,0,async wait,0,0.9342,0,0.9343,True,True,False,True,152,146
16,wildfly_wildfly,b19048b72669fc0e96665b1b125dc1fda21f5993.testFireObjectEvent,4,test order dependency,0,0.9322,0,0.9326,False,False,False,True,292,288
26,cloudfoundry_uaa,testMatchesSpeedTest,2,time,2,0.8635,2,0.863,True,True,False,True,284,284
29,wildfly_wildfly,b19048b72669fc0e96665b1b125dc1fda21f5993.testCreateSubcontext,4,test order dependency,4,0.9505,4,0.9505,True,True,False,False,85,85
35,wildfly_wildfly,b19048b72669fc0e96665b1b125dc1fda21f5993.testLookupContextLink,4,test order dependency,4,0.8896,4,0.7518,True,True,False,True,198,198
44,wildfly_wildfly,b19048b72669fc0e96665b1b125dc1fda21f5993.testLookupEmptyName,4,test order dependency,4,0.9479,4,0.947,True,True,False,True,165,169
50,wildfly_wildfly,b19048b72669fc0e96665b1b125dc1fda21f5993.testCompositeBindingOps,4,test order dependency,4,0.5119,4,0.5604,True,True,False,True,247,247
54,androidx_androidx,testGenerateCleanupCallback_deletesOldFinishedWork,2,time,4,0.534,4,0.5399,False,False,False,True,274,272
55,pholser_junit-quickcheck,ReflectionTest.findingAnnotationsRecursively,3,unordered collections,3,0.9462,3,0.9462,True,True,False,True,166,166
57,androidx_androidx,testMenuInvalidationAfterDestroy,0,async wait,0,0.9337,0,0.9337,True,True,False,True,190,193
58,wildfly_wildfly,b19048b72669fc0e96665b1b125dc1fda21f5993.testBindAndRetrieveObjectFactoryFromNamingContext,4,test order dependency,4,0.935,4,0.9372,True,True,False,True,112,114
61,graylog2_graylog2-server,indexCreationDateReturnsIndexCreationDateOfExistingIndexAsDateTime,2,time,2,0.8585,2,0.8596,True,True,False,True,142,141
62,wildfly_wildfly,b19048b72669fc0e96665b1b125dc1fda21f5993.testJavaContext,4,test order dependency,4,0.9498,4,0.9493,True,True,False,True,128,129
63,wildfly_wildfly,b19048b72669fc0e96665b1b125dc1fda21f5993.testLookupWithContinuation,4,test order dependency,4,0.9414,4,0.8899,True,True,False,True,204,204
65,wildfly_wildfly,b19048b72669fc0e96665b1b125dc1fda21f5993.testInitialFactory,4,test order dependency,4,0.9516,4,0.9503,True,True,False,True,178,176
68,androidx_androidx,testUnsubscribeWithSubscriptionCallbackForMultipleSubscriptions,0,async wait,0,0.9336,0,0.9336,True,True,False,False,512,512
71,androidx_androidx,testOneTimeWorkRequest_backedOff,2,time,2,0.8609,2,0.8609,True,True,False,False,319,319
74,wildfly_wildfly,b19048b72669fc0e96665b1b125dc1fda21f5993.testBind.2,4,test order dependency,4,0.8979,4,0.786,True,True,False,True,131,133
79,wildfly_wildfly,b19048b72669fc0e96665b1b125dc1fda21f5993.testRejectionEAP6,4,test order dependency,4,0.9499,4,0.9499,True,True,False,False,64,64
80,FasterXML_jackson-databind,TestGenerateJsonSchema.testUnwrapping,3,unordered collections,3,0.9474,3,0.9476,True,True,False,True,138,139
82,wildfly_wildfly,b19048b72669fc0e96665b1b125dc1fda21f5993.testLookupLink,4,test order dependency,4,0.9105,4,0.8948,True,True,False,True,317,316
83,square_okhttp,CallTest.legalToExecuteTwiceCloning_Async,0,async wait,0,0.9284,0,0.9291,True,True,False,True,171,174
84,ktuukkan_marine-api,af0003847db9ba822f67d4f1dceb8de3fe63250a.testSequenceListenerWithIncorrectOrder,4,test order dependency,4,0.9272,4,0.9272,True,True,False,False,126,126
88,togglz_togglz,ZookeeperStateRepositoryTest.testZkNodeChangesUpdateFeatureState,0,async wait,0,0.9313,0,0.9318,True,True,False,True,512,512
89,wildfly_wildfly,b19048b72669fc0e96665b1b125dc1fda21f5993.testLookupReference,4,test order dependency,4,0.942,4,0.9265,True,True,False,True,153,155
100,androidx_androidx,playbackRate,0,async wait,0,0.9335,0,0.9334,True,True,False,True,512,512
104,wildfly_wildfly,b19048b72669fc0e96665b1b125dc1fda21f5993.testListNameNotFound,4,test order dependency,4,0.9478,4,0.9478,True,True,False,False,158,158
113,vojtechhabarta_typescript-generator,EnumTest.testEnumAsEnum,3,unordered collections,3,0.9331,3,0.9313,True,True,False,True,216,218
124,spotify_docker-client,DefaultDockerClientTest.testListTaskWithCriteria,0,async wait,0,0.9315,0,0.9314,True,True,False,True,329,332
126,pholser_junit-quickcheck,ExhaustingAGivenSetButIncludingAnotherTest.manyParametersWithBooleanAndEnum,3,unordered collections,3,0.9421,3,0.9401,True,True,False,True,474,473
132,androidx_androidx,testInterruption,0,async wait,0,0.9235,0,0.9216,True,True,False,True,186,180
136,graylog2_graylog2-server,KafkaJournalTest.serverStatusUnthrottledIfJournalUtilizationIsLowerThanThreshold,1,concurrency,4,0.8511,4,0.8551,False,False,False,True,178,176
146,Alluxio_alluxio,FileSystemMasterIntegrationTest.lastModificationTimeAddCheckpointTest,2,time,2,0.8398,2,0.8365,True,True,False,True,133,124
147,pholser_junit-quickcheck,ExhaustingAGivenSetTest.manyParameters,3,unordered collections,3,0.8724,3,0.8724,True,True,False,False,122,122
149,wildfly_wildfly,b19048b72669fc0e96665b1b125dc1fda21f5993.testCompositeBindingUpdate,4,test order dependency,4,0.8056,4,0.8223,True,True,False,True,237,237
153,androidx_androidx,testOneTimeRequest_noInitialDelay_withConstraintNetworkConnected,2,time,2,0.8552,2,0.8552,True,True,False,False,344,344
156,opensource4you_astraea,MetricsTest.testBytes,1,concurrency,1,0.8705,1,0.7866,True,True,False,True,430,427
157,wildfly_wildfly,b19048b72669fc0e96665b1b125dc1fda21f5993.testStoredContext,4,test order dependency,4,0.5044,4,0.4777,True,True,False,True,512,512
158,wildfly_wildfly,b19048b72669fc0e96665b1b125dc1fda21f5993.testBindAndRetrieveObjectFactoryFromInitialContext,4,test order dependency,4,0.9472,4,0.9481,True,True,False,True,125,125
159,wildfly_wildfly,b19048b72669fc0e96665b1b125dc1fda21f5993.testFireOneLevelEvent,4,test order dependency,0,0.9331,0,0.9324,False,False,False,True,295,287
162,wildfly_wildfly,b19048b72669fc0e96665b1b125dc1fda21f5993.testLookupWitResolveResult,4,test order dependency,4,0.9443,4,0.9383,True,True,False,True,207,207
166,wildfly_wildfly,b19048b72669fc0e96665b1b125dc1fda21f5993.testRejectionEAP7,4,test order dependency,4,0.9499,4,0.9499,True,True,False,False,63,63
169,wildfly_wildfly,b19048b72669fc0e96665b1b125dc1fda21f5993.testBindNested,4,test order dependency,4,0.9321,4,0.8561,True,True,False,True,136,137
174,hwang-pku_ormlite-core,DatabaseFieldConfigTest.testFromDbField,3,unordered collections,3,0.8371,3,0.9155,True,True,False,True,119,121
178,salesforce_reactive-grpc,ChainedCallIntegrationTest.servicesCanCallOtherServices,1,concurrency,1,0.6674,1,0.6674,True,True,False,False,288,288
188,wildfly_wildfly,b19048b72669fc0e96665b1b125dc1fda21f5993.testLookupBindingUsingNestedContext,4,test order dependency,3,0.9443,3,0.9444,False,False,False,True,320,327
196,wildfly_wildfly,b19048b72669fc0e96665b1b125dc1fda21f5993.testBind,4,test order dependency,4,0.8048,4,0.9204,True,True,False,True,130,130
201,wildfly_wildfly,b19048b72669fc0e96665b1b125dc1fda21f5993.testLookupBinding.2.,4,test order dependency,4,0.6751,4,0.5037,True,True,False,True,108,109
204,ktuukkan_marine-api,af0003847db9ba822f67d4f1dceb8de3fe63250a.testCreateWithTwo,4,test order dependency,4,0.9467,4,0.9477,True,True,False,True,66,66
210,wildfly_wildfly,b19048b72669fc0e96665b1b125dc1fda21f5993.testBindReferenceable,4,test order dependency,4,0.9203,4,0.906,True,True,False,True,182,184
212,square_okhttp,HttpOverHttp2Test.recoverFromCancelReusesConnection,0,async wait,0,0.8967,0,0.9143,True,True,False,True,418,418
217,wildfly_wildfly,b19048b72669fc0e96665b1b125dc1fda21f5993.testFireAllEvent,4,test order dependency,0,0.9294,0,0.9294,False,False,False,False,363,363
219,graylog2_graylog2-server,KafkaJournalTest.serverStatusThrottledIfJournalUtilizationIsHigherThanThreshold,1,concurrency,4,0.8917,4,0.9071,False,False,False,True,196,194
220,wildfly_wildfly,b19048b72669fc0e96665b1b125dc1fda21f5993.testRebind,4,test order dependency,4,0.9033,4,0.9347,True,True,False,True,158,153
221,commercetools-project-sync,InventoryEntrySyncerTest.syncWithError_ShouldCallErrorCallback,4,test order dependency,1,0.7693,1,0.8765,False,False,False,True,440,428
223,wildfly_wildfly,b19048b72669fc0e96665b1b125dc1fda21f5993.testList,4,test order dependency,4,0.9485,4,0.946,True,True,False,True,106,108
225,Alluxio_alluxio,BlockMasterJournalIntegrationTest.journalBlockDeletion,0,async wait,4,0.6243,4,0.682,False,False,False,True,372,370
231,wildfly_wildfly,b19048b72669fc0e96665b1b125dc1fda21f5993.testListBindings,4,test order dependency,4,0.9494,4,0.9496,True,True,False,True,110,110
232,wildfly_wildfly,b19048b72669fc0e96665b1b125dc1fda21f5993.testListWithContinuation,4,test order dependency,4,0.7708,4,0.7725,True,True,False,True,145,147
244,kiwiproject_dropwizard-service-utilities,SystemExecutionerTest.shouldExitBeforeGivenWaitTime_WhenWaitingThreadInterrupted,2,time,1,0.8426,1,0.8426,False,False,False,False,512,512
246,wildfly_wildfly,b19048b72669fc0e96665b1b125dc1fda21f5993.testLookupNameNotFound,4,test order dependency,4,0.9488,4,0.9488,True,True,False,False,162,162
249,spring-projects_spring-framework,validUsage,2,time,0,0.4976,0,0.4976,False,False,False,False,510,510
259,microsoft_botbuilder-java,AdditionalPropertiesSerializerTests.canSerializeAdditionalProperties,3,unordered collections,3,0.9469,3,0.947,True,True,False,True,396,394
260,wildfly_wildfly,b19048b72669fc0e96665b1b125dc1fda21f5993.testRebindReferenceable,4,test order dependency,4,0.7088,4,0.6185,True,True,False,True,216,208
268,wildfly_wildfly,b19048b72669fc0e96665b1b125dc1fda21f5993.testRebind.2,4,test order dependency,4,0.9324,4,0.9073,True,True,False,True,163,163
269,wildfly_wildfly,b19048b72669fc0e96665b1b125dc1fda21f5993.testUnbind,4,test order dependency,4,0.947,4,0.9458,True,True,False,True,227,227
273,wildfly_wildfly,b19048b72669fc0e96665b1b125dc1fda21f5993.testFireMultipleLevelEvent,4,test order dependency,0,0.9258,0,0.9258,False,False,False,False,390,390
275,androidx_androidx,testOneTimeRequest_noInitialDelay,2,time,0,0.694,0,0.694,False,False,False,False,203,203
277,androidx_androidx,testGettersAfterConnected,2,time,2,0.8616,2,0.861,True,True,False,True,278,280
278,wildfly_wildfly,b19048b72669fc0e96665b1b125dc1fda21f5993.testFireSubTreeEvent,4,test order dependency,0,0.9333,0,0.9327,False,False,False,True,296,293
287,apache_commons-lang,RecursiveToStringStyleTest.testPerson,3,unordered collections,4,0.5539,4,0.5826,False,False,False,True,226,226
290,wildfly_wildfly,b19048b72669fc0e96665b1b125dc1fda21f5993.testListBindingsNameNotFound,4,test order dependency,4,0.9488,4,0.9488,True,True,False,False,166,166
292,Alluxio_alluxio,journalBlockCreation,0,async wait,4,0.9062,4,0.8821,False,False,False,True,247,244
294,realm_realm-java,executeTransactionAsync_callbacksShouldBeClearedBeforeCalling,0,async wait,1,0.9285,1,0.9269,False,False,False,True,512,512
297,wildfly_wildfly,b19048b72669fc0e96665b1b125dc1fda21f5993.testRegisterURLSchemeHandler,4,test order dependency,4,0.9054,4,0.9054,True,True,False,False,400,400
303,graylog2_graylog2-server,ContentPackTest.shouldDeserializeSerializedContentPack,3,unordered collections,3,0.9309,3,0.9245,True,True,False,True,260,254
312,androidx_androidx,testPredictiveLayoutAdd2,0,async wait,0,0.93,0,0.93,True,True,False,False,191,191
313,androidx_androidx,onReceive,0,async wait,0,0.9222,0,0.9222,True,True,False,False,284,284
315,square_okhttp,DuplexTest.duplexWithRedirect,0,async wait,1,0.819,1,0.819,False,False,False,False,512,512
326,hwang-pku_ormlite-core,QueryBuilderTest.testQueryRaw,3,unordered collections,3,0.9459,3,0.9449,True,True,False,True,212,212
330,androidx_androidx,invalidationInAnotherInstance_closed,0,async wait,2,0.7967,2,0.8073,False,False,False,True,485,484
331,androidx_androidx,testSetCallbackWithNull,0,async wait,4,0.9517,4,0.9517,False,False,False,False,82,82
337,wildfly_wildfly,b19048b72669fc0e96665b1b125dc1fda21f5993.testOnlyExternalContextAllowsCache,4,test order dependency,1,0.9076,1,0.9076,False,False,False,False,454,454
341,open-telemetry_opentelemetry-java-instrumentation,OpenTelemetryAppenderConfigTest.logWithExtras,2,time,2,0.8603,2,0.86,True,True,False,True,411,407
345,pholser_junit-quickcheck,ExhaustingAGivenSetButIncludingAnotherTest.manyParameters,3,unordered collections,3,0.944,3,0.944,True,True,False,False,235,235
351,androidx_androidx,testStopTimer_withCleanUp,0,async wait,0,0.9346,0,0.9347,True,True,False,True,165,159
357,wildfly_wildfly,b19048b72669fc0e96665b1b125dc1fda21f5993.testLookup,4,test order dependency,4,0.9469,4,0.9469,True,True,False,False,122,122
361,wildfly_wildfly,b19048b72669fc0e96665b1b125dc1fda21f5993.testListBindings.2.,4,test order dependency,3,0.9463,3,0.9453,False,False,False,True,512,512
365,wildfly_wildfly,b19048b72669fc0e96665b1b125dc1fda21f5993.testListBindingsWithContinuation,4,test order dependency,4,0.9154,4,0.9376,True,True,False,True,151,153
19420,eclipse_xtext-core,DeclarativeQualifiedNameConverterTest.getDelimiter,5,non-flaky,5,0.9569,4,0.7372,True,False,True,False,45,43
19421,eclipse_xtext-core,DeclarativeQualifiedNameConverterTest.getDelimiter,5,non-flaky,5,0.9574,4,0.9277,True,False,True,False,49,47
19422,eclipse_xtext-core,DeclarativeQualifiedNameConverterTest.getDelimiter,5,non-flaky,5,0.9572,4,0.8978,True,False,True,False,49,47
19423,eclipse_xtext-core,QualifiedNameTest.testAppendNull,5,non-flaky,5,0.9545,4,0.7357,True,False,True,False,70,68
19424,eclipse_xtext-core,QualifiedNameTest.apply,5,non-flaky,5,0.9567,4,0.8549,True,False,True,False,40,38
19425,eclipse_xtext-core,GenericModuleTest.bindDate,5,non-flaky,5,0.9564,4,0.9111,True,False,True,False,39,37
19426,eclipse_xtext-core,GenericModuleTest.get,5,non-flaky,5,0.9566,4,0.9001,True,False,True,False,37,35
19427,eclipse_xtext-core,GenericModuleTest.get,5,non-flaky,5,0.9566,4,0.8976,True,False,True,False,39,37
19428,eclipse_xtext-core,GenericModuleTest.bindFoo,5,non-flaky,5,0.9569,5,0.6654,True,True,False,False,47,45
19429,eclipse_xtext-core,GenericModuleTest.bindFoo,5,non-flaky,5,0.957,4,0.6338,True,False,True,False,49,47
19430,eclipse_xtext-core,SerializationTest._testSerialize_03,5,non-flaky,5,0.9561,5,0.5602,True,True,False,False,81,79
19431,eclipse_xtext-core,AllContentsPerformanceTest.exec,5,non-flaky,5,0.957,5,0.6044,True,True,False,False,61,59
19432,eclipse_xtext-core,XtextValidationTest.testBug322875_01,5,non-flaky,5,0.9589,5,0.9565,True,True,False,False,209,208
19433,eclipse_xtext-core,XtextValidationTest.testBug322875_01_b,5,non-flaky,5,0.959,5,0.9567,True,True,False,False,211,210
19434,eclipse_xtext-core,XtextValidationTest.testBug322875_02,5,non-flaky,5,0.9592,5,0.942,True,True,False,True,282,270
19435,eclipse_xtext-core,XtextValidationTest.testBug322875_04,5,non-flaky,5,0.9599,5,0.9482,True,True,False,True,403,376
19436,eclipse_xtext-core,XtextValidationTest.testBug_280413_03,5,non-flaky,5,0.9607,5,0.9599,True,True,False,False,254,253
19437,eclipse_xtext-core,XtextValidationTest.expectedContext,5,non-flaky,5,0.959,4,0.62,True,False,True,False,476,474
19438,eclipse_xtext-core,TypeHierarchyHelperTest.testSimpeCase01,5,non-flaky,5,0.9584,5,0.9386,True,True,False,True,256,257
19439,eclipse_xtext-core,TypeHierarchyHelperTest.testSimpeCase02,5,non-flaky,5,0.9588,5,0.9501,True,True,False,True,184,185
19440,eclipse_xtext-core,TypeHierarchyHelperTest.testRecursiveUplift01,5,non-flaky,5,0.9602,5,0.9389,True,True,False,True,424,426
19441,eclipse_xtext-core,TypeHierarchyHelperTest.testNikolaus,5,non-flaky,5,0.9601,5,0.9349,True,True,False,True,459,462
19442,eclipse_xtext-core,TypeHierarchyHelperTest.testImcompatipleFeatures,5,non-flaky,5,0.9592,5,0.9252,True,True,False,True,258,259
19443,eclipse_xtext-core,TypeHierarchyHelperTest.testReferences,5,non-flaky,5,0.9584,5,0.9385,True,True,False,True,266,267
19444,eclipse_xtext-core,TypeHierarchyHelperTest.testConfigurationOfLiftedReference,5,non-flaky,5,0.9578,5,0.9365,True,True,False,True,334,335
19445,eclipse_xtext-core,TypeHierarchyHelperTest.testDublicateDerivedFeature,5,non-flaky,5,0.9587,5,0.9393,True,True,False,True,270,271
19446,eclipse_xtext-core,EClassInfoTest.testChangeable,5,non-flaky,5,0.9556,5,0.8306,True,True,False,False,266,264
19447,eclipse_xtext-core,PartialParserTest.performTest,5,non-flaky,5,0.9596,5,0.9008,True,True,False,False,303,301
19448,eclipse_xtext-core,Bug287082Test.acceptWarning,5,non-flaky,5,0.9583,5,0.84,True,True,False,False,155,153
19449,eclipse_xtext-core,ImportedNamespaceAwareLocalScopeProviderTest.iterator,5,non-flaky,5,0.956,4,0.479,True,False,True,False,48,46
19450,eclipse_xtext-core,ImportedNamespaceAwareLocalScopeProviderTest.iterator,5,non-flaky,5,0.9561,4,0.5404,True,False,True,False,48,46
19451,eclipse_xtext-core,ImportedNamespaceAwareLocalScopeProviderTest.iterator,5,non-flaky,5,0.9562,4,0.6749,True,False,True,False,49,47
19452,eclipse_xtext-core,ImportedNamespaceAwareLocalScopeProviderTest.iterator,5,non-flaky,5,0.9561,4,0.7459,True,False,True,False,51,49
19453,eclipse_xtext-core,ImportedNamespaceAwareLocalScopeProviderTest.iterator,5,non-flaky,5,0.9561,4,0.9298,True,False,True,False,50,48
19454,eclipse_xtext-core,ImportedNamespaceAwareLocalScopeProviderTest.iterator,5,non-flaky,5,0.9569,4,0.5901,True,False,True,False,53,51
19455,eclipse_xtext-core,ImportedNamespaceAwareLocalScopeProviderTest.iterator,5,non-flaky,5,0.9571,4,0.6656,True,False,True,False,54,52
19456,eclipse_xtext-core,ImportedNamespaceAwareLocalScopeProviderTest.iterator,5,non-flaky,5,0.9571,4,0.6473,True,False,True,False,54,52
19457,eclipse_xtext-core,ImportedNamespaceAwareLocalScopeProviderTest.iterator,5,non-flaky,5,0.957,4,0.5944,True,False,True,False,54,52
19458,eclipse_xtext-core,ImportedNamespaceAwareLocalScopeProviderTest.iterator,5,non-flaky,5,0.956,4,0.8238,True,False,True,False,48,46
19459,eclipse_xtext-core,ImportedNamespaceAwareLocalScopeProviderTest.iterator,5,non-flaky,5,0.9567,4,0.5483,True,False,True,False,53,51
19460,eclipse_xtext-core,ImportedNamespaceAwareLocalScopeProviderTest.iterator,5,non-flaky,5,0.957,4,0.613,True,False,True,False,54,52
19461,eclipse_xtext-core,ScopeTest.iterator,5,non-flaky,5,0.957,4,0.4961,True,False,True,False,116,114
19462,eclipse_xtext-core,DelegatingScopeProviderTest.testNoSuitableDelegate,5,non-flaky,5,0.9576,5,0.9021,True,True,False,True,115,108
19463,eclipse_xtext-core,DelegatingScopeProviderTest.testOneSuitableDelegate_01,5,non-flaky,5,0.9588,5,0.9415,True,True,False,True,181,180
19464,eclipse_xtext-core,DelegatingScopeProviderTest.getScope,5,non-flaky,5,0.9594,5,0.9513,True,True,False,False,109,107
19465,eclipse_xtext-core,DelegatingScopeProviderTest.getScope,5,non-flaky,5,0.959,5,0.9514,True,True,False,False,109,107
19466,eclipse_xtext-core,ImportScopeTest.getEObjectOrProxy,5,non-flaky,5,0.9567,5,0.763,True,True,False,False,115,113
19467,eclipse_xtext-core,ProfilingTest.createInjector,5,non-flaky,5,0.9579,4,0.9256,True,False,True,False,143,141
19468,eclipse_xtext-core,Bug318343Test.tearDown,5,non-flaky,5,0.9555,5,0.8678,True,True,False,False,69,67
19469,eclipse_xtext-core,ParseErrorHandlingTest.apply,5,non-flaky,5,0.9572,4,0.8312,True,False,True,False,110,108
19470,eclipse_xtext-core,UriBasedReaderTest.configureFileExtensions,5,non-flaky,5,0.9563,4,0.8483,True,False,True,False,135,133
19471,eclipse_xtext-core,ReaderTest.apply,5,non-flaky,5,0.9565,4,0.8134,True,False,True,False,65,63
19472,eclipse_xtext-core,PathTraverserTest.testNoneExistingFile,5,non-flaky,5,0.9585,5,0.9245,True,True,False,True,75,73
19473,eclipse_xtext-core,PathTraverserTest.testEmptyFolder,5,non-flaky,5,0.9585,5,0.9338,True,True,False,True,73,72
19474,eclipse_xtext-core,PathTraverserTest.testNonEmptyFolder,5,non-flaky,5,0.959,5,0.9465,True,True,False,True,77,76
19475,eclipse_xtext-core,PathTraverserTest.testArchive,5,non-flaky,5,0.9592,5,0.9491,True,True,False,True,78,77
19476,eclipse_xtext-core,AbstractReaderTest.matches,5,non-flaky,5,0.9569,5,0.4724,True,True,False,False,42,40
19477,eclipse_xtext-core,AbstractReaderTest.matches,5,non-flaky,5,0.9568,4,0.4746,True,False,True,False,42,40
19478,eclipse_xtext-core,AbstractReaderTest.pathTo,5,non-flaky,5,0.9577,5,0.5553,True,True,False,False,225,223
19479,eclipse_xtext-core,CompositeNodeTest.iterator,5,non-flaky,5,0.9573,4,0.3452,True,False,True,False,155,153
19480,eclipse_xtext-core,LineAndColumnTest.testEmptyText,5,non-flaky,5,0.9582,5,0.9429,True,True,False,False,33,31
19481,eclipse_xtext-core,LineAndColumnTest.testExceedsOffset,5,non-flaky,5,0.9572,5,0.946,True,True,False,False,49,47
19482,eclipse_xtext-core,LineAndColumnTest.testNegativeOffset,5,non-flaky,5,0.9571,5,0.9466,True,True,False,False,49,47
19483,eclipse_xtext-core,LineAndColumnTest.testSingleCharText,5,non-flaky,5,0.9585,5,0.9392,True,True,False,False,51,49
19484,eclipse_xtext-core,LineAndColumnTest.testTwoCharsText,5,non-flaky,5,0.9584,5,0.9348,True,True,False,False,68,66
19485,eclipse_xtext-core,LineAndColumnTest.testPointsToLineBreak,5,non-flaky,5,0.9584,5,0.9283,True,True,False,False,56,54
19486,eclipse_xtext-core,LineAndColumnTest.testPointsToBackslashNInWindowsLineBreak,5,non-flaky,5,0.9592,5,0.9419,True,True,False,False,85,83
19487,eclipse_xtext-core,LengthOffsetLineTest.setUp,5,non-flaky,5,0.9542,5,0.4978,True,True,False,False,53,51
19488,eclipse_xtext-core,SerializationUtilTest.testFillIdToEObjectMap,5,non-flaky,5,0.9569,5,0.8286,True,True,False,True,324,320
19489,eclipse_xtext-core,SerializationUtilTest.testSyntaxErrorMessage,5,non-flaky,5,0.96,5,0.9245,True,True,False,True,441,447
19490,eclipse_xtext-core,EcoreUtil2Test.testClone_2,5,non-flaky,5,0.9581,5,0.9063,True,True,False,True,204,195
19491,eclipse_xtext-core,ReadWriteAccessTest.uncaughtException,5,non-flaky,5,0.9547,4,0.6138,True,False,True,False,52,50
19492,eclipse_xtext-core,Bug367679Test.testValidatorExists_0,5,non-flaky,5,0.9581,5,0.955,True,True,False,False,32,30
19493,eclipse_xtext-core,Bug367679Test.testValidatorExists_1,5,non-flaky,5,0.9581,5,0.9552,True,True,False,False,32,30
19494,eclipse_xtext-core,JavaIoFileSystemAccessTest.testDirsAndFilesAreCreated,5,non-flaky,5,0.9484,5,0.9311,True,True,False,True,512,512
19495,eclipse_xtext-core,JavaIoFileSystemAccessTest.testURI,5,non-flaky,5,0.958,5,0.8755,True,True,False,True,129,124
19496,eclipse_xtext-core,JavaIoFileSystemAccessTest.getEncoding,5,non-flaky,5,0.9586,5,0.9427,True,True,False,False,141,139
19497,eclipse_xtext-core,JavaIoFileSystemAccessTest.testTraceIsCreated,5,non-flaky,5,0.9583,5,0.9258,True,True,False,True,340,337
19498,eclipse_xtext-core,TraceRegionTest.testConstructor,5,non-flaky,5,0.9584,5,0.9072,True,True,False,True,171,171
19499,eclipse_xtext-core,TraceRegionTest.testConstructorWithParent,5,non-flaky,5,0.9567,5,0.8155,True,True,False,True,123,123
19500,eclipse_xtext-core,TraceRegionTest.testConstructorInvalidArgs_01,5,non-flaky,5,0.9571,5,0.9431,True,True,False,False,62,60
19501,eclipse_xtext-core,TraceRegionTest.testConstructorInvalidArgs_02,5,non-flaky,5,0.9573,5,0.9452,True,True,False,False,63,61
19502,eclipse_xtext-core,TraceRegionTest.testConstructorInvalidArgs_03,5,non-flaky,5,0.9572,5,0.9448,True,True,False,False,63,61
19503,eclipse_xtext-core,TraceRegionTest.testConstructorInvalidArgs_04,5,non-flaky,5,0.9573,5,0.9449,True,True,False,False,63,61
19504,eclipse_xtext-core,TraceRegionTest.testConstructorInvalidArgs_05,5,non-flaky,5,0.9569,5,0.9425,True,True,False,False,61,59
19505,eclipse_xtext-core,TraceRegionTest.testLeafIterator_NoChildren,5,non-flaky,5,0.9585,5,0.9202,True,True,False,True,93,92
19506,eclipse_xtext-core,TraceRegionTest.testLeafIterator_OneChild,5,non-flaky,5,0.959,5,0.9394,True,True,False,True,127,126
19507,eclipse_xtext-core,TraceRegionTest.testLeafIterator_GrandChild,5,non-flaky,5,0.9597,5,0.9268,True,True,False,True,161,162
19508,eclipse_xtext-core,TraceRegionTest.testLeafIterator_TwoChildren_NoGaps,5,non-flaky,5,0.9595,5,0.9467,True,True,False,True,167,169
19509,eclipse_xtext-core,TraceRegionTest.testLeafIterator_OneChild_LeftGap,5,non-flaky,5,0.9591,5,0.9476,True,True,False,True,185,183
19510,eclipse_xtext-core,TraceRegionTest.testLeafIterator_OneChild_RightGap,5,non-flaky,5,0.9593,5,0.9467,True,True,False,True,186,184
19511,eclipse_xtext-core,TraceRegionTest.testLeafIterator_OneGrandChild_LeftGap,5,non-flaky,5,0.9591,5,0.9474,True,True,False,True,220,218
19512,eclipse_xtext-core,TraceRegionTest.testLeafIterator_OneGrandChild_RightGap,5,non-flaky,5,0.959,5,0.9469,True,True,False,True,220,218
19513,eclipse_xtext-core,TraceRegionTest.testLeafIterator_TwoGrandChildren_NoGaps_01,5,non-flaky,5,0.9593,5,0.9397,True,True,False,True,204,202
19514,eclipse_xtext-core,TraceRegionTest.testLeafIterator_TwoGrandChildren_NoGaps_02,5,non-flaky,5,0.9592,5,0.9462,True,True,False,True,242,242
19515,eclipse_xtext-core,TraceRegionTest.testLeafIterator_TwoChildren_WithGaps,5,non-flaky,5,0.9591,5,0.9453,True,True,False,True,222,221
19516,eclipse_xtext-core,TraceRegionTest.testAnnotate_01,5,non-flaky,5,0.958,5,0.9052,True,True,False,True,82,80
19517,eclipse_xtext-core,TraceRegionTest.testAnnotate_02,5,non-flaky,5,0.9579,5,0.9185,True,True,False,True,84,84
19518,eclipse_xtext-core,TraceRegionTest.testAnnotate_03,5,non-flaky,5,0.9587,5,0.9423,True,True,False,True,191,189
19519,eclipse_xtext-core,TraceRegionTest.testAnnotate_04,5,non-flaky,5,0.959,5,0.9449,True,True,False,True,161,159
21167,androidx_androidx,PreferenceGroupInitialExpandedChildrenCountTest.createPreferenceGroupAdapter_displayTopLevelPreferences,5,non-flaky,5,0.9607,5,0.9576,True,True,False,True,496,468
21168,androidx_androidx,PreferenceGroupInitialExpandedChildrenCountTest.createPreferenceGroupAdapter_displayNestedPreferences,5,non-flaky,5,0.9601,5,0.9564,True,True,False,True,512,512
21169,androidx_androidx,PreferenceGroupInitialExpandedChildrenCountTest.createPreferenceGroupAdapter_setExpandButtonSummary,5,non-flaky,5,0.9614,5,0.9602,True,True,False,True,304,303
21170,androidx_androidx,PreferenceGroupInitialExpandedChildrenCountTest.createPreferenceGroupAdapter_expandButtonSummaryShouldListVisiblePreferencesOnly,5,non-flaky,5,0.9609,5,0.9551,True,True,False,True,416,412
21171,androidx_androidx,PreferenceGroupInitialExpandedChildrenCountTest.clickExpandButton_shouldShowAllPreferences,5,non-flaky,5,0.9598,5,0.9474,True,True,False,True,230,218
21172,androidx_androidx,PreferenceGroupInitialExpandedChildrenCountTest.onPreferenceVisibilityChange_shouldSyncPreferencesIfCollapsed,5,non-flaky,5,0.9536,5,0.9105,True,True,False,False,439,435
21173,androidx_androidx,PreferenceGroupInitialExpandedChildrenCountTest.saveInstanceState_shouldSaveMaxNumberOfChildrenToShow,5,non-flaky,5,0.9608,5,0.9543,True,True,False,True,297,293
21174,androidx_androidx,PreferenceGroupInitialExpandedChildrenCountTest.restoreInstanceState_noChange_shouldDoNothing,5,non-flaky,5,0.9568,5,0.9393,True,True,False,True,464,460
21175,androidx_androidx,PreferenceGroupInitialExpandedChildrenCountTest.restoreHierarchyState_previouslyCollapsed_shouldRestoreToCollapsedState,5,non-flaky,5,0.958,5,0.9333,True,True,False,False,311,307
21176,androidx_androidx,PreferenceGroupInitialExpandedChildrenCountTest.restoreHierarchyState_previouslyExpanded_shouldRestoreToExpandedState,5,non-flaky,5,0.9577,5,0.933,True,True,False,False,311,307
21177,androidx_androidx,PreferenceVisibilityTest.testPreferencesAreCreatedWithTheVisibilitySetInXml,5,non-flaky,5,0.9608,5,0.9585,True,True,False,True,268,266
21178,androidx_androidx,SimplePreferenceComparisonCallbackTest.testNull,5,non-flaky,5,0.9598,5,0.9365,True,True,False,False,76,72
21179,androidx_androidx,SimplePreferenceComparisonCallbackTest.testClassComparison,5,non-flaky,5,0.9594,5,0.9253,True,True,False,True,126,116
21180,androidx_androidx,SimplePreferenceComparisonCallbackTest.testDetached,5,non-flaky,5,0.9592,5,0.9366,True,True,False,False,110,106
21181,androidx_androidx,SimplePreferenceComparisonCallbackTest.testTitleComparison,5,non-flaky,5,0.962,5,0.9564,True,True,False,False,289,285
21182,androidx_androidx,SimplePreferenceComparisonCallbackTest.testSummaryComparison,5,non-flaky,5,0.962,5,0.9569,True,True,False,False,289,285
21183,androidx_androidx,SimplePreferenceComparisonCallbackTest.testIconComparison,5,non-flaky,5,0.9623,5,0.9588,True,True,False,False,430,426
21184,androidx_androidx,SimplePreferenceComparisonCallbackTest.testEnabledComparison,5,non-flaky,5,0.9602,5,0.93,True,True,False,False,299,295
21185,androidx_androidx,SimplePreferenceComparisonCallbackTest.testSelectableComparison,5,non-flaky,5,0.9594,5,0.9228,True,True,False,False,313,309
21186,androidx_androidx,SimplePreferenceComparisonCallbackTest.testTwoStateComparison,5,non-flaky,5,0.9612,5,0.954,True,True,False,True,403,375
21187,androidx_androidx,SimplePreferenceComparisonCallbackTest.testDropDownComparison,5,non-flaky,5,0.9609,5,0.9537,True,True,False,True,230,216
21188,androidx_androidx,PreferenceIconSpaceTest.bindViewHolder_iconSpaceReserved_shouldReserveIconSpace,5,non-flaky,5,0.96,5,0.9436,True,True,False,True,155,152
21189,androidx_androidx,PreferenceIconSpaceTest.bindViewHolder_iconSpaceNotReserved_shouldNotReserveIconSpace,5,non-flaky,5,0.9601,5,0.9394,True,True,False,True,155,151
21190,androidx_androidx,PreferenceIconSpaceTest.bindViewHolder_hasIcon_shouldDisplayIcon,5,non-flaky,5,0.9604,5,0.9467,True,True,False,True,154,150
21191,androidx_androidx,PreferenceDataStoreTest.testThatDataStoreIsNullByDefault,5,non-flaky,5,0.9606,5,0.9236,True,True,False,True,148,144
21192,androidx_androidx,PreferenceDataStoreTest.testSetGetOnPreference,5,non-flaky,5,0.9595,5,0.9297,True,True,False,False,90,86
21193,androidx_androidx,PreferenceDataStoreTest.testSetGetOnPreferenceManager,5,non-flaky,5,0.9591,5,0.9374,True,True,False,False,94,90
21194,androidx_androidx,PreferenceDataStoreTest.testSetOnPreferenceManagerGetOnPreference,5,non-flaky,5,0.9601,5,0.9283,True,True,False,True,133,129
21195,androidx_androidx,PreferenceDataStoreTest.testDataStoresHierarchy,5,non-flaky,5,0.9613,5,0.9535,True,True,False,True,303,293
21196,androidx_androidx,PreferenceDataStoreTest.testInitialValueIsFromDataStoreOnPreference,5,non-flaky,5,0.9597,5,0.9204,True,True,False,True,159,156
21197,androidx_androidx,PreferenceDataStoreTest.testInitialValueIsFromDataStoreOnPreferenceManager,5,non-flaky,5,0.9597,5,0.9215,True,True,False,True,161,157
21198,androidx_androidx,PreferenceDataStoreTest.testPutStringWithDataStoreOnPref,5,non-flaky,5,0.959,5,0.9405,True,True,False,False,83,79
21199,androidx_androidx,PreferenceDataStoreTest.testPutStringWithDataStoreOnMgr,5,non-flaky,5,0.9588,5,0.9405,True,True,False,False,83,79
21200,androidx_androidx,PreferenceDataStoreTest.testGetStringWithDataStoreOnPref,5,non-flaky,5,0.9598,5,0.9343,True,True,False,False,124,120
21201,androidx_androidx,PreferenceDataStoreTest.testGetStringWithDataStoreOnMgr,5,non-flaky,5,0.9597,5,0.9336,True,True,False,False,124,120
21202,androidx_androidx,PreferenceDataStoreTest.testDefaultStringValue,5,non-flaky,5,0.9593,5,0.8996,True,True,False,False,168,164
21203,androidx_androidx,PreferenceDataStoreTest.testPutStringSetWithDataStoreOnPref,5,non-flaky,5,0.959,5,0.9447,True,True,False,False,85,81
21204,androidx_androidx,PreferenceDataStoreTest.testPutStringSetWithDataStoreOnMgr,5,non-flaky,5,0.9588,5,0.9446,True,True,False,False,85,81
21205,androidx_androidx,PreferenceDataStoreTest.testGetStringSetWithDataStoreOnPref,5,non-flaky,5,0.9603,5,0.954,True,True,False,True,144,137
21206,androidx_androidx,PreferenceDataStoreTest.testGetStringSetWithDataStoreOnMgr,5,non-flaky,5,0.96,5,0.9462,True,True,False,True,144,139
21207,androidx_androidx,PreferenceDataStoreTest.testPutIntWithDataStoreOnPref,5,non-flaky,5,0.9589,5,0.9393,True,True,False,False,83,79
21208,androidx_androidx,PreferenceDataStoreTest.testPutIntWithDataStoreOnMgr,5,non-flaky,5,0.9586,5,0.9387,True,True,False,False,83,79
21209,androidx_androidx,PreferenceDataStoreTest.testGetIntWithDataStoreOnPref,5,non-flaky,5,0.9593,5,0.9378,True,True,False,False,118,114
21210,androidx_androidx,PreferenceDataStoreTest.testGetIntWithDataStoreOnMgr,5,non-flaky,5,0.9591,5,0.9381,True,True,False,False,118,114
21211,androidx_androidx,PreferenceDataStoreTest.testPutLongWithDataStoreOnPref,5,non-flaky,5,0.9589,5,0.9403,True,True,False,False,83,79
21212,androidx_androidx,PreferenceDataStoreTest.testPutLongWithDataStoreOnMgr,5,non-flaky,5,0.9587,5,0.9395,True,True,False,False,83,79
21213,androidx_androidx,PreferenceDataStoreTest.testGetLongWithDataStoreOnPref,5,non-flaky,5,0.9596,5,0.9331,True,True,False,False,120,116
21214,androidx_androidx,PreferenceDataStoreTest.testGetLongWithDataStoreOnMgr,5,non-flaky,5,0.9594,5,0.9321,True,True,False,False,120,116
21215,androidx_androidx,PreferenceDataStoreTest.testPutFloatWithDataStoreOnPref,5,non-flaky,5,0.9588,5,0.9409,True,True,False,False,83,79
21216,androidx_androidx,PreferenceDataStoreTest.testPutFloatWithDataStoreOnMgr,5,non-flaky,5,0.9586,5,0.9407,True,True,False,False,83,79
21217,androidx_androidx,PreferenceDataStoreTest.testGetFloatWithDataStoreOnPref,5,non-flaky,5,0.9593,5,0.9286,True,True,False,False,120,116
21218,androidx_androidx,PreferenceDataStoreTest.testGetFloatWithDataStoreOnMgr,5,non-flaky,5,0.9591,5,0.928,True,True,False,False,120,116
21219,androidx_androidx,PreferenceDataStoreTest.testPutBooleanWithDataStoreOnPref,5,non-flaky,5,0.959,5,0.945,True,True,False,False,85,81
21220,androidx_androidx,PreferenceDataStoreTest.testPutBooleanWithDataStoreOnMgr,5,non-flaky,5,0.9588,5,0.9447,True,True,False,False,85,81
21221,androidx_androidx,PreferenceDataStoreTest.testGetBooleanWithDataStoreOnPref,5,non-flaky,5,0.9599,5,0.9383,True,True,False,False,121,117
21222,androidx_androidx,PreferenceDataStoreTest.testGetBooleanWithDataStoreOnMgr,5,non-flaky,5,0.9597,5,0.9386,True,True,False,False,121,117
21223,androidx_androidx,PreferenceDataStoreTest.testSharedPrefNotNullIfNoDS,5,non-flaky,5,0.9596,5,0.9387,True,True,False,False,71,67
21224,androidx_androidx,PreferenceDataStoreTest.testSharedPrefNotNullIfNoDSMgr,5,non-flaky,5,0.9598,5,0.9451,True,True,False,False,53,49
21225,androidx_androidx,PreferenceDataStoreTest.testSharedPrefNullIfWithDS,5,non-flaky,5,0.9595,5,0.9452,True,True,False,False,91,87
21226,androidx_androidx,PreferenceDataStoreTest.testSharedPrefNullIfWithDSMgr,5,non-flaky,5,0.9593,5,0.9361,True,True,False,False,72,68
21227,androidx_androidx,ExpandablePreferenceTest.expandablePreference_inPreferenceScreen_collapsesCorrectly,5,non-flaky,5,0.9617,5,0.9585,True,True,False,False,262,258
21228,androidx_androidx,ExpandablePreferenceTest.expandablePreference_inCategory_collapsesCorrectly,5,non-flaky,5,0.9615,5,0.9576,True,True,False,True,316,318
21229,androidx_androidx,ExpandablePreferenceTest.expandablePreference_inNestedCategory_collapsesCorrectly,5,non-flaky,5,0.9611,5,0.9542,True,True,False,True,391,379
21230,androidx_androidx,ExpandablePreferenceTest.expandablePreference_inCategoryContainingAnotherCategory_collapsesCorrectly,5,non-flaky,5,0.9608,5,0.9561,True,True,False,True,512,512
21231,androidx_androidx,ExpandablePreferenceTest.nestedExpandablePreferences_notAllowed_shouldThrowAnException,5,non-flaky,5,0.9594,5,0.9536,True,True,False,True,233,231
21232,androidx_androidx,PreferencePersistTest.string_retrieveWhenEmpty_returnsDefault,5,non-flaky,5,0.9605,5,0.9558,True,True,False,True,82,80
21233,androidx_androidx,PreferencePersistTest.string_persist_getsStoredToSharedPrefs,5,non-flaky,5,0.9597,5,0.9475,True,True,False,True,112,106
21234,androidx_androidx,PreferencePersistTest.string_persistWhileDisabled_notPersisted,5,non-flaky,5,0.959,5,0.9447,True,True,False,True,110,103
21235,androidx_androidx,PreferencePersistTest.string_persistAndRetrieve_returnsPersistedValue,5,non-flaky,5,0.9598,5,0.9464,True,True,False,True,102,98
21236,androidx_androidx,PreferencePersistTest.string_persistTwiceAndRetrieve_returnsSecondValue,5,non-flaky,5,0.9606,5,0.9571,True,True,False,True,120,117
21237,androidx_androidx,PreferencePersistTest.stringSet_retrieveWhenEmpty_returnsDefault,5,non-flaky,5,0.9602,5,0.9559,True,True,False,True,104,102
21238,androidx_androidx,PreferencePersistTest.stringSet_persist_getsStoredToSharedPrefs,5,non-flaky,5,0.96,5,0.9317,True,True,False,True,140,132
21239,androidx_androidx,PreferencePersistTest.stringSet_persistWhileDisabled_notPersisted,5,non-flaky,5,0.9592,5,0.9413,True,True,False,True,117,109
21240,androidx_androidx,PreferencePersistTest.stringSet_persistAndRetrieve_returnsPersistedValue,5,non-flaky,5,0.96,5,0.9552,True,True,False,True,130,127
21241,androidx_androidx,PreferencePersistTest.stringSet_persistTwiceAndRetrieve_returnsSecondValue,5,non-flaky,5,0.9599,5,0.9278,True,True,False,True,155,153
21242,androidx_androidx,PreferencePersistTest.int_retrieveWhenEmpty_returnsDefault,5,non-flaky,5,0.9603,5,0.9568,True,True,False,True,81,77
21243,androidx_androidx,PreferencePersistTest.int_persist_getsStoredToSharedPrefs,5,non-flaky,5,0.96,5,0.9524,True,True,False,True,112,106
21244,androidx_androidx,PreferencePersistTest.int_persistWhileDisabled_notPersisted,5,non-flaky,5,0.9594,5,0.9446,True,True,False,True,114,107
21245,androidx_androidx,PreferencePersistTest.int_persistAndRetrieve_returnsPersistedValue,5,non-flaky,5,0.96,5,0.9507,True,True,False,True,101,99
21246,androidx_androidx,PreferencePersistTest.int_persistTwiceAndRetrieve_returnsSecondValue,5,non-flaky,5,0.9603,5,0.9579,True,True,False,True,119,117
21247,androidx_androidx,PreferencePersistTest.long_retrieveWhenEmpty_returnsDefault,5,non-flaky,5,0.9601,5,0.9546,True,True,False,False,54,50
21248,androidx_androidx,PreferencePersistTest.long_persist_getsStoredToSharedPrefs,5,non-flaky,5,0.9602,5,0.9559,True,True,False,True,112,105
21249,androidx_androidx,PreferencePersistTest.long_persistWhileDisabled_notPersisted,5,non-flaky,5,0.9595,5,0.9469,True,True,False,True,114,106
21250,androidx_androidx,PreferencePersistTest.long_persistAndRetrieve_returnsPersistedValue,5,non-flaky,5,0.9601,5,0.9551,True,True,False,True,101,98
21251,androidx_androidx,PreferencePersistTest.long_persistTwiceAndRetrieve_returnsSecondValue,5,non-flaky,5,0.9601,5,0.9574,True,True,False,True,119,115
21252,androidx_androidx,PreferencePersistTest.float_retrieveWhenEmpty_returnsDefault,5,non-flaky,5,0.9599,5,0.9528,True,True,False,False,62,58
21253,androidx_androidx,PreferencePersistTest.float_persist_getsStoredToSharedPrefs,5,non-flaky,5,0.9604,5,0.9566,True,True,False,True,120,114
21254,androidx_androidx,PreferencePersistTest.float_persistWhileDisabled_notPersisted,5,non-flaky,5,0.96,5,0.9536,True,True,False,True,122,114
21255,androidx_androidx,PreferencePersistTest.float_persistAndRetrieve_returnsPersistedValue,5,non-flaky,5,0.9602,5,0.9551,True,True,False,True,109,106
21256,androidx_androidx,PreferencePersistTest.float_persistTwiceAndRetrieve_returnsSecondValue,5,non-flaky,5,0.9607,5,0.9543,True,True,False,True,127,125
21257,androidx_androidx,PreferencePersistTest.boolean_retrieveWhenEmpty_returnsDefault,5,non-flaky,5,0.9605,5,0.9518,True,True,False,True,82,80
21258,androidx_androidx,PreferencePersistTest.boolean_persist_getsStoredToSharedPrefs,5,non-flaky,5,0.9604,5,0.9544,True,True,False,True,114,107
21259,androidx_androidx,PreferencePersistTest.boolean_persistWhileDisabled_notPersisted,5,non-flaky,5,0.9598,5,0.9464,True,True,False,True,115,108
21260,androidx_androidx,PreferencePersistTest.boolean_persistAndRetrieve_returnsPersistedValue,5,non-flaky,5,0.9604,5,0.9525,True,True,False,True,104,103
21261,androidx_androidx,PreferencePersistTest.boolean_persistTwiceAndRetrieve_returnsSecondValue,5,non-flaky,5,0.9609,5,0.9475,True,True,False,True,124,124
21262,androidx_androidx,PreferenceParentGroupTest.parentAddRemoveTest,5,non-flaky,5,0.9608,5,0.9494,True,True,False,True,299,299
21263,androidx_androidx,PreferenceParentGroupTest.parentReassignTest,5,non-flaky,5,0.9608,5,0.9546,True,True,False,True,282,274
21264,androidx_androidx,PreferenceParentGroupTest.parentDoubleAddTest,5,non-flaky,5,0.9568,5,0.9305,True,True,False,True,247,239
21265,androidx_androidx,PreferenceSingleLineTitleTest.bindViewHolder_singleLineTitleNotSet_shouldNotSetSingleLine,5,non-flaky,5,0.9597,5,0.9432,True,True,False,True,113,109
21266,androidx_androidx,PreferenceSingleLineTitleTest.bindViewHolder_singleLineTitleSetToTrue_shouldSetSingleLineToTrue,5,non-flaky,5,0.9597,5,0.9457,True,True,False,True,129,126
26827,wildfly_wildfly,JndiPermissionTestCase.testNameImplies,5,non-flaky,5,0.9614,5,0.9551,True,True,False,False,512,512
26828,wildfly_wildfly,JndiPermissionTestCase.testActions,5,non-flaky,5,0.9607,5,0.9507,True,True,False,False,436,432
26829,wildfly_wildfly,JndiPermissionTestCase.testCollection,5,non-flaky,5,0.9494,5,0.911,True,True,False,True,512,512
26830,wildfly_wildfly,JndiPermissionTestCase.testSecurity,5,non-flaky,5,0.96,5,0.941,True,True,False,False,105,101
26831,wildfly_wildfly,JndiPermissionTestCase.testSerialization,5,non-flaky,5,0.9592,5,0.9378,True,True,False,True,105,90
26832,wildfly_wildfly,JndiPermissionTestCase.testCollectionSecurity,5,non-flaky,5,0.9591,5,0.9243,True,True,False,True,192,184
26833,wildfly_wildfly,JndiPermissionTestCase.testCollectionSerialization,5,non-flaky,5,0.9605,5,0.9222,True,True,False,True,406,401
26834,wildfly_wildfly,ExternalContextsNavigableSetTestCase.testGetParentContext,5,non-flaky,5,0.9611,5,0.9532,True,True,False,True,278,268
26835,wildfly_wildfly,WritableServiceBasedNamingStoreTestCase.testBindNoOwner,5,non-flaky,5,0.9584,5,0.9232,True,True,False,False,114,110
26836,wildfly_wildfly,WritableServiceBasedNamingStoreTestCase.testBind,5,non-flaky,5,0.9579,5,0.9343,True,True,False,True,177,174
26837,wildfly_wildfly,WritableServiceBasedNamingStoreTestCase.testBindNested,5,non-flaky,5,0.9582,5,0.9192,True,True,False,True,182,180
26838,wildfly_wildfly,WritableServiceBasedNamingStoreTestCase.testUnbind,5,non-flaky,5,0.9511,5,0.8952,True,True,False,True,253,252
26839,wildfly_wildfly,WritableServiceBasedNamingStoreTestCase.testUnBindNoOwner,5,non-flaky,5,0.9583,5,0.9237,True,True,False,False,114,110
26840,wildfly_wildfly,WritableServiceBasedNamingStoreTestCase.testCreateSubcontext,5,non-flaky,5,0.9582,5,0.9195,True,True,False,False,153,149
26841,wildfly_wildfly,WritableServiceBasedNamingStoreTestCase.testCreateSubContextNoOwner,5,non-flaky,5,0.9584,5,0.9207,True,True,False,False,116,112
26842,wildfly_wildfly,WritableServiceBasedNamingStoreTestCase.testRebind,5,non-flaky,5,0.9573,5,0.9327,True,True,False,True,217,213
26843,wildfly_wildfly,WritableServiceBasedNamingStoreTestCase.testRebindNoOwner,5,non-flaky,5,0.9585,5,0.9307,True,True,False,False,116,112
26844,wildfly_wildfly,WritableServiceBasedNamingStoreTestCase.testPermissions,5,non-flaky,5,0.9592,5,0.954,True,True,False,True,512,512
26845,wildfly_wildfly,WritableServiceBasedNamingStoreTestCase.testOwnerBindingReferences,5,non-flaky,5,0.9441,5,0.8182,True,True,False,True,480,481
26846,wildfly_wildfly,WritableServiceBasedNamingStoreTestCase.testMultipleOwnersBindingReferences,5,non-flaky,5,0.956,5,0.949,True,True,False,True,512,512
26847,wildfly_wildfly,NamingSubsystemTestCase.testSchemaOfSubsystemTemplates,5,non-flaky,5,0.9593,5,0.9478,True,True,False,False,50,46
26848,wildfly_wildfly,NamingSubsystemTestCase.testOnlyExternalContextAllowsCache,5,non-flaky,5,0.909,5,0.7522,True,True,False,True,512,512
26849,wildfly_wildfly,NamingSubsystemTestCase.testCompositeBindingOps,5,non-flaky,5,0.9605,5,0.9569,True,True,False,True,390,387
26850,wildfly_wildfly,NamingSubsystemTestCase.testCompositeBindingUpdate,5,non-flaky,5,0.9599,5,0.9538,True,True,False,True,346,344
26851,wildfly_wildfly,NamingSubsystemTestCase.testRejectionsEAP7,5,non-flaky,5,0.9589,5,0.9373,True,True,False,False,77,73
26852,wildfly_wildfly,NamingSubsystemTestCase.testRejectionsEAP6,5,non-flaky,5,0.959,5,0.9369,True,True,False,False,78,74
26853,wildfly_wildfly,ObjectFactoryTestCase.testBindAndRetrieveObjectFactoryFromNamingContext,5,non-flaky,5,0.9605,5,0.9408,True,True,False,True,142,138
26854,wildfly_wildfly,ObjectFactoryTestCase.testBindAndRetrieveObjectFactoryFromInitialContext,5,non-flaky,5,0.9602,5,0.9295,True,True,False,True,159,157
26855,wildfly_wildfly,ServiceBasedNamingStoreTestCase.testLookupBase,5,non-flaky,5,0.9599,5,0.9439,True,True,False,True,62,59
26856,wildfly_wildfly,ServiceBasedNamingStoreTestCase.testLookupBinding,5,non-flaky,5,0.9611,5,0.9572,True,True,False,True,142,140
26857,wildfly_wildfly,ServiceBasedNamingStoreTestCase.testLookupParentContext,5,non-flaky,5,0.9608,5,0.9398,True,True,False,True,124,119
26858,wildfly_wildfly,ServiceBasedNamingStoreTestCase.lookup,5,non-flaky,5,0.9598,5,0.9429,True,True,False,False,219,215
26859,wildfly_wildfly,ServiceBasedNamingStoreTestCase.testLookupNestedContext,5,non-flaky,5,0.9601,5,0.9092,True,True,False,True,444,439
26860,wildfly_wildfly,ServiceBasedNamingStoreTestCase.testLookupBindingUsingNestedContext,5,non-flaky,5,0.9588,5,0.8608,True,True,False,True,399,402
26861,wildfly_wildfly,ServiceBasedNamingStoreTestCase.testList,5,non-flaky,5,0.9216,5,0.8965,True,True,False,True,512,512
26862,wildfly_wildfly,ServiceBasedNamingStoreTestCase.testListBindings,5,non-flaky,5,0.9256,5,0.8954,True,True,False,True,512,512
26863,wildfly_wildfly,InitialContextTestCase.testRegisterURLSchemeHandler,5,non-flaky,5,0.9499,5,0.9499,True,True,False,False,512,512
26864,wildfly_wildfly,NamingEventCoordinatorTestCase.testFireObjectEvent,5,non-flaky,5,0.9407,5,0.8856,True,True,False,True,350,342
26865,wildfly_wildfly,NamingEventCoordinatorTestCase.testFireSubTreeEvent,5,non-flaky,5,0.9429,5,0.8816,True,True,False,True,354,348
26866,wildfly_wildfly,NamingEventCoordinatorTestCase.testFireOneLevelEvent,5,non-flaky,5,0.9428,5,0.8858,True,True,False,True,353,341
26867,wildfly_wildfly,NamingEventCoordinatorTestCase.testFireAllEvent,5,non-flaky,5,0.9418,5,0.8821,True,True,False,False,429,425
26868,wildfly_wildfly,NamingEventCoordinatorTestCase.testFireMultiLevelEvent,5,non-flaky,5,0.9494,5,0.8922,True,True,False,False,456,452
26869,wildfly_wildfly,NamingContextTestCase.testLookup,5,non-flaky,5,0.9609,5,0.9594,True,True,False,False,174,173
26870,wildfly_wildfly,NamingContextTestCase.testLookupReference,5,non-flaky,5,0.9603,5,0.9275,True,True,False,True,205,202
26871,wildfly_wildfly,NamingContextTestCase.testLookupWithContinuation,5,non-flaky,5,0.9604,5,0.9368,True,True,False,True,256,252
26872,wildfly_wildfly,NamingContextTestCase.testLookupWitResolveResult,5,non-flaky,5,0.9607,5,0.94,True,True,False,True,259,257
26873,wildfly_wildfly,NamingContextTestCase.testLookupLink,5,non-flaky,5,0.9612,5,0.9465,True,True,False,True,411,402
26874,wildfly_wildfly,NamingContextTestCase.testLookupContextLink,5,non-flaky,5,0.9611,5,0.9514,True,True,False,True,266,263
26875,wildfly_wildfly,NamingContextTestCase.testLookupNameNotFound,5,non-flaky,5,0.9579,5,0.9323,True,True,False,False,226,222
26876,wildfly_wildfly,NamingContextTestCase.testLookupEmptyName,5,non-flaky,5,0.9577,5,0.8948,True,True,False,True,221,217
26877,wildfly_wildfly,NamingContextTestCase.testBind,5,non-flaky,5,0.9608,5,0.9375,True,True,False,True,182,181
26878,wildfly_wildfly,NamingContextTestCase.testBindReferenceable,5,non-flaky,5,0.9609,5,0.9544,True,True,False,True,242,240
26879,wildfly_wildfly,NamingContextTestCase.testUnbind,5,non-flaky,5,0.9574,5,0.9412,True,True,False,True,307,307
26880,wildfly_wildfly,NamingContextTestCase.testCreateSubcontext,5,non-flaky,5,0.9595,5,0.9446,True,True,False,False,117,113
26881,wildfly_wildfly,NamingContextTestCase.testRebind,5,non-flaky,5,0.9598,5,0.9413,True,True,False,True,218,212
26882,wildfly_wildfly,NamingContextTestCase.testRebindReferenceable,5,non-flaky,5,0.9608,5,0.9567,True,True,False,True,284,269
26883,wildfly_wildfly,NamingContextTestCase.testListNameNotFound,5,non-flaky,5,0.9583,5,0.9246,True,True,False,False,222,218
26884,wildfly_wildfly,NamingContextTestCase.testList,5,non-flaky,5,0.9601,5,0.9169,True,True,False,True,150,148
26885,wildfly_wildfly,NamingContextTestCase.testListWithContinuation,5,non-flaky,5,0.9605,5,0.9431,True,True,False,True,201,199
26886,wildfly_wildfly,NamingContextTestCase.testListBindingsNameNotFound,5,non-flaky,5,0.9579,5,0.921,True,True,False,False,230,226
26887,wildfly_wildfly,NamingContextTestCase.testListBindings,5,non-flaky,5,0.9603,5,0.9125,True,True,False,True,154,150
26888,wildfly_wildfly,NamingContextTestCase.testListBindingsWithContinuation,5,non-flaky,5,0.9601,5,0.9399,True,True,False,True,207,205
26889,wildfly_wildfly,InMemoryNamingStoreTestCase.testBindEmptyName,5,non-flaky,5,0.9593,5,0.9189,True,True,False,False,182,178
26890,wildfly_wildfly,InMemoryNamingStoreTestCase.testBindAndLookup,5,non-flaky,5,0.9608,5,0.9602,True,True,False,False,118,117
26891,wildfly_wildfly,InMemoryNamingStoreTestCase.testLookupNameNotFound,5,non-flaky,5,0.9582,5,0.9305,True,True,False,False,105,101
26892,wildfly_wildfly,InMemoryNamingStoreTestCase.testLookupEmptyName,5,non-flaky,5,0.96,5,0.925,True,True,False,True,107,103
26893,wildfly_wildfly,InMemoryNamingStoreTestCase.testBindAndLookupResolveResult,5,non-flaky,5,0.9606,5,0.9417,True,True,False,True,137,134
26894,wildfly_wildfly,InMemoryNamingStoreTestCase.testUnbindNotFound,5,non-flaky,5,0.9582,5,0.934,True,True,False,False,104,100
26895,wildfly_wildfly,InMemoryNamingStoreTestCase.testBindUnbindLookup,5,non-flaky,5,0.957,5,0.9534,True,True,False,False,206,205
26896,wildfly_wildfly,InMemoryNamingStoreTestCase.testRebindEmptyName,5,non-flaky,5,0.9588,5,0.9166,True,True,False,False,185,181
26897,wildfly_wildfly,InMemoryNamingStoreTestCase.testRebindInvalidContext,5,non-flaky,5,0.9578,5,0.9176,True,True,False,False,113,109
26898,wildfly_wildfly,InMemoryNamingStoreTestCase.testRebindAndLookup,5,non-flaky,5,0.9606,5,0.9595,True,True,False,False,120,119
26899,wildfly_wildfly,InMemoryNamingStoreTestCase.testBindAndRebind,5,non-flaky,5,0.9609,5,0.9583,True,True,False,False,166,165
26900,wildfly_wildfly,InMemoryNamingStoreTestCase.testListNameNotFound,5,non-flaky,5,0.958,5,0.9272,True,True,False,False,103,99
26901,wildfly_wildfly,InMemoryNamingStoreTestCase.testList,5,non-flaky,5,0.9323,5,0.9323,True,True,False,False,512,512
26902,wildfly_wildfly,InMemoryNamingStoreTestCase.testListBindingsNameNotFound,5,non-flaky,5,0.9579,5,0.9229,True,True,False,False,107,103
26903,wildfly_wildfly,InMemoryNamingStoreTestCase.testListBindings,5,non-flaky,5,0.9332,5,0.9332,True,True,False,False,512,512
26904,wildfly_wildfly,InMemoryNamingStoreTestCase.testAutoRemove,5,non-flaky,5,0.9561,5,0.907,True,True,False,False,200,196
26905,wildfly_wildfly,InitialContextFactoryTestCase.testInitialFactory,5,non-flaky,5,0.9597,5,0.9469,True,True,False,True,253,247
26906,wildfly_wildfly,InitialContextFactoryTestCase.testJavaContext,5,non-flaky,5,0.9602,5,0.9391,True,True,False,True,158,155
26907,wildfly_wildfly,JSFSubsystemTransformersTestCase.testTransformersEAP700,5,non-flaky,5,0.9588,5,0.943,True,True,False,False,67,63
26908,wildfly_wildfly,JSFSubsystemTransformersTestCase.testRejectTransformersEAP700,5,non-flaky,5,0.9588,5,0.936,True,True,False,False,61,57
26909,wildfly_wildfly,JSFSubsystemTestCase.testSchemaOfSubsystemTemplates,5,non-flaky,5,0.9593,5,0.9478,True,True,False,False,50,46
26910,wildfly_wildfly,JSFModuleIdFactoryTestCase.noModulePathTest,5,non-flaky,5,0.9616,5,0.9518,True,True,False,False,246,241
26911,wildfly_wildfly,JSFModuleIdFactoryTestCase.getActiveJSFVersionsTest,5,non-flaky,5,0.9606,5,0.9286,True,True,False,True,163,161
26912,wildfly_wildfly,JSFModuleIdFactoryTestCase.computeSlotTest,5,non-flaky,5,0.9605,5,0.9328,True,True,False,False,141,137
26913,wildfly_wildfly,JSFModuleIdFactoryTestCase.validSlotTest,5,non-flaky,5,0.9611,5,0.955,True,True,False,False,267,263
26914,wildfly_wildfly,JSFModuleIdFactoryTestCase.modIdsTest,5,non-flaky,5,0.9581,5,0.9455,True,True,False,False,512,512
26915,wildfly_wildfly,MailSubsystem10TestCase.testParseSubsystem,5,non-flaky,5,0.9599,5,0.9234,True,True,False,False,342,338
26916,wildfly_wildfly,MailTransformersTestCase.testTransformerEAP700,5,non-flaky,5,0.9586,5,0.9396,True,True,False,False,64,60
26917,wildfly_wildfly,MailTransformersTestCase.testTransformerEAP640,5,non-flaky,5,0.9587,5,0.9423,True,True,False,False,65,61
26918,wildfly_wildfly,MailTransformersTestCase.testRejectingTransformersEAP_7_0_0,5,non-flaky,5,0.9587,5,0.9352,True,True,False,False,70,66
26919,wildfly_wildfly,MailTransformersTestCase.testRejectingTransformersEAP_6_4_0,5,non-flaky,5,0.9587,5,0.9392,True,True,False,False,71,67
26920,wildfly_wildfly,MailSubsystem20TestCase.testExpressions,5,non-flaky,5,0.9595,5,0.9508,True,True,False,False,53,49
26921,wildfly_wildfly,MailSubsystem20TestCase.test11,5,non-flaky,5,0.9594,5,0.9493,True,True,False,False,49,45
26922,wildfly_wildfly,MailSubsystem20TestCase.test12,5,non-flaky,5,0.9595,5,0.9494,True,True,False,False,49,45
26923,wildfly_wildfly,MailSubsystem20TestCase.testRuntime,5,non-flaky,5,0.9591,5,0.9554,True,True,False,True,512,512
26924,wildfly_wildfly,MailSubsystem30TestCase.testSchemaOfSubsystemTemplates,5,non-flaky,5,0.9593,5,0.9478,True,True,False,False,50,46
26925,wildfly_wildfly,MailSubsystem30TestCase.testRuntime,5,non-flaky,5,0.9596,5,0.9567,True,True,False,True,512,512
26926,wildfly_wildfly,MailSubsystemTestBase.testOperations,5,non-flaky,5,0.9543,5,0.9372,True,True,False,True,512,512
53127,cloudfoundry_uaa,UaaMetricsEmitterIT.assert_generic_metrics,5,non-flaky,5,0.9614,5,0.9434,True,True,False,True,268,262
53128,cloudfoundry_uaa,UaaMetricsScheduledTest.emittingMetrics_Is_Scheduled,5,non-flaky,5,0.9603,5,0.9537,True,True,False,True,100,90
53129,cloudfoundry_uaa,MBeanMapTests.testListDomain,5,non-flaky,5,0.9607,5,0.9417,True,True,False,True,200,198
53130,cloudfoundry_uaa,UaaMetricsEmitterTests.auditService_metrics_emitted,5,non-flaky,5,0.9596,5,0.95,True,True,False,False,363,359
53131,cloudfoundry_uaa,UaaMetricsEmitterTests.requestCount_metrics_emitted,5,non-flaky,5,0.9508,5,0.9372,True,True,False,False,512,512
53132,cloudfoundry_uaa,UaaMetricsEmitterTests.test_delta_method,5,non-flaky,5,0.9604,5,0.9499,True,True,False,True,140,140
53133,cloudfoundry_uaa,UaaMetricsEmitterTests.vm_vitals,5,non-flaky,5,0.9604,5,0.9555,True,True,False,False,246,242
53134,cloudfoundry_uaa,UaaMetricsEmitterTests.perUrlGroup_request_metrics,5,non-flaky,5,0.9585,5,0.9456,True,True,False,False,254,250
53135,cloudfoundry_uaa,UaaMetricsEmitterTests.testNotifications,5,non-flaky,5,0.9575,5,0.9383,True,True,False,False,100,96
53136,cloudfoundry_uaa,UaaMetricsEmitterTests.jvm_vitals,5,non-flaky,5,0.9599,5,0.9499,True,True,False,False,487,483
53137,cloudfoundry_uaa,UaaMetricsEmitterTests.auditService_metricValues_areNull,5,non-flaky,5,0.9592,5,0.9468,True,True,False,False,191,187
53138,cloudfoundry_uaa,UaaMetricsEmitterTests.auditService_Key_isNull,5,non-flaky,5,0.9597,5,0.9359,True,True,False,False,150,146
53139,cloudfoundry_uaa,ApiControllerTests.testNoUser,5,non-flaky,5,0.9608,5,0.9521,True,True,False,True,187,184
53140,cloudfoundry_uaa,ApiControllerTests.testWithUser,5,non-flaky,5,0.9606,5,0.952,True,True,False,True,223,221
53141,cloudfoundry_uaa,AppsIntegrationTests.testHappyDay,5,non-flaky,5,0.9618,5,0.9558,True,True,False,True,299,295
53142,cloudfoundry_uaa,SamlConfigTest.testIsRequestSigned,5,non-flaky,5,0.9595,5,0.944,True,True,False,False,46,42
53143,cloudfoundry_uaa,SamlConfigTest.legacy_key_is_part_of_map,5,non-flaky,5,0.9616,5,0.9461,True,True,False,False,241,237
53144,cloudfoundry_uaa,SamlConfigTest.addActiveKey,5,non-flaky,5,0.9613,5,0.947,True,True,False,True,261,251
53145,cloudfoundry_uaa,SamlConfigTest.addNonActive,5,non-flaky,5,0.9613,5,0.9361,True,True,False,True,272,261
53146,cloudfoundry_uaa,SamlConfigTest.map_is_not_null_by_default,5,non-flaky,5,0.9608,5,0.9541,True,True,False,True,105,103
53147,cloudfoundry_uaa,SamlConfigTest.testIsWantAssertionSigned,5,non-flaky,5,0.9595,5,0.9407,True,True,False,False,52,48
53148,cloudfoundry_uaa,SamlConfigTest.testSetKeyAndCert,5,non-flaky,5,0.9605,5,0.9259,True,True,False,False,124,120
53149,cloudfoundry_uaa,SamlConfigTest.read_old_json_works,5,non-flaky,5,0.9605,5,0.9499,True,True,False,False,110,106
53150,cloudfoundry_uaa,SamlConfigTest.to_json_ignores_legacy_values,5,non-flaky,5,0.961,5,0.9551,True,True,False,True,151,148
53151,cloudfoundry_uaa,SamlConfigTest.keys_are_not_modifiable,5,non-flaky,5,0.9593,5,0.927,True,True,False,False,80,76
53152,cloudfoundry_uaa,SamlConfigTest.can_clear_keys,5,non-flaky,5,0.9611,5,0.9498,True,True,False,False,139,135
53153,cloudfoundry_uaa,TokenPolicyTest.json_has_expected_properties,5,non-flaky,5,0.9588,5,0.8983,True,True,False,True,339,334
53154,cloudfoundry_uaa,TokenPolicyTest.test_default_values,5,non-flaky,5,0.9597,5,0.941,True,True,False,True,117,115
53155,cloudfoundry_uaa,TokenPolicyTest.nullSigningKey,5,non-flaky,5,0.9595,5,0.9553,True,True,False,True,81,77
53156,cloudfoundry_uaa,TokenPolicyTest.emptySigningKey,5,non-flaky,5,0.9597,5,0.9558,True,True,False,True,94,88
53157,cloudfoundry_uaa,TokenPolicyTest.nullKeyId,5,non-flaky,5,0.9596,5,0.9565,True,True,False,True,83,77
53158,cloudfoundry_uaa,TokenPolicyTest.emptyKeyId,5,non-flaky,5,0.9595,5,0.9555,True,True,False,True,82,76
53159,cloudfoundry_uaa,TokenPolicyTest.deserializationOfTokenPolicyWithVerificationKey_doesNotFail,5,non-flaky,5,0.96,5,0.9316,True,True,False,True,159,150
53160,cloudfoundry_uaa,TokenPolicyTest.tokenPolicy_whenInvalidUniquenessValue_throwsException,5,non-flaky,5,0.961,5,0.9507,True,True,False,True,128,122
53161,cloudfoundry_uaa,TokenPolicyTest.deserializationOfTokenPolicyWithNoActiveKeyIdWithMultipleKeys_doesNotFail,5,non-flaky,5,0.9597,5,0.9149,True,True,False,True,207,197
53162,cloudfoundry_uaa,ScimGroupTests.testDeSerializeWithoutDescription,5,non-flaky,5,0.9608,5,0.945,True,True,False,False,135,131
53163,cloudfoundry_uaa,ScimGroupTests.testSerializeWithDescription,5,non-flaky,5,0.9598,5,0.9241,True,True,False,True,169,166
53164,cloudfoundry_uaa,ScimGroupTests.testPatch,5,non-flaky,5,0.9605,5,0.9137,True,True,False,False,99,95
53165,cloudfoundry_uaa,ScimGroupTests.testPatchZoneIdFails,5,non-flaky,5,0.9604,5,0.8902,True,True,False,False,170,166
53166,cloudfoundry_uaa,ScimGroupTests.testPatchDeleteMetaAttributes,5,non-flaky,5,0.9612,5,0.9399,True,True,False,True,161,156
53167,cloudfoundry_uaa,ScimGroupTests.testDropDisplayName,5,non-flaky,5,0.9608,5,0.9119,True,True,False,True,200,196
53168,cloudfoundry_uaa,ScimGroupTests.cant_drop_zone_id,5,non-flaky,5,0.9589,5,0.9503,True,True,False,False,76,72
53169,cloudfoundry_uaa,ScimGroupTests.cant_drop_id,5,non-flaky,5,0.9591,5,0.9479,True,True,False,False,73,69
53170,cloudfoundry_uaa,ScimGroupTests.testDropAllMembers,5,non-flaky,5,0.9601,5,0.9312,True,True,False,False,131,127
53171,cloudfoundry_uaa,ScimGroupTests.testDropOneMembers,5,non-flaky,5,0.96,5,0.9343,True,True,False,True,172,168
53172,cloudfoundry_uaa,ScimGroupTests.testDropAllMembersUsingOperation,5,non-flaky,5,0.9603,5,0.9207,True,True,False,False,177,173
53173,cloudfoundry_uaa,ScimGroupTests.testAddAllMembers,5,non-flaky,5,0.9602,5,0.9317,True,True,False,False,125,121
53174,cloudfoundry_uaa,ScimGroupTests.testAddOneMember,5,non-flaky,5,0.9597,5,0.915,True,True,False,False,128,124
53175,cloudfoundry_uaa,ScimGroupTests.test_toString,5,non-flaky,5,0.9599,5,0.9457,True,True,False,False,38,34
53176,cloudfoundry_uaa,JsonDateDeserializerTest.testParsing,5,non-flaky,5,0.9611,5,0.934,True,True,False,True,128,124
53177,cloudfoundry_uaa,JsonDateDeserializerTest.testParsingParallel,5,non-flaky,5,0.945,5,0.8369,True,True,False,True,510,502
53178,cloudfoundry_uaa,JsonDateSerializerTest.testFormatting,5,non-flaky,5,0.9613,5,0.9444,True,True,False,True,201,199
53179,cloudfoundry_uaa,JsonDateSerializerTest.testFormattingParallel,5,non-flaky,5,0.9335,5,0.878,True,True,False,True,512,512
53180,cloudfoundry_uaa,MfaProviderTest.testSerialize,5,non-flaky,5,0.961,5,0.9408,True,True,False,True,260,254
53181,cloudfoundry_uaa,MfaProviderTest.testDeserialize,5,non-flaky,5,0.962,5,0.9484,True,True,False,True,512,509
53182,cloudfoundry_uaa,MfaProviderTest.testDeserializeInvalidType,5,non-flaky,5,0.9615,5,0.9365,True,True,False,True,423,419
53183,cloudfoundry_uaa,MfaProviderTest.validateProviderActiveSetDefaultToTrue,5,non-flaky,5,0.9598,5,0.9525,True,True,False,True,48,45
53184,cloudfoundry_uaa,GoogleMfaProviderConfigTest.testDefaultConfig,5,non-flaky,5,0.9595,5,0.9407,True,True,False,False,87,83
53185,cloudfoundry_uaa,OpenIdConfigurationTests.testDefaultClaims,5,non-flaky,5,0.9559,5,0.939,True,True,False,False,512,512
53186,cloudfoundry_uaa,UserInfoResponseJsonTests.deserializeTest,5,non-flaky,5,0.9537,5,0.9285,True,True,False,False,512,512
53187,cloudfoundry_uaa,UserInfoResponseJsonTests.serializeTest,5,non-flaky,5,0.9605,5,0.9455,True,True,False,True,88,84
53188,cloudfoundry_uaa,ExternalIdentityProviderDefinitionTest.testEquals,5,non-flaky,5,0.9603,5,0.9429,True,True,False,True,167,156
53189,cloudfoundry_uaa,ExternalIdentityProviderDefinitionTest.testDefaultValueForStoreCustomAttributes,5,non-flaky,5,0.9597,5,0.9403,True,True,False,False,46,42
53190,cloudfoundry_uaa,ExternalIdentityProviderDefinitionTest.testEquals2,5,non-flaky,5,0.9597,5,0.9204,True,True,False,True,82,78
53191,cloudfoundry_uaa,OIDCIdentityProviderDefinitionTests.serialize_discovery_url,5,non-flaky,5,0.9607,5,0.9445,True,True,False,True,213,209
53192,cloudfoundry_uaa,OIDCIdentityProviderDefinitionTests.serialize_prompts,5,non-flaky,5,0.9588,5,0.9052,True,True,False,True,278,272
53193,cloudfoundry_uaa,TotpMfaEndpointIntegrationTests.testQRCodeScreen,5,non-flaky,5,0.9596,5,0.949,True,True,False,True,168,159
53194,cloudfoundry_uaa,TotpMfaEndpointIntegrationTests.force_password_happens_after_MFA,5,non-flaky,5,0.9599,5,0.9415,True,True,False,True,293,284
53195,cloudfoundry_uaa,TotpMfaEndpointIntegrationTests.testQRCodeScreenAfterRegistrationDeletion,5,non-flaky,5,0.9596,5,0.9555,True,True,False,True,512,509
53196,cloudfoundry_uaa,TotpMfaEndpointIntegrationTests.testMfaRegisterPageWithoutLoggingIn,5,non-flaky,5,0.9593,5,0.9235,True,True,False,False,101,97
53197,cloudfoundry_uaa,TotpMfaEndpointIntegrationTests.testMfaVerifyPageWithoutLoggingIn,5,non-flaky,5,0.9595,5,0.9222,True,True,False,False,103,99
53198,cloudfoundry_uaa,TotpMfaEndpointIntegrationTests.testQRCodeValidation,5,non-flaky,5,0.9602,5,0.9508,True,True,False,False,225,221
53199,cloudfoundry_uaa,TotpMfaEndpointIntegrationTests.checkAccessForTotpPage,5,non-flaky,5,0.9588,5,0.9296,True,True,False,False,120,116
53200,cloudfoundry_uaa,TotpMfaEndpointIntegrationTests.testDisplayIdentityZoneNameOnRegisterPage,5,non-flaky,5,0.9599,5,0.9369,True,True,False,False,114,110
53201,cloudfoundry_uaa,TotpMfaEndpointIntegrationTests.testDisplayIdentityZoneNameOnVerifyPage,5,non-flaky,5,0.9604,5,0.934,True,True,False,False,208,204
53202,cloudfoundry_uaa,TotpMfaEndpointIntegrationTests.testManualMfaRegistrationFlow,5,non-flaky,5,0.9605,5,0.9509,True,True,False,True,294,292
53203,cloudfoundry_uaa,TotpMfaEndpointIntegrationTests.testQRCodeScreen_ClickManualAndReturn,5,non-flaky,5,0.9604,5,0.9512,True,True,False,True,285,277
53204,cloudfoundry_uaa,TotpMfaEndpointIntegrationTests.testManualMfaRegistrationFlow_ClickBackAndManual,5,non-flaky,5,0.9611,5,0.9516,True,True,False,True,411,409
53205,cloudfoundry_uaa,TotpMfaEndpointIntegrationTests.testQRCodeScreen_ClickManualClickNextClickBack,5,non-flaky,5,0.9602,5,0.9496,True,True,False,True,362,355
53206,cloudfoundry_uaa,CfAuthenticationTests.testDefaultScopes,5,non-flaky,5,0.9617,5,0.9521,True,True,False,True,306,302
53207,cloudfoundry_uaa,CfAuthenticationTests.testInvalidScopes,5,non-flaky,5,0.9615,5,0.9435,True,True,False,False,381,377
53208,cloudfoundry_uaa,ScimGroupEndpointsIntegrationTests.getGroupsWithoutAttributesReturnsAllData,5,non-flaky,5,0.961,5,0.936,True,True,False,False,338,334
53209,cloudfoundry_uaa,ScimGroupEndpointsIntegrationTests.createGroupSucceeds,5,non-flaky,5,0.9607,5,0.9433,True,True,False,True,129,122
53210,cloudfoundry_uaa,ScimGroupEndpointsIntegrationTests.createGroupWithMembersSucceeds,5,non-flaky,5,0.9611,5,0.9383,True,True,False,False,314,310
53211,cloudfoundry_uaa,ScimGroupEndpointsIntegrationTests.createGroupWithInvalidMembersFailsCorrectly,5,non-flaky,5,0.9621,5,0.9566,True,True,False,True,446,440
53212,cloudfoundry_uaa,ScimGroupEndpointsIntegrationTests.createGroupWithMemberGroupSucceeds,5,non-flaky,5,0.9614,5,0.9579,True,True,False,True,281,276
53213,cloudfoundry_uaa,ScimGroupEndpointsIntegrationTests.createExistingGroupFailsCorrectly,5,non-flaky,5,0.9613,5,0.9574,True,True,False,True,162,158
53214,cloudfoundry_uaa,ScimGroupEndpointsIntegrationTests.deleteGroupUpdatesUser,5,non-flaky,5,0.9615,5,0.9567,True,True,False,False,331,327
53215,cloudfoundry_uaa,ScimGroupEndpointsIntegrationTests.deleteNonExistentGroupFailsCorrectly,5,non-flaky,5,0.961,5,0.9568,True,True,False,False,128,124
53216,cloudfoundry_uaa,ScimGroupEndpointsIntegrationTests.deleteMemberGroupUpdatesGroup,5,non-flaky,5,0.9608,5,0.9567,True,True,False,True,291,285
53217,cloudfoundry_uaa,ScimGroupEndpointsIntegrationTests.testDeleteMemberUserUpdatesGroups,5,non-flaky,5,0.961,5,0.9476,True,True,False,True,343,335
53218,cloudfoundry_uaa,ScimGroupEndpointsIntegrationTests.testUpdateGroupUpdatesMemberUsers,5,non-flaky,5,0.9615,5,0.9516,True,True,False,False,440,436
53219,cloudfoundry_uaa,ScimGroupEndpointsIntegrationTests.testAccessTokenReflectsGroupMembership,5,non-flaky,5,0.9602,5,0.9321,True,True,False,False,218,214
53220,cloudfoundry_uaa,ScimGroupEndpointsIntegrationTests.testAccessTokenReflectsGroupMembershipForPasswordGrant,5,non-flaky,5,0.9604,5,0.9394,True,True,False,False,223,219
53221,cloudfoundry_uaa,ScimGroupEndpointsIntegrationTests.testExtremeGroupPagination,5,non-flaky,5,0.9612,5,0.9556,True,True,False,False,335,331
53222,cloudfoundry_uaa,SamlLoginIT.testContentTypes,5,non-flaky,5,0.9509,5,0.9279,True,True,False,True,512,512
53223,cloudfoundry_uaa,SamlLoginIT.testSimpleSamlPhpPasscodeRedirect,5,non-flaky,5,0.959,5,0.9493,True,True,False,False,57,53
53224,cloudfoundry_uaa,SamlLoginIT.testSimpleSamlLoginWithAddShadowUserOnLoginFalse,5,non-flaky,5,0.9609,5,0.9558,True,True,False,True,512,512
53225,cloudfoundry_uaa,SamlLoginIT.failureResponseFromSamlIDP_showErrorFromSaml,5,non-flaky,5,0.9603,5,0.9574,True,True,False,True,512,512
53226,cloudfoundry_uaa,SamlLoginIT.testSimpleSamlPhpLogin,5,non-flaky,5,0.9592,5,0.9348,True,True,False,True,195,188
77619,pholser_junit-quickcheck,SizeConstrainedSetPropertyParameterTypesTest.shouldHold,5,non-flaky,5,0.9597,4,0.7397,True,False,True,False,89,85
77620,pholser_junit-quickcheck,SizeConstrainedSetPropertyParameterTypesTest.shouldHold,5,non-flaky,5,0.9597,4,0.6023,True,False,True,False,91,87
77621,pholser_junit-quickcheck,SizeConstrainedSetPropertyParameterTypesTest.shouldHold,5,non-flaky,5,0.9599,4,0.6565,True,False,True,False,89,85
77622,pholser_junit-quickcheck,DurationPropertyParameterTypesTest.shouldHold,5,non-flaky,5,0.9597,4,0.7198,True,False,True,False,41,37
77623,pholser_junit-quickcheck,DurationPropertyParameterTypesTest.shouldHold,5,non-flaky,5,0.9596,4,0.8418,True,False,True,False,45,41
77624,pholser_junit-quickcheck,DurationPropertyParameterTypesTest.shouldHold,5,non-flaky,5,0.9595,4,0.7987,True,False,True,False,46,42
77625,pholser_junit-quickcheck,DurationPropertyParameterTypesTest.shouldHold,5,non-flaky,5,0.9595,4,0.7935,True,False,True,False,46,42
77626,pholser_junit-quickcheck,DurationPropertyParameterTypesTest.shouldHold,5,non-flaky,5,0.9609,4,0.7677,True,False,True,False,179,175
77627,pholser_junit-quickcheck,DurationPropertyParameterTypesTest.shouldHold,5,non-flaky,5,0.961,4,0.7953,True,False,True,False,177,173
77628,pholser_junit-quickcheck,DurationPropertyParameterTypesTest.shouldHold,5,non-flaky,5,0.9594,4,0.8376,True,False,True,False,45,41
77629,pholser_junit-quickcheck,DayOfWeekPropertyParameterTypesTest.shouldHold,5,non-flaky,5,0.9589,4,0.8089,True,False,True,False,45,41
77630,pholser_junit-quickcheck,MonthPropertyParameterTypesTest.shouldHold,5,non-flaky,5,0.9599,4,0.7477,True,False,True,False,41,37
77631,pholser_junit-quickcheck,PeriodPropertyParameterTypesTest.shouldHold,5,non-flaky,5,0.9596,4,0.7384,True,False,True,False,42,38
77632,pholser_junit-quickcheck,PeriodPropertyParameterTypesTest.shouldHold,5,non-flaky,5,0.9611,3,0.4443,True,False,True,False,230,226
77633,pholser_junit-quickcheck,PeriodPropertyParameterTypesTest.shouldHold,5,non-flaky,5,0.9595,4,0.8685,True,False,True,False,78,74
77634,pholser_junit-quickcheck,PeriodPropertyParameterTypesTest.shouldHold,5,non-flaky,5,0.9599,4,0.8962,True,False,True,False,81,77
77635,pholser_junit-quickcheck,PeriodPropertyParameterTypesTest.shouldHold,5,non-flaky,5,0.9609,4,0.8375,True,False,True,False,136,132
77636,pholser_junit-quickcheck,PeriodPropertyParameterTypesTest.shouldHold,5,non-flaky,5,0.9609,4,0.8662,True,False,True,False,135,131
77637,pholser_junit-quickcheck,PeriodPropertyParameterTypesTest.shouldHold,5,non-flaky,5,0.9595,4,0.8719,True,False,True,False,80,76
77638,pholser_junit-quickcheck,DistinctListPropertyParameterTypesTest.shouldHold,5,non-flaky,5,0.9591,4,0.7767,True,False,True,False,53,49
77639,pholser_junit-quickcheck,DistinctListPropertyParameterTypesTest.shouldHold,5,non-flaky,5,0.9591,4,0.6926,True,False,True,False,55,51
77640,pholser_junit-quickcheck,Primitive3DArrayPropertyParameterTypesTest.shouldHold,5,non-flaky,5,0.9598,4,0.8965,True,False,True,False,57,53
77641,pholser_junit-quickcheck,Primitive3DArrayPropertyParameterTypesTest.shouldHold,5,non-flaky,5,0.9597,4,0.8947,True,False,True,False,55,51
77642,pholser_junit-quickcheck,Primitive3DArrayPropertyParameterTypesTest.shouldHold,5,non-flaky,5,0.9596,4,0.8594,True,False,True,False,55,51
77643,pholser_junit-quickcheck,Primitive3DArrayPropertyParameterTypesTest.shouldHold,5,non-flaky,5,0.9595,4,0.5479,True,False,True,False,53,49
77644,pholser_junit-quickcheck,Primitive3DArrayPropertyParameterTypesTest.shouldHold,5,non-flaky,5,0.9594,4,0.8515,True,False,True,False,55,51
77645,pholser_junit-quickcheck,Primitive3DArrayPropertyParameterTypesTest.shouldHold,5,non-flaky,5,0.9593,4,0.5026,True,False,True,False,53,49
77646,pholser_junit-quickcheck,Primitive3DArrayPropertyParameterTypesTest.shouldHold,5,non-flaky,5,0.9596,4,0.8783,True,False,True,False,55,51
77647,pholser_junit-quickcheck,Primitive3DArrayPropertyParameterTypesTest.shouldHold,5,non-flaky,5,0.9594,4,0.621,True,False,True,False,53,49
77648,pholser_junit-quickcheck,Primitive3DArrayPropertyParameterTypesTest.shouldHold,5,non-flaky,5,0.9596,4,0.9246,True,False,True,False,56,52
77649,pholser_junit-quickcheck,Primitive3DArrayPropertyParameterTypesTest.shouldHold,5,non-flaky,5,0.9594,4,0.6002,True,False,True,False,53,49
77650,pholser_junit-quickcheck,Primitive3DArrayPropertyParameterTypesTest.shouldHold,5,non-flaky,5,0.9597,4,0.8467,True,False,True,False,55,51
77651,pholser_junit-quickcheck,Primitive3DArrayPropertyParameterTypesTest.shouldHold,5,non-flaky,5,0.9595,4,0.664,True,False,True,False,53,49
77652,pholser_junit-quickcheck,Primitive3DArrayPropertyParameterTypesTest.shouldHold,5,non-flaky,5,0.9595,4,0.8985,True,False,True,False,55,51
77653,pholser_junit-quickcheck,Primitive3DArrayPropertyParameterTypesTest.shouldHold,5,non-flaky,5,0.9593,4,0.6365,True,False,True,False,53,49
77654,pholser_junit-quickcheck,Primitive3DArrayPropertyParameterTypesTest.shouldHold,5,non-flaky,5,0.9595,4,0.8793,True,False,True,False,55,51
77655,pholser_junit-quickcheck,Primitive3DArrayPropertyParameterTypesTest.shouldHold,5,non-flaky,5,0.9593,4,0.5807,True,False,True,False,53,49
77656,pholser_junit-quickcheck,InstantPropertyParameterTypesTest.shouldHold,5,non-flaky,5,0.9598,4,0.7634,True,False,True,False,41,37
77657,pholser_junit-quickcheck,InstantPropertyParameterTypesTest.shouldHold,5,non-flaky,5,0.9597,4,0.8508,True,False,True,False,45,41
77658,pholser_junit-quickcheck,InstantPropertyParameterTypesTest.shouldHold,5,non-flaky,5,0.9596,4,0.9035,True,False,True,False,87,83
77659,pholser_junit-quickcheck,InstantPropertyParameterTypesTest.shouldHold,5,non-flaky,5,0.9599,4,0.9283,True,False,True,False,90,86
77660,pholser_junit-quickcheck,InstantPropertyParameterTypesTest.shouldHold,5,non-flaky,5,0.9609,4,0.8759,True,False,True,False,155,151
77661,pholser_junit-quickcheck,InstantPropertyParameterTypesTest.shouldHold,5,non-flaky,5,0.9606,4,0.876,True,False,True,False,157,153
77662,pholser_junit-quickcheck,InstantPropertyParameterTypesTest.shouldHold,5,non-flaky,5,0.9594,4,0.8376,True,False,True,False,45,41
77663,pholser_junit-quickcheck,OffsetTimePropertyParameterTypesTest.shouldHold,5,non-flaky,5,0.9595,4,0.7871,True,False,True,False,43,39
77664,pholser_junit-quickcheck,OffsetTimePropertyParameterTypesTest.shouldHold,5,non-flaky,5,0.9596,4,0.8278,True,False,True,False,46,42
77665,pholser_junit-quickcheck,OffsetTimePropertyParameterTypesTest.shouldHold,5,non-flaky,5,0.9595,4,0.7987,True,False,True,False,46,42
77666,pholser_junit-quickcheck,OffsetTimePropertyParameterTypesTest.shouldHold,5,non-flaky,5,0.9595,4,0.7935,True,False,True,False,46,42
77667,pholser_junit-quickcheck,OffsetTimePropertyParameterTypesTest.shouldHold,5,non-flaky,5,0.9595,4,0.8011,True,False,True,False,46,42
77668,pholser_junit-quickcheck,OffsetTimePropertyParameterTypesTest.shouldHold,5,non-flaky,5,0.9597,4,0.8438,True,False,True,False,45,41
77669,pholser_junit-quickcheck,OffsetTimePropertyParameterTypesTest.shouldHold,5,non-flaky,5,0.9597,4,0.8296,True,False,True,False,45,41
77670,pholser_junit-quickcheck,OffsetTimePropertyParameterTypesTest.shouldHold,5,non-flaky,5,0.9594,4,0.8376,True,False,True,False,45,41
77671,pholser_junit-quickcheck,ReferenceArrayPropertyParameterTypesTest.shouldHold,5,non-flaky,5,0.9594,4,0.7991,True,False,True,False,44,40
77672,pholser_junit-quickcheck,ReferenceArrayPropertyParameterTypesTest.shouldHold,5,non-flaky,5,0.9594,4,0.6744,True,False,True,False,53,49
77673,pholser_junit-quickcheck,PrimitivePropertyParameterTypesTest.shouldHold,5,non-flaky,5,0.9594,4,0.6101,True,False,True,False,44,40
77674,pholser_junit-quickcheck,PrimitivePropertyParameterTypesTest.shouldHold,5,non-flaky,5,0.9592,4,0.6598,True,False,True,False,44,40
77675,pholser_junit-quickcheck,PrimitivePropertyParameterTypesTest.shouldHold,5,non-flaky,5,0.9601,4,0.7458,True,False,True,False,67,63
77676,pholser_junit-quickcheck,PrimitivePropertyParameterTypesTest.shouldHold,5,non-flaky,5,0.96,4,0.8142,True,False,True,False,67,63
77677,pholser_junit-quickcheck,PrimitivePropertyParameterTypesTest.shouldHold,5,non-flaky,5,0.9594,5,0.5216,True,True,False,False,95,91
77678,pholser_junit-quickcheck,PrimitivePropertyParameterTypesTest.shouldHold,5,non-flaky,5,0.9594,5,0.5783,True,True,False,False,95,91
77679,pholser_junit-quickcheck,PrimitivePropertyParameterTypesTest.shouldHold,5,non-flaky,5,0.9596,4,0.7822,True,False,True,False,42,38
77680,pholser_junit-quickcheck,PrimitivePropertyParameterTypesTest.shouldHold,5,non-flaky,5,0.96,4,0.6174,True,False,True,False,105,101
77681,pholser_junit-quickcheck,PrimitivePropertyParameterTypesTest.shouldHold,5,non-flaky,5,0.96,4,0.8774,True,False,True,False,87,83
77682,pholser_junit-quickcheck,PrimitivePropertyParameterTypesTest.shouldHold,5,non-flaky,5,0.96,4,0.8723,True,False,True,False,87,83
77683,pholser_junit-quickcheck,PrimitivePropertyParameterTypesTest.shouldHold,5,non-flaky,5,0.9593,4,0.7521,True,False,True,False,92,88
77684,pholser_junit-quickcheck,PrimitivePropertyParameterTypesTest.shouldHold,5,non-flaky,5,0.9594,4,0.6784,True,False,True,False,92,88
77685,pholser_junit-quickcheck,PrimitivePropertyParameterTypesTest.shouldHold,5,non-flaky,5,0.959,5,0.6059,True,True,False,False,80,76
77686,pholser_junit-quickcheck,PrimitivePropertyParameterTypesTest.shouldHold,5,non-flaky,5,0.9594,4,0.7626,True,False,True,False,42,38
77687,pholser_junit-quickcheck,PrimitivePropertyParameterTypesTest.shouldHold,5,non-flaky,5,0.9602,4,0.5636,True,False,True,False,105,101
77688,pholser_junit-quickcheck,PrimitivePropertyParameterTypesTest.shouldHold,5,non-flaky,5,0.9599,4,0.8674,True,False,True,False,87,83
77689,pholser_junit-quickcheck,PrimitivePropertyParameterTypesTest.shouldHold,5,non-flaky,5,0.96,4,0.8609,True,False,True,False,87,83
77690,pholser_junit-quickcheck,PrimitivePropertyParameterTypesTest.shouldHold,5,non-flaky,5,0.9593,4,0.7792,True,False,True,False,42,38
77691,pholser_junit-quickcheck,PrimitivePropertyParameterTypesTest.shouldHold,5,non-flaky,5,0.9598,4,0.5923,True,False,True,False,103,99
77692,pholser_junit-quickcheck,PrimitivePropertyParameterTypesTest.shouldHold,5,non-flaky,5,0.9598,4,0.7772,True,False,True,False,93,89
77693,pholser_junit-quickcheck,PrimitivePropertyParameterTypesTest.shouldHold,5,non-flaky,5,0.9598,4,0.7099,True,False,True,False,93,89
77694,pholser_junit-quickcheck,PrimitivePropertyParameterTypesTest.shouldHold,5,non-flaky,5,0.9593,5,0.5333,True,True,False,False,94,90
77695,pholser_junit-quickcheck,PrimitivePropertyParameterTypesTest.shouldHold,5,non-flaky,5,0.9593,4,0.7702,True,False,True,False,42,38
77696,pholser_junit-quickcheck,PrimitivePropertyParameterTypesTest.shouldHold,5,non-flaky,5,0.9598,4,0.6636,True,False,True,False,101,97
77697,pholser_junit-quickcheck,PrimitivePropertyParameterTypesTest.shouldHold,5,non-flaky,5,0.9598,4,0.8153,True,False,True,False,91,87
77698,pholser_junit-quickcheck,PrimitivePropertyParameterTypesTest.shouldHold,5,non-flaky,5,0.9597,4,0.7469,True,False,True,False,91,87
77699,pholser_junit-quickcheck,PrimitivePropertyParameterTypesTest.shouldHold,5,non-flaky,5,0.9604,4,0.6512,True,False,True,False,102,98
77700,pholser_junit-quickcheck,PrimitivePropertyParameterTypesTest.shouldHold,5,non-flaky,5,0.9598,4,0.8146,True,False,True,False,105,101
77701,pholser_junit-quickcheck,PrimitivePropertyParameterTypesTest.shouldHold,5,non-flaky,5,0.9605,4,0.5918,True,False,True,False,117,113
77702,pholser_junit-quickcheck,PrimitivePropertyParameterTypesTest.shouldHold,5,non-flaky,5,0.9607,4,0.6671,True,False,True,False,118,114
77703,pholser_junit-quickcheck,PrimitivePropertyParameterTypesTest.shouldHold,5,non-flaky,5,0.9604,4,0.6721,True,False,True,False,102,98
77704,pholser_junit-quickcheck,PrimitivePropertyParameterTypesTest.shouldHold,5,non-flaky,5,0.9599,4,0.836,True,False,True,False,104,100
77705,pholser_junit-quickcheck,PrimitivePropertyParameterTypesTest.shouldHold,5,non-flaky,5,0.9605,4,0.4788,True,False,True,False,117,113
77706,pholser_junit-quickcheck,PrimitivePropertyParameterTypesTest.shouldHold,5,non-flaky,5,0.9606,4,0.5601,True,False,True,False,117,113
77707,pholser_junit-quickcheck,PrimitivePropertyParameterTypesTest.shouldHold,5,non-flaky,5,0.9599,4,0.5306,True,False,True,False,115,111
77708,pholser_junit-quickcheck,PrimitivePropertyParameterTypesTest.shouldHold,5,non-flaky,5,0.9601,4,0.8462,True,False,True,False,121,117
77709,pholser_junit-quickcheck,PrimitivePropertyParameterTypesTest.shouldHold,5,non-flaky,5,0.9591,5,0.4815,True,True,False,False,80,76
77710,pholser_junit-quickcheck,PrimitivePropertyParameterTypesTest.shouldHold,5,non-flaky,5,0.9604,4,0.6943,True,False,True,False,102,98
77711,pholser_junit-quickcheck,PrimitivePropertyParameterTypesTest.shouldHold,5,non-flaky,5,0.9599,4,0.5783,True,False,True,False,113,109
77712,pholser_junit-quickcheck,PrimitivePropertyParameterTypesTest.shouldHold,5,non-flaky,5,0.9608,4,0.625,True,False,True,False,123,119
77713,pholser_junit-quickcheck,PrimitivePropertyParameterTypesTest.shouldHold,5,non-flaky,5,0.9608,4,0.6116,True,False,True,False,120,116
77714,pholser_junit-quickcheck,PrimitivePropertyParameterTypesTest.shouldHold,5,non-flaky,5,0.9603,4,0.7094,True,False,True,False,102,98
77715,pholser_junit-quickcheck,PrimitivePropertyParameterTypesTest.shouldHold,5,non-flaky,5,0.9597,4,0.7548,True,False,True,False,110,106
77716,pholser_junit-quickcheck,PrimitivePropertyParameterTypesTest.shouldHold,5,non-flaky,5,0.9607,4,0.6289,True,False,True,False,122,118
77717,pholser_junit-quickcheck,PrimitivePropertyParameterTypesTest.shouldHold,5,non-flaky,5,0.9606,4,0.5674,True,False,True,False,118,114
77718,pholser_junit-quickcheck,PrimitivePropertyParameterTypesTest.shouldHold,5,non-flaky,5,0.9595,4,0.8254,True,False,True,False,100,96
86038,graylog2_graylog2-server,NotificationResourceHandlerTest.testExecution,5,non-flaky,5,0.9613,5,0.9565,True,True,False,False,300,296
86039,graylog2_graylog2-server,NotificationDtoTest.testValidateWithEmptyTitle,5,non-flaky,5,0.9604,5,0.9516,True,True,False,True,126,115
86040,graylog2_graylog2-server,NotificationDtoTest.testValidateWithEmptyConfig,5,non-flaky,5,0.9609,5,0.9495,True,True,False,True,211,200
86041,graylog2_graylog2-server,NotificationDtoTest.testValidateHttpWithEmptyConfigParameters,5,non-flaky,5,0.9606,5,0.9554,True,True,False,True,196,187
86042,graylog2_graylog2-server,NotificationDtoTest.testValidateEmailWithEmptyConfigParameters,5,non-flaky,5,0.9613,5,0.9563,True,True,False,True,281,272
86043,graylog2_graylog2-server,NotificationDtoTest.testValidateLegacyWithEmptyConfigParameters,5,non-flaky,5,0.961,5,0.9567,True,True,False,True,233,223
86044,graylog2_graylog2-server,NotificationDtoTest.testValidHttpNotification,5,non-flaky,5,0.96,5,0.9482,True,True,False,True,119,106
86045,graylog2_graylog2-server,NotificationDtoTest.testValidEmailNotification,5,non-flaky,5,0.96,5,0.9433,True,True,False,True,119,106
86046,graylog2_graylog2-server,NotificationDtoTest.testValidLegacyNotification,5,non-flaky,5,0.96,5,0.9402,True,True,False,True,121,108
86047,graylog2_graylog2-server,EventProcessorDependencyCheckTest.canProcessTimerange,5,non-flaky,5,0.9333,5,0.9333,True,True,False,False,512,512
86048,graylog2_graylog2-server,EventProcessorDependencyCheckTest.hasMessagesIndexedUpTo,5,non-flaky,5,0.9347,5,0.4829,True,True,False,True,343,334
86049,graylog2_graylog2-server,NotificationGracePeriodServiceTest.falseWithDisabledGracePeriod,5,non-flaky,5,0.961,5,0.9397,True,True,False,True,240,236
86050,graylog2_graylog2-server,NotificationGracePeriodServiceTest.withinGracePeriod,5,non-flaky,5,0.9557,5,0.442,True,True,False,True,309,306
86051,graylog2_graylog2-server,NotificationGracePeriodServiceTest.outsideGracePeriod,5,non-flaky,5,0.9558,5,0.4495,True,True,False,True,309,306
86052,graylog2_graylog2-server,NotificationGracePeriodServiceTest.insideThenInsideGracePeriod,5,non-flaky,5,0.9509,2,0.4597,True,False,True,True,330,328
86053,graylog2_graylog2-server,NotificationGracePeriodServiceTest.insideOutsideInsideGracePeriod,5,non-flaky,5,0.9474,2,0.575,True,False,True,True,401,397
86054,graylog2_graylog2-server,NotificationGracePeriodServiceTest.differentKey,5,non-flaky,5,0.956,5,0.5743,True,True,False,True,306,305
86055,graylog2_graylog2-server,NotificationGracePeriodServiceTest.differentNotification,5,non-flaky,5,0.9552,5,0.6299,True,True,False,True,307,304
86056,graylog2_graylog2-server,NotificationGracePeriodServiceTest.emptyKey,5,non-flaky,5,0.9522,2,0.3393,True,False,True,True,297,293
86057,graylog2_graylog2-server,AggregationFunctionTest.testFunctionMapping,5,non-flaky,5,0.9605,5,0.9403,True,True,False,False,253,249
86058,graylog2_graylog2-server,AggregationFunctionTest.fieldRequirements,5,non-flaky,5,0.9537,5,0.9387,True,True,False,False,512,512
86059,graylog2_graylog2-server,AggregationEventProcessorConfigTest.toJobSchedulerConfig,5,non-flaky,5,0.9585,5,0.9533,True,True,False,True,512,512
86060,graylog2_graylog2-server,AggregationEventProcessorConfigTest.testValidateWithInvalidTimeRange,5,non-flaky,5,0.9613,5,0.9549,True,True,False,True,301,283
86061,graylog2_graylog2-server,AggregationEventProcessorConfigTest.testValidateWithInvalidExecutionTime,5,non-flaky,5,0.9602,5,0.9452,True,True,False,True,302,284
86062,graylog2_graylog2-server,AggregationEventProcessorConfigTest.testValidateWithIncompleteAggregationOptions,5,non-flaky,5,0.9613,5,0.9485,True,True,False,True,408,389
86063,graylog2_graylog2-server,AggregationEventProcessorConfigTest.testValidConfiguration,5,non-flaky,5,0.9594,5,0.9289,True,True,False,True,95,88
86064,graylog2_graylog2-server,AggregationEventProcessorConfigTest.testValidFilterConfiguration,5,non-flaky,5,0.9606,5,0.9525,True,True,False,True,177,170
86065,graylog2_graylog2-server,AggregationEventProcessorConfigTest.testValidAggregationConfiguration,5,non-flaky,5,0.9604,5,0.9543,True,True,False,True,207,198
86066,graylog2_graylog2-server,AggregationEventProcessorConfigTest.requiredPermissions,5,non-flaky,5,0.9602,5,0.9521,True,True,False,False,117,113
86067,graylog2_graylog2-server,AggregationEventProcessorConfigTest.requiredPermissionsWithEmptyStreams,5,non-flaky,5,0.96,5,0.954,True,True,False,False,108,104
86068,graylog2_graylog2-server,AggregationEventProcessorTest.testEventsFromAggregationResult,5,non-flaky,5,0.9506,5,0.9277,True,True,False,True,512,512
86069,graylog2_graylog2-server,AggregationEventProcessorTest.testEventsFromAggregationResultWithConditions,5,non-flaky,5,0.9439,5,0.9126,True,True,False,True,512,512
86070,graylog2_graylog2-server,AggregationEventProcessorTest.createEventsWithFilter,5,non-flaky,5,0.9465,5,0.9295,True,True,False,True,512,512
86071,graylog2_graylog2-server,AggregationEventProcessorTest.createEventsWithoutRequiredMessagesBeingIndexed,5,non-flaky,5,0.9531,5,0.9425,True,True,False,False,512,512
86072,graylog2_graylog2-server,AggregationEventProcessorTest.testEventsFromAggregationResultWithEmptyResultUsesEventDefinitionStreamAsSourceStreams,5,non-flaky,5,0.953,5,0.9391,True,True,False,True,512,512
86073,graylog2_graylog2-server,AggregationEventProcessorTest.testEventsFromAggregationResultWithEmptyResultAndNoConfiguredStreamsUsesAllStreamsAsSourceStreams,5,non-flaky,5,0.9442,5,0.8396,True,True,False,True,512,512
86074,graylog2_graylog2-server,PivotAggregationSearchTest.testExtractValuesWithGroupBy,5,non-flaky,5,0.9541,5,0.9365,True,True,False,True,512,512
86075,graylog2_graylog2-server,PivotAggregationSearchTest.testExtractValuesWithoutGroupBy,5,non-flaky,5,0.9533,5,0.9393,True,True,False,True,512,512
86076,graylog2_graylog2-server,PivotAggregationSearchTest.testExtractValuesWithNullValues,5,non-flaky,5,0.9535,5,0.9386,True,True,False,True,512,512
86077,graylog2_graylog2-server,PivotAggregationSearchTest.testDateRangeBucketWithOneTumblingWindow,5,non-flaky,5,0.943,5,0.6122,True,True,False,True,242,232
86078,graylog2_graylog2-server,PivotAggregationSearchTest.testDateRangeBucketWithCatchUpTumblingWindows,5,non-flaky,5,0.9353,5,0.7736,True,True,False,True,417,396
86079,graylog2_graylog2-server,PivotAggregationSearchTest.testDateRangeBucketWithSlidingWindow,5,non-flaky,5,0.9416,5,0.5067,True,True,False,True,267,257
86080,graylog2_graylog2-server,PivotAggregationSearchTest.testDateRangeBucketWithCatchUpSlidingWindows,5,non-flaky,5,0.9217,5,0.5789,True,True,False,True,498,448
86081,graylog2_graylog2-server,EventDefinitionHandlerTest.create,5,non-flaky,5,0.9226,5,0.8837,True,True,False,True,512,512
86082,graylog2_graylog2-server,EventDefinitionHandlerTest.createWithoutSchedule,5,non-flaky,5,0.9311,5,0.8915,True,True,False,True,512,512
86083,graylog2_graylog2-server,EventDefinitionHandlerTest.update,5,non-flaky,5,0.9269,5,0.9269,True,True,False,False,512,512
86084,graylog2_graylog2-server,EventDefinitionHandlerTest.updateWithSchedulingDisabled,5,non-flaky,5,0.9264,5,0.8801,True,True,False,True,512,512
86085,graylog2_graylog2-server,EventDefinitionHandlerTest.updateWithSchedulingReEnabled,5,non-flaky,5,0.9415,5,0.9415,True,True,False,False,512,512
86086,graylog2_graylog2-server,EventDefinitionHandlerTest.updateWithErrors,5,non-flaky,5,0.9596,5,0.9558,True,True,False,True,512,512
86087,graylog2_graylog2-server,EventDefinitionHandlerTest.delete,5,non-flaky,5,0.9606,5,0.9551,True,True,False,False,247,243
86088,graylog2_graylog2-server,EventDefinitionHandlerTest.schedule,5,non-flaky,5,0.9583,5,0.9457,True,True,False,False,512,512
86089,graylog2_graylog2-server,EventDefinitionHandlerTest.scheduleWithMissingEventDefinition,5,non-flaky,5,0.9601,5,0.9403,True,True,False,True,170,166
86090,graylog2_graylog2-server,EventDefinitionHandlerTest.unschedule,5,non-flaky,5,0.9607,5,0.9556,True,True,False,False,278,274
86091,graylog2_graylog2-server,EventDefinitionHandlerTest.unscheduleWithMissingEventDefinition,5,non-flaky,5,0.9605,5,0.9364,True,True,False,True,173,171
86092,graylog2_graylog2-server,EventDefinitionDtoTest.testValidateWithEmptyTitle,5,non-flaky,5,0.9605,5,0.9512,True,True,False,True,151,138
86093,graylog2_graylog2-server,EventDefinitionDtoTest.testValidateWithEmptyConfigType,5,non-flaky,5,0.9602,5,0.942,True,True,False,True,161,150
86094,graylog2_graylog2-server,EventDefinitionDtoTest.testValidateWithInvalidConfig,5,non-flaky,5,0.9607,5,0.9542,True,True,False,True,254,236
86095,graylog2_graylog2-server,EventDefinitionDtoTest.testValidateWithInvalidFieldName,5,non-flaky,5,0.9601,5,0.8988,True,True,False,True,319,302
86096,graylog2_graylog2-server,EventDefinitionDtoTest.testValidateWithKeySpecNotInFieldSpec,5,non-flaky,5,0.9606,5,0.9438,True,True,False,True,228,211
86097,graylog2_graylog2-server,EventDefinitionDtoTest.testValidEventDefinition,5,non-flaky,5,0.9597,5,0.9293,True,True,False,True,96,87
86098,graylog2_graylog2-server,EventDefinitionDtoTest.testValidEventDefinitionWithKeySpecInFieldSpec,5,non-flaky,5,0.9604,5,0.9442,True,True,False,True,230,213
86099,graylog2_graylog2-server,EventProcessorDtoTest.type,5,non-flaky,5,0.9607,5,0.9506,True,True,False,False,118,114
86100,graylog2_graylog2-server,DBEventProcessorServiceTest.loadPersisted,5,non-flaky,5,0.9569,5,0.9393,True,True,False,True,512,512
86101,graylog2_graylog2-server,DBEventProcessorServiceTest.save,5,non-flaky,5,0.9194,5,0.8739,True,True,False,True,512,512
86102,graylog2_graylog2-server,DBEventProcessorStateServiceTest.persistence,5,non-flaky,5,0.9284,5,0.8089,True,True,False,True,512,512
86103,graylog2_graylog2-server,DBEventProcessorStateServiceTest.loading,5,non-flaky,5,0.9604,5,0.927,True,True,False,True,281,274
86104,graylog2_graylog2-server,DBEventProcessorStateServiceTest.findByEventProcessorId,5,non-flaky,5,0.9609,5,0.9363,True,True,False,False,254,250
86105,graylog2_graylog2-server,DBEventProcessorStateServiceTest.findByEventProcessorsAndMaxTimestamp,5,non-flaky,5,0.9245,5,0.7509,True,True,False,True,512,512
86106,graylog2_graylog2-server,DBEventProcessorStateServiceTest.setState,5,non-flaky,5,0.9319,5,0.8886,True,True,False,True,512,512
86107,graylog2_graylog2-server,DBEventProcessorStateServiceTest.setStateKeepsMinMaxTimestamp,5,non-flaky,5,0.9293,5,0.7775,True,True,False,True,512,512
86108,graylog2_graylog2-server,DBEventProcessorStateServiceTest.deleteByEventProcessorId,5,non-flaky,5,0.959,5,0.9396,True,True,False,False,98,94
86109,graylog2_graylog2-server,NotificationFacadeTest.exportEntity,5,non-flaky,5,0.9617,5,0.9481,True,True,False,True,337,330
86110,graylog2_graylog2-server,NotificationFacadeTest.createNativeEntity,5,non-flaky,5,0.9616,5,0.9488,True,True,False,True,410,395
86111,graylog2_graylog2-server,NotificationFacadeTest.loadNativeEntity,5,non-flaky,5,0.9618,5,0.955,True,True,False,True,340,323
86112,graylog2_graylog2-server,NotificationFacadeTest.createExcerpt,5,non-flaky,5,0.9612,5,0.9595,True,True,False,True,230,219
86113,graylog2_graylog2-server,NotificationFacadeTest.listExcerpts,5,non-flaky,5,0.9609,5,0.9512,True,True,False,True,171,167
86114,graylog2_graylog2-server,NotificationFacadeTest.delete,5,non-flaky,5,0.9602,5,0.9436,True,True,False,True,201,189
86115,graylog2_graylog2-server,EventDefinitionFacadeTest.exportEntity,5,non-flaky,5,0.9608,5,0.9383,True,True,False,True,448,441
86116,graylog2_graylog2-server,EventDefinitionFacadeTest.exportEntityWithoutScheduling,5,non-flaky,5,0.9613,5,0.9313,True,True,False,True,441,436
86117,graylog2_graylog2-server,EventDefinitionFacadeTest.createNativeEntity,5,non-flaky,5,0.9564,5,0.9382,True,True,False,True,512,512
86118,graylog2_graylog2-server,EventDefinitionFacadeTest.loadNativeEntity,5,non-flaky,5,0.962,5,0.9578,True,True,False,True,345,328
86119,graylog2_graylog2-server,EventDefinitionFacadeTest.createExcerpt,5,non-flaky,5,0.9614,5,0.9595,True,True,False,True,231,220
86120,graylog2_graylog2-server,EventDefinitionFacadeTest.listExcerpts,5,non-flaky,5,0.961,5,0.9503,True,True,False,True,172,168
86121,graylog2_graylog2-server,EventDefinitionFacadeTest.delete,5,non-flaky,5,0.9602,5,0.9354,True,True,False,True,203,189
86122,graylog2_graylog2-server,EventDefinitionFacadeTest.resolveNativeEntity,5,non-flaky,5,0.9613,5,0.9437,True,True,False,True,283,265
86123,graylog2_graylog2-server,EventDefinitionFacadeTest.resolveForInstallation,5,non-flaky,5,0.9537,5,0.9269,True,True,False,True,512,512
86124,graylog2_graylog2-server,LegacyAlertConditionMigratorTest.run,5,non-flaky,5,0.9581,5,0.9581,True,True,False,False,512,512
86125,graylog2_graylog2-server,LegacyAlertConditionMigratorTest.runWithMigrationStatus,5,non-flaky,5,0.9603,5,0.9584,True,True,False,True,512,512
86126,graylog2_graylog2-server,LookupTableFieldValueProviderTest.testWithMessageContext,5,non-flaky,5,0.9609,5,0.9587,True,True,False,True,271,265
86127,graylog2_graylog2-server,LookupTableFieldValueProviderTest.testWithEventContext,5,non-flaky,5,0.9609,5,0.9579,True,True,False,True,292,285
86128,graylog2_graylog2-server,LookupTableFieldValueProviderTest.testWithMissingLookupTable,5,non-flaky,5,0.9607,5,0.9431,True,True,False,True,251,244
86129,graylog2_graylog2-server,TemplateFieldValueProviderTest.templateWithMessageContext,5,non-flaky,5,0.9604,5,0.9515,True,True,False,True,141,133
86130,graylog2_graylog2-server,TemplateFieldValueProviderTest.templateWithEventContext,5,non-flaky,5,0.9609,5,0.9416,True,True,False,True,171,166
86131,graylog2_graylog2-server,TemplateFieldValueProviderTest.templateWithError,5,non-flaky,5,0.9605,5,0.9542,True,True,False,True,146,139
86132,graylog2_graylog2-server,TemplateFieldValueProviderTest.templateCalculation,5,non-flaky,5,0.9612,5,0.9595,True,True,False,True,152,145
86133,graylog2_graylog2-server,TemplateFieldValueProviderTest.templateNumberFormatting,5,non-flaky,5,0.9604,5,0.9412,True,True,False,True,165,158
86134,graylog2_graylog2-server,TemplateFieldValueProviderTest.templateDateFormatting,5,non-flaky,5,0.961,5,0.933,True,True,False,True,175,168
86135,graylog2_graylog2-server,TemplateFieldValueProviderTest.templateBooleanFormatting,5,non-flaky,5,0.9608,5,0.9493,True,True,False,True,141,134
86136,graylog2_graylog2-server,ESMongoDateTimeDeserializerTest.deserializeDateTime,5,non-flaky,5,0.961,5,0.9416,True,True,False,True,130,125
86137,graylog2_graylog2-server,ESMongoDateTimeDeserializerTest.deserializeIsoDateTime,5,non-flaky,5,0.9608,5,0.9189,True,True,False,True,133,128
92592,FasterXML_jackson-databind,TestTypeFactoryWithClassLoader.testUsesCorrectClassLoaderWhenThreadClassLoaderIsNull,5,non-flaky,5,0.9603,5,0.9256,True,True,False,True,219,202
92593,FasterXML_jackson-databind,TestTypeFactoryWithClassLoader.testUsesCorrectClassLoaderWhenThreadClassLoaderIsNotNull,5,non-flaky,5,0.958,4,0.9095,True,False,True,True,183,169
92594,FasterXML_jackson-databind,TestTypeFactoryWithClassLoader.testCallingOnlyWithModifierGivesExpectedResults,5,non-flaky,4,0.9447,4,0.948,False,False,False,False,80,79
92595,FasterXML_jackson-databind,TestTypeFactoryWithClassLoader.testCallingOnlyWithClassLoaderGivesExpectedResults,5,non-flaky,4,0.9383,4,0.9373,False,False,False,False,77,76
92596,FasterXML_jackson-databind,TestTypeFactoryWithClassLoader.testDefaultTypeFactoryNotAffectedByWithConstructors,5,non-flaky,4,0.9366,4,0.9411,False,False,False,False,135,134
92597,FasterXML_jackson-databind,TestTypeFactoryWithClassLoader.testSetsTheCorrectClassLoderIfUsingWithModifierFollowedByWithClassLoader,5,non-flaky,4,0.9455,4,0.9487,False,False,False,False,76,75
92598,FasterXML_jackson-databind,TestTypeFactoryWithClassLoader.testSetsTheCorrectClassLoderIfUsingWithClassLoaderFollowedByWithModifier,5,non-flaky,4,0.9442,4,0.9458,False,False,False,False,76,75
92599,FasterXML_jackson-databind,TestTypeFactoryWithClassLoader.testThreadContextClassLoaderIsUsedIfNotUsingWithClassLoader,5,non-flaky,4,0.933,4,0.9408,False,False,False,True,128,116
92600,FasterXML_jackson-databind,TestTypeFactoryWithClassLoader.testUsesFallBackClassLoaderIfNoThreadClassLoaderAndNoWithClassLoader,5,non-flaky,4,0.9413,4,0.9483,False,False,False,True,153,140
92601,FasterXML_jackson-databind,ImmutablesTypeSerializationTest.testImmutablesSimpleDeserialization,5,non-flaky,5,0.9607,5,0.9483,True,True,False,True,162,158
92602,FasterXML_jackson-databind,ImmutablesTypeSerializationTest.testImmutablesSimpleRoundTrip,5,non-flaky,5,0.9608,5,0.956,True,True,False,True,175,172
92603,FasterXML_jackson-databind,ImmutablesTypeSerializationTest.testImmutablesSimpleGenericDeserialization,5,non-flaky,5,0.9609,5,0.9513,True,True,False,True,282,279
92604,FasterXML_jackson-databind,ImmutablesTypeSerializationTest.testImmutablesSimpleGenericRoundTrip,5,non-flaky,5,0.9612,5,0.953,True,True,False,True,259,256
92605,FasterXML_jackson-databind,ImmutablesTypeSerializationTest.testImmutablesMultipleTypeParametersDeserialization,5,non-flaky,5,0.9559,5,0.9333,True,True,False,True,512,512
92606,FasterXML_jackson-databind,ImmutablesTypeSerializationTest.testImmutablesMultipleTypeParametersRoundTrip,5,non-flaky,5,0.9618,5,0.9465,True,True,False,True,489,485
92607,FasterXML_jackson-databind,ObjectReaderValueOfWithValueTypeTest.testValueOfStringWithValueType,5,non-flaky,5,0.9599,5,0.9442,True,True,False,True,212,210
92608,FasterXML_jackson-databind,ObjectReaderValueOfWithValueTypeTest.testValueOfByteArrayWithValueType,5,non-flaky,5,0.9609,5,0.9434,True,True,False,True,220,217
92609,FasterXML_jackson-databind,ObjectReaderValueOfWithValueTypeTest.testValueOfDataInputWithValueType,5,non-flaky,5,0.9604,5,0.9517,True,True,False,True,232,230
92610,FasterXML_jackson-databind,ObjectReaderValueOfWithValueTypeTest.testValueOfFileWithValueType,5,non-flaky,5,0.9599,5,0.9316,True,True,False,True,216,214
92611,FasterXML_jackson-databind,ObjectReaderValueOfWithValueTypeTest.testValueOfInputStreamWithValueType,5,non-flaky,5,0.961,5,0.9406,True,True,False,True,226,224
92612,FasterXML_jackson-databind,ObjectReaderValueOfWithValueTypeTest.testValueOfJsonNodeWithValueType,5,non-flaky,5,0.9612,5,0.9503,True,True,False,True,225,222
92613,FasterXML_jackson-databind,ObjectReaderValueOfWithValueTypeTest.testValueOfReaderWithValueType,5,non-flaky,5,0.9607,5,0.9507,True,True,False,True,217,215
92614,FasterXML_jackson-databind,ObjectReaderValueOfWithValueTypeTest.testValueOfURLWithValueType,5,non-flaky,5,0.9601,5,0.9194,True,True,False,True,221,217
92615,FasterXML_jackson-databind,TestPropertyCreatorSubtypesExternalPropertyMissingProperty.testDeserializationPresent,5,non-flaky,5,0.959,5,0.9361,True,True,False,False,106,102
92616,FasterXML_jackson-databind,TestPropertyCreatorSubtypesExternalPropertyMissingProperty.testDeserializationNull,5,non-flaky,5,0.9604,5,0.9125,True,True,False,False,134,130
92617,FasterXML_jackson-databind,TestPropertyCreatorSubtypesExternalPropertyMissingProperty.testDeserializationEmpty,5,non-flaky,5,0.9604,5,0.9282,True,True,False,False,134,130
92618,FasterXML_jackson-databind,TestPropertyCreatorSubtypesExternalPropertyMissingProperty.testDeserializationMissing,5,non-flaky,5,0.9606,5,0.9344,True,True,False,False,132,128
92619,FasterXML_jackson-databind,TestSubtypesExternalPropertyMissingProperty.testDeserializationPresent,5,non-flaky,5,0.96,5,0.9121,True,True,False,True,168,164
92620,FasterXML_jackson-databind,TestSubtypesExternalPropertyMissingProperty.testDeserializationNull,5,non-flaky,5,0.9611,5,0.953,True,True,False,True,196,192
92621,FasterXML_jackson-databind,TestSubtypesExternalPropertyMissingProperty.testDeserializationEmpty,5,non-flaky,5,0.9609,5,0.9509,True,True,False,True,196,196
92622,FasterXML_jackson-databind,TestSubtypesExternalPropertyMissingProperty.testDeserializationMissing,5,non-flaky,5,0.9611,5,0.9559,True,True,False,True,200,196
92623,FasterXML_jackson-databind,TestSubtypesExternalPropertyMissingProperty.testDeserializationMissingRequired,5,non-flaky,5,0.961,5,0.9549,True,True,False,True,213,211
94601,square_okhttp,UrlConnectionCacheTest.gzip,5,non-flaky,5,0.9585,5,0.7143,True,True,False,False,94,92
94602,square_okhttp,OkUrlFactoryTest.setInstanceFollowRedirectsFalse,5,non-flaky,5,0.9528,5,0.8903,True,True,False,True,175,173
94603,square_okhttp,OkUrlFactoryTest.checkURLPermitted,5,non-flaky,5,0.9584,5,0.9429,True,True,False,False,160,158
94604,square_okhttp,OkUrlFactoryTest.checkURLPermitted,5,non-flaky,5,0.9579,5,0.9409,True,True,False,False,291,289
94605,square_okhttp,URLEncodingTest.get,5,non-flaky,5,0.958,4,0.8708,True,False,True,False,84,82
94606,square_okhttp,CookiesTest.testNetscapeResponse,5,non-flaky,5,0.9608,5,0.9489,True,True,False,True,455,451
94607,square_okhttp,CookiesTest.put,5,non-flaky,5,0.9584,4,0.9022,True,False,True,False,53,51
94608,square_okhttp,CacheTest.assertCookies,5,non-flaky,5,0.9594,3,0.9071,True,False,True,False,137,135
94609,square_okhttp,CacheTest.intercept,5,non-flaky,5,0.9582,4,0.8597,True,False,True,False,113,111
94610,square_okhttp,CacheTest.intercept,5,non-flaky,5,0.9578,4,0.786,True,False,True,False,76,74
94611,square_okhttp,CacheTest.gzip,5,non-flaky,5,0.9589,5,0.9148,True,True,False,False,99,97
94612,square_okhttp,MultipartBodyTest.contentType,5,non-flaky,5,0.9591,4,0.8988,True,False,True,False,50,48
94613,square_okhttp,URLConnectionTest.createSocket,5,non-flaky,5,0.9577,5,0.6459,True,True,False,False,97,95
94614,square_okhttp,URLConnectionTest.select,5,non-flaky,5,0.9588,4,0.8927,True,False,True,False,168,166
94615,square_okhttp,URLConnectionTest.intercept,5,non-flaky,5,0.9581,4,0.8971,True,False,True,False,58,56
94616,square_okhttp,URLConnectionTest.lookup,5,non-flaky,5,0.9568,4,0.9034,True,False,True,False,73,71
94617,square_okhttp,URLConnectionTest.lookup,5,non-flaky,5,0.9564,4,0.878,True,False,True,False,73,71
94618,square_okhttp,URLConnectionTest.gzip,5,non-flaky,5,0.9587,5,0.8684,True,True,False,False,107,105
94619,square_okhttp,InterceptorTest.intercept,5,non-flaky,5,0.9584,4,0.8186,True,False,True,False,74,72
94620,square_okhttp,InterceptorTest.intercept,5,non-flaky,5,0.9584,4,0.921,True,False,True,False,199,197
94621,square_okhttp,InterceptorTest.intercept,5,non-flaky,5,0.9576,4,0.8762,True,False,True,False,84,82
94622,square_okhttp,InterceptorTest.intercept,5,non-flaky,5,0.9584,4,0.937,True,False,True,False,176,174
94623,square_okhttp,InterceptorTest.intercept,5,non-flaky,5,0.9569,4,0.857,True,False,True,False,92,90
94624,square_okhttp,InterceptorTest.intercept,5,non-flaky,5,0.9606,4,0.7696,True,False,True,False,263,261
94625,square_okhttp,InterceptorTest.intercept,5,non-flaky,5,0.9596,4,0.8866,True,False,True,False,220,218
94626,square_okhttp,InterceptorTest.intercept,5,non-flaky,5,0.9591,4,0.9221,True,False,True,False,152,150
94627,square_okhttp,InterceptorTest.intercept,5,non-flaky,5,0.9587,4,0.9238,True,False,True,False,150,148
94628,square_okhttp,InterceptorTest.intercept,5,non-flaky,5,0.9577,4,0.8659,True,False,True,False,188,186
94629,square_okhttp,InterceptorTest.intercept,5,non-flaky,5,0.9584,4,0.9262,True,False,True,False,121,119
94630,square_okhttp,InterceptorTest.intercept,5,non-flaky,5,0.9556,4,0.748,True,False,True,False,123,121
94631,square_okhttp,InterceptorTest.intercept,5,non-flaky,5,0.9579,4,0.5674,True,False,True,False,247,245
94632,square_okhttp,InterceptorTest.intercept,5,non-flaky,5,0.9442,1,0.8989,True,False,True,False,356,354
94633,square_okhttp,InterceptorTest.intercept,5,non-flaky,5,0.958,4,0.8655,True,False,True,False,64,62
94634,square_okhttp,InterceptorTest.intercept,5,non-flaky,5,0.9583,4,0.8827,True,False,True,False,109,107
94635,square_okhttp,InterceptorTest.intercept,5,non-flaky,5,0.9582,4,0.8817,True,False,True,False,64,62
94636,square_okhttp,InterceptorTest.intercept,5,non-flaky,5,0.9571,4,0.9119,True,False,True,False,71,69
94637,square_okhttp,InterceptorTest.intercept,5,non-flaky,5,0.957,4,0.9082,True,False,True,False,71,69
94638,square_okhttp,InterceptorTest.intercept,5,non-flaky,5,0.9564,4,0.8217,True,False,True,False,93,91
94639,square_okhttp,ResponseTest.close,5,non-flaky,5,0.9572,4,0.894,True,False,True,False,52,50
94640,square_okhttp,SocksProxyTest.select,5,non-flaky,5,0.9589,4,0.9289,True,False,True,False,63,61
94641,square_okhttp,DispatcherTest.intercept,5,non-flaky,5,0.9453,1,0.9019,True,False,True,False,211,209
94642,square_okhttp,DispatcherTest.run,5,non-flaky,5,0.9583,4,0.4139,True,False,True,False,55,53
94643,square_okhttp,OkHttpClientTest.intercept,5,non-flaky,5,0.958,4,0.8923,True,False,True,False,65,63
94644,square_okhttp,ConnectionReuseTest.intercept,5,non-flaky,5,0.9584,4,0.9189,True,False,True,False,128,126
94645,square_okhttp,ConnectionSpecSelectorTest.nonRetryableIOException,5,non-flaky,5,0.9574,5,0.9099,True,True,False,True,179,176
94646,square_okhttp,ConnectionSpecSelectorTest.nonRetryableSSLHandshakeException,5,non-flaky,5,0.9584,5,0.9371,True,True,False,True,212,205
94647,square_okhttp,ConnectionSpecSelectorTest.retryableSSLHandshakeException,5,non-flaky,5,0.9579,5,0.9178,True,True,False,True,169,166
94648,square_okhttp,ConnectionSpecSelectorTest.someFallbacksSupported,5,non-flaky,5,0.9584,5,0.9478,True,True,False,True,455,453
94649,square_okhttp,RouteSelectorTest.select,5,non-flaky,5,0.9588,4,0.9097,True,False,True,False,76,74
94650,square_okhttp,RelayTest.call,5,non-flaky,5,0.9577,4,0.5489,True,False,True,False,112,110
94651,square_okhttp,Jdk9PlatformTest.buildsWhenJdk9,5,non-flaky,5,0.9588,5,0.9376,True,True,False,False,55,53
94652,square_okhttp,Jdk9PlatformTest.findsAlpnMethods,5,non-flaky,5,0.9589,5,0.9459,True,True,False,True,103,101
94653,square_okhttp,JdkWithJettyBootPlatformTest.testBuildsWithJettyBoot,5,non-flaky,5,0.9588,5,0.9263,True,True,False,False,66,64
94654,square_okhttp,OptionalMethodTest.isSupported,5,non-flaky,5,0.9561,5,0.936,True,True,False,True,512,512
94655,square_okhttp,OptionalMethodTest.invoke,5,non-flaky,5,0.9543,5,0.9426,True,True,False,True,512,512
94656,square_okhttp,OptionalMethodTest.invokeBadArgs,5,non-flaky,5,0.9604,5,0.9454,True,True,False,True,228,214
94657,square_okhttp,OptionalMethodTest.invokeWithException,5,non-flaky,5,0.9585,5,0.9314,True,True,False,True,169,163
94658,square_okhttp,OptionalMethodTest.invokeNonPublic,5,non-flaky,5,0.9589,5,0.9427,True,True,False,True,76,69
94659,square_okhttp,OptionalMethodTest.invokeOptional,5,non-flaky,5,0.9484,5,0.9263,True,True,False,True,512,512
94660,square_okhttp,OptionalMethodTest.invokeOptionalBadArgs,5,non-flaky,5,0.96,5,0.9267,True,True,False,True,250,236
94661,square_okhttp,OptionalMethodTest.invokeOptionalWithException,5,non-flaky,5,0.9594,5,0.9301,True,True,False,True,172,164
94662,square_okhttp,OptionalMethodTest.invokeOptionalNonPublic,5,non-flaky,5,0.959,5,0.9429,True,True,False,True,78,71
94663,square_okhttp,Http2Test.headers,5,non-flaky,5,0.9598,4,0.8879,True,False,True,False,144,142
94664,square_okhttp,Http2Test.priority,5,non-flaky,5,0.9593,4,0.6355,True,False,True,False,111,109
94665,square_okhttp,Http2Test.headers,5,non-flaky,5,0.9592,4,0.9283,True,False,True,False,141,139
94666,square_okhttp,Http2Test.pushPromise,5,non-flaky,5,0.9596,4,0.9171,True,False,True,False,112,110
94667,square_okhttp,Http2Test.pushPromise,5,non-flaky,5,0.9595,4,0.8889,True,False,True,False,115,113
94668,square_okhttp,Http2Test.rstStream,5,non-flaky,5,0.9571,4,0.9424,True,False,True,False,93,91
94669,square_okhttp,Http2Test.settings,5,non-flaky,5,0.9573,4,0.9361,True,False,True,False,114,112
94670,square_okhttp,Http2Test.settings,5,non-flaky,5,0.9573,4,0.9369,True,False,True,False,66,64
94671,square_okhttp,Http2Test.ping,5,non-flaky,5,0.9587,4,0.8794,True,False,True,False,103,101
94672,square_okhttp,Http2Test.data,5,non-flaky,5,0.9598,3,0.6803,True,False,True,False,197,195
94673,square_okhttp,Http2Test.windowUpdate,5,non-flaky,5,0.9588,4,0.8999,True,False,True,False,91,89
94674,square_okhttp,Http2Test.goAway,5,non-flaky,5,0.959,4,0.9425,True,False,True,False,128,126
94675,square_okhttp,Http2Test.goAway,5,non-flaky,5,0.9593,4,0.9242,True,False,True,False,125,123
94676,square_okhttp,Http2Test.headers,5,non-flaky,5,0.9595,3,0.5671,True,False,True,False,157,155
94677,square_okhttp,Http2ConnectionTest.onStream,5,non-flaky,5,0.9575,4,0.914,True,False,True,False,62,60
94678,square_okhttp,Http2ConnectionTest.onRequest,5,non-flaky,5,0.9587,4,0.829,True,False,True,False,58,56
94679,square_okhttp,DisconnectTest.run,5,non-flaky,5,0.9562,0,0.9251,True,False,True,False,120,118
94680,square_okhttp,ThreadInterruptTest.run,5,non-flaky,5,0.9566,0,0.9215,True,False,True,False,122,120
94681,square_okhttp,ClientAuthTest.buildClient,5,non-flaky,5,0.9585,4,0.833,True,False,True,False,188,186
94682,square_okhttp,DiskLruCacheTest.writeFile,5,non-flaky,5,0.9585,5,0.5051,True,True,False,False,79,77
94683,square_okhttp,HttpResponseCacheTest.get,5,non-flaky,5,0.9598,5,0.7112,True,True,False,False,79,77
94684,square_okhttp,CacheAdapterTest.get,5,non-flaky,5,0.9603,3,0.858,True,False,True,False,243,241
94685,square_okhttp,CacheAdapterTest.get,5,non-flaky,5,0.9606,3,0.8927,True,False,True,False,266,264
94686,square_okhttp,CacheAdapterTest.put,5,non-flaky,5,0.9591,5,0.9577,True,True,False,False,497,496
94687,square_okhttp,CacheAdapterTest.put,5,non-flaky,5,0.9592,5,0.9573,True,True,False,False,495,494
94688,square_okhttp,CacheAdapterTest.put,5,non-flaky,5,0.9547,4,0.9308,True,False,True,False,512,512
94689,square_okhttp,ResponseCacheTest.assertCookies,5,non-flaky,5,0.9593,3,0.8937,True,False,True,False,137,135
94690,square_okhttp,ResponseCacheTest.gzip,5,non-flaky,5,0.9591,5,0.9035,True,True,False,False,99,97
94691,square_okhttp,ResponseCacheTest.put,5,non-flaky,5,0.953,1,0.4774,True,False,True,False,306,304
94692,square_okhttp,ResponseCacheTest.abort,5,non-flaky,5,0.9514,1,0.5205,True,False,True,False,100,98
94693,square_okhttp,ResponseCacheTest.get,5,non-flaky,5,0.9588,4,0.768,True,False,True,False,59,57
94694,square_okhttp,ResponseCacheTest.get,5,non-flaky,5,0.9595,4,0.7152,True,False,True,False,108,106
94695,square_okhttp,JavaApiConverterTest.getBody,5,non-flaky,5,0.9583,4,0.9382,True,False,True,False,73,71
94696,square_okhttp,JavaApiConverterTest.getBody,5,non-flaky,5,0.9586,4,0.8918,True,False,True,False,64,62
94697,square_okhttp,JavaApiConverterTest.getBody,5,non-flaky,5,0.9586,4,0.9383,True,False,True,False,75,73
94698,square_okhttp,JavaApiConverterTest.contentType,5,non-flaky,5,0.9593,4,0.9199,True,False,True,False,62,60
94699,square_okhttp,RealWebSocketTest.contentType,5,non-flaky,5,0.9589,4,0.9365,True,False,True,False,48,46
94700,square_okhttp,RealWebSocketTest.contentType,5,non-flaky,5,0.959,4,0.9351,True,False,True,False,56,54
94717,ktuukkan_marine-api,SpeedOverGroundTest.minValueIsAvailable,5,non-flaky,5,0.9595,5,0.9433,True,True,False,False,45,41
94718,ktuukkan_marine-api,SpeedOverGroundTest.minValueIsCorrect,5,non-flaky,5,0.9596,5,0.9429,True,True,False,False,45,41
94719,ktuukkan_marine-api,SpeedOverGroundTest.maxValueIsAvailable,5,non-flaky,5,0.9593,5,0.9436,True,True,False,False,46,42
94720,ktuukkan_marine-api,SpeedOverGroundTest.maxValueIsCorrect,5,non-flaky,5,0.9597,5,0.9448,True,True,False,False,46,42
94721,ktuukkan_marine-api,SpeedOverGroundTest.defaultValueIsNotAvailable,5,non-flaky,5,0.9593,5,0.9466,True,True,False,False,47,43
94722,ktuukkan_marine-api,SpeedOverGroundTest.defaultValueIsCorrect,5,non-flaky,5,0.9595,5,0.9453,True,True,False,False,46,42
94723,ktuukkan_marine-api,SpeedOverGroundTest.negativeValueIsNotAvailable,5,non-flaky,5,0.9597,5,0.9465,True,True,False,False,46,42
94724,ktuukkan_marine-api,SpeedOverGroundTest.negativeValueIsNotCorrect,5,non-flaky,5,0.9599,5,0.9482,True,True,False,False,46,42
94725,ktuukkan_marine-api,SpeedOverGroundTest.largeValueIsNotAvailable,5,non-flaky,5,0.9595,5,0.9466,True,True,False,False,46,42
94726,ktuukkan_marine-api,SpeedOverGroundTest.largeValueIsNotCorrect,5,non-flaky,5,0.9598,5,0.9474,True,True,False,False,46,42
94727,ktuukkan_marine-api,SpeedOverGroundTest.conversionToKnotsWorks,5,non-flaky,5,0.961,5,0.9568,True,True,False,False,148,144
94728,ktuukkan_marine-api,SpeedOverGroundTest.conversionReturnsOnInvalidValues,5,non-flaky,5,0.9606,5,0.9544,True,True,False,False,119,115
94729,ktuukkan_marine-api,Longitude28Test.zeroIsAvailable,5,non-flaky,5,0.9597,5,0.945,True,True,False,False,44,40
94730,ktuukkan_marine-api,Longitude28Test.zeroIsCorrect,5,non-flaky,5,0.9599,5,0.943,True,True,False,False,44,40
94731,ktuukkan_marine-api,Longitude28Test.minValueIsAvailable,5,non-flaky,5,0.9594,5,0.9448,True,True,False,False,49,45
94732,ktuukkan_marine-api,Longitude28Test.minValueIsCorrect,5,non-flaky,5,0.9598,5,0.9487,True,True,False,False,49,45
94733,ktuukkan_marine-api,Longitude28Test.maxValueIsAvailable,5,non-flaky,5,0.9595,5,0.9443,True,True,False,False,49,45
94734,ktuukkan_marine-api,Longitude28Test.maxValueIsCorrect,5,non-flaky,5,0.9598,5,0.9496,True,True,False,False,49,45
94735,ktuukkan_marine-api,Longitude28Test.defaultValueIsNotAvailable,5,non-flaky,5,0.9595,5,0.9444,True,True,False,False,50,46
94736,ktuukkan_marine-api,Longitude28Test.defaultValueIsCorrect,5,non-flaky,5,0.9597,5,0.9485,True,True,False,False,49,45
94737,ktuukkan_marine-api,Longitude28Test.largeNegativeValueIsNotAvailable,5,non-flaky,5,0.9594,5,0.9457,True,True,False,False,54,50
94738,ktuukkan_marine-api,Longitude28Test.largeNegativeValueIsNotCorrect,5,non-flaky,5,0.9598,5,0.9467,True,True,False,False,54,50
94739,ktuukkan_marine-api,Longitude28Test.largeValueIsNotAvailable,5,non-flaky,5,0.9594,5,0.9432,True,True,False,False,52,48
94740,ktuukkan_marine-api,Longitude28Test.largeValueIsNotCorrect,5,non-flaky,5,0.9597,5,0.9457,True,True,False,False,52,48
94741,ktuukkan_marine-api,Longitude28Test.conversionToKnotsWorks,5,non-flaky,5,0.9588,5,0.8729,True,True,False,False,239,235
94742,ktuukkan_marine-api,Longitude28Test.conversionReturnsOnInvalidValues,5,non-flaky,5,0.9609,5,0.9388,True,True,False,False,161,157
94743,ktuukkan_marine-api,Latitude27Test.zeroIsAvailable,5,non-flaky,5,0.9596,5,0.9448,True,True,False,False,44,40
94744,ktuukkan_marine-api,Latitude27Test.zeroIsCorrect,5,non-flaky,5,0.9598,5,0.9434,True,True,False,False,44,40
94745,ktuukkan_marine-api,Latitude27Test.minValueIsAvailable,5,non-flaky,5,0.9595,5,0.947,True,True,False,False,49,45
94746,ktuukkan_marine-api,Latitude27Test.minValueIsCorrect,5,non-flaky,5,0.9598,5,0.9505,True,True,False,False,49,45
94747,ktuukkan_marine-api,Latitude27Test.maxValueIsAvailable,5,non-flaky,5,0.9595,5,0.9457,True,True,False,False,49,45
94748,ktuukkan_marine-api,Latitude27Test.maxValueIsCorrect,5,non-flaky,5,0.9598,5,0.9507,True,True,False,False,49,45
94749,ktuukkan_marine-api,Latitude27Test.defaultValueIsNotAvailable,5,non-flaky,5,0.9596,5,0.9462,True,True,False,False,50,46
94750,ktuukkan_marine-api,Latitude27Test.defaultValueIsCorrect,5,non-flaky,5,0.9597,5,0.9488,True,True,False,False,49,45
94751,ktuukkan_marine-api,Latitude27Test.largeNegativeValueIsNotAvailable,5,non-flaky,5,0.9595,5,0.9467,True,True,False,False,54,50
94752,ktuukkan_marine-api,Latitude27Test.largeNegativeValueIsNotCorrect,5,non-flaky,5,0.9598,5,0.9475,True,True,False,False,54,50
94753,ktuukkan_marine-api,Latitude27Test.largeValueIsNotAvailable,5,non-flaky,5,0.9595,5,0.9434,True,True,False,False,52,48
94754,ktuukkan_marine-api,Latitude27Test.largeValueIsNotCorrect,5,non-flaky,5,0.9597,5,0.9451,True,True,False,False,52,48
94755,ktuukkan_marine-api,Latitude27Test.conversionToKnotsWorks,5,non-flaky,5,0.9591,5,0.8859,True,True,False,False,239,235
94756,ktuukkan_marine-api,Latitude27Test.conversionReturnsOnInvalidValues,5,non-flaky,5,0.961,5,0.9429,True,True,False,False,161,157
94757,ktuukkan_marine-api,AbstractAISMessageListenerTest.testConstructor,5,non-flaky,5,0.9601,5,0.9515,True,True,False,False,79,75
94758,ktuukkan_marine-api,AbstractAISMessageListenerTest.testParametrizedConstructor,5,non-flaky,5,0.9599,5,0.9502,True,True,False,True,88,83
94759,ktuukkan_marine-api,AbstractAISMessageListenerTest.testOnMessageWithExpectedMessage,5,non-flaky,5,0.9593,5,0.9332,True,True,False,True,89,85
94760,ktuukkan_marine-api,AbstractAISMessageListenerTest.testSequenceListener,5,non-flaky,5,0.9599,5,0.9389,True,True,False,False,124,120
94761,ktuukkan_marine-api,AbstractAISMessageListenerTest.testSequenceListenerWithIncorrectOrder,5,non-flaky,5,0.9608,5,0.9488,True,True,False,False,164,160
94762,ktuukkan_marine-api,AbstractAISMessageListenerTest.testSequenceListenerWithMixedOrder,5,non-flaky,5,0.9604,5,0.9429,True,True,False,False,151,147
94763,ktuukkan_marine-api,AbstractAISMessageListenerTest.testBasicListenerWithUnexpectedMessage,5,non-flaky,5,0.9595,5,0.9416,True,True,False,False,101,97
94764,ktuukkan_marine-api,AbstractAISMessageListenerTest.testGenericsListener,5,non-flaky,5,0.9598,5,0.9515,True,True,False,True,125,122
94765,ktuukkan_marine-api,AbstractAISMessageListenerTest.testGenericsListenerDefaultConstructorThrows,5,non-flaky,5,0.961,5,0.9512,True,True,False,True,208,204
94766,ktuukkan_marine-api,AISMessage24ParserTest.getPartNumber,5,non-flaky,5,0.9598,5,0.953,True,True,False,False,68,64
94767,ktuukkan_marine-api,AISMessage24ParserTest.getName,5,non-flaky,5,0.9599,5,0.9572,True,True,False,False,50,46
94768,ktuukkan_marine-api,AISMessage24ParserTest.getTypeOfShipAndCargoType,5,non-flaky,5,0.9593,5,0.9538,True,True,False,False,57,53
94769,ktuukkan_marine-api,AISMessage24ParserTest.getVendorId,5,non-flaky,5,0.96,5,0.9519,True,True,False,False,93,89
94770,ktuukkan_marine-api,AISMessage24ParserTest.getUnitModelCode,5,non-flaky,5,0.9598,5,0.9507,True,True,False,False,62,58
94771,ktuukkan_marine-api,AISMessage24ParserTest.getSerialNumber,5,non-flaky,5,0.9598,5,0.954,True,True,False,False,61,57
94772,ktuukkan_marine-api,AISMessage24ParserTest.getCallSign,5,non-flaky,5,0.9597,5,0.9558,True,True,False,False,50,46
94773,ktuukkan_marine-api,AISMessage24ParserTest.getBow,5,non-flaky,5,0.9597,5,0.9526,True,True,False,False,45,41
94774,ktuukkan_marine-api,AISMessage24ParserTest.getStern,5,non-flaky,5,0.9596,5,0.9541,True,True,False,False,47,43
94775,ktuukkan_marine-api,AISMessage24ParserTest.getPort,5,non-flaky,5,0.9596,5,0.9532,True,True,False,False,45,41
94776,ktuukkan_marine-api,AISMessage24ParserTest.getStarboard,5,non-flaky,5,0.9595,5,0.9544,True,True,False,False,47,43
94777,ktuukkan_marine-api,AISMessage21ParserTest.getAidType,5,non-flaky,5,0.9601,5,0.9541,True,True,False,False,58,54
94778,ktuukkan_marine-api,AISMessage21ParserTest.getName,5,non-flaky,5,0.9598,5,0.9548,True,True,False,False,49,45
94779,ktuukkan_marine-api,AISMessage21ParserTest.getPositionAccuracy,5,non-flaky,5,0.9597,5,0.9492,True,True,False,False,45,41
94780,ktuukkan_marine-api,AISMessage21ParserTest.getLongitudeInDegrees,5,non-flaky,5,0.9593,5,0.9476,True,True,False,False,60,56
94781,ktuukkan_marine-api,AISMessage21ParserTest.getLatitudeInDegrees,5,non-flaky,5,0.9594,5,0.9465,True,True,False,False,63,59
94782,ktuukkan_marine-api,AISMessage21ParserTest.getBow,5,non-flaky,5,0.9598,5,0.9526,True,True,False,False,44,40
94783,ktuukkan_marine-api,AISMessage21ParserTest.getStern,5,non-flaky,5,0.9597,5,0.9522,True,True,False,False,46,42
94784,ktuukkan_marine-api,AISMessage21ParserTest.getPort,5,non-flaky,5,0.9596,5,0.9534,True,True,False,False,44,40
94785,ktuukkan_marine-api,AISMessage21ParserTest.getStarboard,5,non-flaky,5,0.9597,5,0.9511,True,True,False,False,46,42
94786,ktuukkan_marine-api,AISMessage21ParserTest.getTypeOfEPFD,5,non-flaky,5,0.9598,5,0.9544,True,True,False,False,50,46
94787,ktuukkan_marine-api,AISMessage21ParserTest.getUtcSecond,5,non-flaky,5,0.9601,5,0.9531,True,True,False,False,61,57
94788,ktuukkan_marine-api,AISMessage21ParserTest.getOffPositionIndicator,5,non-flaky,5,0.96,5,0.9535,True,True,False,False,50,46
94789,ktuukkan_marine-api,AISMessage21ParserTest.getRegional,5,non-flaky,5,0.96,5,0.9528,True,True,False,False,61,57
94790,ktuukkan_marine-api,AISMessage21ParserTest.getRAIMFlag,5,non-flaky,5,0.9597,5,0.9502,True,True,False,False,45,41
94791,ktuukkan_marine-api,AISMessage21ParserTest.getVirtualAidFlag,5,non-flaky,5,0.9596,5,0.9511,True,True,False,False,45,41
94792,ktuukkan_marine-api,AISMessage21ParserTest.getAssignedModeFlag,5,non-flaky,5,0.9595,5,0.9516,True,True,False,False,47,43
94793,ktuukkan_marine-api,AISMessage21ParserTest.getNameExtension,5,non-flaky,5,0.9598,5,0.9561,True,True,False,False,50,46
94794,ktuukkan_marine-api,AISMessage21ParserTest.hasLatitude,5,non-flaky,5,0.9602,5,0.9511,True,True,False,False,44,40
94795,ktuukkan_marine-api,AISMessage21ParserTest.hasLongitude,5,non-flaky,5,0.9601,5,0.9489,True,True,False,False,44,40
94796,ktuukkan_marine-api,AISMessage09ParserTest.getAltitude,5,non-flaky,5,0.9597,5,0.954,True,True,False,False,46,42
94797,ktuukkan_marine-api,AISMessage09ParserTest.getSpeedOverGround,5,non-flaky,5,0.9595,5,0.9498,True,True,False,False,54,50
94798,ktuukkan_marine-api,AISMessage09ParserTest.getPositionAccuracy,5,non-flaky,5,0.96,5,0.951,True,True,False,False,48,44
94799,ktuukkan_marine-api,AISMessage09ParserTest.getLongitudeInDegrees,5,non-flaky,5,0.9594,5,0.944,True,True,False,False,62,58
94800,ktuukkan_marine-api,AISMessage09ParserTest.getLatitudeInDegrees,5,non-flaky,5,0.9593,5,0.9479,True,True,False,False,62,58
94801,ktuukkan_marine-api,AISMessage09ParserTest.getCourseOverGround,5,non-flaky,5,0.9594,5,0.9462,True,True,False,False,54,50
94802,ktuukkan_marine-api,AISMessage09ParserTest.getTimeStamp,5,non-flaky,5,0.9595,5,0.9536,True,True,False,False,48,44
94803,ktuukkan_marine-api,AISMessage09ParserTest.getDTEFlag,5,non-flaky,5,0.96,5,0.949,True,True,False,False,68,64
94804,ktuukkan_marine-api,AISMessage09ParserTest.getAssignedModeFlag,5,non-flaky,5,0.9599,5,0.9516,True,True,False,False,69,65
94805,ktuukkan_marine-api,AISMessage09ParserTest.getRAIMFlag,5,non-flaky,5,0.9599,5,0.9505,True,True,False,False,67,63
94806,ktuukkan_marine-api,AISMessage09ParserTest.getRadioStatus,5,non-flaky,5,0.9598,5,0.953,True,True,False,False,46,42
94807,ktuukkan_marine-api,AISMessage09ParserTest.hasLatitude,5,non-flaky,5,0.9602,5,0.9511,True,True,False,False,44,40
94808,ktuukkan_marine-api,AISMessage09ParserTest.hasLongitude,5,non-flaky,5,0.9601,5,0.9489,True,True,False,False,44,40
94809,ktuukkan_marine-api,AISMessage04Test.getUtcYear,5,non-flaky,5,0.9595,5,0.9542,True,True,False,False,48,44
94810,ktuukkan_marine-api,AISMessage04Test.getUtcMonth,5,non-flaky,5,0.9596,5,0.9536,True,True,False,False,48,44
94811,ktuukkan_marine-api,AISMessage04Test.getUtcDay,5,non-flaky,5,0.9596,5,0.9544,True,True,False,False,48,44
94812,ktuukkan_marine-api,AISMessage04Test.getUtcHour,5,non-flaky,5,0.9595,5,0.9542,True,True,False,False,48,44
94813,ktuukkan_marine-api,AISMessage04Test.getUtcMinute,5,non-flaky,5,0.9596,5,0.9533,True,True,False,False,50,46
94814,ktuukkan_marine-api,AISMessage04Test.getUtcSecond,5,non-flaky,5,0.9596,5,0.9541,True,True,False,False,48,44
94815,ktuukkan_marine-api,AISMessage04Test.getLatitudeInDegrees,5,non-flaky,5,0.9594,5,0.9468,True,True,False,False,63,59
94816,ktuukkan_marine-api,AISMessage04Test.getLongitudeInDegrees,5,non-flaky,5,0.9594,5,0.9473,True,True,False,False,63,59
95643,togglz_togglz,JSFMapTest.testJSFFeatureMap,5,non-flaky,5,0.9613,5,0.9566,True,True,False,True,218,214
95644,togglz_togglz,DeviceActivationStrategyTest.shouldBeInactiveForEmptyParams,5,non-flaky,5,0.9608,5,0.9492,True,True,False,True,169,158
95645,togglz_togglz,DeviceActivationStrategyTest.shouldBeActiveForDesktop,5,non-flaky,5,0.9609,5,0.9514,True,True,False,True,165,160
95646,togglz_togglz,DeviceActivationStrategyTest.shouldBeActiveForTablet,5,non-flaky,5,0.9606,5,0.9507,True,True,False,True,169,158
95647,togglz_togglz,DeviceActivationStrategyTest.shouldBeActiveForMobile,5,non-flaky,5,0.961,5,0.9514,True,True,False,True,165,157
95648,togglz_togglz,DeviceActivationStrategyTest.shouldBeAccurateForLowerCaseParams,5,non-flaky,5,0.9608,5,0.9539,True,True,False,True,220,212
95649,togglz_togglz,ShiroUsersTest.testShiroAsAnonymousUser,5,non-flaky,5,0.961,5,0.9561,True,True,False,True,228,224
95650,togglz_togglz,ShiroUsersTest.testShiroLoginAsFeatureAdmin,5,non-flaky,5,0.961,5,0.9539,True,True,False,True,375,371
95651,togglz_togglz,ShiroUsersTest.testShiroLoginAsNormalUser,5,non-flaky,5,0.9611,5,0.9548,True,True,False,True,375,371
95652,togglz_togglz,ShiroUsersTest.testShiroWithCorrectUser,5,non-flaky,5,0.9585,5,0.943,True,True,False,True,491,487
95653,togglz_togglz,ShiroUsersTest.testShiroWithSomeOtherUser,5,non-flaky,5,0.9588,5,0.9445,True,True,False,True,493,489
95654,togglz_togglz,DefaultFeatureStateTest.testFeaturesActiveByDefault,5,non-flaky,5,0.9592,5,0.9395,True,True,False,False,48,44
95655,togglz_togglz,DefaultFeatureStateTest.testFeatureManagerImmutable,5,non-flaky,5,0.9582,5,0.9433,True,True,False,False,69,65
95656,togglz_togglz,TestFeatureManagerTest.featureShouldBeInactiveByDefault,5,non-flaky,5,0.9594,5,0.9494,True,True,False,False,49,45
95657,togglz_togglz,TestFeatureManagerTest.shouldToggleIndividualFeature,5,non-flaky,5,0.9585,5,0.9262,True,True,False,False,122,118
95658,togglz_togglz,TestFeatureManagerTest.shouldToggleAllFeatures,5,non-flaky,5,0.9604,5,0.9462,True,True,False,False,158,154
95659,togglz_togglz,TestFeatureManagerTest.shouldSupportTogglingUntypedFeature,5,non-flaky,5,0.9593,5,0.9338,True,True,False,False,130,126
95660,togglz_togglz,TestFeatureManagerTest.shouldSupportReadingWithNamedFeature,5,non-flaky,5,0.9595,5,0.9332,True,True,False,False,128,124
95661,togglz_togglz,TogglzApplicationContextBinderApplicationListenerTest.contextRefreshed,5,non-flaky,5,0.9601,5,0.9291,True,True,False,True,154,140
95662,togglz_togglz,TogglzApplicationContextBinderApplicationListenerTest.contextRefreshedWhileContextAlreadyBound,5,non-flaky,5,0.9602,5,0.9401,True,True,False,True,220,206
95663,togglz_togglz,TogglzApplicationContextBinderApplicationListenerTest.contextClosed,5,non-flaky,5,0.9601,5,0.9411,True,True,False,True,157,147
95664,togglz_togglz,SpringEnvironmentPropertyActivationStrategyTest.testGetId,5,non-flaky,5,0.96,5,0.9497,True,True,False,False,51,47
95665,togglz_togglz,SpringEnvironmentPropertyActivationStrategyTest.testGetName,5,non-flaky,5,0.9601,5,0.953,True,True,False,False,50,46
95666,togglz_togglz,SpringEnvironmentPropertyActivationStrategyTest.testIsActiveThrowsWhenNoApplicationContext,5,non-flaky,5,0.9585,5,0.9466,True,True,False,True,84,79
95667,togglz_togglz,SpringEnvironmentPropertyActivationStrategyTest.testGetParameters,5,non-flaky,5,0.9603,5,0.93,True,True,False,True,190,182
95668,togglz_togglz,SpringProfileActivationStrategyTest.testGetId,5,non-flaky,5,0.9598,5,0.9484,True,True,False,False,50,46
95669,togglz_togglz,SpringProfileActivationStrategyTest.testGetName,5,non-flaky,5,0.9601,5,0.953,True,True,False,False,50,46
95670,togglz_togglz,SpringProfileActivationStrategyTest.testIsActiveThrowsWhenNoApplicationContext,5,non-flaky,5,0.9581,5,0.9419,True,True,False,True,102,97
95671,togglz_togglz,SpringProfileActivationStrategyTest.testGetParameters,5,non-flaky,5,0.9605,5,0.9215,True,True,False,True,175,168
95672,togglz_togglz,SpringProfileActivationStrategyTest.testGetTokenParameterName,5,non-flaky,5,0.9594,5,0.9491,True,True,False,False,60,56
95673,togglz_togglz,SpringProfileActivationStrategyTest.testGetTokenParameterTransformer,5,non-flaky,5,0.9601,5,0.949,True,True,False,True,85,80
95674,togglz_togglz,TogglzRuleAllDisabledTest.testActiveByDefault,5,non-flaky,5,0.96,5,0.9458,True,True,False,False,98,94
95675,togglz_togglz,TogglzRuleAllDisabledTest.testToggleFeature,5,non-flaky,5,0.96,5,0.9337,True,True,False,False,176,172
95676,togglz_togglz,TogglzRuleWithAnnotationTest.featureShouldBeInactiveByDefault,5,non-flaky,5,0.96,5,0.9522,True,True,False,False,71,67
95677,togglz_togglz,TogglzRuleWithAnnotationTest.featureShouldBeActiveWithAnnotation,5,non-flaky,5,0.9601,5,0.9534,True,True,False,False,71,67
95678,togglz_togglz,TogglzRuleWithAnnotationTest.shouldActivateMultipleFeatures,5,non-flaky,5,0.9599,5,0.9509,True,True,False,False,69,65
95679,togglz_togglz,TogglzRuleAllEnabledTest.testActiveByDefault,5,non-flaky,5,0.96,5,0.946,True,True,False,False,98,94
95680,togglz_togglz,TogglzRuleAllEnabledTest.testToggleFeature,5,non-flaky,5,0.9602,5,0.9338,True,True,False,False,176,172
95681,togglz_togglz,TogglzRuleWithVariations_HappyCase_Test.test,5,non-flaky,5,0.9592,5,0.9352,True,True,False,False,104,100
95682,togglz_togglz,FeatureVariationsTest.test,5,non-flaky,5,0.9592,5,0.9352,True,True,False,False,104,100
95683,togglz_togglz,TogglzRuleWithVariations_CalledMultipleTimes_Test.test,5,non-flaky,5,0.961,5,0.9461,True,True,False,False,512,512
95684,togglz_togglz,TogglzRuleWithVariations_EnableSadCase_Test.test,5,non-flaky,5,0.9596,5,0.9337,True,True,False,False,63,59
95685,togglz_togglz,TogglzRuleWithVariations_DisableSadCase_Test.test,5,non-flaky,5,0.9596,5,0.933,True,True,False,False,63,59
95686,togglz_togglz,GuiceIntegrationTest.testGuiceIntegration,5,non-flaky,5,0.9598,5,0.9441,True,True,False,True,119,112
95687,togglz_togglz,ArchaiusStateRepositoryTest.shouldReturnNullWhenStateDoesntExist,5,non-flaky,5,0.96,5,0.937,True,True,False,True,68,65
95688,togglz_togglz,ArchaiusStateRepositoryTest.shouldReadFalseStateWithoutStrategyAndParameters,5,non-flaky,5,0.9611,5,0.9319,True,True,False,True,174,171
95689,togglz_togglz,ArchaiusStateRepositoryTest.shouldReadTrueStateWithoutStrategyAndParameters,5,non-flaky,5,0.9612,5,0.9498,True,True,False,True,211,212
95690,togglz_togglz,ArchaiusStateRepositoryTest.withStrategyNoParameters,5,non-flaky,5,0.9607,5,0.9377,True,True,False,True,142,139
95691,togglz_togglz,ArchaiusStateRepositoryTest.withStrategyParameters,5,non-flaky,5,0.9591,5,0.9075,True,True,False,True,157,153
95692,togglz_togglz,ArchaiusStateRepositoryTest.setState,5,non-flaky,5,0.9588,5,0.9421,True,True,False,False,68,64
95693,togglz_togglz,SingleUserProviderTest.canProvideNamedUser,5,non-flaky,5,0.9599,5,0.9489,True,True,False,True,152,137
95694,togglz_togglz,AnnotationFeatureGroupTest.buildWillReturnNullWhenFeatureGroupAnnotationIsNotPresent,5,non-flaky,5,0.9603,5,0.9444,True,True,False,True,74,71
95695,togglz_togglz,AnnotationFeatureGroupTest.buildWillReturnFeatureGroupWhenFeatureGroupAnnotationIsPresentForFieldLevelGroup,5,non-flaky,5,0.9608,5,0.9508,True,True,False,True,135,131
95696,togglz_togglz,AnnotationFeatureGroupTest.buildWillReturnFeatureGroupWhenFeatureGroupAnnotationIsPresentForClassLevelGroup,5,non-flaky,5,0.9608,5,0.9501,True,True,False,True,135,134
95697,togglz_togglz,EnumFeatureMetaDataTest.constructorWillPopulateGroupsFromAnnotations,5,non-flaky,5,0.9608,5,0.8952,True,True,False,True,297,293
95698,togglz_togglz,EnumFeatureMetaDataTest.constructorWillPopulateDefaultActivationStrategyFromAnnotations,5,non-flaky,5,0.9609,5,0.9348,True,True,False,True,234,229
95699,togglz_togglz,CompositeFeatureProviderTest.empty,5,non-flaky,5,0.9585,5,0.9546,True,True,False,True,71,69
95700,togglz_togglz,CompositeFeatureProviderTest.oneProvider,5,non-flaky,5,0.9598,5,0.947,True,True,False,True,100,96
95701,togglz_togglz,PropertyFeatureProviderTest.shouldSupportDefinitionWithoutLabel,5,non-flaky,5,0.961,5,0.934,True,True,False,True,313,284
95702,togglz_togglz,PropertyFeatureProviderTest.shouldSupportDefinitionWithOnlyLabel,5,non-flaky,5,0.961,5,0.9377,True,True,False,True,316,287
95703,togglz_togglz,PropertyFeatureProviderTest.shouldSupportDefinitionWithLabelAndDefault,5,non-flaky,5,0.9609,5,0.9331,True,True,False,True,319,290
95704,togglz_togglz,PropertyFeatureProviderTest.shouldSupportDefinitionWithLabelAndDefaultAndTrailingSemicolon,5,non-flaky,5,0.9611,5,0.9311,True,True,False,True,326,298
95705,togglz_togglz,PropertyFeatureProviderTest.shouldSupportDefinitionWithSingleGroup,5,non-flaky,5,0.9609,5,0.9315,True,True,False,True,363,332
95706,togglz_togglz,PropertyFeatureProviderTest.canInitializeFromProperties,5,non-flaky,5,0.9476,5,0.9297,True,True,False,True,512,512
95707,togglz_togglz,EnumBasedFeatureProviderTest.shouldFailForNull,5,non-flaky,5,0.9592,5,0.9448,True,True,False,False,52,48
95708,togglz_togglz,EnumBasedFeatureProviderTest.shouldFailForArrayWithNull,5,non-flaky,5,0.9595,5,0.9478,True,True,False,False,61,57
95709,togglz_togglz,EnumBasedFeatureProviderTest.shouldFailForNonEnumType,5,non-flaky,5,0.9592,5,0.9532,True,True,False,False,60,56
95710,togglz_togglz,EnumBasedFeatureProviderTest.shouldFailForDuplicateFeatureName,5,non-flaky,5,0.9603,5,0.955,True,True,False,True,122,118
95711,togglz_togglz,EnumBasedFeatureProviderTest.shouldReturnCorrectListOfFeaturesForEnum,5,non-flaky,5,0.9602,5,0.9569,True,True,False,False,109,105
95712,togglz_togglz,EnumBasedFeatureProviderTest.shouldReturnMetaDataWithCorrectLabel,5,non-flaky,5,0.9605,5,0.9571,True,True,False,True,109,107
95713,togglz_togglz,EnumBasedFeatureProviderTest.shouldReturnMetaDataWhenRequestedWithOtherFeatureImplementation,5,non-flaky,5,0.9611,5,0.9563,True,True,False,True,134,128
95714,togglz_togglz,EnumBasedFeatureProviderTest.shouldReturnOwnerNameIfAnnotationPresent,5,non-flaky,5,0.9612,5,0.955,True,True,False,True,122,118
95715,togglz_togglz,EnumBasedFeatureProviderTest.shouldReturnNullForOwnerNameByDefault,5,non-flaky,5,0.9611,5,0.9544,True,True,False,True,122,120
95716,togglz_togglz,EnumBasedFeatureProviderTest.shouldReturnInfoLinkIfAnnotationPresent,5,non-flaky,5,0.9613,5,0.9511,True,True,False,True,140,136
95717,togglz_togglz,EnumBasedFeatureProviderTest.shouldReturnNullForInfoLinkByDefault,5,non-flaky,5,0.9611,5,0.9505,True,True,False,True,140,136
95718,togglz_togglz,EnumBasedFeatureProviderTest.shouldReturnCombinedFeatureListForMultipleEnums,5,non-flaky,5,0.9608,5,0.9427,True,True,False,False,219,215
95719,togglz_togglz,EnumBasedFeatureProviderTest.shouldBuildMetadataForMultipleEnums,5,non-flaky,5,0.9616,5,0.9478,True,True,False,False,203,199
95720,togglz_togglz,EnumBasedFeatureProviderTest.shouldReturnCombinedFeatureListForMultipleEnumsViaConstructor,5,non-flaky,5,0.9616,5,0.9398,True,True,False,False,218,214
95721,togglz_togglz,EnumBasedFeatureProviderTest.shouldBuildMetadataForMultipleEnumsViaConstructor,5,non-flaky,5,0.9617,5,0.9332,True,True,False,False,202,194
95722,togglz_togglz,FeatureManagerBuilderTest.shouldAddStrategyIfUsingDefaultProvider,5,non-flaky,5,0.9611,5,0.9505,True,True,False,True,216,212
95723,togglz_togglz,FeatureManagerBuilderTest.shouldFailIfAddingStrategyWithCustomProvider,5,non-flaky,5,0.959,5,0.944,True,True,False,True,154,150
95724,togglz_togglz,DefaultFeatureManagerTest.testGetFeatures,5,non-flaky,5,0.9591,5,0.9357,True,True,False,False,86,82
95725,togglz_togglz,DefaultFeatureManagerTest.testIsActive,5,non-flaky,5,0.9601,5,0.9481,True,True,False,False,395,391
95726,togglz_togglz,DefaultFeatureManagerTest.testIsActiveUsingDefaultFeatureState,5,non-flaky,5,0.9609,5,0.9502,True,True,False,True,290,282
95727,togglz_togglz,DefaultFeatureManagerTest.testShouldHandleEnabledFlagCorrectlyWithCustomStrategy,5,non-flaky,5,0.9588,5,0.9276,True,True,False,True,213,211
95728,togglz_togglz,DefaultFeatureManagerTest.testGetFeatureState,5,non-flaky,5,0.9592,5,0.9266,True,True,False,False,131,127
95729,togglz_togglz,DefaultFeatureManagerTest.testGetFeatureStateUsingDefaultFeatureState,5,non-flaky,5,0.9608,5,0.948,True,True,False,True,338,328
95730,togglz_togglz,JDBCStateRepositoryTest.testShouldSaveStateWithoutStrategyOrParameters,5,non-flaky,5,0.9615,5,0.9542,True,True,False,True,324,321
95731,togglz_togglz,JDBCStateRepositoryTest.testShouldSaveStateStrategyAndParameters,5,non-flaky,5,0.9619,5,0.9545,True,True,False,True,381,377
95732,togglz_togglz,JDBCStateRepositoryTest.testShouldReadStateWithoutStrategyAndParameters,5,non-flaky,5,0.9618,5,0.9566,True,True,False,True,304,307
95733,togglz_togglz,JDBCStateRepositoryTest.testShouldReadStateWithStrategyAndParameters,5,non-flaky,5,0.9619,5,0.9492,True,True,False,True,338,334
95734,togglz_togglz,JDBCStateRepositoryTest.testShouldUpdateExistingDatabaseEntry,5,non-flaky,5,0.9617,5,0.9575,True,True,False,True,512,512
95735,togglz_togglz,JDBCStateRepositoryTest.testShouldPropagateTheExceptionWhenReadFails,5,non-flaky,5,0.957,5,0.9406,True,True,False,True,267,256
95736,togglz_togglz,JDBCStateRepositoryTest.testShouldPropagateTheExceptionWhenWriteFails,5,non-flaky,5,0.9554,5,0.9384,True,True,False,True,252,241
95737,togglz_togglz,JDBCRepositoryAutoCommitTest.shouldUpdateWithAutoCommitEnabled,5,non-flaky,5,0.9594,5,0.9447,True,True,False,False,78,74
95738,togglz_togglz,JDBCRepositoryAutoCommitTest.shouldUpdateWithAutoCommitDisabled,5,non-flaky,5,0.9592,5,0.9412,True,True,False,False,79,75
95739,togglz_togglz,SchemaUpdaterTest.shouldDetectMissingTable,5,non-flaky,5,0.958,5,0.9295,True,True,False,True,166,160
95740,togglz_togglz,SchemaUpdaterTest.shouldMigrateToVersion1,5,non-flaky,5,0.9524,5,0.9017,True,True,False,True,249,242
95741,togglz_togglz,SchemaUpdaterTest.shouldDetectVersion1,5,non-flaky,5,0.9549,5,0.936,True,True,False,True,237,227
95742,togglz_togglz,SchemaUpdaterTest.shouldMigrateToVersion2,5,non-flaky,5,0.9612,5,0.9586,True,True,False,True,512,512
97663,vojtechhabarta_typescript-generator,SpringTest.testAnnotationUtils,5,non-flaky,5,0.96,5,0.9291,True,True,False,True,187,179
97664,vojtechhabarta_typescript-generator,SpringTest.testApplicationScan,5,non-flaky,5,0.9605,5,0.9596,True,True,False,False,234,233
97665,vojtechhabarta_typescript-generator,SpringTest.testPathParameters,5,non-flaky,5,0.9603,5,0.9535,True,True,False,True,219,217
97666,vojtechhabarta_typescript-generator,SpringTest.testPathParametersWithoutValue,5,non-flaky,5,0.9606,5,0.9575,True,True,False,True,223,221
97667,vojtechhabarta_typescript-generator,SpringTest.testPathParameterWithReservedWord,5,non-flaky,5,0.9603,5,0.9548,True,True,False,True,192,191
97668,vojtechhabarta_typescript-generator,SpringTest.testQueryParameters,5,non-flaky,5,0.9602,5,0.9593,True,True,False,False,166,165
97669,vojtechhabarta_typescript-generator,SpringTest.testAllOptionalQueryParameters,5,non-flaky,5,0.9599,5,0.9587,True,True,False,False,158,157
97670,vojtechhabarta_typescript-generator,SpringTest.testEntityParameter,5,non-flaky,5,0.9604,5,0.9553,True,True,False,True,175,171
97671,vojtechhabarta_typescript-generator,SpringTest.testReturnType,5,non-flaky,5,0.9602,5,0.9543,True,True,False,True,171,167
97672,vojtechhabarta_typescript-generator,SpringTest.testGenerics,5,non-flaky,5,0.9603,5,0.9594,True,True,False,False,189,188
97673,vojtechhabarta_typescript-generator,SpringTest.testInheritance,5,non-flaky,5,0.9606,5,0.956,True,True,False,True,241,240
97674,vojtechhabarta_typescript-generator,SpringTest.testQueryParametersWithModel,5,non-flaky,5,0.9604,5,0.9592,True,True,False,False,163,162
97675,vojtechhabarta_typescript-generator,SpringTest.testUnwrapping,5,non-flaky,5,0.9603,5,0.9533,True,True,False,True,227,225
97676,vojtechhabarta_typescript-generator,SpringTest.testUnwrappingNew,5,non-flaky,5,0.9603,5,0.9538,True,True,False,True,193,191
97677,vojtechhabarta_typescript-generator,SpringTest.testGenericController,5,non-flaky,5,0.9601,5,0.9562,True,True,False,True,153,152
97678,vojtechhabarta_typescript-generator,SpringTest.testPageableController,5,non-flaky,5,0.9599,5,0.959,True,True,False,False,168,167
97679,vojtechhabarta_typescript-generator,SpringTest.testDoubleGenericController,5,non-flaky,5,0.96,5,0.9565,True,True,False,True,148,144
97680,vojtechhabarta_typescript-generator,SpringTest.testCustomControllerAnnotaion,5,non-flaky,5,0.9603,5,0.9553,True,True,False,True,153,149
97681,vojtechhabarta_typescript-generator,SpringTest.testUrlTrailingSlash,5,non-flaky,5,0.9605,5,0.9489,True,True,False,True,211,210
97682,vojtechhabarta_typescript-generator,SpringTest.testMultiValueMapRequestParam,5,non-flaky,5,0.9602,5,0.9595,True,True,False,False,164,163
97683,vojtechhabarta_typescript-generator,ReadOnlyWriteOnlyTest.testJacksonSerialization,5,non-flaky,5,0.9571,5,0.8912,True,True,False,True,255,257
97684,vojtechhabarta_typescript-generator,ReadOnlyWriteOnlyTest.testJacksonDeserialization,5,non-flaky,5,0.9579,5,0.8969,True,True,False,True,216,213
97685,vojtechhabarta_typescript-generator,ReadOnlyWriteOnlyTest.test,5,non-flaky,5,0.9598,5,0.9582,True,True,False,True,512,512
97686,vojtechhabarta_typescript-generator,ModelCompilerUtilsTest.testSplitIdentifierIntoWords,5,non-flaky,5,0.9614,5,0.9315,True,True,False,False,445,441
97687,vojtechhabarta_typescript-generator,CustomTypeConversionTest.processType,5,non-flaky,5,0.9612,5,0.9546,True,True,False,False,234,230
97688,vojtechhabarta_typescript-generator,CustomTypeConversionTest.processType,5,non-flaky,5,0.9616,5,0.9564,True,True,False,False,319,315
97689,vojtechhabarta_typescript-generator,TaggedUnionsTest.testTaggedUnions,5,non-flaky,5,0.96,5,0.9578,True,True,False,True,512,512
97690,vojtechhabarta_typescript-generator,TaggedUnionsTest.testTaggedUnionsWithInterfaces,5,non-flaky,5,0.9602,5,0.9581,True,True,False,True,512,512
97691,vojtechhabarta_typescript-generator,TaggedUnionsTest.testTaggedUnionsWithOverlappingInterfaces,5,non-flaky,5,0.9599,5,0.9564,True,True,False,True,512,512
97692,vojtechhabarta_typescript-generator,TaggedUnionsTest.testTaggedUnionsDisabled,5,non-flaky,5,0.9599,5,0.9581,True,True,False,True,512,512
97693,vojtechhabarta_typescript-generator,TaggedUnionsTest.testTaggedUnionsWithDiamond,5,non-flaky,5,0.9602,5,0.958,True,True,False,True,512,512
97694,vojtechhabarta_typescript-generator,TaggedUnionsTest.testIdClass,5,non-flaky,5,0.9601,5,0.9573,True,True,False,True,512,512
97695,vojtechhabarta_typescript-generator,TaggedUnionsTest.testWithTypeParameter,5,non-flaky,5,0.9601,5,0.9451,True,True,False,True,127,125
97696,vojtechhabarta_typescript-generator,TaggedUnionsTest.testAsyncResultWithGenerics,5,non-flaky,5,0.9601,5,0.9547,True,True,False,True,179,175
97697,vojtechhabarta_typescript-generator,TaggedUnionsTest.testBaseWithGenerics,5,non-flaky,5,0.9603,5,0.95,True,True,False,True,167,165
97698,vojtechhabarta_typescript-generator,TaggedUnionsTest.testGenericBaseWithNonGenericSubType,5,non-flaky,5,0.9609,5,0.9563,True,True,False,True,273,271
97699,vojtechhabarta_typescript-generator,TaggedUnionsTest.testTaggedUnionsWithExistingProperty,5,non-flaky,5,0.9597,5,0.9571,True,True,False,True,512,512
97700,vojtechhabarta_typescript-generator,ModuleDependenciesTest.test,5,non-flaky,5,0.959,5,0.952,True,True,False,False,46,42
97701,vojtechhabarta_typescript-generator,EnumConstantsExtensionTest.writeIndentedLine,5,non-flaky,5,0.9606,5,0.9535,True,True,False,False,137,133
97702,vojtechhabarta_typescript-generator,EnumConstantsExtensionTest.testInTypeScriptGenerator,5,non-flaky,5,0.9605,5,0.9563,True,True,False,True,224,220
97703,vojtechhabarta_typescript-generator,EnumConstantsExtensionTest.testSorting,5,non-flaky,5,0.9613,5,0.9553,True,True,False,True,375,376
97704,vojtechhabarta_typescript-generator,IncludeExcludePropertyTest.testInclude,5,non-flaky,5,0.9599,5,0.9353,True,True,False,True,217,215
97705,vojtechhabarta_typescript-generator,IncludeExcludePropertyTest.testExclude,5,non-flaky,5,0.96,5,0.9241,True,True,False,True,218,214
97706,vojtechhabarta_typescript-generator,IncludeExcludePropertyTest.testBoth,5,non-flaky,5,0.9603,5,0.9241,True,True,False,True,245,245
97707,vojtechhabarta_typescript-generator,JavadocTest.generics,5,non-flaky,5,0.9485,5,0.9024,True,True,False,False,512,512
97708,vojtechhabarta_typescript-generator,CustomTypeAliasesTest.testGeneric,5,non-flaky,5,0.9608,5,0.9338,True,True,False,True,237,235
97709,vojtechhabarta_typescript-generator,CustomTypeAliasesTest.testNonGeneric,5,non-flaky,5,0.9602,5,0.9515,True,True,False,True,122,118
97710,vojtechhabarta_typescript-generator,SortedTypesTest.testOrder1,5,non-flaky,5,0.9598,5,0.9427,True,True,False,True,44,40
97711,vojtechhabarta_typescript-generator,SortedTypesTest.testOrder2,5,non-flaky,5,0.96,5,0.9337,True,True,False,True,44,40
97712,vojtechhabarta_typescript-generator,DateTest.testDate_forJavaUtilDate,5,non-flaky,5,0.9602,5,0.9284,True,True,False,True,244,240
97713,vojtechhabarta_typescript-generator,DateTest.testDateAsNumber_forJavaUtilDate,5,non-flaky,5,0.9604,5,0.9209,True,True,False,True,285,281
97714,vojtechhabarta_typescript-generator,DateTest.testDateAsString_forJavaUtilDate,5,non-flaky,5,0.9604,5,0.9148,True,True,False,True,285,283
97715,vojtechhabarta_typescript-generator,DateTest.testDateAsString_forJava8DateTime,5,non-flaky,5,0.9603,5,0.9201,True,True,False,True,258,254
97716,vojtechhabarta_typescript-generator,DateTest.testJava8DateWithJackson2CustomSerialization,5,non-flaky,5,0.96,5,0.9271,True,True,False,True,153,151
97717,vojtechhabarta_typescript-generator,JaxbTest.test,5,non-flaky,5,0.9601,5,0.9497,True,True,False,True,143,139
97718,vojtechhabarta_typescript-generator,JaxbTest.testJAXBElement,5,non-flaky,5,0.9601,5,0.9462,True,True,False,True,208,206
97719,vojtechhabarta_typescript-generator,MapExtensionTest.testOrder1,5,non-flaky,5,0.9612,5,0.943,True,True,False,True,386,383
97720,vojtechhabarta_typescript-generator,MapExtensionTest.testStringList,5,non-flaky,5,0.9597,5,0.9573,True,True,False,True,102,99
97721,vojtechhabarta_typescript-generator,MapExtensionTest.testStringKeyMapNumberValue,5,non-flaky,5,0.9598,5,0.9557,True,True,False,True,111,108
97722,vojtechhabarta_typescript-generator,MapExtensionTest.testStringKeyMapGenericValue,5,non-flaky,5,0.9597,5,0.9549,True,True,False,True,111,109
97723,vojtechhabarta_typescript-generator,FullyQualifiedNamesTest.test,5,non-flaky,5,0.9592,5,0.9574,True,True,False,True,512,512
97724,vojtechhabarta_typescript-generator,FullyQualifiedNamesTest.testNested,5,non-flaky,5,0.9594,5,0.9577,True,True,False,True,512,512
97725,vojtechhabarta_typescript-generator,JsonDeserializationTest.test,5,non-flaky,5,0.957,5,0.9532,True,True,False,False,512,512
97726,vojtechhabarta_typescript-generator,JsonDeserializationTest.testWithConstructors,5,non-flaky,5,0.9566,5,0.9519,True,True,False,False,512,512
97727,vojtechhabarta_typescript-generator,JsonDeserializationTest.jaxrsApplicationClientTest,5,non-flaky,5,0.961,5,0.9515,True,True,False,True,384,383
97728,vojtechhabarta_typescript-generator,OptionalAnnotationTest.testJackson1OptionalAnnotation,5,non-flaky,5,0.9601,5,0.9474,True,True,False,True,112,109
97729,vojtechhabarta_typescript-generator,OptionalAnnotationTest.testJackson1NoAnnotation,5,non-flaky,5,0.9597,5,0.9406,True,True,False,True,91,88
97730,vojtechhabarta_typescript-generator,OptionalAnnotationTest.testJackson2OptionalAnnotation,5,non-flaky,5,0.9601,5,0.9471,True,True,False,True,112,109
97731,vojtechhabarta_typescript-generator,OptionalAnnotationTest.testJackson2NoAnnotation,5,non-flaky,5,0.9598,5,0.9406,True,True,False,True,91,88
97732,vojtechhabarta_typescript-generator,OptionalAnnotationTest.testJavaxNullableWithJackson1,5,non-flaky,5,0.9591,5,0.9427,True,True,False,False,58,54
97733,vojtechhabarta_typescript-generator,OptionalAnnotationTest.testJavaxNullableWithJackson2,5,non-flaky,5,0.9591,5,0.9419,True,True,False,False,58,54
97734,vojtechhabarta_typescript-generator,OptionalAnnotationTest.testNullableTypeAnnotation,5,non-flaky,5,0.9601,5,0.9584,True,True,False,False,156,155
97735,vojtechhabarta_typescript-generator,OptionalAnnotationTest.testAnnotatedPrivateField,5,non-flaky,5,0.9605,5,0.9603,True,True,False,False,129,128
97736,vojtechhabarta_typescript-generator,OptionalAnnotationTest.testOptionalAndRequiredProperty,5,non-flaky,5,0.9465,5,0.9465,True,True,False,False,512,512
97737,vojtechhabarta_typescript-generator,JsonUnwrappedTest.test,5,non-flaky,5,0.9605,5,0.9552,True,True,False,True,512,512
97738,vojtechhabarta_typescript-generator,JsonUnwrappedTest.testPrivateField,5,non-flaky,5,0.9602,5,0.9165,True,True,False,True,356,354
97739,vojtechhabarta_typescript-generator,DuplicatePropertyTest.testJacksonDuplicateProperty,5,non-flaky,5,0.9604,5,0.9491,True,True,False,False,178,177
97740,vojtechhabarta_typescript-generator,DuplicatePropertyTest.testDuplicateProperty,5,non-flaky,5,0.9604,5,0.957,True,True,False,True,179,175
97741,vojtechhabarta_typescript-generator,CustomTypeMappingTest.test,5,non-flaky,5,0.9609,5,0.9426,True,True,False,True,408,407
97742,vojtechhabarta_typescript-generator,CustomTypeMappingTest.testEnumAsMap,5,non-flaky,5,0.9604,5,0.9509,True,True,False,True,239,237
97743,vojtechhabarta_typescript-generator,CustomTypeMappingTest.testSuperTypeString,5,non-flaky,5,0.9603,5,0.9565,True,True,False,True,155,153
97744,vojtechhabarta_typescript-generator,CustomTypeMappingTest.testGenericClassWithCustomMapping,5,non-flaky,5,0.9603,5,0.9433,True,True,False,True,151,149
97745,vojtechhabarta_typescript-generator,PathTemplateTest.test,5,non-flaky,5,0.9579,5,0.8483,True,True,False,False,442,438
97746,vojtechhabarta_typescript-generator,UtilsTest.testReplaceExtension,5,non-flaky,5,0.9606,5,0.9425,True,True,False,False,124,120
97747,vojtechhabarta_typescript-generator,UtilsTest.testGlobToRegexp,5,non-flaky,5,0.9606,5,0.9466,True,True,False,False,153,149
97748,vojtechhabarta_typescript-generator,UtilsTest.testPathJoin,5,non-flaky,5,0.9479,5,0.9116,True,True,False,False,512,512
97749,vojtechhabarta_typescript-generator,ModelCompilerTest.testEnum,5,non-flaky,5,0.96,5,0.9512,True,True,False,True,110,105
97750,vojtechhabarta_typescript-generator,ModelCompilerTest.testDate,5,non-flaky,5,0.9603,5,0.9533,True,True,False,True,103,98
97751,vojtechhabarta_typescript-generator,ModelCompilerTest.testExclusion,5,non-flaky,5,0.9602,5,0.945,True,True,False,True,118,113
97752,vojtechhabarta_typescript-generator,ModelCompilerTest.testExclusionPattern,5,non-flaky,5,0.96,5,0.9257,True,True,False,True,141,135
97753,vojtechhabarta_typescript-generator,ModelCompilerTest.testIntermediateInterfacesWithoutTypeParams,5,non-flaky,5,0.9606,5,0.949,True,True,False,True,251,248
97754,vojtechhabarta_typescript-generator,ModelCompilerTest.testIntermediateInterfacesWithTypeParams,5,non-flaky,5,0.9606,5,0.9474,True,True,False,True,251,248
97755,vojtechhabarta_typescript-generator,ExtensionTest.getFeatures,5,non-flaky,5,0.9603,5,0.9487,True,True,False,False,133,129
97756,vojtechhabarta_typescript-generator,DefaultTypeProcessorTest.testTypeConversion,5,non-flaky,5,0.9584,5,0.8744,True,True,False,True,361,356
97757,vojtechhabarta_typescript-generator,DefaultTypeProcessorTest.testWildcards,5,non-flaky,5,0.9602,5,0.92,True,True,False,True,204,206
97758,vojtechhabarta_typescript-generator,DefaultTypeProcessorTest.testRawTypes,5,non-flaky,5,0.9597,5,0.9448,True,True,False,True,125,123
97759,vojtechhabarta_typescript-generator,JaxrsApplicationTest.testReturnedTypesFromApplication,5,non-flaky,5,0.9599,5,0.9219,True,True,False,True,179,172
97760,vojtechhabarta_typescript-generator,JaxrsApplicationTest.testReturnedTypesFromResource,5,non-flaky,5,0.9523,5,0.9352,True,True,False,True,512,512
97761,vojtechhabarta_typescript-generator,JaxrsApplicationTest.testWithParsingWithExplicitApplication,5,non-flaky,5,0.9596,5,0.9371,True,True,False,True,88,83
97762,vojtechhabarta_typescript-generator,JaxrsApplicationTest.testWithParsingWithDefaultApplication,5,non-flaky,5,0.9597,5,0.9383,True,True,False,True,94,89
98256,spotify_docker-client,PushPullIT.testPushImageToPrivateAuthedRegistryWithoutAuth,5,non-flaky,5,0.9582,5,0.9041,True,True,False,True,167,163
98257,spotify_docker-client,PushPullIT.testPushImageToPrivateAuthedRegistryWithAuth,5,non-flaky,5,0.9602,5,0.9441,True,True,False,False,285,283
98258,spotify_docker-client,PushPullIT.testPushImageToPrivateUnauthedRegistryWithoutAuth,5,non-flaky,5,0.9587,5,0.9254,True,True,False,True,179,181
98259,spotify_docker-client,PushPullIT.testPushImageToPrivateUnauthedRegistryWithAuth,5,non-flaky,5,0.9587,5,0.9315,True,True,False,True,145,142
98260,spotify_docker-client,PushPullIT.testPushHubPublicImageWithAuth,5,non-flaky,5,0.9591,5,0.911,True,True,False,True,261,256
98261,spotify_docker-client,PushPullIT.testPushHubPrivateImageWithAuth,5,non-flaky,5,0.959,5,0.9133,True,True,False,True,263,258
98262,spotify_docker-client,PushPullIT.testPullHubPrivateRepoWithBadAuth,5,non-flaky,5,0.9592,5,0.8989,True,True,False,True,150,142
98263,spotify_docker-client,PushPullIT.testBuildHubPrivateRepoWithAuth,5,non-flaky,5,0.9589,5,0.9089,True,True,False,True,193,185
98264,spotify_docker-client,PushPullIT.testPullHubPrivateRepoWithAuth,5,non-flaky,5,0.959,5,0.937,True,True,False,True,116,112
98265,spotify_docker-client,ContainerStatsTest.test1_26,5,non-flaky,5,0.9592,5,0.9488,True,True,False,False,52,50
98266,spotify_docker-client,ContainerStateTest.testLoadFromRandomFixture,5,non-flaky,5,0.9571,5,0.9436,True,True,False,True,438,428
98267,spotify_docker-client,ContainerStateTest.testLoadFromRandomFixtureMissingProperty,5,non-flaky,5,0.96,5,0.9317,True,True,False,False,84,82
98268,spotify_docker-client,ContainerStateTest.testLoadInvalidConatainerStateJson,5,non-flaky,5,0.9596,5,0.9415,True,True,False,False,75,73
98269,spotify_docker-client,ContainerStateTest.testLoadInvalidJson,5,non-flaky,5,0.9595,5,0.9468,True,True,False,False,67,65
98270,spotify_docker-client,ContainerInfoTest.test1_22,5,non-flaky,5,0.9591,5,0.9477,True,True,False,False,52,50
98271,spotify_docker-client,ContainerInfoTest.test1_24,5,non-flaky,5,0.9592,5,0.9478,True,True,False,False,52,50
98272,spotify_docker-client,HostConfigTest.testJsonAlways,5,non-flaky,5,0.9594,5,0.9251,True,True,False,True,112,108
98273,spotify_docker-client,HostConfigTest.testJsonUnlessStopped,5,non-flaky,5,0.9601,5,0.9322,True,True,False,True,118,115
98274,spotify_docker-client,HostConfigTest.testJsonOnFailure,5,non-flaky,5,0.9595,5,0.9294,True,True,False,True,117,113
98275,spotify_docker-client,HostConfigTest.testReplaceBinds,5,non-flaky,5,0.9602,5,0.9367,True,True,False,True,155,144
98276,spotify_docker-client,HostConfigTest.testAppendBinds,5,non-flaky,5,0.9581,5,0.9222,True,True,False,True,251,244
98277,spotify_docker-client,HostConfigTest.testPreventDuplicateBinds,5,non-flaky,5,0.9594,5,0.88,True,True,False,True,124,121
98278,spotify_docker-client,ImageInfoTest.test1_24,5,non-flaky,5,0.9591,5,0.9468,True,True,False,False,52,50
98279,spotify_docker-client,ProgressMessageTest.testNotADigest,5,non-flaky,5,0.9593,5,0.9452,True,True,False,False,42,40
98280,spotify_docker-client,ProgressMessageTest.testDigest_Docker16,5,non-flaky,5,0.9593,5,0.9347,True,True,False,False,48,46
98281,spotify_docker-client,ProgressMessageTest.testDigest_Docker18,5,non-flaky,5,0.9593,5,0.9415,True,True,False,True,70,69
98282,spotify_docker-client,EventTest.serializationRoundTripTest,5,non-flaky,5,0.9599,5,0.953,True,True,False,True,206,205
98283,spotify_docker-client,RegistryAuthTest.testFromDockerConfig_FullConfig,5,non-flaky,5,0.9583,5,0.8995,True,True,False,True,92,88
98284,spotify_docker-client,RegistryAuthTest.testFromDockerConfig_FullDockerCfg,5,non-flaky,5,0.9583,5,0.9224,True,True,False,True,96,91
98285,spotify_docker-client,RegistryAuthTest.testFromDockerConfig_IdentityToken,5,non-flaky,5,0.9588,5,0.9196,True,True,False,True,100,97
98286,spotify_docker-client,RegistryAuthTest.testFromDockerConfig_IncompleteConfig,5,non-flaky,5,0.9585,5,0.916,True,True,False,True,93,89
98287,spotify_docker-client,RegistryAuthTest.testFromDockerConfig_WrongConfigs,5,non-flaky,5,0.9592,5,0.9052,True,True,False,True,165,158
98288,spotify_docker-client,RegistryAuthTest.testFromDockerConfig_MissingConfigFile,5,non-flaky,5,0.9591,5,0.9261,True,True,False,True,90,87
98289,spotify_docker-client,RegistryAuthTest.testFromDockerConfig_MultiConfig,5,non-flaky,5,0.9587,5,0.9103,True,True,False,True,199,178
98290,spotify_docker-client,ContainerTest.testLoadFromFixture,5,non-flaky,5,0.9591,5,0.9175,True,True,False,True,96,94
98291,spotify_docker-client,ContainerTest.testLoadFromFixtureMissingPorts,5,non-flaky,5,0.9596,5,0.9322,True,True,False,True,91,91
98292,spotify_docker-client,DockerDateFormatTest.testHandlesMillisecondPrecision,5,non-flaky,5,0.9588,5,0.9404,True,True,False,False,49,47
98293,spotify_docker-client,DockerDateFormatTest.testHandlesNanosecondPrecision,5,non-flaky,5,0.9581,5,0.9344,True,True,False,False,62,60
98294,spotify_docker-client,DockerDateFormatTest.testHandlesNanosecondWithLessThanNineDigits,5,non-flaky,5,0.958,5,0.9409,True,True,False,False,66,64
98295,spotify_docker-client,DockerDateFormatTest.otherTimeZones,5,non-flaky,5,0.9592,5,0.9018,True,True,False,True,107,106
98296,spotify_docker-client,CompressedDirectoryTest.testFile,5,non-flaky,5,0.9608,5,0.9502,True,True,False,True,384,384
98297,spotify_docker-client,CompressedDirectoryTest.testFileWithIgnore,5,non-flaky,5,0.9613,5,0.954,True,True,False,True,448,448
98298,spotify_docker-client,CompressedDirectoryTest.testFileWithEmptyDirectory,5,non-flaky,5,0.9599,5,0.95,True,True,False,True,311,307
98299,spotify_docker-client,UnixTimestampDeserializerTest.testFromString,5,non-flaky,5,0.9588,5,0.938,True,True,False,True,90,89
98300,spotify_docker-client,UnixTimestampDeserializerTest.testFromNumber,5,non-flaky,5,0.9588,5,0.9461,True,True,False,True,88,87
98301,spotify_docker-client,UnixTimestampSerializerTest.testToString,5,non-flaky,5,0.9585,5,0.9292,True,True,False,True,114,110
98302,spotify_docker-client,DefaultLogStreamTest.testAttach,5,non-flaky,5,0.9576,5,0.9314,True,True,False,True,235,232
98303,spotify_docker-client,DockerRequestExceptionTest.testExceptionMessageWithResponseBody,5,non-flaky,5,0.9588,5,0.8811,True,True,False,True,121,115
98304,spotify_docker-client,DockerRequestExceptionTest.testExceptionMessageWhenNoResponseBody,5,non-flaky,5,0.9593,5,0.8803,True,True,False,True,115,109
98305,spotify_docker-client,CompressedDirectoryMatchFilepathTest.testMatchFilepath,5,non-flaky,5,0.9604,5,0.9505,True,True,False,True,200,199
98306,spotify_docker-client,ImageRefTest.testImageWithoutTag,5,non-flaky,5,0.9584,5,0.9057,True,True,False,True,75,71
98307,spotify_docker-client,ImageRefTest.testImageWithTag,5,non-flaky,5,0.9586,5,0.9139,True,True,False,True,78,73
98308,spotify_docker-client,ImageRefTest.testImageWithTagAndRegistry,5,non-flaky,5,0.9583,5,0.9192,True,True,False,True,95,91
98309,spotify_docker-client,ImageRefTest.testImageWithDigest,5,non-flaky,5,0.9585,5,0.9189,True,True,False,True,67,64
98310,spotify_docker-client,ImageRefTest.testImageWithDigestAndRegistry,5,non-flaky,5,0.9577,5,0.9005,True,True,False,True,86,83
98311,spotify_docker-client,DefaultDockerClientUnitTest.testHostForUnixSocket,5,non-flaky,5,0.9576,5,0.907,True,True,False,True,82,80
98312,spotify_docker-client,DefaultDockerClientUnitTest.testHostForLocalHttps,5,non-flaky,5,0.9578,5,0.8882,True,True,False,True,78,76
98313,spotify_docker-client,DefaultDockerClientUnitTest.testHostForFqdnHttps,5,non-flaky,5,0.9585,5,0.9054,True,True,False,True,86,85
98314,spotify_docker-client,DefaultDockerClientUnitTest.testHostForIpHttps,5,non-flaky,5,0.958,5,0.911,True,True,False,True,91,90
98315,spotify_docker-client,DefaultDockerClientUnitTest.testNoHeaders,5,non-flaky,5,0.9581,5,0.9247,True,True,False,False,84,82
98316,spotify_docker-client,DefaultDockerClientUnitTest.testOneHeader,5,non-flaky,5,0.9593,5,0.9506,True,True,False,False,196,194
98317,spotify_docker-client,DefaultDockerClientUnitTest.testMultipleHeaders,5,non-flaky,5,0.9507,5,0.7654,True,True,False,True,375,369
98318,spotify_docker-client,DefaultDockerClientUnitTest.testCapAddAndDrop,5,non-flaky,5,0.9445,5,0.9106,True,True,False,True,512,506
98319,spotify_docker-client,DockerHostTest.testDefaultDockerEndpoint,5,non-flaky,5,0.9564,5,0.8596,True,True,False,False,162,160
98320,spotify_docker-client,DockerHostTest.testEndpointFromEnv,5,non-flaky,5,0.9571,5,0.8728,True,True,False,False,150,148
98321,spotify_docker-client,DockerHostTest.testDefaultUnixEndpoint,5,non-flaky,5,0.9583,5,0.9334,True,True,False,False,55,53
98322,spotify_docker-client,DockerHostTest.testDefaultAddress,5,non-flaky,5,0.9586,5,0.9338,True,True,False,False,40,38
98323,spotify_docker-client,DockerHostTest.testDefaultPort,5,non-flaky,5,0.9586,5,0.9277,True,True,False,False,40,38
98324,spotify_docker-client,DockerHostTest.testPortFromEnv,5,non-flaky,5,0.9565,5,0.8914,True,True,False,False,113,111
98325,spotify_docker-client,DockerHostTest.testDefaultCertPath,5,non-flaky,5,0.9567,5,0.8943,True,True,False,False,85,83
98326,spotify_docker-client,DockerHostTest.testCertPathFromEnv,5,non-flaky,5,0.957,5,0.8739,True,True,False,False,138,136
98327,spotify_docker-client,DockerHostTest.testFromUnixSocket,5,non-flaky,5,0.9601,5,0.9364,True,True,False,True,220,210
98328,spotify_docker-client,DockerHostTest.testFromTcpSocketNoCert,5,non-flaky,5,0.9592,5,0.892,True,True,False,True,212,205
98329,spotify_docker-client,DockerHostTest.testFromTcpSocketWithCert,5,non-flaky,5,0.9606,5,0.9112,True,True,False,True,232,224
98330,spotify_docker-client,DockerHostTest.testFromEnv,5,non-flaky,5,0.9577,5,0.9489,True,True,False,True,512,511
98331,spotify_docker-client,DockerCertificatesTest.testBadDockerCertificates,5,non-flaky,5,0.9576,5,0.9401,True,True,False,False,108,106
98332,spotify_docker-client,DockerCertificatesTest.testNoDockerCertificatesInDir,5,non-flaky,5,0.9594,5,0.9264,True,True,False,True,119,116
98333,spotify_docker-client,DockerCertificatesTest.testDefaultDockerCertificates,5,non-flaky,5,0.9595,5,0.9419,True,True,False,True,234,227
98334,spotify_docker-client,DockerCertificatesTest.testDockerCertificatesWithMultiCa,5,non-flaky,5,0.9597,5,0.9495,True,True,False,True,332,325
98335,spotify_docker-client,DockerCertificatesTest.testReadPrivateKeyPkcs1,5,non-flaky,5,0.959,5,0.9299,True,True,False,True,210,204
98336,spotify_docker-client,DockerCertificatesTest.testReadPrivateKeyPkcs8,5,non-flaky,5,0.959,5,0.9312,True,True,False,True,210,204
106573,Alluxio_alluxio,UfsOperationsTest.ufsContractTest,5,non-flaky,5,0.9581,5,0.9205,True,True,False,True,130,124
106574,Alluxio_alluxio,HdfsVersionValidationTaskTest.versionNotMatchedDefault,5,non-flaky,5,0.9595,5,0.9414,True,True,False,True,222,221
106575,Alluxio_alluxio,HdfsVersionValidationTaskTest.versionNotMatched,5,non-flaky,5,0.9595,5,0.9426,True,True,False,True,261,260
106576,Alluxio_alluxio,HdfsVersionValidationTaskTest.versionMatched,5,non-flaky,5,0.9588,5,0.9282,True,True,False,True,182,180
106577,Alluxio_alluxio,HdfsVersionValidationTaskTest.minorVersionAccepted,5,non-flaky,5,0.9584,5,0.939,True,True,False,True,204,203
106578,Alluxio_alluxio,HdfsVersionValidationTaskTest.minorVersionConflict,5,non-flaky,5,0.9593,5,0.9419,True,True,False,True,263,262
106579,Alluxio_alluxio,HdfsVersionValidationTaskTest.versionParsing,5,non-flaky,5,0.9605,5,0.9533,True,True,False,True,339,335
106580,Alluxio_alluxio,HdfsVersionValidationTaskTest.cdhVersionParsing,5,non-flaky,5,0.9603,5,0.9549,True,True,False,True,335,332
106581,Alluxio_alluxio,HdfsConfValidationTaskTest.loadedConf,5,non-flaky,5,0.9601,5,0.9384,True,True,False,True,300,287
106582,Alluxio_alluxio,HdfsConfValidationTaskTest.missingCoreSiteXML,5,non-flaky,5,0.9597,5,0.9385,True,True,False,True,264,253
106583,Alluxio_alluxio,HdfsConfValidationTaskTest.missingHdfsSiteXML,5,non-flaky,5,0.9601,5,0.9281,True,True,False,True,260,256
106584,Alluxio_alluxio,HdfsConfValidationTaskTest.missingBoth,5,non-flaky,5,0.9593,5,0.9182,True,True,False,False,228,226
106585,Alluxio_alluxio,HdfsConfValidationTaskTest.cannotParseCoreSiteXml,5,non-flaky,5,0.9606,5,0.9509,True,True,False,True,512,506
106586,Alluxio_alluxio,HdfsConfValidationTaskTest.inconsistentConf,5,non-flaky,5,0.9604,5,0.9272,True,True,False,True,398,385
106587,Alluxio_alluxio,HdfsConfValidationTaskTest.validConf,5,non-flaky,5,0.9599,5,0.942,True,True,False,True,320,307
106588,Alluxio_alluxio,HdfsProxyUserValidationTaskTest.skipped,5,non-flaky,5,0.9598,5,0.9287,True,True,False,False,152,150
106589,Alluxio_alluxio,HdfsProxyUserValidationTaskTest.missingProxyUser,5,non-flaky,5,0.9602,5,0.9428,True,True,False,True,263,259
106590,Alluxio_alluxio,HdfsProxyUserValidationTaskTest.proxyUserNotWildcard,5,non-flaky,5,0.9607,5,0.9562,True,True,False,True,345,337
106591,Alluxio_alluxio,HdfsProxyUserValidationTaskTest.proxyUsersAndGroupsAllMissing,5,non-flaky,5,0.9604,5,0.9496,True,True,False,True,307,305
106592,Alluxio_alluxio,HdfsProxyUserValidationTaskTest.wildcardProxyUsers,5,non-flaky,5,0.9592,5,0.9465,True,True,False,True,197,195
106593,Alluxio_alluxio,HdfsProxyUserValidationTaskTest.wildcardProxyGroups,5,non-flaky,5,0.9593,5,0.9469,True,True,False,True,198,196
106594,Alluxio_alluxio,NativeLibValidationTaskTest.nativeLibPresent,5,non-flaky,5,0.959,5,0.9272,True,True,False,True,155,149
106595,Alluxio_alluxio,NativeLibValidationTaskTest.nativeLibMissing,5,non-flaky,5,0.9592,5,0.9423,True,True,False,True,173,171
106596,Alluxio_alluxio,ContainerAllocatorTest.oneContainerPerHostFullAllocation,5,non-flaky,5,0.957,5,0.9502,True,True,False,True,72,59
106597,Alluxio_alluxio,ContainerAllocatorTest.fiveContainersPerHostFullAllocation,5,non-flaky,5,0.9569,5,0.9487,True,True,False,True,73,59
106598,Alluxio_alluxio,ContainerAllocatorTest.fiveContainersPerHostHalfAllocation,5,non-flaky,5,0.9585,5,0.95,True,True,False,True,171,149
106599,Alluxio_alluxio,ContainerAllocatorTest.notEnoughHosts,5,non-flaky,5,0.9549,5,0.9376,True,True,False,True,196,175
106600,Alluxio_alluxio,ContainerAllocatorTest.allocateMasterInAnyHost,5,non-flaky,5,0.9572,5,0.9451,True,True,False,True,266,256
106601,Alluxio_alluxio,ClientTest.notEnoughMemoryForApplicationMaster,5,non-flaky,5,0.9586,5,0.918,True,True,False,True,233,225
106602,Alluxio_alluxio,ClientTest.notEnoughVCoreForApplicationMaster,5,non-flaky,5,0.9593,5,0.9171,True,True,False,True,256,241
106603,Alluxio_alluxio,ClientTest.notEnoughMemoryForAlluxioMaster,5,non-flaky,5,0.9582,5,0.9186,True,True,False,True,266,256
106604,Alluxio_alluxio,ClientTest.notEnoughVCoreForAlluxioMaster,5,non-flaky,5,0.9588,5,0.8997,True,True,False,False,298,296
106605,Alluxio_alluxio,ClientTest.notEnoughMemoryForAlluxioWorker,5,non-flaky,5,0.9599,5,0.941,True,True,False,True,356,335
106606,Alluxio_alluxio,ClientTest.notEnoughVCoreForAlluxioWorker,5,non-flaky,5,0.9601,5,0.9315,True,True,False,False,380,378
106607,Alluxio_alluxio,StatvfsTest.offset,5,non-flaky,5,0.9613,5,0.9577,True,True,False,True,417,403
106608,Alluxio_alluxio,FileStatTest.offset,5,non-flaky,5,0.96,5,0.9534,True,True,False,True,512,512
106609,Alluxio_alluxio,FileStatTest.dataConsistency,5,non-flaky,5,0.9612,5,0.9566,True,True,False,True,220,219
106610,Alluxio_alluxio,FuseFileInfoTest.offset,5,non-flaky,5,0.9596,5,0.9313,True,True,False,True,159,145
106611,Alluxio_alluxio,AlluxioJniFuseFileSystemTest.chmod,5,non-flaky,5,0.9589,5,0.9309,True,True,False,True,134,130
106612,Alluxio_alluxio,AlluxioJniFuseFileSystemTest.chown,5,non-flaky,5,0.96,5,0.9424,True,True,False,True,226,219
106613,Alluxio_alluxio,AlluxioJniFuseFileSystemTest.chownWithoutValidGid,5,non-flaky,5,0.9603,5,0.934,True,True,False,True,300,291
106614,Alluxio_alluxio,AlluxioJniFuseFileSystemTest.chownWithoutValidUid,5,non-flaky,5,0.9598,5,0.9287,True,True,False,True,279,272
106615,Alluxio_alluxio,AlluxioJniFuseFileSystemTest.chownWithoutValidUidAndGid,5,non-flaky,5,0.958,5,0.9204,True,True,False,True,218,208
106616,Alluxio_alluxio,AlluxioJniFuseFileSystemTest.create,5,non-flaky,5,0.9577,5,0.8851,True,True,False,True,154,151
106617,Alluxio_alluxio,AlluxioJniFuseFileSystemTest.createWithLengthLimit,5,non-flaky,5,0.959,5,0.9336,True,True,False,True,119,117
106618,Alluxio_alluxio,AlluxioJniFuseFileSystemTest.flush,5,non-flaky,5,0.9574,5,0.9375,True,True,False,True,177,171
106619,Alluxio_alluxio,AlluxioJniFuseFileSystemTest.getattr,5,non-flaky,5,0.9327,5,0.8878,True,True,False,True,512,512
106620,Alluxio_alluxio,AlluxioJniFuseFileSystemTest.getattrWithDelay,5,non-flaky,5,0.9167,5,0.8526,True,True,False,True,362,361
106621,Alluxio_alluxio,AlluxioJniFuseFileSystemTest.getattrWhenWriting,5,non-flaky,5,0.8871,5,0.8369,True,True,False,True,512,512
106622,Alluxio_alluxio,AlluxioJniFuseFileSystemTest.mkDir,5,non-flaky,5,0.958,5,0.8918,True,True,False,True,145,143
106623,Alluxio_alluxio,AlluxioJniFuseFileSystemTest.mkDirWithLengthLimit,5,non-flaky,5,0.9587,5,0.9296,True,True,False,True,107,103
106624,Alluxio_alluxio,AlluxioJniFuseFileSystemTest.openWithoutDelay,5,non-flaky,5,0.9589,5,0.9336,True,True,False,True,134,129
106625,Alluxio_alluxio,AlluxioJniFuseFileSystemTest.incompleteFileCannotOpen,5,non-flaky,5,0.9575,5,0.8914,True,True,False,True,135,132
106626,Alluxio_alluxio,AlluxioJniFuseFileSystemTest.openWithDelay,5,non-flaky,5,0.9138,5,0.8638,True,True,False,True,259,251
106627,Alluxio_alluxio,AlluxioJniFuseFileSystemTest.read,5,non-flaky,5,0.9594,5,0.9551,True,True,False,True,459,455
106628,Alluxio_alluxio,AlluxioJniFuseFileSystemTest.rename,5,non-flaky,5,0.9589,5,0.933,True,True,False,True,125,118
106629,Alluxio_alluxio,AlluxioJniFuseFileSystemTest.renameOldNotExist,5,non-flaky,5,0.9573,5,0.9052,True,True,False,True,147,142
106630,Alluxio_alluxio,AlluxioJniFuseFileSystemTest.renameNewExist,5,non-flaky,5,0.9573,5,0.9056,True,True,False,True,144,138
106631,Alluxio_alluxio,AlluxioJniFuseFileSystemTest.renameWithLengthLimit,5,non-flaky,5,0.9581,5,0.9052,True,True,False,True,167,161
106632,Alluxio_alluxio,AlluxioJniFuseFileSystemTest.rmdir,5,non-flaky,5,0.9569,5,0.9298,True,True,False,True,97,93
106633,Alluxio_alluxio,AlluxioJniFuseFileSystemTest.write,5,non-flaky,5,0.9595,5,0.9552,True,True,False,True,311,308
106634,Alluxio_alluxio,AlluxioJniFuseFileSystemTest.unlink,5,non-flaky,5,0.9574,5,0.9391,True,True,False,True,95,91
106635,Alluxio_alluxio,AlluxioJniFuseFileSystemTest.pathTranslation,5,non-flaky,5,0.958,5,0.9101,True,True,False,True,173,171
106636,Alluxio_alluxio,AlluxioJniFuseFileSystemTest.statfs,5,non-flaky,5,0.9596,5,0.9577,True,True,False,True,512,512
106637,Alluxio_alluxio,AlluxioFuseFileSystemTest.chmod,5,non-flaky,5,0.9589,5,0.9295,True,True,False,True,134,131
106638,Alluxio_alluxio,AlluxioFuseFileSystemTest.chown,5,non-flaky,5,0.96,5,0.9484,True,True,False,True,226,220
106639,Alluxio_alluxio,AlluxioFuseFileSystemTest.chownWithoutValidGid,5,non-flaky,5,0.9603,5,0.9328,True,True,False,True,296,287
106640,Alluxio_alluxio,AlluxioFuseFileSystemTest.chownWithoutValidUid,5,non-flaky,5,0.96,5,0.9386,True,True,False,True,275,266
106641,Alluxio_alluxio,AlluxioFuseFileSystemTest.chownWithoutValidUidAndGid,5,non-flaky,5,0.9581,5,0.8415,True,True,False,True,210,204
106642,Alluxio_alluxio,AlluxioFuseFileSystemTest.create,5,non-flaky,5,0.9577,5,0.8851,True,True,False,True,154,151
106643,Alluxio_alluxio,AlluxioFuseFileSystemTest.createWithLengthLimit,5,non-flaky,5,0.959,5,0.9336,True,True,False,True,119,117
106644,Alluxio_alluxio,AlluxioFuseFileSystemTest.flush,5,non-flaky,5,0.9574,5,0.9438,True,True,False,True,177,171
106645,Alluxio_alluxio,AlluxioFuseFileSystemTest.getattr,5,non-flaky,5,0.9308,5,0.8784,True,True,False,True,512,512
106646,Alluxio_alluxio,AlluxioFuseFileSystemTest.getattrWithDelay,5,non-flaky,5,0.909,5,0.8455,True,True,False,True,358,361
106647,Alluxio_alluxio,AlluxioFuseFileSystemTest.getattrWhenWriting,5,non-flaky,5,0.8873,5,0.836,True,True,False,True,512,512
106648,Alluxio_alluxio,AlluxioFuseFileSystemTest.mkDir,5,non-flaky,5,0.958,5,0.8901,True,True,False,True,145,143
106649,Alluxio_alluxio,AlluxioFuseFileSystemTest.mkDirWithLengthLimit,5,non-flaky,5,0.9587,5,0.9223,True,True,False,True,107,105
106650,Alluxio_alluxio,AlluxioFuseFileSystemTest.openWithoutDelay,5,non-flaky,5,0.9589,5,0.9267,True,True,False,True,134,129
106651,Alluxio_alluxio,AlluxioFuseFileSystemTest.incompleteFileCannotOpen,5,non-flaky,5,0.9575,5,0.9059,True,True,False,True,135,129
106652,Alluxio_alluxio,AlluxioFuseFileSystemTest.openWithDelay,5,non-flaky,5,0.9138,5,0.863,True,True,False,True,259,256
106653,Alluxio_alluxio,AlluxioFuseFileSystemTest.read,5,non-flaky,5,0.9588,5,0.9528,True,True,False,True,476,473
106654,Alluxio_alluxio,AlluxioFuseFileSystemTest.readOffset,5,non-flaky,5,0.9545,5,0.9486,True,True,False,True,512,512
106655,Alluxio_alluxio,AlluxioFuseFileSystemTest.readOffset2,5,non-flaky,5,0.9504,5,0.9473,True,True,False,True,512,512
106656,Alluxio_alluxio,AlluxioFuseFileSystemTest.rename,5,non-flaky,5,0.9589,5,0.933,True,True,False,True,125,118
106657,Alluxio_alluxio,AlluxioFuseFileSystemTest.renameOldNotExist,5,non-flaky,5,0.9573,5,0.9038,True,True,False,True,147,142
106658,Alluxio_alluxio,AlluxioFuseFileSystemTest.renameNewExist,5,non-flaky,5,0.9573,5,0.9039,True,True,False,True,144,139
106659,Alluxio_alluxio,AlluxioFuseFileSystemTest.renameWithLengthLimit,5,non-flaky,5,0.9581,5,0.8995,True,True,False,True,167,160
106660,Alluxio_alluxio,AlluxioFuseFileSystemTest.rmdir,5,non-flaky,5,0.9569,5,0.9299,True,True,False,True,97,94
106661,Alluxio_alluxio,AlluxioFuseFileSystemTest.write,5,non-flaky,5,0.9586,5,0.9538,True,True,False,True,323,320
106662,Alluxio_alluxio,AlluxioFuseFileSystemTest.unlink,5,non-flaky,5,0.9574,5,0.9361,True,True,False,True,95,92
106663,Alluxio_alluxio,AlluxioFuseFileSystemTest.pathTranslation,5,non-flaky,5,0.958,5,0.9045,True,True,False,True,173,177
106664,Alluxio_alluxio,AlluxioFuseFileSystemTest.statfs,5,non-flaky,5,0.9586,5,0.956,True,True,False,True,512,512
106665,Alluxio_alluxio,BaseFileSystemTest.createFile,5,non-flaky,5,0.9547,5,0.9286,True,True,False,True,198,197
106666,Alluxio_alluxio,BaseFileSystemTest.createException,5,non-flaky,5,0.955,5,0.9141,True,True,False,False,173,171
106667,Alluxio_alluxio,BaseFileSystemTest.delete,5,non-flaky,5,0.9585,5,0.9375,True,True,False,True,138,134
106668,Alluxio_alluxio,BaseFileSystemTest.deleteException,5,non-flaky,5,0.9578,5,0.9376,True,True,False,True,222,218
106669,Alluxio_alluxio,BaseFileSystemTest.free,5,non-flaky,5,0.9586,5,0.9294,True,True,False,True,139,137
106670,Alluxio_alluxio,BaseFileSystemTest.freeException,5,non-flaky,5,0.9573,5,0.9361,True,True,False,True,209,207
106671,Alluxio_alluxio,BaseFileSystemTest.getStatus,5,non-flaky,5,0.9552,5,0.9149,True,True,False,True,219,210
106672,Alluxio_alluxio,BaseFileSystemTest.getStatusException,5,non-flaky,5,0.957,5,0.93,True,True,False,True,213,208
110830,opensource4you_astraea,ArgumentUtilTest.testParse,5,non-flaky,5,0.9591,5,0.9578,True,True,False,False,74,73
110831,opensource4you_astraea,ArgumentUtilTest.testRequired,5,non-flaky,5,0.9595,5,0.9377,True,True,False,False,70,68
110832,opensource4you_astraea,ArgumentUtilTest.testLongPositive,5,non-flaky,5,0.9592,5,0.9529,True,True,False,False,194,193
110833,opensource4you_astraea,ArgumentUtilTest.testNotNegative,5,non-flaky,5,0.9594,5,0.9068,True,True,False,True,226,224
110834,opensource4you_astraea,ArgumentUtilTest.testDurationConvert,5,non-flaky,5,0.9585,5,0.9223,True,True,False,True,117,115
110835,opensource4you_astraea,ArgumentUtilTest.testSetConverter,5,non-flaky,5,0.9585,5,0.9217,True,True,False,True,127,125
112671,hwang-pku_ormlite-core,VersionUtilsTest.testCheckCoreVersusJdbcVersionsGood,5,non-flaky,5,0.9557,5,0.8623,True,True,False,False,65,63
112672,hwang-pku_ormlite-core,VersionUtilsTest.testCheckCoreVersusJdbcVersionsBad,5,non-flaky,5,0.9534,5,0.9109,True,True,False,False,68,66
112673,hwang-pku_ormlite-core,VersionUtilsTest.testCheckCoreVersusAndroidVersionsGood,5,non-flaky,5,0.9556,5,0.8542,True,True,False,False,61,59
112674,hwang-pku_ormlite-core,VersionUtilsTest.testCheckCoreVersusAndroidVersionsBad,5,non-flaky,5,0.9535,5,0.917,True,True,False,False,64,62
112675,hwang-pku_ormlite-core,JavaxPersistenceTest.testConversions,5,non-flaky,5,0.9394,5,0.8791,True,True,False,True,512,512
112676,hwang-pku_ormlite-core,JavaxPersistenceTest.testTableName,5,non-flaky,5,0.9587,5,0.9346,True,True,False,True,86,82
112677,hwang-pku_ormlite-core,JavaxPersistenceTest.testUpperCaseFieldNames,5,non-flaky,5,0.9597,5,0.9255,True,True,False,True,170,165
112678,hwang-pku_ormlite-core,JavaxPersistenceTest.testSerializableClass,5,non-flaky,5,0.9607,5,0.9539,True,True,False,True,208,211
112679,hwang-pku_ormlite-core,BaseDaoEnabledTest.testCreate,5,non-flaky,5,0.9577,5,0.8882,True,True,False,True,98,95
112680,hwang-pku_ormlite-core,BaseDaoEnabledTest.testCreateNoDao,5,non-flaky,5,0.9567,5,0.9454,True,True,False,True,70,70
112681,hwang-pku_ormlite-core,BaseDaoEnabledTest.testUpdate,5,non-flaky,5,0.9594,5,0.9478,True,True,False,True,166,162
112682,hwang-pku_ormlite-core,BaseDaoEnabledTest.testUpdateId,5,non-flaky,5,0.9599,5,0.9464,True,True,False,True,169,167
112683,hwang-pku_ormlite-core,BaseDaoEnabledTest.testDelete,5,non-flaky,5,0.9595,5,0.9481,True,True,False,True,139,137
112684,hwang-pku_ormlite-core,BaseDaoEnabledTest.testToString,5,non-flaky,5,0.9593,5,0.9252,True,True,False,True,139,134
112685,hwang-pku_ormlite-core,BaseDaoEnabledTest.testObjectEquals,5,non-flaky,5,0.9587,5,0.9399,True,True,False,True,107,104
112686,hwang-pku_ormlite-core,BaseDaoEnabledTest.testObjectEqualsNoDao,5,non-flaky,5,0.9572,5,0.9461,True,True,False,True,74,70
112687,hwang-pku_ormlite-core,BaseDaoEnabledTest.testExtractId,5,non-flaky,5,0.9588,5,0.9482,True,True,False,True,113,109
112688,hwang-pku_ormlite-core,BaseDaoEnabledTest.testForeign,5,non-flaky,5,0.9591,5,0.9419,True,True,False,True,276,278
112689,hwang-pku_ormlite-core,SqlExceptionUtilTest.testException,5,non-flaky,5,0.9583,5,0.9082,True,True,False,True,87,86
112690,hwang-pku_ormlite-core,SqlExceptionUtilTest.testExceptionWithSQLException,5,non-flaky,5,0.9593,5,0.9412,True,True,False,True,141,138
112691,hwang-pku_ormlite-core,SqlExceptionUtilTest.testConstructor,5,non-flaky,5,0.959,5,0.9329,True,True,False,True,97,93
112692,hwang-pku_ormlite-core,TransactionManagerTest.call,5,non-flaky,5,0.9535,5,0.9228,True,True,False,False,305,303
112693,hwang-pku_ormlite-core,TransactionManagerTest.call,5,non-flaky,5,0.9553,5,0.9306,True,True,False,False,319,317
112694,hwang-pku_ormlite-core,TransactionManagerTest.call,5,non-flaky,5,0.9538,5,0.9256,True,True,False,False,263,261
112695,hwang-pku_ormlite-core,TransactionManagerTest.call,5,non-flaky,5,0.9549,5,0.9273,True,True,False,False,330,328
112696,hwang-pku_ormlite-core,TransactionManagerTest.call,5,non-flaky,5,0.9515,5,0.9155,True,True,False,False,288,286
112697,hwang-pku_ormlite-core,TransactionManagerTest.call,5,non-flaky,5,0.9552,5,0.9298,True,True,False,False,329,327
112698,hwang-pku_ormlite-core,TransactionManagerTest.call,5,non-flaky,5,0.9545,5,0.932,True,True,False,False,328,326
112699,hwang-pku_ormlite-core,TransactionManagerTest.call,5,non-flaky,5,0.9501,5,0.9104,True,True,False,False,352,350
112700,hwang-pku_ormlite-core,TransactionManagerTest.testTransactionManagerSpringWiring,5,non-flaky,5,0.9574,5,0.9332,True,True,False,True,53,51
112701,hwang-pku_ormlite-core,TransactionManagerTest.testTransactionManagerNoSet,5,non-flaky,5,0.9571,5,0.9498,True,True,False,True,49,46
112702,hwang-pku_ormlite-core,TransactionManagerTest.testDaoTransactionManagerCommitted,5,non-flaky,5,0.9568,5,0.9461,True,True,False,True,103,99
112703,hwang-pku_ormlite-core,TransactionManagerTest.testRollBack,5,non-flaky,5,0.9575,5,0.9407,True,True,False,True,108,105
112704,hwang-pku_ormlite-core,TransactionManagerTest.testSpringWiredRollBack,5,non-flaky,5,0.957,5,0.9423,True,True,False,True,130,124
112705,hwang-pku_ormlite-core,TransactionManagerTest.testNonRuntimeExceptionWiredRollBack,5,non-flaky,5,0.9572,5,0.9266,True,True,False,True,132,127
112706,hwang-pku_ormlite-core,TransactionManagerTest.call,5,non-flaky,5,0.9581,5,0.9483,True,True,False,False,147,145
112707,hwang-pku_ormlite-core,TransactionManagerTest.call,5,non-flaky,5,0.9536,5,0.9207,True,True,False,False,230,228
112708,hwang-pku_ormlite-core,TransactionManagerTest.call,5,non-flaky,5,0.9602,5,0.9576,True,True,False,False,246,245
112709,hwang-pku_ormlite-core,TransactionManagerTest.call,5,non-flaky,5,0.952,5,0.8842,True,True,False,False,227,225
112710,hwang-pku_ormlite-core,TransactionManagerTest.call,5,non-flaky,5,0.9414,5,0.9116,True,True,False,False,512,512
112711,hwang-pku_ormlite-core,BaseConnectionSourceTest.testBasicStuff,5,non-flaky,5,0.9576,5,0.9276,True,True,False,True,259,255
112712,hwang-pku_ormlite-core,BaseConnectionSourceTest.testNestedSave,5,non-flaky,5,0.9562,5,0.8418,True,True,False,True,107,109
112713,hwang-pku_ormlite-core,BaseConnectionSourceTest.testSaveDifferentConnection,5,non-flaky,5,0.9553,5,0.9277,True,True,False,True,96,96
112714,hwang-pku_ormlite-core,BaseConnectionSourceTest.testClearNone,5,non-flaky,5,0.9574,5,0.913,True,True,False,True,56,56
112715,hwang-pku_ormlite-core,BaseConnectionSourceTest.testClearDifferentConnection,5,non-flaky,5,0.9567,5,0.891,True,True,False,True,86,87
112716,hwang-pku_ormlite-core,ReflectionDatabaseConnectionProxyFactoryTest.testBasic,5,non-flaky,5,0.959,5,0.958,True,True,False,False,153,152
112717,hwang-pku_ormlite-core,DatabaseConnectionProxyFactoryTest.testBasic,5,non-flaky,5,0.9573,5,0.955,True,True,False,False,142,141
112718,hwang-pku_ormlite-core,DatabaseConnectionProxyFactoryTest.testChangeInsertValue,5,non-flaky,5,0.959,5,0.9582,True,True,False,False,214,213
112719,hwang-pku_ormlite-core,DatabaseConnectionProxyTest.testIsAutoCommitSupported,5,non-flaky,5,0.9562,5,0.9284,True,True,False,True,130,133
112720,hwang-pku_ormlite-core,DatabaseConnectionProxyTest.testIsAutoCommitSupportedNull,5,non-flaky,5,0.9562,5,0.9014,True,True,False,True,60,60
112721,hwang-pku_ormlite-core,DatabaseConnectionProxyTest.testIsAutoCommit,5,non-flaky,5,0.9557,5,0.9083,True,True,False,True,133,130
112722,hwang-pku_ormlite-core,DatabaseConnectionProxyTest.testIsAutoCommitNull,5,non-flaky,5,0.9564,5,0.8857,True,True,False,True,58,58
112723,hwang-pku_ormlite-core,DatabaseConnectionProxyTest.testSetAutoCommit,5,non-flaky,5,0.9562,5,0.9141,True,True,False,True,122,116
112724,hwang-pku_ormlite-core,DatabaseConnectionProxyTest.testSetAutoCommitNull,5,non-flaky,5,0.9572,5,0.8948,True,True,False,True,57,57
112725,hwang-pku_ormlite-core,DatabaseConnectionProxyTest.testSetSavePoint,5,non-flaky,5,0.9546,5,0.8669,True,True,False,True,122,125
112726,hwang-pku_ormlite-core,DatabaseConnectionProxyTest.testSetSavePointNull,5,non-flaky,5,0.9559,5,0.895,True,True,False,True,59,59
112727,hwang-pku_ormlite-core,DatabaseConnectionProxyTest.testCommit,5,non-flaky,5,0.9558,5,0.9164,True,True,False,True,99,98
112728,hwang-pku_ormlite-core,DatabaseConnectionProxyTest.testCommitNull,5,non-flaky,5,0.9569,5,0.9161,True,True,False,True,52,52
112729,hwang-pku_ormlite-core,DatabaseConnectionProxyTest.testRollback,5,non-flaky,5,0.9556,5,0.9103,True,True,False,True,101,100
112730,hwang-pku_ormlite-core,DatabaseConnectionProxyTest.testRollbackNull,5,non-flaky,5,0.9568,5,0.912,True,True,False,True,53,53
112731,hwang-pku_ormlite-core,DatabaseConnectionProxyTest.testExecuteStatement,5,non-flaky,5,0.9565,5,0.9093,True,True,False,True,142,141
112732,hwang-pku_ormlite-core,DatabaseConnectionProxyTest.testExecuteStatementNull,5,non-flaky,5,0.9571,5,0.9042,True,True,False,True,63,61
112733,hwang-pku_ormlite-core,DatabaseConnectionProxyTest.testCompileStatementStringStatementTypeFieldTypeArrayInt,5,non-flaky,5,0.9559,5,0.908,True,True,False,True,171,174
112734,hwang-pku_ormlite-core,DatabaseConnectionProxyTest.testCompileStatementStringStatementTypeFieldTypeArrayIntNull,5,non-flaky,5,0.9574,5,0.8897,True,True,False,True,79,79
112735,hwang-pku_ormlite-core,DatabaseConnectionProxyTest.testInsert,5,non-flaky,5,0.9548,5,0.9067,True,True,False,True,144,143
112736,hwang-pku_ormlite-core,DatabaseConnectionProxyTest.testInsertNull,5,non-flaky,5,0.9574,5,0.9191,True,True,False,True,64,63
112737,hwang-pku_ormlite-core,DatabaseConnectionProxyTest.testUpdate,5,non-flaky,5,0.9556,5,0.9029,True,True,False,True,140,139
112738,hwang-pku_ormlite-core,DatabaseConnectionProxyTest.testUpdateNull,5,non-flaky,5,0.957,5,0.9054,True,True,False,True,62,60
112739,hwang-pku_ormlite-core,DatabaseConnectionProxyTest.testDelete,5,non-flaky,5,0.9554,5,0.9123,True,True,False,True,141,141
112740,hwang-pku_ormlite-core,DatabaseConnectionProxyTest.testDeleteNull,5,non-flaky,5,0.9571,5,0.9124,True,True,False,True,62,61
112741,hwang-pku_ormlite-core,DatabaseConnectionProxyTest.testQueryForOne,5,non-flaky,5,0.9565,5,0.9413,True,True,False,True,153,156
112742,hwang-pku_ormlite-core,DatabaseConnectionProxyTest.testQueryForOneNull,5,non-flaky,5,0.957,5,0.9165,True,True,False,True,67,66
112743,hwang-pku_ormlite-core,DatabaseConnectionProxyTest.testQueryForLongString,5,non-flaky,5,0.9563,5,0.935,True,True,False,True,145,144
112744,hwang-pku_ormlite-core,DatabaseConnectionProxyTest.testQueryForLongStringNull,5,non-flaky,5,0.9571,5,0.9118,True,True,False,True,64,63
112745,hwang-pku_ormlite-core,DatabaseConnectionProxyTest.testQueryForLongStringObjectArrayFieldTypeArray,5,non-flaky,5,0.9564,5,0.9281,True,True,False,True,159,162
112746,hwang-pku_ormlite-core,DatabaseConnectionProxyTest.testQueryForLongStringObjectArrayFieldTypeArrayNull,5,non-flaky,5,0.9569,5,0.8969,True,True,False,True,72,72
112747,hwang-pku_ormlite-core,DatabaseConnectionProxyTest.testClose,5,non-flaky,5,0.956,5,0.9319,True,True,False,True,80,82
112748,hwang-pku_ormlite-core,DatabaseConnectionProxyTest.testCloseNull,5,non-flaky,5,0.9578,5,0.9461,True,True,False,False,32,30
112749,hwang-pku_ormlite-core,DatabaseConnectionProxyTest.testCloseQuietly,5,non-flaky,5,0.9565,5,0.9265,True,True,False,True,103,106
112750,hwang-pku_ormlite-core,DatabaseConnectionProxyTest.testCloseQuietlyNull,5,non-flaky,5,0.9574,5,0.8892,True,True,False,True,55,55
112751,hwang-pku_ormlite-core,DatabaseConnectionProxyTest.testIsClosed,5,non-flaky,5,0.9561,5,0.8902,True,True,False,True,124,123
112752,hwang-pku_ormlite-core,DatabaseConnectionProxyTest.testIsClosedNull,5,non-flaky,5,0.9565,5,0.9043,True,True,False,True,56,55
112753,hwang-pku_ormlite-core,DatabaseConnectionProxyTest.testIsTableExists,5,non-flaky,5,0.9551,5,0.8591,True,True,False,True,153,146
112754,hwang-pku_ormlite-core,DatabaseConnectionProxyTest.testIsTableExistsNull,5,non-flaky,5,0.9562,5,0.8984,True,True,False,True,61,59
112755,hwang-pku_ormlite-core,ThreadLocalSelectArgTest.testStuff,5,non-flaky,5,0.9563,5,0.8738,True,True,False,True,89,92
112756,hwang-pku_ormlite-core,ThreadLocalSelectArgTest.testValueConst,5,non-flaky,5,0.9576,5,0.9549,True,True,False,False,69,68
112757,hwang-pku_ormlite-core,ThreadLocalSelectArgTest.testSqlTypeValueConst,5,non-flaky,5,0.9588,5,0.9562,True,True,False,False,106,105
112758,hwang-pku_ormlite-core,ThreadLocalSelectArgTest.testColumnNameTypeValueConst,5,non-flaky,5,0.9589,5,0.9564,True,True,False,False,108,107
112759,hwang-pku_ormlite-core,RawResultsImplTest.testQueryRaw,5,non-flaky,5,0.9581,5,0.9368,True,True,False,False,327,326
112760,hwang-pku_ormlite-core,RawResultsImplTest.testQueryRawColumns,5,non-flaky,5,0.9589,5,0.9439,True,True,False,False,420,419
112761,hwang-pku_ormlite-core,RawResultsImplTest.testHaving,5,non-flaky,5,0.9587,5,0.9434,True,True,False,False,400,399
112762,hwang-pku_ormlite-core,RawResultsImplTest.testGetFirstResult,5,non-flaky,5,0.9591,5,0.9567,True,True,False,False,279,278
112763,hwang-pku_ormlite-core,RawResultsImplTest.mapRow,5,non-flaky,5,0.9608,5,0.9557,True,True,False,False,299,298
112764,hwang-pku_ormlite-core,DeleteBuilderTest.testDeleteAll,5,non-flaky,5,0.9601,5,0.9439,True,True,False,True,125,125
112765,hwang-pku_ormlite-core,DeleteBuilderTest.testDeleteMethod,5,non-flaky,5,0.9595,5,0.9485,True,True,False,False,244,243
112766,hwang-pku_ormlite-core,DeleteBuilderTest.testUpdateLimit,5,non-flaky,5,0.9598,5,0.945,True,True,False,True,155,155
112767,hwang-pku_ormlite-core,SelectIteratorTest.testIterator,5,non-flaky,5,0.9595,5,0.9221,True,True,False,True,234,231
112768,hwang-pku_ormlite-core,SelectIteratorTest.testIteratorPrepared,5,non-flaky,5,0.9602,5,0.9398,True,True,False,True,222,219
112769,hwang-pku_ormlite-core,SelectIteratorTest.testIteratorRemoveNoNext,5,non-flaky,5,0.9558,5,0.9403,True,True,False,True,104,103
112770,hwang-pku_ormlite-core,SelectIteratorTest.testIteratorNextRemoveRemoveNoNext,5,non-flaky,5,0.9566,5,0.9461,True,True,False,True,178,173
113698,salesforce_reactive-grpc,GradleProofTest.gradleProof,5,non-flaky,5,0.9578,5,0.9378,True,True,False,True,151,147
113699,salesforce_reactive-grpc,ExampleInstrumentedTest.useAppContext,5,non-flaky,5,0.9595,5,0.9426,True,True,False,True,87,81
113700,salesforce_reactive-grpc,ExampleUnitTest.addition_isCorrect,5,non-flaky,5,0.9601,5,0.9576,True,True,False,False,43,39
113701,salesforce_reactive-grpc,CancellationPropagationIntegrationTest.clientCanCancelServerStreamExplicitly,5,non-flaky,5,0.9424,5,0.9218,True,True,False,False,493,492
113702,salesforce_reactive-grpc,CancellationPropagationIntegrationTest.clientCanCancelServerStreamImplicitly,5,non-flaky,5,0.9433,5,0.9183,True,True,False,False,366,365
113703,salesforce_reactive-grpc,CancellationPropagationIntegrationTest.serverCanCancelClientStreamImplicitly,5,non-flaky,5,0.9064,5,0.9064,True,True,False,False,512,512
113704,salesforce_reactive-grpc,CancellationPropagationIntegrationTest.serverCanCancelClientStreamExplicitly,5,non-flaky,5,0.9063,5,0.9063,True,True,False,False,512,512
113705,salesforce_reactive-grpc,CancellationPropagationIntegrationTest.serverCanCancelClientStreamImplicitlyBidi,5,non-flaky,5,0.9045,5,0.9045,True,True,False,False,512,512
113706,salesforce_reactive-grpc,CancellationPropagationIntegrationTest.serverCanCancelClientStreamExplicitlyBidi,5,non-flaky,5,0.904,5,0.904,True,True,False,False,512,512
113707,salesforce_reactive-grpc,ServerErrorIntegrationTest.oneToOne,5,non-flaky,5,0.9594,5,0.9557,True,True,False,False,163,162
113708,salesforce_reactive-grpc,ServerErrorIntegrationTest.oneToMany,5,non-flaky,5,0.9409,5,0.9225,True,True,False,False,311,310
113709,salesforce_reactive-grpc,ServerErrorIntegrationTest.manyToOne,5,non-flaky,5,0.9585,5,0.9547,True,True,False,False,166,165
113710,salesforce_reactive-grpc,ServerErrorIntegrationTest.manyToMany,5,non-flaky,5,0.9584,5,0.955,True,True,False,False,167,166
113711,salesforce_reactive-grpc,BackpressureIntegrationTest.clientToServerBackpressure,5,non-flaky,5,0.9436,5,0.9325,True,True,False,False,426,425
113712,salesforce_reactive-grpc,BackpressureIntegrationTest.serverToClientBackpressure,5,non-flaky,5,0.9445,5,0.93,True,True,False,False,353,352
113713,salesforce_reactive-grpc,BackpressureIntegrationTest.bidiResponseBackpressure,5,non-flaky,5,0.9435,5,0.9305,True,True,False,False,356,355
113714,salesforce_reactive-grpc,BackpressureIntegrationTest.bidiRequestBackpressure,5,non-flaky,5,0.9489,5,0.9355,True,True,False,False,430,429
113715,salesforce_reactive-grpc,ServerErrorUpstreamCancellationIntegrationTest.serverErrorSignalsUpstreamCancellationManyToOne,5,non-flaky,5,0.9359,5,0.9129,True,True,False,False,365,364
113716,salesforce_reactive-grpc,ServerErrorUpstreamCancellationIntegrationTest.serverErrorSignalsUpstreamCancellationBidi,5,non-flaky,5,0.9377,5,0.914,True,True,False,False,341,340
113717,salesforce_reactive-grpc,UnexpectedServerErrorIntegrationTest.oneToOne,5,non-flaky,5,0.9593,5,0.9553,True,True,False,False,168,167
113718,salesforce_reactive-grpc,UnexpectedServerErrorIntegrationTest.oneToMany,5,non-flaky,5,0.939,5,0.9185,True,True,False,False,316,315
113719,salesforce_reactive-grpc,UnexpectedServerErrorIntegrationTest.manyToOne,5,non-flaky,5,0.9594,5,0.9577,True,True,False,False,188,187
113720,salesforce_reactive-grpc,UnexpectedServerErrorIntegrationTest.manyToMany,5,non-flaky,5,0.959,5,0.9565,True,True,False,False,189,188
113721,salesforce_reactive-grpc,ClientThreadIntegrationTest.oneToOne,5,non-flaky,5,0.9412,5,0.9279,True,True,False,False,357,356
113722,salesforce_reactive-grpc,ClientThreadIntegrationTest.manyToMany,5,non-flaky,5,0.9434,5,0.9296,True,True,False,False,503,502
113723,salesforce_reactive-grpc,UnimplementedMethodIntegrationTest.unimplementedMethodShouldFail,5,non-flaky,5,0.96,5,0.9405,True,True,False,True,151,147
113724,salesforce_reactive-grpc,AbstractStubTest.getChannelWorks,5,non-flaky,5,0.9595,5,0.9552,True,True,False,True,106,103
113725,salesforce_reactive-grpc,AbstractStubTest.settingCallOptionsWorks,5,non-flaky,5,0.9605,5,0.9532,True,True,False,True,144,140
113726,salesforce_reactive-grpc,StandardClientReactiveServerInteropTest.oneToOne,5,non-flaky,5,0.9511,5,0.8965,True,True,False,True,257,254
113727,salesforce_reactive-grpc,StandardClientReactiveServerInteropTest.oneToMany,5,non-flaky,5,0.9463,5,0.8905,True,True,False,True,271,268
113728,salesforce_reactive-grpc,StandardClientReactiveServerInteropTest.manyToOne,5,non-flaky,5,0.9479,5,0.8775,True,True,False,True,342,339
113729,salesforce_reactive-grpc,StandardClientReactiveServerInteropTest.manyToMany,5,non-flaky,5,0.9435,5,0.8754,True,True,False,True,375,372
113730,salesforce_reactive-grpc,EndToEndIntegrationTest.oneToOne,5,non-flaky,5,0.9518,5,0.9469,True,True,False,False,195,194
113731,salesforce_reactive-grpc,EndToEndIntegrationTest.oneToMany,5,non-flaky,5,0.9521,5,0.9473,True,True,False,False,208,207
113732,salesforce_reactive-grpc,EndToEndIntegrationTest.manyToOne,5,non-flaky,5,0.9501,5,0.9419,True,True,False,False,273,272
113733,salesforce_reactive-grpc,EndToEndIntegrationTest.manyToMany,5,non-flaky,5,0.9517,5,0.9437,True,True,False,False,340,339
113734,salesforce_reactive-grpc,ConcurrentRequestIntegrationTest.fourKindsOfRequestAtOnce,5,non-flaky,5,0.9402,5,0.9402,True,True,False,False,512,512
113735,salesforce_reactive-grpc,ReactiveClientStandardServerInteropTest.oneToOne,5,non-flaky,5,0.9524,5,0.9454,True,True,False,False,187,186
113736,salesforce_reactive-grpc,ReactiveClientStandardServerInteropTest.oneToMany,5,non-flaky,5,0.9507,5,0.9438,True,True,False,False,198,197
113737,salesforce_reactive-grpc,ReactiveClientStandardServerInteropTest.manyToOne,5,non-flaky,5,0.9502,5,0.9436,True,True,False,False,201,200
113738,salesforce_reactive-grpc,ReactiveClientStandardServerInteropTest.manyToMany,5,non-flaky,5,0.9507,5,0.9455,True,True,False,False,209,208
113739,salesforce_reactive-grpc,ContextPropagationIntegrationTest.ClientSendsContext,5,non-flaky,5,0.9541,5,0.9506,True,True,False,False,246,245
113740,salesforce_reactive-grpc,ContextPropagationIntegrationTest.ClientGetsContext,5,non-flaky,5,0.9453,5,0.9362,True,True,False,False,269,268
113741,salesforce_reactive-grpc,ContextPropagationIntegrationTest.ServerAcceptsContext,5,non-flaky,5,0.9578,5,0.955,True,True,False,False,175,174
113742,salesforce_reactive-grpc,UnaryZeroMessageResponseIntegrationTest.zeroMessageResponseOneToOne,5,non-flaky,5,0.9592,5,0.9554,True,True,False,False,240,239
113743,salesforce_reactive-grpc,UnaryZeroMessageResponseIntegrationTest.zeroMessageResponseManyToOne,5,non-flaky,5,0.957,5,0.9515,True,True,False,False,317,316
113744,salesforce_reactive-grpc,ReactorGrpcPublisherManyToManyVerificationTest.createPublisher,5,non-flaky,5,0.94,5,0.914,True,True,False,False,150,149
113745,salesforce_reactive-grpc,ReactorGrpcPublisherManyToOneVerificationTest.maxElementsFromPublisher,5,non-flaky,5,0.9573,5,0.9557,True,True,False,False,40,39
113746,salesforce_reactive-grpc,ReactorGrpcPublisherOneToOneVerificationTest.maxElementsFromPublisher,5,non-flaky,5,0.9573,5,0.9557,True,True,False,False,40,39
113747,salesforce_reactive-grpc,ReactorGrpcPublisherOneToManyVerificationTest.createPublisher,5,non-flaky,5,0.9492,5,0.9388,True,True,False,True,140,140
113748,salesforce_reactive-grpc,ReactorGrpcSubscriberWhiteboxVerificationTest.triggerRequest,5,non-flaky,5,0.9282,5,0.8989,True,True,False,False,323,322
113749,salesforce_reactive-grpc,SubscribeOnlyOnceTest.subscribeOnlyOnceLifterErrorsWhenMultipleSubscribe,5,non-flaky,5,0.9583,5,0.9435,True,True,False,True,261,252
113750,salesforce_reactive-grpc,BackpressureChunkingTest.chunkOperatorCorrectlyChunks,5,non-flaky,5,0.9499,5,0.9385,True,True,False,False,297,296
113751,salesforce_reactive-grpc,ReactorConsumerStreamObserverTest.rxConsumerIsSet,5,non-flaky,5,0.9594,5,0.9526,True,True,False,True,121,113
113752,salesforce_reactive-grpc,ReactorConsumerStreamObserverTest.onNextDelegates,5,non-flaky,5,0.9393,5,0.9246,True,True,False,False,305,304
113753,salesforce_reactive-grpc,ReactorConsumerStreamObserverTest.onErrorDelegates,5,non-flaky,5,0.9503,5,0.8769,True,True,False,True,265,262
113754,salesforce_reactive-grpc,GrpcRetryTest.noRetryMakesErrorFlowabable,5,non-flaky,5,0.9605,5,0.9516,True,True,False,True,145,142
113755,salesforce_reactive-grpc,GrpcRetryTest.noRetryMakesErrorSingle,5,non-flaky,5,0.9606,5,0.9536,True,True,False,True,142,139
113756,salesforce_reactive-grpc,GrpcRetryTest.oneToManyRetryWhen,5,non-flaky,5,0.9602,5,0.9589,True,True,False,False,192,191
113757,salesforce_reactive-grpc,GrpcRetryTest.oneToManyRetryImmediately,5,non-flaky,5,0.9606,5,0.9593,True,True,False,False,182,181
113758,salesforce_reactive-grpc,GrpcRetryTest.oneToManyRetryAfter,5,non-flaky,5,0.9609,5,0.9582,True,True,False,False,189,188
113759,salesforce_reactive-grpc,GrpcRetryTest.manyToManyRetryWhen,5,non-flaky,5,0.9607,5,0.951,True,True,False,True,189,186
113760,salesforce_reactive-grpc,GrpcRetryTest.manyToManyRetryImmediately,5,non-flaky,5,0.9607,5,0.9498,True,True,False,True,180,177
113761,salesforce_reactive-grpc,GrpcRetryTest.manyToManyRetryAfter,5,non-flaky,5,0.961,5,0.9424,True,True,False,True,186,183
113762,salesforce_reactive-grpc,GrpcRetryTest.manyToOneRetryWhen,5,non-flaky,5,0.9601,5,0.9586,True,True,False,False,190,189
113763,salesforce_reactive-grpc,GrpcRetryTest.manyToOneRetryImmediately,5,non-flaky,5,0.9606,5,0.9593,True,True,False,False,180,179
113764,salesforce_reactive-grpc,GrpcRetryTest.manyToOneRetryAfter,5,non-flaky,5,0.9608,5,0.9581,True,True,False,False,187,186
113765,salesforce_reactive-grpc,ReactiveStreamObserverPublisherServerTest.onNextDelegates,5,non-flaky,5,0.9575,5,0.92,True,True,False,True,171,169
113766,salesforce_reactive-grpc,ReactiveStreamObserverPublisherServerTest.onErrorDelegates,5,non-flaky,5,0.957,5,0.9156,True,True,False,True,172,170
113767,salesforce_reactive-grpc,ReactiveStreamObserverPublisherServerTest.onCompletedDelegates,5,non-flaky,5,0.9592,5,0.9338,True,True,False,True,153,150
113768,salesforce_reactive-grpc,ReactiveStreamObserverPublisherServerTest.answer,5,non-flaky,5,0.9611,5,0.9501,True,True,False,False,219,215
113769,salesforce_reactive-grpc,ReactiveStreamObserverPublisherClientTest.onNextDelegates,5,non-flaky,5,0.9578,5,0.9218,True,True,False,True,171,169
113770,salesforce_reactive-grpc,ReactiveStreamObserverPublisherClientTest.onErrorDelegates,5,non-flaky,5,0.9574,5,0.9166,True,True,False,True,172,170
113771,salesforce_reactive-grpc,ReactiveStreamObserverPublisherClientTest.onCompletedDelegates,5,non-flaky,5,0.9593,5,0.9365,True,True,False,True,153,150
113772,salesforce_reactive-grpc,ReactiveStreamObserverPublisherClientTest.answer,5,non-flaky,5,0.9612,5,0.9507,True,True,False,False,219,215
113773,salesforce_reactive-grpc,CancellableStreamObserverTest.run,5,non-flaky,5,0.9518,5,0.8938,True,True,False,False,179,175
113774,salesforce_reactive-grpc,CancellableStreamObserverTest.run,5,non-flaky,5,0.9526,5,0.8896,True,True,False,False,180,176
113775,salesforce_reactive-grpc,ReactiveBackpressureChunkerTest.applySubscribes,5,non-flaky,5,0.953,5,0.9241,True,True,False,True,202,181
113776,salesforce_reactive-grpc,ReactiveBackpressureChunkerTest.requestOneGetsAChunk,5,non-flaky,5,0.9525,5,0.9228,True,True,False,True,225,208
113777,salesforce_reactive-grpc,ReactiveBackpressureChunkerTest.requestOneSupplyOneDoesntRequestAnother,5,non-flaky,5,0.9519,5,0.9208,True,True,False,True,245,228
113778,salesforce_reactive-grpc,ReactiveBackpressureChunkerTest.requestManyGetsAChunkFirst,5,non-flaky,5,0.9514,5,0.9192,True,True,False,True,226,208
113779,salesforce_reactive-grpc,ReactiveBackpressureChunkerTest.requestManyChunksRequestsAsSatisfiedAndStopsWhenComplete,5,non-flaky,5,0.933,5,0.8981,True,True,False,True,512,512
113780,salesforce_reactive-grpc,ReactiveBackpressureChunkerTest.completePropagatesDown,5,non-flaky,5,0.9528,5,0.9166,True,True,False,True,211,194
113781,salesforce_reactive-grpc,ReactiveBackpressureChunkerTest.errorPropagatesDown,5,non-flaky,5,0.9507,5,0.9182,True,True,False,True,234,228
113782,salesforce_reactive-grpc,ReactiveBackpressureChunkerTest.cancelPropagatesUp,5,non-flaky,5,0.9471,5,0.9053,True,True,False,True,217,201
113783,salesforce_reactive-grpc,ReactivePublisherBackpressureOnReadyHandlerTest.runPrimesThePump,5,non-flaky,5,0.9562,5,0.9124,True,True,False,True,175,173
113784,salesforce_reactive-grpc,ReactivePublisherBackpressureOnReadyHandlerTest.onNextKeepsPumpRunning,5,non-flaky,5,0.9548,5,0.9126,True,True,False,True,210,209
113785,salesforce_reactive-grpc,ReactivePublisherBackpressureOnReadyHandlerTest.onNextStopsPump,5,non-flaky,5,0.9539,5,0.907,True,True,False,True,212,209
113786,salesforce_reactive-grpc,ReactivePublisherBackpressureOnReadyHandlerTest.exceptionInOnNextCancelsUpstreamSubscription,5,non-flaky,5,0.9486,5,0.9027,True,True,False,True,238,235
113787,salesforce_reactive-grpc,ReactivePublisherBackpressureOnReadyHandlerTest.exceptionInOnOnErrorCancelsUpstreamSubscription,5,non-flaky,5,0.9481,5,0.9068,True,True,False,True,223,222
113788,salesforce_reactive-grpc,ReactivePublisherBackpressureOnReadyHandlerTest.exceptionInOnCompleteCancelsUpstreamSubscription,5,non-flaky,5,0.9476,5,0.9097,True,True,False,True,233,230
113789,salesforce_reactive-grpc,ReactivePublisherBackpressureOnReadyHandlerTest.onSubscribeCancelsSecondSubscription,5,non-flaky,5,0.9516,5,0.913,True,True,False,True,191,186
113790,salesforce_reactive-grpc,CancellationPropagationIntegrationTest.clientCanCancelServerStreamExplicitly,5,non-flaky,5,0.9423,5,0.9153,True,True,False,False,502,501
113791,salesforce_reactive-grpc,CancellationPropagationIntegrationTest.clientCanCancelServerStreamImplicitly,5,non-flaky,5,0.9395,5,0.906,True,True,False,False,490,489
113792,salesforce_reactive-grpc,CancellationPropagationIntegrationTest.serverCanCancelClientStreamImplicitly,5,non-flaky,5,0.9139,5,0.9139,True,True,False,False,512,512
113793,salesforce_reactive-grpc,CancellationPropagationIntegrationTest.serverCanCancelClientStreamExplicitly,5,non-flaky,5,0.9167,5,0.9167,True,True,False,False,512,512
113794,salesforce_reactive-grpc,CancellationPropagationIntegrationTest.serverCanCancelClientStreamImplicitlyBidi,5,non-flaky,5,0.9163,5,0.9163,True,True,False,False,512,512
113795,salesforce_reactive-grpc,CancellationPropagationIntegrationTest.serverCanCancelClientStreamExplicitlyBidi,5,non-flaky,5,0.9152,5,0.9152,True,True,False,False,512,512
113796,salesforce_reactive-grpc,CancellationPropagationIntegrationTest.prematureResponseStreamDisposalShouldNotThrowUnhandledException,5,non-flaky,5,0.9501,5,0.8697,True,True,False,True,226,220
113797,salesforce_reactive-grpc,ServerErrorIntegrationTest.oneToOne,5,non-flaky,5,0.9529,5,0.9384,True,True,False,False,196,195
136452,kiwiproject_dropwizard-service-utilities,StandardExceptionMappersTest.setRegisterDefaultExceptionMappers,5,non-flaky,5,0.9597,4,0.9311,True,False,True,False,95,87
136453,kiwiproject_dropwizard-service-utilities,StandardExceptionMappersTest.build,5,non-flaky,5,0.9585,4,0.8407,True,False,True,False,76,68
136454,kiwiproject_dropwizard-service-utilities,StandardExceptionMappersTest.setRegisterDefaultExceptionMappers,5,non-flaky,5,0.9597,4,0.9311,True,False,True,False,95,87
136455,kiwiproject_dropwizard-service-utilities,StandardExceptionMappersTest.setRegisterDefaultExceptionMappers,5,non-flaky,5,0.9588,4,0.9031,True,False,True,False,90,82
136456,kiwiproject_dropwizard-service-utilities,StandardExceptionMappersTest.setRegisterDefaultExceptionMappers,5,non-flaky,5,0.9597,4,0.9311,True,False,True,False,95,87
136457,kiwiproject_dropwizard-service-utilities,DropwizardConnectorsTest.build,5,non-flaky,5,0.9587,4,0.7096,True,False,True,False,93,85
136458,kiwiproject_dropwizard-service-utilities,DropwizardConnectorsTest.build,5,non-flaky,5,0.9587,4,0.7096,True,False,True,False,93,85
136459,kiwiproject_dropwizard-service-utilities,MonitoredJobTest.handle,5,non-flaky,5,0.9577,1,0.5717,True,False,True,False,88,80
136460,kiwiproject_dropwizard-service-utilities,MonitoredJobTest.handle,5,non-flaky,5,0.959,4,0.8174,True,False,True,False,87,79
137071,spring-projects_spring-framework,PropertiesMarshallerTests.readWrite,5,non-flaky,5,0.9586,5,0.897,True,True,False,True,220,213
137072,spring-projects_spring-framework,PropertiesMarshallerTests.metadataIsWrittenDeterministically,5,non-flaky,5,0.9589,5,0.9063,True,True,False,True,200,199
137073,spring-projects_spring-framework,BridgeMethodResolverTests.someMethod,5,non-flaky,5,0.9589,5,0.9557,True,True,False,False,33,31
137074,spring-projects_spring-framework,ResolvableTypeTests.getResolvableType,5,non-flaky,5,0.9585,5,0.9459,True,True,False,False,74,72
137075,spring-projects_spring-framework,AbstractAnnotationMetadataTests.verifyEquals,5,non-flaky,5,0.9598,5,0.8889,True,True,False,True,324,291
137076,spring-projects_spring-framework,AbstractAnnotationMetadataTests.verifyHashCode,5,non-flaky,5,0.961,5,0.9391,True,True,False,True,161,146
137077,spring-projects_spring-framework,AbstractAnnotationMetadataTests.verifyToString,5,non-flaky,5,0.958,5,0.9316,True,True,False,False,50,48
137078,spring-projects_spring-framework,AbstractAnnotationMetadataTests.getClassNameReturnsClassName,5,non-flaky,5,0.9582,5,0.9151,True,True,False,False,52,50
137079,spring-projects_spring-framework,AbstractAnnotationMetadataTests.isInterfaceWhenInterfaceReturnsTrue,5,non-flaky,5,0.9574,5,0.8794,True,True,False,False,62,60
137080,spring-projects_spring-framework,AbstractAnnotationMetadataTests.isInterfaceWhenNotInterfaceReturnsFalse,5,non-flaky,5,0.9579,5,0.933,True,True,False,False,42,40
137081,spring-projects_spring-framework,AbstractAnnotationMetadataTests.isAnnotationWhenAnnotationReturnsTrue,5,non-flaky,5,0.9583,5,0.9349,True,True,False,False,45,43
137082,spring-projects_spring-framework,AbstractAnnotationMetadataTests.isAnnotationWhenNotAnnotationReturnsFalse,5,non-flaky,5,0.9578,5,0.9218,True,True,False,False,66,64
137083,spring-projects_spring-framework,AbstractAnnotationMetadataTests.isFinalWhenFinalReturnsTrue,5,non-flaky,5,0.9583,5,0.9349,True,True,False,False,42,40
137084,spring-projects_spring-framework,AbstractAnnotationMetadataTests.isFinalWhenNonFinalReturnsFalse,5,non-flaky,5,0.9585,5,0.9395,True,True,False,False,42,40
137085,spring-projects_spring-framework,AbstractAnnotationMetadataTests.isIndependentWhenIndependentReturnsTrue,5,non-flaky,5,0.9584,5,0.9299,True,True,False,False,66,64
137086,spring-projects_spring-framework,AbstractAnnotationMetadataTests.isIndependentWhenNotIndependentReturnsFalse,5,non-flaky,5,0.9584,5,0.9423,True,True,False,False,46,44
137087,spring-projects_spring-framework,AbstractAnnotationMetadataTests.getEnclosingClassNameWhenHasEnclosingClassReturnsEnclosingClass,5,non-flaky,5,0.9584,5,0.8598,True,True,False,False,76,74
137088,spring-projects_spring-framework,AbstractAnnotationMetadataTests.getEnclosingClassNameWhenHasNoEnclosingClassReturnsNull,5,non-flaky,5,0.9586,5,0.9199,True,True,False,False,59,57
137089,spring-projects_spring-framework,AbstractAnnotationMetadataTests.getSuperClassNameWhenHasSuperClassReturnsName,5,non-flaky,5,0.9576,5,0.7694,True,True,False,False,89,87
137090,spring-projects_spring-framework,AbstractAnnotationMetadataTests.getSuperClassNameWhenHasNoSuperClassReturnsNull,5,non-flaky,5,0.9583,5,0.8799,True,True,False,False,92,90
137091,spring-projects_spring-framework,AbstractAnnotationMetadataTests.getInterfaceNamesWhenHasInterfacesReturnsNames,5,non-flaky,5,0.9577,5,0.797,True,True,False,False,92,90
137092,spring-projects_spring-framework,AbstractAnnotationMetadataTests.getInterfaceNamesWhenHasNoInterfacesReturnsEmptyArray,5,non-flaky,5,0.9583,5,0.9336,True,True,False,False,47,45
137093,spring-projects_spring-framework,AbstractAnnotationMetadataTests.getMemberClassNamesWhenHasMemberClassesReturnsNames,5,non-flaky,5,0.9584,5,0.8713,True,True,False,False,81,79
137094,spring-projects_spring-framework,AbstractAnnotationMetadataTests.getMemberClassNamesWhenHasNoMemberClassesReturnsEmptyArray,5,non-flaky,5,0.9584,5,0.9119,True,True,False,False,50,48
137095,spring-projects_spring-framework,AbstractAnnotationMetadataTests.getAnnotationsReturnsDirectAnnotations,5,non-flaky,5,0.9596,5,0.9587,True,True,False,False,113,112
137096,spring-projects_spring-framework,AbstractAnnotationMetadataTests.isAnnotatedWhenMatchesDirectAnnotationReturnsTrue,5,non-flaky,5,0.9588,5,0.9392,True,True,False,False,61,59
137097,spring-projects_spring-framework,AbstractAnnotationMetadataTests.isAnnotatedWhenMatchesMetaAnnotationReturnsTrue,5,non-flaky,5,0.9588,5,0.9394,True,True,False,False,61,59
137098,spring-projects_spring-framework,AbstractAnnotationMetadataTests.isAnnotatedWhenDoesNotMatchDirectOrMetaAnnotationReturnsFalse,5,non-flaky,5,0.9586,5,0.9117,True,True,False,False,62,60
137099,spring-projects_spring-framework,AbstractAnnotationMetadataTests.getAnnotationAttributesReturnsAttributes,5,non-flaky,5,0.9588,5,0.9448,True,True,False,False,73,71
137100,spring-projects_spring-framework,AbstractAnnotationMetadataTests.getAllAnnotationAttributesReturnsAllAttributes,5,non-flaky,5,0.9573,5,0.867,True,True,False,True,138,136
137101,spring-projects_spring-framework,AbstractAnnotationMetadataTests.getAnnotationTypesReturnsDirectAnnotations,5,non-flaky,5,0.9596,5,0.9466,True,True,False,True,87,86
137102,spring-projects_spring-framework,AbstractAnnotationMetadataTests.getMetaAnnotationTypesReturnsMetaAnnotations,5,non-flaky,5,0.9595,5,0.9378,True,True,False,True,99,97
137103,spring-projects_spring-framework,AbstractAnnotationMetadataTests.hasAnnotationWhenMatchesDirectAnnotationReturnsTrue,5,non-flaky,5,0.9587,5,0.9396,True,True,False,False,59,57
137104,spring-projects_spring-framework,AbstractAnnotationMetadataTests.hasAnnotationWhenMatchesMetaAnnotationReturnsFalse,5,non-flaky,5,0.9592,5,0.9313,True,True,False,False,92,90
137105,spring-projects_spring-framework,AbstractAnnotationMetadataTests.hasAnnotationWhenDoesNotMatchDirectOrMetaAnnotationReturnsFalse,5,non-flaky,5,0.9586,5,0.8985,True,True,False,False,60,58
137106,spring-projects_spring-framework,AbstractAnnotationMetadataTests.hasMetaAnnotationWhenMatchesDirectReturnsFalse,5,non-flaky,5,0.9588,5,0.9417,True,True,False,False,59,57
137107,spring-projects_spring-framework,AbstractAnnotationMetadataTests.hasMetaAnnotationWhenMatchesMetaAnnotationReturnsTrue,5,non-flaky,5,0.9593,5,0.9277,True,True,False,False,95,93
137108,spring-projects_spring-framework,AbstractAnnotationMetadataTests.hasMetaAnnotationWhenDoesNotMatchDirectOrMetaAnnotationReturnsFalse,5,non-flaky,5,0.9584,5,0.9064,True,True,False,False,62,60
137109,spring-projects_spring-framework,AbstractAnnotationMetadataTests.hasAnnotatedMethodsWhenMatchesDirectAnnotationReturnsTrue,5,non-flaky,5,0.9588,5,0.9431,True,True,False,False,64,62
137110,spring-projects_spring-framework,AbstractAnnotationMetadataTests.hasAnnotatedMethodsWhenMatchesMetaAnnotationReturnsTrue,5,non-flaky,5,0.9588,5,0.9431,True,True,False,False,65,63
137111,spring-projects_spring-framework,AbstractAnnotationMetadataTests.hasAnnotatedMethodsWhenDoesNotMatchAnyAnnotationReturnsFalse,5,non-flaky,5,0.9596,5,0.9448,True,True,False,False,102,100
137112,spring-projects_spring-framework,AbstractAnnotationMetadataTests.getAnnotatedMethodsReturnsMatchingAnnotatedAndMetaAnnotatedMethods,5,non-flaky,5,0.9599,5,0.9593,True,True,False,False,102,101
137113,spring-projects_spring-framework,AnnotationMetadataTests.doSleep,5,non-flaky,5,0.9556,5,0.3867,True,True,False,False,40,37
137114,spring-projects_spring-framework,AbstractMethodMetadataTests.verifyEquals,5,non-flaky,5,0.9599,5,0.9065,True,True,False,True,370,311
137115,spring-projects_spring-framework,AbstractMethodMetadataTests.verifyHashCode,5,non-flaky,5,0.9603,5,0.9309,True,True,False,True,186,162
137116,spring-projects_spring-framework,AbstractMethodMetadataTests.verifyToString,5,non-flaky,5,0.9586,5,0.9172,True,True,False,False,171,169
137117,spring-projects_spring-framework,AbstractMethodMetadataTests.getMethodNameReturnsMethodName,5,non-flaky,5,0.9589,5,0.9448,True,True,False,False,48,46
137118,spring-projects_spring-framework,AbstractMethodMetadataTests.getDeclaringClassReturnsDeclaringClass,5,non-flaky,5,0.9596,5,0.9418,True,True,False,False,63,61
137119,spring-projects_spring-framework,AbstractMethodMetadataTests.getReturnTypeReturnsReturnType,5,non-flaky,5,0.9592,5,0.9453,True,True,False,False,59,57
137120,spring-projects_spring-framework,AbstractMethodMetadataTests.isAbstractWhenAbstractReturnsTrue,5,non-flaky,5,0.9587,5,0.949,True,True,False,False,44,42
137121,spring-projects_spring-framework,AbstractMethodMetadataTests.isAbstractWhenNotAbstractReturnsFalse,5,non-flaky,5,0.9589,5,0.9508,True,True,False,False,44,42
137122,spring-projects_spring-framework,AbstractMethodMetadataTests.isStatusWhenStaticReturnsTrue,5,non-flaky,5,0.9588,5,0.9483,True,True,False,False,44,42
137123,spring-projects_spring-framework,AbstractMethodMetadataTests.isStaticWhenNotStaticReturnsFalse,5,non-flaky,5,0.9589,5,0.9498,True,True,False,False,44,42
137124,spring-projects_spring-framework,AbstractMethodMetadataTests.isFinalWhenFinalReturnsTrue,5,non-flaky,5,0.9589,5,0.9474,True,True,False,False,44,42
137125,spring-projects_spring-framework,AbstractMethodMetadataTests.isFinalWhenNonFinalReturnsFalse,5,non-flaky,5,0.9591,5,0.9506,True,True,False,False,44,42
137126,spring-projects_spring-framework,AbstractMethodMetadataTests.isOverridableWhenOverridableReturnsTrue,5,non-flaky,5,0.9589,5,0.9512,True,True,False,False,49,47
137127,spring-projects_spring-framework,AbstractMethodMetadataTests.isOverridableWhenNonOverridableReturnsFalse,5,non-flaky,5,0.9596,5,0.9478,True,True,False,False,101,99
137128,spring-projects_spring-framework,AbstractMethodMetadataTests.getAnnotationsReturnsDirectAnnotations,5,non-flaky,5,0.9604,5,0.9601,True,True,False,False,133,132
137129,spring-projects_spring-framework,AbstractMethodMetadataTests.isAnnotatedWhenMatchesDirectAnnotationReturnsTrue,5,non-flaky,5,0.959,5,0.9389,True,True,False,False,67,65
137130,spring-projects_spring-framework,AbstractMethodMetadataTests.isAnnotatedWhenMatchesMetaAnnotationReturnsTrue,5,non-flaky,5,0.9591,5,0.9425,True,True,False,False,67,65
137131,spring-projects_spring-framework,AbstractMethodMetadataTests.isAnnotatedWhenDoesNotMatchDirectOrMetaAnnotationReturnsFalse,5,non-flaky,5,0.9591,5,0.9373,True,True,False,False,68,66
137132,spring-projects_spring-framework,AbstractMethodMetadataTests.getAnnotationAttributesReturnsAttributes,5,non-flaky,5,0.9589,5,0.9415,True,True,False,False,82,80
137133,spring-projects_spring-framework,AbstractMethodMetadataTests.getAllAnnotationAttributesReturnsAllAttributes,5,non-flaky,5,0.9587,5,0.8741,True,True,False,True,147,142
137134,spring-projects_spring-framework,AbstractMethodMetadataTests.metadataLoadsForNestedAnnotations,5,non-flaky,5,0.9589,5,0.9531,True,True,False,True,80,74
137135,spring-projects_spring-framework,MergedAnnotationMetadataVisitorTests.visitAnnotation,5,non-flaky,5,0.9587,5,0.9137,True,True,False,False,95,93
137136,spring-projects_spring-framework,AnnotationMetadataReadingVisitorTests.verifyEquals,5,non-flaky,5,0.9585,5,0.9556,True,True,False,False,20,18
137137,spring-projects_spring-framework,AnnotationMetadataReadingVisitorTests.verifyHashCode,5,non-flaky,5,0.9584,5,0.9549,True,True,False,False,20,18
137138,spring-projects_spring-framework,AnnotationMetadataReadingVisitorTests.verifyToString,5,non-flaky,5,0.9587,5,0.9525,True,True,False,False,18,16
137139,spring-projects_spring-framework,AnnotationMetadataReadingVisitorTests.getAnnotationsReturnsDirectAnnotations,5,non-flaky,5,0.9586,5,0.9567,True,True,False,False,58,57
137140,spring-projects_spring-framework,MethodMetadataReadingVisitorTests.verifyEquals,5,non-flaky,5,0.9585,5,0.9556,True,True,False,False,20,18
137141,spring-projects_spring-framework,MethodMetadataReadingVisitorTests.verifyHashCode,5,non-flaky,5,0.9584,5,0.9549,True,True,False,False,20,18
137142,spring-projects_spring-framework,MethodMetadataReadingVisitorTests.verifyToString,5,non-flaky,5,0.9587,5,0.9525,True,True,False,False,18,16
137143,spring-projects_spring-framework,MethodMetadataReadingVisitorTests.getAnnotationsReturnsDirectAnnotations,5,non-flaky,5,0.9585,5,0.9567,True,True,False,False,58,57
137144,spring-projects_spring-framework,CachingMetadataReaderLeakTests.equals,5,non-flaky,5,0.9583,5,0.9477,True,True,False,False,37,35
137145,spring-projects_spring-framework,ReactiveAdapterRegistryTests.subscribe,5,non-flaky,5,0.9583,5,0.9507,True,True,False,True,39,38
137146,spring-projects_spring-framework,OrderComparatorTests.getOrder,5,non-flaky,5,0.9578,5,0.9544,True,True,False,False,28,26
137147,spring-projects_spring-framework,ToStringCreatorTests.toString,5,non-flaky,5,0.9578,5,0.9508,True,True,False,False,31,29
137148,spring-projects_spring-framework,ToStringCreatorTests.toString,5,non-flaky,5,0.9583,5,0.9471,True,True,False,False,46,44
137149,spring-projects_spring-framework,MultipleComposedAnnotationsOnSingleAnnotatedElementTests.getFor,5,non-flaky,5,0.9585,5,0.9544,True,True,False,False,34,32
137150,spring-projects_spring-framework,AnnotatedElementUtilsTests.handleParameterized,5,non-flaky,5,0.9574,5,0.9539,True,True,False,True,34,33
137151,spring-projects_spring-framework,AnnotatedElementUtilsTests.doIt,5,non-flaky,5,0.9574,5,0.9483,True,True,False,False,40,38
137152,spring-projects_spring-framework,OrderSourceProviderTests.getOrder,5,non-flaky,5,0.9578,5,0.9546,True,True,False,False,26,24
137153,spring-projects_spring-framework,MergedAnnotationsTests.handleParameterized,5,non-flaky,5,0.9576,5,0.9537,True,True,False,True,34,32
137154,spring-projects_spring-framework,MergedAnnotationsTests.doIt,5,non-flaky,5,0.9577,5,0.9511,True,True,False,False,33,31
137155,spring-projects_spring-framework,AnnotationUtilsTests.annotatedOnRoot,5,non-flaky,5,0.9581,5,0.9547,True,True,False,False,27,25
137156,spring-projects_spring-framework,AnnotationsScannerTests.doWithAggregate,5,non-flaky,5,0.9576,5,0.9442,True,True,False,False,44,42
137157,spring-projects_spring-framework,AnnotationsScannerTests.doWithAnnotations,5,non-flaky,5,0.958,5,0.9406,True,True,False,False,61,59
137158,spring-projects_spring-framework,AnnotationsScannerTests.method,5,non-flaky,5,0.9576,5,0.946,True,True,False,False,22,19
137159,spring-projects_spring-framework,AnnotationsScannerTests.method,5,non-flaky,5,0.9575,5,0.9463,True,True,False,False,22,19
137160,spring-projects_spring-framework,AnnotationsScannerTests.method,5,non-flaky,5,0.9578,5,0.9419,True,True,False,False,25,22
137161,spring-projects_spring-framework,AnnotationsScannerTests.method,5,non-flaky,5,0.9576,5,0.946,True,True,False,False,22,19
137162,spring-projects_spring-framework,AnnotationsScannerTests.method,5,non-flaky,5,0.9576,5,0.946,True,True,False,False,22,19
137163,spring-projects_spring-framework,AnnotationsScannerTests.method,5,non-flaky,5,0.9576,5,0.946,True,True,False,False,22,19
137164,spring-projects_spring-framework,AnnotationsScannerTests.method,5,non-flaky,5,0.9576,5,0.946,True,True,False,False,22,19
137165,spring-projects_spring-framework,AnnotationsScannerTests.method,5,non-flaky,5,0.9578,5,0.9419,True,True,False,False,25,22
137166,spring-projects_spring-framework,AnnotationsScannerTests.method,5,non-flaky,5,0.9576,5,0.9476,True,True,False,False,22,19
137167,spring-projects_spring-framework,AnnotationsScannerTests.method,5,non-flaky,5,0.9579,5,0.9485,True,True,False,False,25,22
137168,spring-projects_spring-framework,AnnotationsScannerTests.method,5,non-flaky,5,0.9576,5,0.946,True,True,False,False,22,19
137169,spring-projects_spring-framework,AnnotationsScannerTests.method,5,non-flaky,5,0.9576,5,0.946,True,True,False,False,22,19
137170,spring-projects_spring-framework,AnnotationsScannerTests.method,5,non-flaky,5,0.9579,5,0.95,True,True,False,False,25,22
148803,microsoft_botbuilder-java,HeroCardTest.testToAttachment,5,non-flaky,5,0.9606,5,0.9577,True,True,False,True,94,91
148804,microsoft_botbuilder-java,AudioCardTest.testToAttachment,5,non-flaky,5,0.9606,5,0.9573,True,True,False,True,94,90
148805,microsoft_botbuilder-java,ActivityTest.GetConversationReference,5,non-flaky,5,0.9615,5,0.9497,True,True,False,True,337,322
148806,microsoft_botbuilder-java,ActivityTest.GetReplyConversationReference,5,non-flaky,5,0.9608,5,0.9316,True,True,False,True,309,311
148807,microsoft_botbuilder-java,ActivityTest.ApplyConversationReference_isIncoming,5,non-flaky,5,0.9612,5,0.959,True,True,False,True,512,512
148808,microsoft_botbuilder-java,ActivityTest.ApplyConversationReference,5,non-flaky,5,0.9612,5,0.9589,True,True,False,True,512,512
148809,microsoft_botbuilder-java,ActivityTest.ApplyConversationReferenceOverload,5,non-flaky,5,0.9612,5,0.9587,True,True,False,True,512,512
148810,microsoft_botbuilder-java,ActivityTest.ApplyConversationReferenceOverloadAlternatePaths,5,non-flaky,5,0.9607,5,0.9546,True,True,False,True,512,512
148811,microsoft_botbuilder-java,ActivityTest.CreateTraceAllowsNullRecipient,5,non-flaky,5,0.9596,5,0.9429,True,True,False,True,99,95
148812,microsoft_botbuilder-java,ActivityTest.DeserializeActivity,5,non-flaky,5,0.9615,5,0.9532,True,True,False,True,187,177
148813,microsoft_botbuilder-java,ActivityTest.DeserializeActivityWithDifferentTimeZone,5,non-flaky,5,0.961,5,0.9452,True,True,False,True,195,185
148814,microsoft_botbuilder-java,ActivityTest.GetInformationForMicrosoftTeams,5,non-flaky,5,0.9546,5,0.9378,True,True,False,True,512,512
148815,microsoft_botbuilder-java,ActivityTest.GetTeamsChannelIdBadChannelData,5,non-flaky,5,0.9601,5,0.9538,True,True,False,True,98,93
148816,microsoft_botbuilder-java,ActivityTest.GetTeamsTeamIdBadChannelData,5,non-flaky,5,0.9602,5,0.9518,True,True,False,True,98,92
148817,microsoft_botbuilder-java,ActivityTest.GetTeamsTeamIdNullChannelData,5,non-flaky,5,0.9601,5,0.9546,True,True,False,True,80,76
148818,microsoft_botbuilder-java,ActivityTest.GetTeamsGetInfo,5,non-flaky,5,0.9611,5,0.9542,True,True,False,True,165,159
148819,microsoft_botbuilder-java,ActivityTest.GetTeamsGetInfoBadChannelData,5,non-flaky,5,0.9597,5,0.9481,True,True,False,True,99,93
148820,microsoft_botbuilder-java,ActivityTest.TeamsNotifyUser,5,non-flaky,5,0.9613,5,0.9563,True,True,False,True,212,202
148821,microsoft_botbuilder-java,ActivityTest.TeamsNotifyUserBadChannelData,5,non-flaky,5,0.961,5,0.9577,True,True,False,True,151,149
148822,microsoft_botbuilder-java,ActivityTest.TeamsNotifyUserAlertInMeeting,5,non-flaky,5,0.9616,5,0.9515,True,True,False,True,320,310
148823,microsoft_botbuilder-java,ActivityTest.TeamsNotifyUserAlertInMeetingBadChannelData,5,non-flaky,5,0.9608,5,0.9512,True,True,False,True,242,238
148824,microsoft_botbuilder-java,ActivityTest.TeamsGetMeetingInfoNull,5,non-flaky,5,0.9607,5,0.9574,True,True,False,True,170,163
148825,microsoft_botbuilder-java,ActivityTest.TeamsGetMeetingInfo,5,non-flaky,5,0.9591,5,0.9244,True,True,False,True,210,203
148826,microsoft_botbuilder-java,ActivityTest.TeamsGetMeetingInfoBadChannelData,5,non-flaky,5,0.9599,5,0.9555,True,True,False,True,112,105
148827,microsoft_botbuilder-java,ActivityTest.CreateMessageActivity,5,non-flaky,5,0.9603,5,0.9539,True,True,False,True,69,65
148828,microsoft_botbuilder-java,ActivityTest.CreateContactRelationUpdateActivity,5,non-flaky,5,0.9602,5,0.9538,True,True,False,True,78,75
148829,microsoft_botbuilder-java,ActivityTest.CreateConversationUpdateActivity,5,non-flaky,5,0.9604,5,0.9543,True,True,False,True,76,73
148830,microsoft_botbuilder-java,ActivityTest.CreateTypingActivity,5,non-flaky,5,0.9603,5,0.9544,True,True,False,True,70,66
148831,microsoft_botbuilder-java,ActivityTest.CreateHandoffActivity,5,non-flaky,5,0.9603,5,0.9554,True,True,False,True,70,67
148832,microsoft_botbuilder-java,ActivityTest.CreateEndOfConversationActivity,5,non-flaky,5,0.9604,5,0.9543,True,True,False,True,80,77
148833,microsoft_botbuilder-java,ActivityTest.CreateEventActivity,5,non-flaky,5,0.9604,5,0.954,True,True,False,True,67,64
148834,microsoft_botbuilder-java,ActivityTest.CreateInvokeActivity,5,non-flaky,5,0.9604,5,0.9553,True,True,False,True,70,67
148835,microsoft_botbuilder-java,ActivityTest.CreateTraceActivity,5,non-flaky,5,0.9599,5,0.9118,True,True,False,True,405,402
148836,microsoft_botbuilder-java,ActivityTest.CreateTraceActivityWithoutValueType,5,non-flaky,5,0.9602,5,0.944,True,True,False,True,180,177
148837,microsoft_botbuilder-java,ActivityTest.CreateReply,5,non-flaky,5,0.9619,5,0.9551,True,True,False,True,381,380
148838,microsoft_botbuilder-java,ActivityTest.CreateReplyWithoutArguments,5,non-flaky,5,0.9612,5,0.9489,True,True,False,True,133,129
148839,microsoft_botbuilder-java,ActivityTest.HasContentIsFalseWhenActivityTextHasNoContent,5,non-flaky,5,0.9606,5,0.9531,True,True,False,True,80,76
148840,microsoft_botbuilder-java,ActivityTest.HasContentIsTrueWhenActivityTextHasContent,5,non-flaky,5,0.9605,5,0.9375,True,True,False,True,96,95
148841,microsoft_botbuilder-java,ActivityTest.HasContentIsTrueWhenActivitySummaryContent,5,non-flaky,5,0.9606,5,0.9451,True,True,False,True,110,110
148842,microsoft_botbuilder-java,ActivityTest.HasContentIsTrueWhenActivityAttachmentsHaveContent,5,non-flaky,5,0.9612,5,0.9033,True,True,False,True,165,161
148843,microsoft_botbuilder-java,ActivityTest.HasContentIsTrueWhenActivityChannelDataHasContent,5,non-flaky,5,0.9609,5,0.9558,True,True,False,True,129,126
148844,microsoft_botbuilder-java,ActivityTest.GetMentions,5,non-flaky,5,0.9597,5,0.9059,True,True,False,True,250,239
148845,microsoft_botbuilder-java,ActivityTest.GetMentionsNull,5,non-flaky,5,0.9596,5,0.9469,True,True,False,True,80,76
148846,microsoft_botbuilder-java,ActivityTest.CreateTraceForConversationUpdateActivity,5,non-flaky,5,0.9601,5,0.944,True,True,False,True,106,105
148847,microsoft_botbuilder-java,ActivityTest.CreateReplyForConversationUpdateActivity,5,non-flaky,5,0.96,5,0.9534,True,True,False,True,104,100
148848,microsoft_botbuilder-java,ActivityTest.CreateTrace,5,non-flaky,5,0.9586,5,0.897,True,True,False,True,500,498
148849,microsoft_botbuilder-java,ActivityTest.IsFromStreamingConnection,5,non-flaky,5,0.9617,5,0.9542,True,True,False,True,481,465
148850,microsoft_botbuilder-java,ActivityTest.ActivityCloneTest,5,non-flaky,5,0.9563,5,0.939,True,True,False,True,512,512
148851,microsoft_botbuilder-java,ActivityTest.EnsureCloneAddsIdIfMissing,5,non-flaky,5,0.9603,5,0.9559,True,True,False,True,117,111
148852,microsoft_botbuilder-java,ActivityTest.TryGetChannelData,5,non-flaky,5,0.9611,5,0.9551,True,True,False,True,213,207
148853,microsoft_botbuilder-java,ActivityTest.TryGetChannelDataBadChannelData,5,non-flaky,5,0.9607,5,0.9557,True,True,False,True,153,148
148854,microsoft_botbuilder-java,ActivityTest.RemoveRecipientMention,5,non-flaky,5,0.9589,5,0.9071,True,True,False,True,282,274
148855,microsoft_botbuilder-java,ActivityTest.RemoveRecipientMentionImmutable,5,non-flaky,5,0.9586,5,0.9073,True,True,False,True,288,280
148856,microsoft_botbuilder-java,ActivityTest.RemoveRecipientMentionNoRecipient,5,non-flaky,5,0.959,5,0.9045,True,True,False,True,310,303
148857,microsoft_botbuilder-java,ActivityTest.RemoveRecipientMentionImmutableNoRecipient,5,non-flaky,5,0.9591,5,0.8986,True,True,False,True,316,308
148858,microsoft_botbuilder-java,ActivityTest.RemoveRecipientMentionText,5,non-flaky,5,0.9582,5,0.8855,True,True,False,True,304,296
148859,microsoft_botbuilder-java,ActivityTest.RemoveRecipientMentionTextNoId,5,non-flaky,5,0.9591,5,0.8993,True,True,False,True,315,307
148860,microsoft_botbuilder-java,ActivityTest.RemoveRecipientMentionTextNoText,5,non-flaky,5,0.9581,5,0.8965,True,True,False,True,294,286
148861,microsoft_botbuilder-java,ActivityTest.isActivity,5,non-flaky,5,0.9594,5,0.9492,True,True,False,False,106,102
148862,microsoft_botbuilder-java,ActivityTest.isActivity,5,non-flaky,5,0.9604,5,0.9465,True,True,False,False,108,104
148863,microsoft_botbuilder-java,ActivityTest.isActivity,5,non-flaky,5,0.9605,5,0.9455,True,True,False,False,109,105
148864,microsoft_botbuilder-java,ActivityTest.isActivity,5,non-flaky,5,0.9606,5,0.948,True,True,False,False,111,107
148865,microsoft_botbuilder-java,ActivityTest.isActivity,5,non-flaky,5,0.9605,5,0.9455,True,True,False,False,108,104
148866,microsoft_botbuilder-java,ActivityTest.isActivity,5,non-flaky,5,0.9605,5,0.9477,True,True,False,False,110,106
148867,microsoft_botbuilder-java,MediaCardTest.TestPropertySetterGetter,5,non-flaky,5,0.9588,5,0.9484,True,True,False,False,512,512
148868,microsoft_botbuilder-java,ReceiptCardTest.testToAttachment,5,non-flaky,5,0.9606,5,0.9569,True,True,False,True,96,91
148869,microsoft_botbuilder-java,SigninCardTest.testToAttachment,5,non-flaky,5,0.9607,5,0.9556,True,True,False,True,95,92
148870,microsoft_botbuilder-java,MessageActionsPayloadTest.TestMessageActionPayloadConstructor,5,non-flaky,5,0.9602,5,0.9524,True,True,False,True,74,63
148871,microsoft_botbuilder-java,MessageActionsPayloadTest.TestGetId,5,non-flaky,5,0.9608,5,0.9444,True,True,False,True,122,120
148872,microsoft_botbuilder-java,MessageActionsPayloadTest.TestGetReplyToId,5,non-flaky,5,0.9611,5,0.9429,True,True,False,True,136,127
148873,microsoft_botbuilder-java,MessageActionsPayloadTest.TestGetMessageType,5,non-flaky,5,0.961,5,0.9489,True,True,False,True,129,123
148874,microsoft_botbuilder-java,MessageActionsPayloadTest.TestGetCreatedDateTime,5,non-flaky,5,0.9602,5,0.9237,True,True,False,True,137,129
148875,microsoft_botbuilder-java,MessageActionsPayloadTest.TestGetLastModifiedDateTime,5,non-flaky,5,0.9602,5,0.9146,True,True,False,True,149,134
148876,microsoft_botbuilder-java,MessageActionsPayloadTest.TestGetDeleted,5,non-flaky,5,0.961,5,0.9504,True,True,False,True,124,120
148877,microsoft_botbuilder-java,MessageActionsPayloadTest.TestGetSubject,5,non-flaky,5,0.9608,5,0.9451,True,True,False,True,122,119
148878,microsoft_botbuilder-java,MessageActionsPayloadTest.TestGetSummary,5,non-flaky,5,0.9604,5,0.9361,True,True,False,True,122,119
148879,microsoft_botbuilder-java,MessageActionsPayloadTest.TestGetImportance,5,non-flaky,5,0.9609,5,0.9545,True,True,False,True,125,121
148880,microsoft_botbuilder-java,MessageActionsPayloadTest.TestGetLinkToMessage,5,non-flaky,5,0.9611,5,0.9532,True,True,False,True,148,139
148881,microsoft_botbuilder-java,MessageActionsPayloadTest.TestGetLocale,5,non-flaky,5,0.9614,5,0.954,True,True,False,True,125,121
148882,microsoft_botbuilder-java,MessageActionsPayloadTest.TestGetFrom,5,non-flaky,5,0.9606,5,0.9542,True,True,False,True,136,133
148883,microsoft_botbuilder-java,MessageActionsPayloadTest.TestGetBody,5,non-flaky,5,0.9607,5,0.951,True,True,False,True,136,133
148884,microsoft_botbuilder-java,MessageActionsPayloadTest.TestGetAttachmentLayout,5,non-flaky,5,0.9611,5,0.9545,True,True,False,True,134,127
148885,microsoft_botbuilder-java,MessageActionsPayloadTest.TestGetAttachments,5,non-flaky,5,0.9602,5,0.9047,True,True,False,True,153,149
148886,microsoft_botbuilder-java,MessageActionsPayloadTest.TestGetMentions,5,non-flaky,5,0.9601,5,0.9299,True,True,False,True,156,152
148887,microsoft_botbuilder-java,MessageActionsPayloadTest.TestGetReactions,5,non-flaky,5,0.9606,5,0.9323,True,True,False,True,153,149
148888,microsoft_botbuilder-java,OAuthCardTest.testToAttachment,5,non-flaky,5,0.9607,5,0.9576,True,True,False,True,95,91
148889,microsoft_botbuilder-java,EntitySchemaValidationTest.EntityTests_GeoCoordinatesSerializationDeserializationTest,5,non-flaky,5,0.9572,5,0.9136,True,True,False,True,370,337
148890,microsoft_botbuilder-java,EntitySchemaValidationTest.EntityTests_MentionSerializationDeserializationTest,5,non-flaky,5,0.9578,5,0.8824,True,True,False,True,320,292
148891,microsoft_botbuilder-java,EntitySchemaValidationTest.EntityTests_PlaceSerializationDeserializationTest,5,non-flaky,5,0.9612,5,0.9471,True,True,False,True,196,179
148892,microsoft_botbuilder-java,ThumbnailCardTest.testToAttachment,5,non-flaky,5,0.9607,5,0.9571,True,True,False,True,95,92
148893,microsoft_botbuilder-java,AnimationCardTest.testToAttachment,5,non-flaky,5,0.9606,5,0.957,True,True,False,True,95,92
148894,microsoft_botbuilder-java,CardActionTest.TestImplicitConversation,5,non-flaky,5,0.9583,5,0.8655,True,True,False,True,272,268
148895,microsoft_botbuilder-java,CardActionTest.TestClone,5,non-flaky,5,0.9609,5,0.9116,True,True,False,True,436,423
148896,microsoft_botbuilder-java,CardActionTest.TestCloneNull,5,non-flaky,5,0.9605,5,0.9528,True,True,False,True,64,57
148897,microsoft_botbuilder-java,CardActionTest.TestConstructorTwoParams,5,non-flaky,5,0.9601,5,0.9482,True,True,False,True,105,100
148898,microsoft_botbuilder-java,CardActionTest.TestConstructorThreeParams,5,non-flaky,5,0.9582,5,0.9261,True,True,False,True,132,125
148899,microsoft_botbuilder-java,SerializationTest.testGetAs,5,non-flaky,5,0.9597,5,0.9053,True,True,False,True,180,175
148900,microsoft_botbuilder-java,SerializationTest.testGetAsNull,5,non-flaky,5,0.9603,5,0.9511,True,True,False,True,66,61
148901,microsoft_botbuilder-java,SerializationTest.testClone,5,non-flaky,5,0.961,5,0.9536,True,True,False,True,156,151
148902,microsoft_botbuilder-java,SerializationTest.testCloneNull,5,non-flaky,5,0.9605,5,0.9468,True,True,False,True,66,61
156375,apache_commons-lang,ClassPathUtilsTest.testConstructor,5,non-flaky,5,0.9616,5,0.9538,True,True,False,True,173,170
156376,apache_commons-lang,ClassPathUtilsTest.testToFullyQualifiedNameNullClassString,5,non-flaky,5,0.96,5,0.9277,True,True,False,False,91,87
156377,apache_commons-lang,ClassPathUtilsTest.testToFullyQualifiedNameClassNull,5,non-flaky,5,0.9599,5,0.9396,True,True,False,False,72,68
156378,apache_commons-lang,ClassPathUtilsTest.testToFullyQualifiedNameClassString,5,non-flaky,5,0.9606,5,0.9377,True,True,False,True,109,106
156379,apache_commons-lang,ClassPathUtilsTest.testToFullyQualifiedNameNullPackageString,5,non-flaky,5,0.9599,5,0.9278,True,True,False,False,90,86
156380,apache_commons-lang,ClassPathUtilsTest.testToFullyQualifiedNamePackageNull,5,non-flaky,5,0.9599,5,0.9407,True,True,False,False,91,87
156381,apache_commons-lang,ClassPathUtilsTest.testToFullyQualifiedNamePackageString,5,non-flaky,5,0.9604,5,0.9362,True,True,False,True,112,109
156382,apache_commons-lang,ClassPathUtilsTest.testToFullyQualifiedPathClassNullString,5,non-flaky,5,0.96,5,0.9256,True,True,False,False,91,87
156383,apache_commons-lang,ClassPathUtilsTest.testToFullyQualifiedPathClassNull,5,non-flaky,5,0.9598,5,0.9389,True,True,False,False,72,68
156384,apache_commons-lang,ClassPathUtilsTest.testToFullyQualifiedPathClass,5,non-flaky,5,0.9604,5,0.9422,True,True,False,True,108,104
156385,apache_commons-lang,ClassPathUtilsTest.testToFullyQualifiedPathPackageNullString,5,non-flaky,5,0.9599,5,0.9256,True,True,False,False,90,86
156386,apache_commons-lang,ClassPathUtilsTest.testToFullyQualifiedPathPackageNull,5,non-flaky,5,0.9599,5,0.94,True,True,False,False,91,87
156387,apache_commons-lang,ClassPathUtilsTest.testToFullyQualifiedPathPackage,5,non-flaky,5,0.9603,5,0.9355,True,True,False,True,111,108
156388,apache_commons-lang,StringUtilsEmptyBlankTest.testIsEmpty,5,non-flaky,5,0.9609,5,0.9412,True,True,False,False,128,124
156389,apache_commons-lang,StringUtilsEmptyBlankTest.testIsNotEmpty,5,non-flaky,5,0.9611,5,0.9293,True,True,False,False,134,130
156390,apache_commons-lang,StringUtilsEmptyBlankTest.testIsAnyEmpty,5,non-flaky,5,0.9593,5,0.8816,True,True,False,False,220,216
156391,apache_commons-lang,StringUtilsEmptyBlankTest.testIsNoneEmpty,5,non-flaky,5,0.9596,5,0.888,True,True,False,False,220,216
156392,apache_commons-lang,StringUtilsEmptyBlankTest.testIsAllEmpty,5,non-flaky,5,0.959,5,0.8716,True,True,False,False,286,282
156393,apache_commons-lang,StringUtilsEmptyBlankTest.testIsBlank,5,non-flaky,5,0.9612,5,0.9396,True,True,False,False,143,139
156394,apache_commons-lang,StringUtilsEmptyBlankTest.testIsNotBlank,5,non-flaky,5,0.9614,5,0.9391,True,True,False,False,149,145
156395,apache_commons-lang,StringUtilsEmptyBlankTest.testIsAnyBlank,5,non-flaky,5,0.959,5,0.8845,True,True,False,False,253,249
156396,apache_commons-lang,StringUtilsEmptyBlankTest.testIsNoneBlank,5,non-flaky,5,0.9594,5,0.8911,True,True,False,False,253,249
156397,apache_commons-lang,StringUtilsEmptyBlankTest.testIsAllBlank,5,non-flaky,5,0.9593,5,0.8946,True,True,False,False,278,274
156398,apache_commons-lang,StringUtilsEmptyBlankTest.testFirstNonBlank,5,non-flaky,5,0.9601,5,0.9026,True,True,False,False,271,267
156399,apache_commons-lang,StringUtilsEmptyBlankTest.testFirstNonEmpty,5,non-flaky,5,0.9594,5,0.8855,True,True,False,False,263,259
156400,apache_commons-lang,FastDateFormatTest.test_getInstance,5,non-flaky,5,0.96,5,0.9453,True,True,False,True,86,79
156401,apache_commons-lang,FastDateFormatTest.test_getInstance_String,5,non-flaky,5,0.958,5,0.9104,True,True,False,True,224,213
156402,apache_commons-lang,FastDateFormatTest.test_getInstance_String_TimeZone,5,non-flaky,5,0.9532,5,0.8723,True,True,False,True,384,376
156403,apache_commons-lang,FastDateFormatTest.test_getInstance_String_Locale,5,non-flaky,5,0.9602,5,0.9359,True,True,False,True,192,184
156404,apache_commons-lang,FastDateFormatTest.test_changeDefault_Locale_DateInstance,5,non-flaky,5,0.9596,5,0.9252,True,True,False,False,259,255
156405,apache_commons-lang,FastDateFormatTest.test_changeDefault_Locale_DateTimeInstance,5,non-flaky,5,0.9571,5,0.8848,True,True,False,False,284,280
156406,apache_commons-lang,FastDateFormatTest.test_getInstance_String_TimeZone_Locale,5,non-flaky,5,0.9539,5,0.8696,True,True,False,True,374,367
156407,apache_commons-lang,FastDateFormatTest.testCheckDefaults,5,non-flaky,5,0.9587,5,0.9025,True,True,False,True,190,187
156408,apache_commons-lang,FastDateFormatTest.testCheckDifferingStyles,5,non-flaky,5,0.9406,5,0.5748,True,True,False,False,313,309
156409,apache_commons-lang,FastDateFormatTest.testDateDefaults,5,non-flaky,5,0.9533,5,0.616,True,True,False,False,264,260
156410,apache_commons-lang,FastDateFormatTest.testTimeDefaults,5,non-flaky,5,0.9519,2,0.3343,True,False,True,False,264,260
156411,apache_commons-lang,FastDateFormatTest.testTimeDateDefaults,5,non-flaky,5,0.9435,5,0.6023,True,True,False,False,313,309
156412,apache_commons-lang,FastDateFormatTest.format,5,non-flaky,5,0.9592,5,0.9507,True,True,False,False,179,175
156413,apache_commons-lang,FastDateFormatTest.testLANG_954,5,non-flaky,5,0.9601,5,0.9535,True,True,False,True,66,63
156414,apache_commons-lang,FastDateFormatTest.testLANG_1152,5,non-flaky,5,0.9552,5,0.5906,True,True,False,True,199,189
156415,apache_commons-lang,FastDateFormatTest.testLANG_1267,5,non-flaky,5,0.96,5,0.9529,True,True,False,False,61,57
156416,apache_commons-lang,GmtTimeZoneTest.hoursOutOfRange,5,non-flaky,5,0.96,5,0.9513,True,True,False,False,59,55
156417,apache_commons-lang,GmtTimeZoneTest.hoursInRange,5,non-flaky,5,0.9602,5,0.9406,True,True,False,False,60,56
156418,apache_commons-lang,GmtTimeZoneTest.minutesOutOfRange,5,non-flaky,5,0.9601,5,0.9517,True,True,False,False,59,55
156419,apache_commons-lang,GmtTimeZoneTest.minutesInRange,5,non-flaky,5,0.9601,5,0.9441,True,True,False,False,58,54
156420,apache_commons-lang,GmtTimeZoneTest.getOffset,5,non-flaky,5,0.9598,5,0.9532,True,True,False,False,55,51
156421,apache_commons-lang,GmtTimeZoneTest.setRawOffset,5,non-flaky,5,0.9601,5,0.9518,True,True,False,False,63,59
156422,apache_commons-lang,GmtTimeZoneTest.getRawOffset,5,non-flaky,5,0.96,5,0.952,True,True,False,False,54,50
156423,apache_commons-lang,GmtTimeZoneTest.getID,5,non-flaky,5,0.96,5,0.9112,True,True,False,False,188,184
156424,apache_commons-lang,GmtTimeZoneTest.useDaylightTime,5,non-flaky,5,0.9597,5,0.9439,True,True,False,False,53,49
156425,apache_commons-lang,GmtTimeZoneTest.inDaylightTime,5,non-flaky,5,0.9598,5,0.9466,True,True,False,False,53,49
156426,apache_commons-lang,GmtTimeZoneTest.testToString,5,non-flaky,5,0.9604,5,0.9384,True,True,False,False,82,78
156427,apache_commons-lang,GmtTimeZoneTest.testGetOffset,5,non-flaky,5,0.9606,5,0.9489,True,True,False,False,87,83
156428,apache_commons-lang,DateUtilsFragmentTest.setUp,5,non-flaky,5,0.9607,5,0.8896,True,True,False,False,111,107
156429,apache_commons-lang,DateUtilsFragmentTest.testNullDate,5,non-flaky,5,0.9564,5,0.815,True,True,False,False,403,399
156430,apache_commons-lang,DateUtilsFragmentTest.testNullCalendar,5,non-flaky,5,0.9559,5,0.8238,True,True,False,False,409,405
156431,apache_commons-lang,DateUtilsFragmentTest.testInvalidFragmentWithDate,5,non-flaky,5,0.9594,5,0.879,True,True,False,False,216,212
156432,apache_commons-lang,DateUtilsFragmentTest.testInvalidFragmentWithCalendar,5,non-flaky,5,0.958,5,0.8529,True,True,False,False,222,218
156433,apache_commons-lang,DateUtilsFragmentTest.testMillisecondFragmentInLargerUnitWithDate,5,non-flaky,5,0.9503,5,0.6183,True,True,False,False,212,208
156434,apache_commons-lang,DateUtilsFragmentTest.testMillisecondFragmentInLargerUnitWithCalendar,5,non-flaky,5,0.9536,5,0.4344,True,True,False,False,218,214
156435,apache_commons-lang,DateUtilsFragmentTest.testSecondFragmentInLargerUnitWithDate,5,non-flaky,5,0.9594,5,0.8187,True,True,False,False,161,157
156436,apache_commons-lang,DateUtilsFragmentTest.testSecondFragmentInLargerUnitWithCalendar,5,non-flaky,5,0.9594,5,0.7446,True,True,False,False,166,162
156437,apache_commons-lang,DateUtilsFragmentTest.testMinuteFragmentInLargerUnitWithDate,5,non-flaky,5,0.9606,5,0.8905,True,True,False,False,129,125
156438,apache_commons-lang,DateUtilsFragmentTest.testMinuteFragmentInLargerUnitWithCalendar,5,non-flaky,5,0.9606,5,0.8991,True,True,False,False,133,129
156439,apache_commons-lang,DateUtilsFragmentTest.testHourOfDayFragmentInLargerUnitWithDate,5,non-flaky,5,0.9609,5,0.9203,True,True,False,False,105,101
156440,apache_commons-lang,DateUtilsFragmentTest.testHourOfDayFragmentInLargerUnitWithCalendar,5,non-flaky,5,0.9607,5,0.9183,True,True,False,False,108,104
156441,apache_commons-lang,DateUtilsFragmentTest.testDayOfYearFragmentInLargerUnitWithDate,5,non-flaky,5,0.9599,5,0.9509,True,True,False,False,69,65
156442,apache_commons-lang,DateUtilsFragmentTest.testDayOfYearFragmentInLargerUnitWithCalendar,5,non-flaky,5,0.96,5,0.9515,True,True,False,False,71,67
156443,apache_commons-lang,DateUtilsFragmentTest.testDateFragmentInLargerUnitWithDate,5,non-flaky,5,0.9606,5,0.9501,True,True,False,False,63,59
156444,apache_commons-lang,DateUtilsFragmentTest.testDateFragmentInLargerUnitWithCalendar,5,non-flaky,5,0.9603,5,0.9528,True,True,False,False,65,61
156445,apache_commons-lang,DateUtilsFragmentTest.testMillisecondsOfSecondWithDate,5,non-flaky,5,0.9608,5,0.942,True,True,False,True,80,74
156446,apache_commons-lang,DateUtilsFragmentTest.testMillisecondsOfSecondWithCalendar,5,non-flaky,5,0.9603,5,0.9102,True,True,False,True,112,105
156447,apache_commons-lang,DateUtilsFragmentTest.testMillisecondsOfMinuteWithDate,5,non-flaky,5,0.9607,5,0.9303,True,True,False,True,97,91
156448,apache_commons-lang,DateUtilsFragmentTest.testMillisecondsOfMinuteWithCalender,5,non-flaky,5,0.9605,5,0.9151,True,True,False,True,99,93
156449,apache_commons-lang,DateUtilsFragmentTest.testSecondsofMinuteWithDate,5,non-flaky,5,0.9607,5,0.9427,True,True,False,True,78,72
156450,apache_commons-lang,DateUtilsFragmentTest.testSecondsofMinuteWithCalendar,5,non-flaky,5,0.9605,5,0.925,True,True,False,True,107,100
156451,apache_commons-lang,DateUtilsFragmentTest.testMillisecondsOfHourWithDate,5,non-flaky,5,0.9602,5,0.913,True,True,False,True,118,112
156452,apache_commons-lang,DateUtilsFragmentTest.testMillisecondsOfHourWithCalendar,5,non-flaky,5,0.9603,5,0.908,True,True,False,True,120,114
156453,apache_commons-lang,DateUtilsFragmentTest.testSecondsofHourWithDate,5,non-flaky,5,0.9597,5,0.8993,True,True,False,True,199,193
156454,apache_commons-lang,DateUtilsFragmentTest.testSecondsofHourWithCalendar,5,non-flaky,5,0.9598,5,0.8952,True,True,False,True,201,197
156455,apache_commons-lang,DateUtilsFragmentTest.testMinutesOfHourWithDate,5,non-flaky,5,0.9608,5,0.9342,True,True,False,True,82,76
156456,apache_commons-lang,DateUtilsFragmentTest.testMinutesOfHourWithCalendar,5,non-flaky,5,0.9606,5,0.9369,True,True,False,True,84,78
156457,apache_commons-lang,DateUtilsFragmentTest.testMillisecondsOfDayWithDate,5,non-flaky,5,0.9489,5,0.7745,True,True,False,True,199,188
156458,apache_commons-lang,DateUtilsFragmentTest.testMillisecondsOfDayWithCalendar,5,non-flaky,5,0.9469,5,0.5587,True,True,False,True,202,193
156459,apache_commons-lang,DateUtilsFragmentTest.testSecondsOfDayWithDate,5,non-flaky,5,0.9551,5,0.7774,True,True,False,True,192,183
156460,apache_commons-lang,DateUtilsFragmentTest.testSecondsOfDayWithCalendar,5,non-flaky,5,0.9526,5,0.7815,True,True,False,True,195,184
156461,apache_commons-lang,DateUtilsFragmentTest.testMinutesOfDayWithDate,5,non-flaky,5,0.9583,5,0.814,True,True,False,True,174,163
156462,apache_commons-lang,DateUtilsFragmentTest.testMinutesOfDayWithCalendar,5,non-flaky,5,0.958,5,0.7054,True,True,False,True,177,166
156463,apache_commons-lang,DateUtilsFragmentTest.testHoursOfDayWithDate,5,non-flaky,5,0.9597,5,0.8722,True,True,False,True,141,132
156464,apache_commons-lang,DateUtilsFragmentTest.testHoursOfDayWithCalendar,5,non-flaky,5,0.9591,5,0.8401,True,True,False,True,144,133
156465,apache_commons-lang,DateUtilsFragmentTest.testMillisecondsOfMonthWithDate,5,non-flaky,5,0.9593,5,0.822,True,True,False,True,198,192
156466,apache_commons-lang,DateUtilsFragmentTest.testMillisecondsOfMonthWithCalendar,5,non-flaky,5,0.9577,5,0.8071,True,True,False,True,169,164
156467,apache_commons-lang,DateUtilsFragmentTest.testSecondsOfMonthWithDate,5,non-flaky,5,0.9589,5,0.8667,True,True,False,True,256,250
156468,apache_commons-lang,DateUtilsFragmentTest.testSecondsOfMonthWithCalendar,5,non-flaky,5,0.9584,5,0.8508,True,True,False,True,258,254
156469,apache_commons-lang,DateUtilsFragmentTest.testMinutesOfMonthWithDate,5,non-flaky,5,0.9596,5,0.878,True,True,False,True,199,193
156470,apache_commons-lang,DateUtilsFragmentTest.testMinutesOfMonthWithCalendar,5,non-flaky,5,0.9595,5,0.803,True,True,False,True,169,165
156471,apache_commons-lang,DateUtilsFragmentTest.testHoursOfMonthWithDate,5,non-flaky,5,0.9604,5,0.8847,True,True,False,True,148,142
156472,apache_commons-lang,DateUtilsFragmentTest.testHoursOfMonthWithCalendar,5,non-flaky,5,0.9602,5,0.8961,True,True,False,True,150,144
156473,apache_commons-lang,DateUtilsFragmentTest.testMillisecondsOfYearWithDate,5,non-flaky,5,0.9573,5,0.835,True,True,False,True,243,237
156474,apache_commons-lang,DateUtilsFragmentTest.testMillisecondsOfYearWithCalendar,5,non-flaky,5,0.9576,5,0.8022,True,True,False,True,184,179
159489,realm_realm-java,RealmProcessorTest.compileSimpleFile,5,non-flaky,5,0.9597,5,0.9432,True,True,False,False,84,80
159490,realm_realm-java,RealmProcessorTest.compileProcessedSimpleFile,5,non-flaky,5,0.9598,5,0.9475,True,True,False,False,114,110
159491,realm_realm-java,RealmProcessorTest.compileProcessedEmptyFile,5,non-flaky,5,0.9597,5,0.9462,True,True,False,False,115,111
159492,realm_realm-java,RealmProcessorTest.compileSimpleProxyFile,5,non-flaky,5,0.9591,5,0.9539,True,True,False,False,100,96
159493,realm_realm-java,RealmProcessorTest.compareProcessedSimpleFile,5,non-flaky,5,0.9604,5,0.9511,True,True,False,False,157,153
159494,realm_realm-java,RealmProcessorTest.compileProcessedNullTypesFile,5,non-flaky,5,0.9597,5,0.9491,True,True,False,False,116,112
159495,realm_realm-java,RealmProcessorTest.compareProcessedNullTypesFile,5,non-flaky,5,0.9604,5,0.9503,True,True,False,False,160,156
159496,realm_realm-java,RealmProcessorTest.compileAllTypesFile,5,non-flaky,5,0.9595,5,0.9415,True,True,False,False,86,82
159497,realm_realm-java,RealmProcessorTest.compileProcessedAllTypesFile,5,non-flaky,5,0.9597,5,0.9479,True,True,False,False,116,112
159498,realm_realm-java,RealmProcessorTest.compileAllTypesProxyFile,5,non-flaky,5,0.9593,5,0.9424,True,True,False,False,89,85
159499,realm_realm-java,RealmProcessorTest.compareProcessedAllTypesFile,5,non-flaky,5,0.9607,5,0.9426,True,True,False,False,201,197
159500,realm_realm-java,RealmProcessorTest.compileAppModuleCustomClasses,5,non-flaky,5,0.9598,5,0.9254,True,True,False,False,143,139
159501,realm_realm-java,RealmProcessorTest.compileAppModuleAllClasses,5,non-flaky,5,0.9598,5,0.9268,True,True,False,False,143,139
159502,realm_realm-java,RealmProcessorTest.compileLibraryModulesAllClasses,5,non-flaky,5,0.9598,5,0.9226,True,True,False,False,144,140
159503,realm_realm-java,RealmProcessorTest.compileLibraryModulesCustomClasses,5,non-flaky,5,0.9598,5,0.9195,True,True,False,False,144,140
159504,realm_realm-java,RealmProcessorTest.compileAppModuleMixedParametersFail,5,non-flaky,5,0.96,5,0.9313,True,True,False,False,168,164
159505,realm_realm-java,RealmProcessorTest.compileAppModuleWrongTypeFail,5,non-flaky,5,0.9601,5,0.9331,True,True,False,False,168,164
159506,realm_realm-java,RealmProcessorTest.compileLibraryModuleMixedParametersFail,5,non-flaky,5,0.9599,5,0.9195,True,True,False,False,146,142
159507,realm_realm-java,RealmProcessorTest.compileLibraryModuleWrongTypeFail,5,non-flaky,5,0.9599,5,0.9225,True,True,False,False,146,142
159508,realm_realm-java,RealmProcessorTest.compileBooleanFile,5,non-flaky,5,0.9597,5,0.9431,True,True,False,False,87,83
159509,realm_realm-java,RealmProcessorTest.compileProcessedBooleansFile,5,non-flaky,5,0.9599,5,0.9498,True,True,False,False,117,113
159510,realm_realm-java,RealmProcessorTest.compileBooleansProxyFile,5,non-flaky,5,0.9596,5,0.9416,True,True,False,False,90,86
159511,realm_realm-java,RealmProcessorTest.compareProcessedBooleansFile,5,non-flaky,5,0.9605,5,0.9487,True,True,False,False,162,158
159512,realm_realm-java,RealmProcessorTest.compileMissingGenericType,5,non-flaky,5,0.96,5,0.9461,True,True,False,False,114,110
159513,realm_realm-java,RealmProcessorTest.compileFieldNamesFiles,5,non-flaky,5,0.9594,5,0.9546,True,True,False,False,125,121
159514,realm_realm-java,RealmProcessorTest.compileCustomAccessor,5,non-flaky,5,0.96,5,0.9463,True,True,False,False,114,110
159515,realm_realm-java,RealmProcessorTest.compileIndexTypes,5,non-flaky,5,0.961,5,0.9441,True,True,False,True,302,288
159516,realm_realm-java,RealmProcessorTest.compileInvalidIndexTypes,5,non-flaky,5,0.961,5,0.9479,True,True,False,True,271,257
159517,realm_realm-java,RealmProcessorTest.compilePrimaryKeyTypes,5,non-flaky,5,0.9613,5,0.9487,True,True,False,True,277,261
159518,realm_realm-java,RealmProcessorTest.compileInvalidPrimaryKeyTypes,5,non-flaky,5,0.9611,5,0.953,True,True,False,True,306,291
159519,realm_realm-java,RealmProcessorTest.compileRequiredTypes,5,non-flaky,5,0.9616,5,0.9504,True,True,False,True,296,281
159520,realm_realm-java,RealmProcessorTest.compileInvalidRequiredTypes,5,non-flaky,5,0.9616,5,0.9516,True,True,False,True,299,285
159521,realm_realm-java,RealmProcessorTest.compileConflictingFieldName,5,non-flaky,5,0.9599,5,0.9483,True,True,False,False,119,115
159522,realm_realm-java,RealmProcessorTest.failOnFinalFields,5,non-flaky,5,0.96,5,0.9496,True,True,False,False,115,111
159523,realm_realm-java,RealmProcessorTest.failOnTransientFields,5,non-flaky,5,0.9598,5,0.9497,True,True,False,False,117,113
159524,realm_realm-java,RealmProcessorTest.failOnVolatileFields,5,non-flaky,5,0.96,5,0.9504,True,True,False,False,117,113
159525,realm_realm-java,RealmProcessorTest.failOnInvalidRealmModel_1,5,non-flaky,5,0.9599,5,0.9395,True,True,False,False,124,120
159526,realm_realm-java,RealmProcessorTest.failOnInvalidRealmModel_2,5,non-flaky,5,0.96,5,0.9396,True,True,False,False,124,120
159527,realm_realm-java,RealmProcessorTest.failOnInvalidRealmModel_3,5,non-flaky,5,0.9599,5,0.9393,True,True,False,False,124,120
159528,realm_realm-java,RealmProcessorTest.validRealmModelUsingInheritance,5,non-flaky,5,0.9598,5,0.9402,True,True,False,False,125,121
159529,realm_realm-java,RealmProcessorTest.canNotInheritRealmList,5,non-flaky,5,0.96,5,0.9464,True,True,False,False,122,118
159530,realm_realm-java,RealmProcessorTest.compileWithRealmModelFieldInReamlModel,5,non-flaky,5,0.9599,5,0.9473,True,True,False,False,119,115
159531,realm_realm-java,RealmProcessorTest.compileWithInterfaceForList,5,non-flaky,5,0.9599,5,0.9136,True,True,False,False,136,132
159532,realm_realm-java,RealmProcessorTest.compileWithInterfaceForObject,5,non-flaky,5,0.96,5,0.9207,True,True,False,False,137,133
159533,realm_realm-java,RealmProcessorTest.compileBacklinks,5,non-flaky,5,0.9598,5,0.9504,True,True,False,False,108,104
159534,realm_realm-java,RealmProcessorTest.failOnLinkingObjectsWithInvalidFieldType,5,non-flaky,5,0.9615,5,0.9523,True,True,False,False,154,150
159535,realm_realm-java,RealmProcessorTest.failOnLinkingObjectsWithNonFinalField,5,non-flaky,5,0.9612,5,0.9493,True,True,False,False,144,140
159536,realm_realm-java,RealmProcessorTest.failsOnLinkingObjectsWithLinkedFields,5,non-flaky,5,0.9609,5,0.946,True,True,False,False,155,151
159537,realm_realm-java,RealmProcessorTest.failsOnLinkingObjectsMissingFieldName,5,non-flaky,5,0.9612,5,0.9504,True,True,False,False,147,143
159538,realm_realm-java,RealmProcessorTest.failsOnLinkingObjectsMissingGeneric,5,non-flaky,5,0.9611,5,0.9419,True,True,False,False,143,139
159539,realm_realm-java,RealmProcessorTest.failsOnLinkingObjectsWithRequiredFields,5,non-flaky,5,0.9613,5,0.9468,True,True,False,False,144,140
159540,realm_realm-java,RealmProcessorTest.failsOnLinkingObjectsWithIgnoreFields,5,non-flaky,5,0.9604,5,0.9452,True,True,False,False,121,117
159541,realm_realm-java,RealmProcessorTest.failsOnLinkingObjectsFieldNotFound,5,non-flaky,5,0.9611,5,0.9395,True,True,False,False,144,140
159542,realm_realm-java,RealmProcessorTest.failsOnLinkingObjectsWithFieldWrongType,5,non-flaky,5,0.961,5,0.9474,True,True,False,False,144,140
159543,realm_realm-java,SortTest.sortMultiFailures,5,non-flaky,5,0.9577,5,0.9502,True,True,False,False,512,512
159544,realm_realm-java,SortTest.sortRealmResultsTwoFields,5,non-flaky,5,0.9604,5,0.9363,True,True,False,False,300,296
159545,realm_realm-java,SortTest.realmQuerySortTwoFields,5,non-flaky,5,0.9606,5,0.9424,True,True,False,False,367,363
159546,realm_realm-java,SortTest.realmSortTwoFields,5,non-flaky,5,0.9607,5,0.9378,True,True,False,False,362,358
159547,realm_realm-java,SortTest.realmSortMultiFailures,5,non-flaky,5,0.9608,5,0.9574,True,True,False,False,512,512
159548,realm_realm-java,SortTest.run,5,non-flaky,5,0.9384,5,0.7626,True,True,False,False,247,243
159549,realm_realm-java,SortTest.sortingDates,5,non-flaky,5,0.9613,5,0.9361,True,True,False,True,373,359
159550,realm_realm-java,SortTest.run,5,non-flaky,5,0.9385,5,0.6408,True,True,False,False,284,280
159551,realm_realm-java,RealmInMemoryTest.inMemoryRealm,5,non-flaky,5,0.9599,5,0.9299,True,True,False,False,261,257
159552,realm_realm-java,RealmInMemoryTest.inMemoryRealmWithDifferentNames,5,non-flaky,5,0.9601,5,0.9271,True,True,False,True,480,471
159553,realm_realm-java,RealmInMemoryTest.delete,5,non-flaky,5,0.9562,5,0.9107,True,True,False,True,197,193
159554,realm_realm-java,RealmInMemoryTest.writeCopyTo,5,non-flaky,5,0.9582,5,0.9529,True,True,False,True,512,512
159555,realm_realm-java,RealmInMemoryTest.run,5,non-flaky,5,0.8882,5,0.6554,True,True,False,False,512,512
159556,realm_realm-java,NotificationsTest.call,5,non-flaky,5,0.9204,1,0.521,True,False,True,False,394,390
159557,realm_realm-java,NotificationsTest.call,5,non-flaky,5,0.9278,5,0.5339,True,True,False,False,352,348
159558,realm_realm-java,NotificationsTest.onChange,5,non-flaky,5,0.9555,5,0.8998,True,True,False,False,144,140
159559,realm_realm-java,NotificationsTest.onChange,5,non-flaky,5,0.9572,5,0.9183,True,True,False,False,142,138
159560,realm_realm-java,NotificationsTest.onChange,5,non-flaky,5,0.9512,5,0.9032,True,True,False,False,215,211
159561,realm_realm-java,NotificationsTest.run,5,non-flaky,5,0.9093,5,0.8334,True,True,False,False,512,512
159562,realm_realm-java,NotificationsTest.onChange,5,non-flaky,5,0.9565,5,0.9064,True,True,False,False,193,189
159563,realm_realm-java,NotificationsTest.onChange,5,non-flaky,5,0.9589,5,0.9304,True,True,False,False,190,186
159564,realm_realm-java,NotificationsTest.onChange,5,non-flaky,5,0.9589,5,0.9186,True,True,False,False,122,118
159565,realm_realm-java,NotificationsTest.onChange,5,non-flaky,5,0.9422,5,0.8695,True,True,False,False,474,470
159566,realm_realm-java,NotificationsTest.onChange,5,non-flaky,5,0.9404,5,0.8514,True,True,False,False,329,325
159567,realm_realm-java,NotificationsTest.onChange,5,non-flaky,5,0.9477,5,0.8794,True,True,False,False,390,386
159568,realm_realm-java,NotificationsTest.run,5,non-flaky,5,0.9107,5,0.5817,True,True,False,False,482,478
159569,realm_realm-java,NotificationsTest.onChange,5,non-flaky,5,0.9184,5,0.863,True,True,False,False,512,512
159570,realm_realm-java,NotificationsTest.run,5,non-flaky,5,0.9369,5,0.735,True,True,False,False,333,329
159571,realm_realm-java,NotificationsTest.onChange,5,non-flaky,5,0.9377,5,0.7703,True,True,False,False,433,429
159572,realm_realm-java,NotificationsTest.onChange,5,non-flaky,5,0.9288,5,0.7857,True,True,False,False,449,445
159573,realm_realm-java,NotificationsTest.execute,5,non-flaky,5,0.9541,5,0.9109,True,True,False,False,274,270
159574,realm_realm-java,NotificationsTest.execute,5,non-flaky,5,0.9318,5,0.7648,True,True,False,False,504,500
159575,realm_realm-java,NotificationsTest.onChange,5,non-flaky,5,0.9583,5,0.9375,True,True,False,False,305,301
159576,realm_realm-java,NotificationsTest.onChange,5,non-flaky,5,0.9558,5,0.9331,True,True,False,False,232,228
159577,realm_realm-java,NotificationsTest.onChange,5,non-flaky,5,0.9542,5,0.9222,True,True,False,False,231,227
159578,realm_realm-java,JNINativeTest.nativeExceptions,5,non-flaky,5,0.961,5,0.956,True,True,False,True,215,207
159579,realm_realm-java,JNITableInsertTest.testShouldThrowExceptionWhenColumnNameIsTooLong,5,non-flaky,5,0.9604,5,0.9343,True,True,False,True,171,167
159580,realm_realm-java,JNITableInsertTest.testWhenColumnNameIsExactly63CharLong,5,non-flaky,5,0.9599,5,0.9529,True,True,False,True,85,81
159581,realm_realm-java,JNITableInsertTest.testGenericAddOnTable,5,non-flaky,5,0.9562,5,0.9416,True,True,False,False,488,484
159582,realm_realm-java,JNITableTest.tableToString,5,non-flaky,5,0.9595,5,0.9212,True,True,False,True,205,202
159583,realm_realm-java,JNITableTest.rowOperationsOnZeroRow,5,non-flaky,5,0.9609,5,0.9516,True,True,False,True,248,244
159584,realm_realm-java,JNITableTest.zeroColOperations,5,non-flaky,5,0.9605,5,0.9489,True,True,False,True,404,376
159585,realm_realm-java,JNITableTest.findFirstNonExisting,5,non-flaky,5,0.9612,5,0.9444,True,True,False,True,249,245
159586,realm_realm-java,JNITableTest.findFirst,5,non-flaky,5,0.9588,5,0.9126,True,True,False,True,506,493
159587,realm_realm-java,JNITableTest.getValuesFromNonExistingColumn,5,non-flaky,5,0.9579,5,0.9528,True,True,False,True,512,512
159588,realm_realm-java,JNITableTest.getNonExistingColumn,5,non-flaky,5,0.961,5,0.9505,True,True,False,True,127,127
162556,open-telemetry_opentelemetry-java-instrumentation,MuzzlePluginTest.compareTo,5,non-flaky,5,0.9602,5,0.9561,True,True,False,False,43,41
162557,open-telemetry_opentelemetry-java-instrumentation,AbstractHttpClientTest.complete,5,non-flaky,5,0.9547,5,0.9474,True,True,False,False,49,48
162558,open-telemetry_opentelemetry-java-instrumentation,PortAllocatorTest.testSimple,5,non-flaky,5,0.9592,5,0.9489,True,True,False,True,272,273
162559,open-telemetry_opentelemetry-java-instrumentation,PortAllocatorTest.testEven,5,non-flaky,5,0.9584,5,0.9481,True,True,False,True,198,199
162560,open-telemetry_opentelemetry-java-instrumentation,FieldMapperTest.shouldMapNestedField,5,non-flaky,5,0.9603,5,0.9527,True,True,False,True,432,429
162561,open-telemetry_opentelemetry-java-instrumentation,FieldMapperTest.shouldMapRequestFieldsOnly,5,non-flaky,5,0.9602,5,0.9328,True,True,False,True,261,260
162562,open-telemetry_opentelemetry-java-instrumentation,FieldMapperTest.shouldMapResponseFieldsOnly,5,non-flaky,5,0.9582,5,0.8881,True,True,False,True,386,387
162563,open-telemetry_opentelemetry-java-instrumentation,SerializerTest.shouldSerializeSimpleString,5,non-flaky,5,0.9584,5,0.9459,True,True,False,True,74,71
162564,open-telemetry_opentelemetry-java-instrumentation,SerializerTest.shouldSerializeSdkPojo,5,non-flaky,5,0.9594,5,0.9515,True,True,False,True,143,134
162565,open-telemetry_opentelemetry-java-instrumentation,SerializerTest.shouldSerializeCollection,5,non-flaky,5,0.9591,5,0.9385,True,True,False,True,101,98
162566,open-telemetry_opentelemetry-java-instrumentation,SerializerTest.shouldSerializeEmptyCollectionAsNull,5,non-flaky,5,0.9599,5,0.9573,True,True,False,True,85,82
162567,open-telemetry_opentelemetry-java-instrumentation,SerializerTest.shouldSerializeMapAsKeyCollection,5,non-flaky,5,0.9565,5,0.8727,True,True,False,True,145,142
162568,open-telemetry_opentelemetry-java-instrumentation,ServletContextPathTest.shouldAddSlashBetweenContextAndSpanName,5,non-flaky,5,0.9603,5,0.9408,True,True,False,True,155,148
162569,open-telemetry_opentelemetry-java-instrumentation,ServletContextPathTest.shouldNotResultInDuplicateSlash,5,non-flaky,5,0.9604,5,0.9343,True,True,False,True,163,155
162570,open-telemetry_opentelemetry-java-instrumentation,ServletContextPathTest.shouldIgnoreEmptySpanName,5,non-flaky,5,0.9604,5,0.9479,True,True,False,True,193,184
162571,open-telemetry_opentelemetry-java-instrumentation,OpenTelemetryAutoConfigurationTest.customOpenTelemetry,5,non-flaky,5,0.9588,5,0.9048,True,True,False,False,40,38
162572,open-telemetry_opentelemetry-java-instrumentation,WithSpanAspectTest.getParameterNames,5,non-flaky,5,0.9598,5,0.9114,True,True,False,False,76,74
162573,open-telemetry_opentelemetry-java-instrumentation,AbstractOpenTelemetryHandlerMappingFilterTest.testSuccess,5,non-flaky,5,0.9561,5,0.9338,True,True,False,False,299,297
162574,open-telemetry_opentelemetry-java-instrumentation,ParentContextExtractorTest.shouldUseHttpIfAwsParentNotSampled,5,non-flaky,5,0.9614,5,0.9475,True,True,False,True,429,428
162575,open-telemetry_opentelemetry-java-instrumentation,ParentContextExtractorTest.shouldPreferAwsParentHeaderIfValidAndSampled,5,non-flaky,5,0.9613,5,0.9478,True,True,False,True,431,430
162576,open-telemetry_opentelemetry-java-instrumentation,ParentContextExtractorTest.shouldExtractCaseInsensitiveHeaders,5,non-flaky,5,0.9593,5,0.914,True,True,False,True,348,347
162577,open-telemetry_opentelemetry-java-instrumentation,HeadersFactoryTest.shouldReadHeadersFromStream,5,non-flaky,5,0.9594,5,0.9019,True,True,False,True,405,402
162578,open-telemetry_opentelemetry-java-instrumentation,HeadersFactoryTest.shouldReturnNullIfNoHeadersInStream,5,non-flaky,5,0.9606,5,0.9537,True,True,False,True,119,116
162579,open-telemetry_opentelemetry-java-instrumentation,ApiGatewayProxyRequestTest.shouldCreateNoopRequestIfNoPropagatorsSet,5,non-flaky,5,0.9595,5,0.9461,True,True,False,True,143,141
162580,open-telemetry_opentelemetry-java-instrumentation,ApiGatewayProxyRequestTest.shouldCreateNoopRequestIfXrayPropagatorsSet,5,non-flaky,5,0.9584,5,0.9311,True,True,False,True,173,171
162581,open-telemetry_opentelemetry-java-instrumentation,ApiGatewayProxyRequestTest.shouldUseStreamMarkingIfHttpPropagatorsSet,5,non-flaky,5,0.9567,5,0.9309,True,True,False,True,212,205
162582,open-telemetry_opentelemetry-java-instrumentation,ApiGatewayProxyRequestTest.shouldUseCopyIfMarkingNotAvailableAndHttpPropagatorsSet,5,non-flaky,5,0.9582,5,0.9378,True,True,False,True,257,251
162583,open-telemetry_opentelemetry-java-instrumentation,ProcessMetricsTest.test,5,non-flaky,5,0.9602,5,0.9514,True,True,False,False,344,342
162584,open-telemetry_opentelemetry-java-instrumentation,SystemMetricsTest.test,5,non-flaky,5,0.9598,5,0.9535,True,True,False,False,475,473
162585,open-telemetry_opentelemetry-java-instrumentation,AbstractArquillianRestTest.testHelloRequest,5,non-flaky,5,0.9521,5,0.9182,True,True,False,False,251,249
162586,open-telemetry_opentelemetry-java-instrumentation,AbstractQuartzTest.execute,5,non-flaky,5,0.959,5,0.9509,True,True,False,False,56,54
162587,open-telemetry_opentelemetry-java-instrumentation,AbstractArquillianJaxWsTest.testHelloRequest,5,non-flaky,5,0.9493,5,0.9395,True,True,False,False,512,512
162588,open-telemetry_opentelemetry-java-instrumentation,CamelPropagationUtilTest.shouldExtractHttpParentForHttpEndpoint,5,non-flaky,5,0.9607,5,0.951,True,True,False,True,297,290
162589,open-telemetry_opentelemetry-java-instrumentation,CamelPropagationUtilTest.shouldNotFailExtractingNullHttpParentForHttpEndpoint,5,non-flaky,5,0.9603,5,0.9523,True,True,False,True,186,179
162590,open-telemetry_opentelemetry-java-instrumentation,CamelPropagationUtilTest.shouldNotFailExtractingNullAwsParentForSqsEndpoint,5,non-flaky,5,0.9603,5,0.9538,True,True,False,True,184,178
162591,open-telemetry_opentelemetry-java-instrumentation,CamelPropagationUtilTest.shouldExtractAwsParentForSqsEndpoint,5,non-flaky,5,0.9606,5,0.953,True,True,False,True,311,306
162592,open-telemetry_opentelemetry-java-instrumentation,ReferenceCollectorTest.methodBodyCreatesReferences,5,non-flaky,5,0.9556,5,0.9445,True,True,False,True,512,512
162593,open-telemetry_opentelemetry-java-instrumentation,ReferenceCollectorTest.protectedRefTest,5,non-flaky,5,0.9601,5,0.9477,True,True,False,False,180,178
162594,open-telemetry_opentelemetry-java-instrumentation,ReferenceCollectorTest.ldcCreatesReferences,5,non-flaky,5,0.9603,5,0.9561,True,True,False,True,113,111
162595,open-telemetry_opentelemetry-java-instrumentation,ReferenceCollectorTest.instanceofCreatesReferences,5,non-flaky,5,0.9599,5,0.9527,True,True,False,True,117,114
162596,open-telemetry_opentelemetry-java-instrumentation,ReferenceCollectorTest.invokedynamicCreatesReferences,5,non-flaky,5,0.9611,5,0.9503,True,True,False,True,456,454
162597,open-telemetry_opentelemetry-java-instrumentation,ReferenceCollectorTest.shouldCreateReferencesForHelperClasses,5,non-flaky,5,0.9613,5,0.9466,True,True,False,True,501,485
162598,open-telemetry_opentelemetry-java-instrumentation,ReferenceCollectorTest.shouldCollectFieldDeclarationReferences,5,non-flaky,5,0.9596,5,0.9354,True,True,False,True,301,292
162599,open-telemetry_opentelemetry-java-instrumentation,ReferenceCollectorTest.shouldFindAllHelperClasses,5,non-flaky,5,0.9602,5,0.9331,True,True,False,True,295,287
162600,open-telemetry_opentelemetry-java-instrumentation,ReferenceCollectorTest.shouldCorrectlyFindHelperClassesFromMultipleAdviceClasses,5,non-flaky,5,0.9505,5,0.918,True,True,False,True,512,512
162601,open-telemetry_opentelemetry-java-instrumentation,ReferenceCollectorTest.shouldCorrectlyFindExternalInstrumentationClasses,5,non-flaky,5,0.9598,5,0.9305,True,True,False,True,194,187
162602,open-telemetry_opentelemetry-java-instrumentation,ReferenceCollectorTest.shouldCollectHelperClassesFromResourceFile,5,non-flaky,5,0.9609,5,0.9516,True,True,False,True,320,310
162603,open-telemetry_opentelemetry-java-instrumentation,ReferenceCollectorTest.shouldIgnoreArbitraryResourceFile,5,non-flaky,5,0.9591,5,0.9195,True,True,False,True,123,119
162604,open-telemetry_opentelemetry-java-instrumentation,ReferenceCollectorTest.shouldCollectVirtualFields,5,non-flaky,5,0.9597,5,0.9497,True,True,False,True,198,196
162605,open-telemetry_opentelemetry-java-instrumentation,ReferenceCollectorTest.shouldCollectMultipleVirtualFieldsForSingleClass,5,non-flaky,5,0.96,5,0.9459,True,True,False,True,217,215
162606,open-telemetry_opentelemetry-java-instrumentation,ReferenceCollectorTest.shouldNotCollectVirtualFieldsForInvalidScenario,5,non-flaky,5,0.9582,5,0.946,True,True,False,False,186,184
162607,open-telemetry_opentelemetry-java-instrumentation,ReferenceCollectorTest.shouldCollectArrayVirtualField,5,non-flaky,5,0.96,5,0.9449,True,True,False,True,209,207
162608,open-telemetry_opentelemetry-java-instrumentation,MethodCacheTest.getItemFromCache,5,non-flaky,5,0.9598,5,0.9539,True,True,False,True,100,100
162609,open-telemetry_opentelemetry-java-instrumentation,SpringBootIntegrationTest.extensionsAreLoadedFromJar,5,non-flaky,5,0.9579,5,0.9496,True,True,False,False,62,60
162610,open-telemetry_opentelemetry-java-instrumentation,SpringBootIntegrationTest.extensionsAreLoadedFromFolder,5,non-flaky,5,0.9585,5,0.9522,True,True,False,False,53,51
162611,open-telemetry_opentelemetry-java-instrumentation,SpringBootIntegrationTest.extensionsAreLoadedFromJavaagent,5,non-flaky,5,0.9586,5,0.9535,True,True,False,False,56,54
162612,open-telemetry_opentelemetry-java-instrumentation,SpringBootSmokeTest.springBootSmokeTestOnJDK,5,non-flaky,5,0.954,5,0.9481,True,True,False,True,512,512
162613,open-telemetry_opentelemetry-java-instrumentation,PatchLoggerTest.equals,5,non-flaky,5,0.9611,5,0.9511,True,True,False,False,175,173
162614,open-telemetry_opentelemetry-java-instrumentation,HttpServerTracerTest.extractForwarded,5,non-flaky,5,0.9595,5,0.943,True,True,False,False,56,54
162615,open-telemetry_opentelemetry-java-instrumentation,HttpServerTracerTest.extractForwardedIpv6,5,non-flaky,5,0.9596,5,0.9267,True,True,False,False,96,94
162616,open-telemetry_opentelemetry-java-instrumentation,HttpServerTracerTest.extractForwardedWithPort,5,non-flaky,5,0.9591,5,0.9376,True,True,False,False,62,60
162617,open-telemetry_opentelemetry-java-instrumentation,HttpServerTracerTest.extractForwardedIpv6WithPort,5,non-flaky,5,0.9597,5,0.9082,True,True,False,False,113,111
162618,open-telemetry_opentelemetry-java-instrumentation,HttpServerTracerTest.extractForwardedCaps,5,non-flaky,5,0.9595,5,0.9406,True,True,False,False,58,56
162619,open-telemetry_opentelemetry-java-instrumentation,HttpServerTracerTest.extractForwardedMalformed,5,non-flaky,5,0.9595,5,0.9461,True,True,False,False,51,49
162620,open-telemetry_opentelemetry-java-instrumentation,HttpServerTracerTest.extractForwardedEmpty,5,non-flaky,5,0.9592,5,0.9448,True,True,False,False,38,36
162621,open-telemetry_opentelemetry-java-instrumentation,HttpServerTracerTest.extractForwardedEmptyValue,5,non-flaky,5,0.9596,5,0.9483,True,True,False,False,40,38
162622,open-telemetry_opentelemetry-java-instrumentation,HttpServerTracerTest.extractForwardedEmptyValueWithSemicolon,5,non-flaky,5,0.9597,5,0.947,True,True,False,False,46,44
162623,open-telemetry_opentelemetry-java-instrumentation,HttpServerTracerTest.extractForwardedNoFor,5,non-flaky,5,0.9592,5,0.9454,True,True,False,False,58,56
162624,open-telemetry_opentelemetry-java-instrumentation,HttpServerTracerTest.extractForwardedMultiple,5,non-flaky,5,0.9595,5,0.9295,True,True,False,False,67,65
162625,open-telemetry_opentelemetry-java-instrumentation,HttpServerTracerTest.extractForwardedMultipleIpV6,5,non-flaky,5,0.9598,5,0.9053,True,True,False,False,120,118
162626,open-telemetry_opentelemetry-java-instrumentation,HttpServerTracerTest.extractForwardedMultipleWithPort,5,non-flaky,5,0.9591,5,0.9325,True,True,False,False,73,71
162627,open-telemetry_opentelemetry-java-instrumentation,HttpServerTracerTest.extractForwardedMultipleIpV6WithPort,5,non-flaky,5,0.9594,5,0.9093,True,True,False,False,124,122
162628,open-telemetry_opentelemetry-java-instrumentation,HttpServerTracerTest.extractForwardedMixedSplitter,5,non-flaky,5,0.9593,5,0.9273,True,True,False,False,102,100
162629,open-telemetry_opentelemetry-java-instrumentation,HttpServerTracerTest.extractForwardedMixedSplitterIpv6,5,non-flaky,5,0.9598,5,0.8939,True,True,False,False,138,136
162630,open-telemetry_opentelemetry-java-instrumentation,HttpServerTracerTest.extractForwardedMixedSplitterWithPort,5,non-flaky,5,0.9593,5,0.8865,True,True,False,False,121,119
162631,open-telemetry_opentelemetry-java-instrumentation,HttpServerTracerTest.extractForwardedMixedSplitterIpv6WithPort,5,non-flaky,5,0.9599,5,0.8932,True,True,False,False,142,140
162632,open-telemetry_opentelemetry-java-instrumentation,HttpServerTracerTest.extractForwardedFor,5,non-flaky,5,0.9595,5,0.9382,True,True,False,False,56,54
162633,open-telemetry_opentelemetry-java-instrumentation,HttpServerTracerTest.extractForwardedForIpv6,5,non-flaky,5,0.9596,5,0.9244,True,True,False,False,97,95
162634,open-telemetry_opentelemetry-java-instrumentation,HttpServerTracerTest.extractForwardedForIpv6Unquoted,5,non-flaky,5,0.9595,5,0.9193,True,True,False,False,98,96
162635,open-telemetry_opentelemetry-java-instrumentation,HttpServerTracerTest.extractForwardedForIpv6Unbracketed,5,non-flaky,5,0.9594,5,0.9292,True,True,False,False,97,95
162636,open-telemetry_opentelemetry-java-instrumentation,HttpServerTracerTest.extractForwardedForWithPort,5,non-flaky,5,0.9589,5,0.9365,True,True,False,False,61,59
162637,open-telemetry_opentelemetry-java-instrumentation,HttpServerTracerTest.extractForwardedForIpv6WithPort,5,non-flaky,5,0.9594,5,0.9238,True,True,False,False,101,99
162638,open-telemetry_opentelemetry-java-instrumentation,HttpServerTracerTest.extractForwardedForIpv6UnquotedWithPort,5,non-flaky,5,0.9592,5,0.9257,True,True,False,False,102,100
162639,open-telemetry_opentelemetry-java-instrumentation,HttpServerTracerTest.extractForwardedForEmpty,5,non-flaky,5,0.9594,5,0.9451,True,True,False,False,40,38
162640,open-telemetry_opentelemetry-java-instrumentation,HttpServerTracerTest.extractForwardedForMultiple,5,non-flaky,5,0.9591,5,0.9292,True,True,False,False,65,63
162641,open-telemetry_opentelemetry-java-instrumentation,HttpServerTracerTest.extractForwardedForMultipleIpv6,5,non-flaky,5,0.9595,5,0.8996,True,True,False,False,118,116
162642,open-telemetry_opentelemetry-java-instrumentation,HttpServerTracerTest.extractForwardedForMultipleIpv6Unquoted,5,non-flaky,5,0.9592,5,0.9181,True,True,False,False,106,104
162643,open-telemetry_opentelemetry-java-instrumentation,HttpServerTracerTest.extractForwardedForMultipleIpv6Unbracketed,5,non-flaky,5,0.9591,5,0.9245,True,True,False,False,106,104
162644,open-telemetry_opentelemetry-java-instrumentation,HttpServerTracerTest.extractForwardedForMultipleWithPort,5,non-flaky,5,0.9588,5,0.9278,True,True,False,False,70,68
162645,open-telemetry_opentelemetry-java-instrumentation,HttpServerTracerTest.extractForwardedForMultipleIpv6WithPort,5,non-flaky,5,0.9594,5,0.9076,True,True,False,False,122,120
162646,open-telemetry_opentelemetry-java-instrumentation,HttpServerTracerTest.extractForwardedForMultipleIpv6UnquotedWithPort,5,non-flaky,5,0.9593,5,0.9037,True,True,False,False,123,121
162647,open-telemetry_opentelemetry-java-instrumentation,NetServerAttributesExtractorTest.doesNotSetDuplicateAttributes,5,non-flaky,5,0.9602,5,0.9368,True,True,False,True,415,412
162648,open-telemetry_opentelemetry-java-instrumentation,NetServerAttributesExtractorTest.doesNotSetNegativePort,5,non-flaky,5,0.9593,5,0.9394,True,True,False,True,216,211
162649,open-telemetry_opentelemetry-java-instrumentation,NetClientAttributesExtractorTest.doesNotSetDuplicateAttributes,5,non-flaky,5,0.9605,5,0.9305,True,True,False,True,386,388
162650,open-telemetry_opentelemetry-java-instrumentation,NetClientAttributesExtractorTest.doesNotSetNegativePort,5,non-flaky,5,0.9591,5,0.938,True,True,False,True,216,211
162651,open-telemetry_opentelemetry-java-instrumentation,PropagatorBasedSpanLinksExtractorTest.keys,5,non-flaky,5,0.9596,5,0.9552,True,True,False,False,44,42
162652,open-telemetry_opentelemetry-java-instrumentation,SpanSuppressionStrategyTest.serverSpan,5,non-flaky,5,0.9607,5,0.9569,True,True,False,True,224,222
162653,open-telemetry_opentelemetry-java-instrumentation,SpanSuppressionStrategyTest.consumerSpan,5,non-flaky,5,0.9596,5,0.9559,True,True,False,True,198,196
162654,open-telemetry_opentelemetry-java-instrumentation,SpanSuppressionStrategyTest.clientSpan,5,non-flaky,5,0.9597,5,0.9549,True,True,False,True,196,194
162655,open-telemetry_opentelemetry-java-instrumentation,SpanSuppressionStrategyTest.producerSpan,5,non-flaky,5,0.9605,5,0.9528,True,True,False,True,202,202
