id,project,test_name,true_category,true_label,pred_original,conf_original,pred_indented,conf_indented,correct_original,correct_indented,flipped,tokens_original,tokens_indented
1,apache_hadoop,TestDelegationTokenRenewer.testAddRemoveRenewAction,0,async wait,0,0.9219,5,0.9454,True,False,True,242,296
4,NationalSecurityAgency_timely,MetricAdapterTest.testToMetricResponse,3,unordered collections,2,0.4559,5,0.9493,False,False,True,260,298
5,apache_hadoop,TestPathData.testToFile,4,test order dependency,3,0.6063,5,0.9513,False,False,True,144,174
8,apache_hadoop,TestLocalDirAllocator.testRemoveContext,4,test order dependency,4,0.8007,5,0.9475,True,False,True,203,241
9,apache_hadoop,TestRMContainerAllocator.testSimple,0,async wait,0,0.9225,5,0.9289,True,False,True,512,512
18,alibaba_fastjson,MultiMapTes.test_multimap,3,unordered collections,3,0.8527,5,0.9521,True,False,True,155,181
20,cdapio_cdap,WorkflowHttpHandlerTest.testWorkflowForkFailure,1,concurrency,0,0.5273,5,0.9457,False,False,True,480,512
21,palantir_atlasdb,extraSweepersGiveUpAfterFailingToAcquireEnoughTimes,1,concurrency,1,0.3974,5,0.9496,True,False,True,399,477
22,apache_pulsar,TopicReaderTest.testMultiReaderIsAbleToSeekWithTimeOnMiddleOfTopic,2,time,2,0.6331,5,0.9286,True,False,True,377,463
24,trinodb_trino,TestExchangeClient.testAddLocation,0,async wait,0,0.9112,5,0.9455,True,False,True,512,512
25,apache_hadoop,TestDelegationToken.testDelegationTokenSecretManager,1,concurrency,0,0.9117,5,0.9428,False,False,True,442,512
28,apache_hadoop,TestDFSIO.testReadSkip,4,test order dependency,2,0.7859,5,0.9407,False,False,True,126,156
30,apache_pulsar,ZKSessionTest.testReacquireLocksAfterSessionLost,0,async wait,0,0.8031,5,0.9439,True,False,True,430,512
32,apache_druid,ResponseContextTest.serializeWithTruncateArrayTest,3,unordered collections,3,0.652,5,0.9505,True,False,True,399,457
33,apache_kafka,shouldTogglePrepareForBulkLoadDuringRestoreCalls,1,concurrency,1,0.4879,5,0.9439,True,False,True,385,467
36,apache_pulsar,BacklogQuotaManagerTest.testConsumerBacklogEvictionTimeQuotaWithEmptyLedger,0,async wait,0,0.8077,5,0.9319,True,False,True,512,512
37,apache_pulsar,InactiveTopicDeleteTest.testTopicLevelInActiveTopicApi,0,async wait,0,0.9216,5,0.9426,True,False,True,512,512
38,apache_hadoop,TestDFSIO.testReadBackward,4,test order dependency,2,0.7809,5,0.9373,False,False,True,134,164
40,apache_hadoop,TestDFSIO.testReadRandom,4,test order dependency,2,0.785,5,0.938,False,False,True,127,157
43,spring-projects_spring-data-envers,5637994be37747e82b2d6d5b34555e2bee791fe6.testWithRevisions,4,test order dependency,3,0.8416,5,0.9501,False,False,True,269,331
46,networknt_json-schema-validator,CollectorContextTest.testCollectorContextWithKeyword,3,unordered collections,3,0.8648,5,0.9528,True,False,True,222,256
47,apache_hadoop,TestPeerCache.testEviction,4,test order dependency,0,0.9089,5,0.9387,False,False,True,465,512
48,cdapio_cdap,PreviewDataPipelineTest.testLogicalTypePreviewRun,2,time,0,0.6841,5,0.9478,False,False,True,512,512
51,apache_hadoop,TestHftpFileSystem.testHftpDefaultPorts,4,test order dependency,0,0.5578,5,0.951,False,False,True,203,241
64,apache_ignite,testFlowNoConflictsWithClients,1,concurrency,0,0.9244,5,0.9311,False,False,True,331,425
66,palantir_atlasdb,incrementUpperLimitIfOneMinuteElapsedSinceLastUpdate,0,async wait,2,0.7948,5,0.9346,False,False,True,221,263
69,apache_samza,TestContainerAllocatorWithHostAffinity.testExpiredRequestAllocationOnAnyHost,0,async wait,0,0.9142,5,0.9444,True,False,True,512,512
72,strapdata_elassandra,testTokenExpiry,2,time,0,0.8026,5,0.9428,False,False,True,512,512
75,apache_hadoop,TestPathData.testUnqualifiedUriContents,4,test order dependency,4,0.9231,5,0.9522,True,False,True,99,121
78,apache_pulsar,testTransactionMetaStoreAssignAndFailover,0,async wait,0,0.9041,5,0.9451,True,False,True,512,512
92,apache_pulsar,KeySharedSubscriptionTest.testRemoveFirstConsumer,0,async wait,0,0.921,5,0.9442,True,False,True,457,512
94,apache_pulsar,PersistentFailoverE2ETest.testSimpleConsumerEventsWithoutPartition,1,concurrency,0,0.889,5,0.9342,False,False,True,512,512
96,apache_hadoop,TestBlockFixer.testGeneratedBlock,1,concurrency,0,0.9197,5,0.9382,False,False,True,512,512
97,trinodb_trino,testQueryTimeout,0,async wait,1,0.4591,5,0.9446,False,False,True,512,512
98,cdapio_cdap,ProgramLifecycleHttpHandlerTest.testStartProgramWithDisabledRuntimeArgs,0,async wait,4,0.7102,5,0.9476,False,False,True,352,402
99,stanfordnlp_CoreNLP,DirectedMultiGraphTest.testConnectedComponents,3,unordered collections,3,0.8596,5,0.9515,True,False,True,150,184
105,apache_hadoop,TestRPCCompatibility.testVersion2ClientVersion2Server,4,test order dependency,0,0.9198,5,0.9479,False,False,True,208,254
107,apache_hadoop,TestDelegationTokenForProxyUser.testDelegationTokenWithRealUser,4,test order dependency,0,0.8027,5,0.9481,False,False,True,370,440
109,apache_pulsar,ServerCnxTest.testDuplicateConcurrentSubscribeCommand,1,concurrency,0,0.9219,5,0.945,False,False,True,264,330
111,apache_hadoop,TestPathData.testWithStringAndConfForBuggyPath,4,test order dependency,4,0.8099,5,0.9515,True,False,True,87,113
120,apache_hadoop,TestModTime.testModTime,2,time,0,0.9225,5,0.9414,False,False,True,512,512
129,apache_hadoop,TestPathData.testWithDirStringAndConf,4,test order dependency,4,0.8657,5,0.9504,True,False,True,88,118
130,Kong_unirest-java,DefectTest.nullAndObjectValuesInMap,3,unordered collections,3,0.7537,5,0.9397,True,False,True,126,148
135,apache_hadoop,testPendingAndInvalidate,1,concurrency,5,0.609,5,0.9449,False,False,False,512,512
139,cdapio_cdap,WorkflowClientTestRun.testWorkflowClient,0,async wait,0,0.6057,5,0.9452,True,False,True,512,512
143,apache_cassandra,ColumnFamilyStoreTest.testRemoveSuperColumn,0,async wait,0,0.824,5,0.946,True,False,True,383,465
144,spring-cloud_spring-cloud-config,GiteePropertyPathNotificationExtractorTests.giteeSample,3,unordered collections,3,0.5246,5,0.9517,True,False,True,157,183
145,apache_pinot,SegmentGenerationWithTimeColumnTest.testMinAllowedValue,2,time,2,0.7911,5,0.9446,True,False,True,161,203
154,cdapio_cdap,TestFrameworkTestRun.testWorkerInstances,0,async wait,0,0.9237,5,0.9355,True,False,True,512,512
163,pushtorefresh_storio,NotifyAboutChangesTest.notifyAboutChangesConcurrently,1,concurrency,0,0.915,5,0.932,False,False,True,512,512
164,apache_ignite,GridCacheRebalancingWithAsyncClearingTest.testCorrectRebalancingCurrentlyRentingPartitions,1,concurrency,0,0.9234,5,0.9367,False,False,True,479,512
170,apache_pulsar,AntiAffinityNamespaceGroupTest.testBrokerSelectionForAntiAffinityGroup,1,concurrency,0,0.8917,5,0.9427,False,False,True,512,512
173,apache_hadoop,TestPathData.testQualifiedUriContents,4,test order dependency,4,0.7383,5,0.9528,True,False,True,112,134
177,apache_pulsar,NamespacesTest.testSubscribeRate,0,async wait,0,0.9218,5,0.9409,True,False,True,510,512
181,spring-projects_spring-data-couchbase,MappingCouchbaseConverterTests.writesAndReadsCustomFieldsConvertedClass,3,unordered collections,3,0.6283,5,0.9356,True,False,True,512,512
184,apache_pulsar,testTopicLevelInactivePolicyUpdateAndClean,0,async wait,0,0.922,5,0.9441,True,False,True,512,512
187,apache_pulsar,ManagedLedgerTest.testMaximumRolloverTime,0,async wait,0,0.9019,5,0.9351,True,False,True,249,307
191,apache_pulsar,DiscoveryServiceTest.testBrokerDiscoveryRoundRobin,0,async wait,0,0.9126,5,0.9464,True,False,True,126,160
194,netty_netty,testAutomaticStartStop,0,async wait,0,0.9142,5,0.9351,True,False,True,232,298
197,apache_pulsar,PrometheusMetricsTest.testPerTopicStats,1,concurrency,0,0.914,5,0.9438,False,False,True,512,512
198,apache_hadoop,TestPathData.testCwdContents,4,test order dependency,4,0.9441,5,0.9507,True,False,True,85,107
202,cdapio_cdap,ProvisioningServiceTest.testCancelDeprovision,4,test order dependency,0,0.6196,5,0.9481,False,False,True,242,284
203,apache_cassandra,testTimeWindows,2,time,2,0.7916,5,0.9471,True,False,True,230,271
206,apache_kafka,testGracefulClose,0,async wait,0,0.747,5,0.9397,True,False,True,349,419
207,apache_pulsar,testAsyncFunction,1,concurrency,0,0.9124,5,0.9362,False,False,True,397,495
209,apache_hadoop,TestHftpFileSystem.testHftpCustomDefaultPorts,4,test order dependency,0,0.7865,5,0.9499,False,False,True,194,240
211,apache_pulsar,testLedgerReachMaximumRolloverTime,0,async wait,2,0.7182,5,0.9377,False,False,True,221,263
214,cdapio_cdap,MetadataSubscriberServiceTest.testSubscriber,0,async wait,0,0.6094,5,0.947,True,False,True,512,512
218,alibaba_fastjson,JSONObjectTest_readObject.test_6,3,unordered collections,3,0.5454,5,0.9497,True,False,True,243,305
229,apache_pulsar,AvroSchemaTest.testNotAllowNullSchema,3,unordered collections,3,0.8157,5,0.9503,True,False,True,367,437
230,alibaba_fastjson,Issue1492.test_for_issue,3,unordered collections,0,0.7893,5,0.9466,False,False,True,272,346
237,undertow-io_undertow,d0efffad5d2034bb07525cac9b299dac72c3045d.testCloseReason,4,test order dependency,0,0.8803,5,0.9487,False,False,True,243,281
238,apache_pulsar,ReplicatorTest.testReplicatorProducerName,0,async wait,0,0.8551,5,0.949,True,False,True,260,314
243,alibaba_fastjson,test_date,2,time,2,0.7289,5,0.9423,True,False,True,480,512
247,apache_hadoop,TestSecurityUtil.testBuildDTServiceName,4,test order dependency,4,0.3941,5,0.9481,True,False,True,154,176
248,apache_ignite,SystemCacheNotConfiguredTest.test,0,async wait,0,0.9191,5,0.9483,True,False,True,135,173
251,apache_hadoop,TestUnderReplicatedBlocks.testSetrepIncWithUnderReplicatedBlocks,0,async wait,0,0.9139,5,0.945,True,False,True,447,512
255,alibaba_fastjson,Issue1584.test_for_issue,3,unordered collections,0,0.457,5,0.9473,False,False,True,390,480
256,apache_hadoop,TestDelegationTokenForProxyUser.testWebHdfsDoAs,4,test order dependency,0,0.8921,5,0.9423,False,False,True,512,512
258,apache_hadoop,TestMetricsSystemImpl.testInitFirstVerifyCallBacks,3,unordered collections,0,0.9231,5,0.939,False,False,True,512,512
262,cdapio_cdap,WorkflowHttpHandlerTest.testWorkflowTokenPut,0,async wait,0,0.7473,5,0.9475,True,False,True,512,512
267,alibaba_fastjson,SortFieldTest.test_1,3,unordered collections,3,0.8637,5,0.9519,True,False,True,180,214
284,apache_cassandra,testWithMismatchingPending,1,concurrency,0,0.9219,5,0.9442,False,False,True,512,512
288,apache_pulsar,MessageIdTest.producerSendAsync,0,async wait,0,0.9178,5,0.9501,True,False,True,512,512
291,trinodb_trino,testAuthenticationFromMultipleThreadsWithCachedToken,1,concurrency,1,0.4803,5,0.9478,True,False,True,391,468
296,apache_pulsar,MessageIdTest.testChecksumReconnection,0,async wait,0,0.9248,5,0.9362,True,False,True,512,512
301,apache_hadoop,TestFairScheduler.testContinuousScheduling,0,async wait,0,0.9211,5,0.9393,True,False,True,468,512
305,apache_ignite,IgnitePdsThreadInterruptionTest.testInterruptsOnLFSRead,1,concurrency,0,0.8635,5,0.9335,False,False,True,512,512
306,apache_pulsar,shouldTerminateWhenFutureIsCancelled,1,concurrency,1,0.5131,5,0.9444,True,False,True,512,512
309,apache_kafka,testForceMetadataRefreshForPatternSubscriptionDuringRebalance,1,concurrency,0,0.8998,5,0.9367,False,False,True,507,512
310,apache_cassandra,testTrackMetadata_rowMarkerDelete,2,time,2,0.7492,5,0.9465,True,False,True,334,399
311,apache_cassandra,testTrackMetadata_rowTombstone,2,time,2,0.741,5,0.9448,True,False,True,366,435
314,apache_hadoop,TestWritableName.testSetName,4,test order dependency,4,0.9255,5,0.9519,True,False,True,85,107
317,apache_druid,KafkaLookupExtractorFactoryTest.testStartStop,1,concurrency,0,0.9138,5,0.9236,False,False,True,512,512
321,apache_hadoop,TestPeerCache.testAddAndRetrieve,4,test order dependency,0,0.9141,5,0.9461,False,False,True,190,240
325,cdapio_cdap,MetadataHttpHandlerTestRun.testSystemMetadataRetrieval,0,async wait,2,0.6997,5,0.9463,False,False,True,512,512
327,apache_hadoop,TestDFSIO.testRead,4,test order dependency,2,0.7879,5,0.941,False,False,True,99,125
328,spring-projects_spring-data-couchbase,MappingCouchbaseConverterTests.writesAndReadsClassContainingCustomConvertedObjects,3,unordered collections,3,0.6531,5,0.9365,True,False,True,512,512
338,apache_hadoop,TestHftpFileSystem.testHftpCustomUriPortWithDefaultPorts,4,test order dependency,0,0.705,5,0.9507,False,False,True,209,247
342,cdapio_cdap,TestFrameworkTestRun.testAppWithServices,1,concurrency,0,0.9229,5,0.9401,False,False,True,512,512
343,OpenAPITools_openapi-generator,AbstractJavaCodegenTest.testAdditionalModelTypeAnnotationsSemiColon,3,unordered collections,4,0.7471,5,0.9512,False,False,True,200,242
349,GoogleCloudPlatform_google-cloud-eclipse,CreateAppEngineStandardWtpProjectTest.testNoTestClassesInDeploymentAssembly,0,async wait,4,0.4775,5,0.9485,False,False,True,331,413
356,cdapio_cdap,MetricsQueryTestRun.testingUserServiceGaugeMetrics,0,async wait,0,0.9207,5,0.9381,True,False,True,278,344
360,apache_hadoop,TestPeerCache.testExpiry,4,test order dependency,0,0.7824,5,0.9397,False,False,True,386,476
366,GoogleCloudPlatform_google-cloud-eclipse,XmlValidatorTest.testValidate_badXml,0,async wait,4,0.8897,5,0.9505,False,False,True,178,216
367,apache_hadoop,TestSecurityUtil.testBuildTokenServiceSockAddr,4,test order dependency,0,0.6384,5,0.951,False,False,True,152,170
368,apache_hadoop,TestDFSIO.testWrite,4,test order dependency,2,0.7888,5,0.9418,False,False,True,100,126
369,apache_pulsar,socketTest,0,async wait,0,0.9154,5,0.933,True,False,True,512,512
281,apache_hadoop,TestOffsetRange.testConstructor1,5,non-flaky,5,0.9456,5,0.9503,True,True,False,45,56
282,apache_hadoop,TestOffsetRange.testConstructor2,5,non-flaky,5,0.9453,5,0.9505,True,True,False,45,56
283,apache_hadoop,TestOffsetRange.testConstructor3,5,non-flaky,5,0.9442,5,0.9502,True,True,False,46,57
284,apache_hadoop,TestOffsetRange.testConstructor4,5,non-flaky,5,0.9456,5,0.9507,True,True,False,45,56
285,apache_hadoop,TestOffsetRange.testCompare,5,non-flaky,5,0.9535,5,0.9529,True,True,False,218,262
286,apache_hadoop,TestReaddir.testReaddirBasic,5,non-flaky,5,0.9503,5,0.9509,True,True,False,512,512
287,apache_hadoop,TestReaddir.testReaddirPlus,5,non-flaky,5,0.9502,5,0.9509,True,True,False,512,512
288,apache_hadoop,TestWrites.testAlterWriteRequest,5,non-flaky,5,0.9511,5,0.9511,True,True,False,512,512
289,apache_hadoop,TestWrites.testCheckCommit,5,non-flaky,5,0.9498,5,0.9511,True,True,False,512,512
290,apache_hadoop,TestWrites.testCheckCommitLargeFileUpload,5,non-flaky,5,0.95,5,0.9511,True,True,False,512,512
291,apache_hadoop,TestWrites.testCheckCommitAixCompatMode,5,non-flaky,5,0.9501,5,0.951,True,True,False,508,512
292,apache_hadoop,TestWrites.testCheckCommitFromRead,5,non-flaky,5,0.95,5,0.9514,True,True,False,512,512
293,apache_hadoop,TestWrites.testCheckCommitFromReadLargeFileUpload,5,non-flaky,5,0.95,5,0.9512,True,True,False,512,512
294,apache_hadoop,TestWrites.testWriteStableHow,5,non-flaky,5,0.9505,5,0.9505,True,True,False,512,512
295,apache_hadoop,TestWrites.testOOOWrites,5,non-flaky,5,0.95,5,0.9504,True,True,False,512,512
296,apache_hadoop,TestWrites.testOverlappingWrites,5,non-flaky,5,0.9501,5,0.9505,True,True,False,512,512
297,apache_hadoop,TestWrites.testCheckSequential,5,non-flaky,5,0.9503,5,0.9512,True,True,False,512,512
298,apache_hadoop,TestNfs3HttpServer.testHttpServer,5,non-flaky,5,0.9494,5,0.9501,True,True,False,239,309
299,apache_hadoop,TestRpcProgramNfs3.testGetattr,5,non-flaky,5,0.9493,5,0.9502,True,True,False,392,480
300,apache_hadoop,TestRpcProgramNfs3.testSetattr,5,non-flaky,5,0.9497,5,0.9507,True,True,False,443,512
301,apache_hadoop,TestRpcProgramNfs3.testLookup,5,non-flaky,5,0.9493,5,0.95,True,True,False,388,477
302,apache_hadoop,TestRpcProgramNfs3.testAccess,5,non-flaky,5,0.9494,5,0.9499,True,True,False,380,469
303,apache_hadoop,TestRpcProgramNfs3.testReadlink,5,non-flaky,5,0.9482,5,0.9502,True,True,False,512,512
304,apache_hadoop,TestRpcProgramNfs3.testRead,5,non-flaky,5,0.9495,5,0.9499,True,True,False,386,480
305,apache_hadoop,TestRpcProgramNfs3.testEncryptedReadWrite,5,non-flaky,5,0.9505,5,0.9503,True,True,False,401,512
306,apache_hadoop,TestRpcProgramNfs3.testWrite,5,non-flaky,5,0.9493,5,0.9501,True,True,False,458,512
307,apache_hadoop,TestRpcProgramNfs3.testCreate,5,non-flaky,5,0.9487,5,0.9501,True,True,False,419,511
308,apache_hadoop,TestRpcProgramNfs3.testMkdir,5,non-flaky,5,0.9484,5,0.9501,True,True,False,476,512
309,apache_hadoop,TestRpcProgramNfs3.testSymlink,5,non-flaky,5,0.9487,5,0.9498,True,True,False,409,502
310,apache_hadoop,TestRpcProgramNfs3.testRemove,5,non-flaky,5,0.9492,5,0.95,True,True,False,387,476
311,apache_hadoop,TestRpcProgramNfs3.testRmdir,5,non-flaky,5,0.9493,5,0.9501,True,True,False,390,479
312,apache_hadoop,TestRpcProgramNfs3.testRename,5,non-flaky,5,0.949,5,0.9502,True,True,False,399,487
313,apache_hadoop,TestRpcProgramNfs3.testReaddir,5,non-flaky,5,0.9492,5,0.95,True,True,False,389,478
314,apache_hadoop,TestRpcProgramNfs3.testReaddirplus,5,non-flaky,5,0.9489,5,0.9502,True,True,False,404,492
315,apache_hadoop,TestRpcProgramNfs3.testFsstat,5,non-flaky,5,0.9492,5,0.9501,True,True,False,390,478
316,apache_hadoop,TestRpcProgramNfs3.testFsinfo,5,non-flaky,5,0.9491,5,0.9501,True,True,False,390,478
317,apache_hadoop,TestRpcProgramNfs3.testPathconf,5,non-flaky,5,0.9496,5,0.9501,True,True,False,394,482
318,apache_hadoop,TestRpcProgramNfs3.testCommit,5,non-flaky,5,0.949,5,0.9498,True,True,False,402,500
319,apache_hadoop,TestRpcProgramNfs3.testIdempotent,5,non-flaky,5,0.9517,5,0.9517,True,True,False,512,512
320,apache_hadoop,TestRpcProgramNfs3.testDeprecatedKeys,5,non-flaky,5,0.9498,5,0.95,True,True,False,512,512
321,apache_hadoop,TestNfs3Utils.testGetAccessRightsForUserGroup,5,non-flaky,5,0.9515,5,0.9519,True,True,False,512,512
322,apache_hadoop,TestDFSClientCache.testEviction,5,non-flaky,5,0.9506,5,0.9504,True,True,False,328,415
323,apache_hadoop,TestDFSClientCache.testGetUserGroupInformationSecure,5,non-flaky,5,0.9514,5,0.9507,True,True,False,310,400
324,apache_hadoop,TestDFSClientCache.testGetUserGroupInformation,5,non-flaky,5,0.9519,5,0.9512,True,True,False,278,351
325,apache_hadoop,TestViewfsWithNfs3.testNumExports,5,non-flaky,5,0.9511,5,0.9518,True,True,False,60,75
326,apache_hadoop,TestViewfsWithNfs3.testPaths,5,non-flaky,5,0.9525,5,0.9522,True,True,False,197,228
327,apache_hadoop,TestViewfsWithNfs3.testFileStatus,5,non-flaky,5,0.9507,5,0.9518,True,True,False,184,220
328,apache_hadoop,TestViewfsWithNfs3.testNfsAccessNN1,5,non-flaky,5,0.9452,5,0.9501,True,True,False,127,146
329,apache_hadoop,TestViewfsWithNfs3.testNfsAccessNN2,5,non-flaky,5,0.9456,5,0.9502,True,True,False,127,146
330,apache_hadoop,TestViewfsWithNfs3.testWrongNfsAccess,5,non-flaky,5,0.948,5,0.9507,True,True,False,174,201
331,apache_hadoop,TestViewfsWithNfs3.testNfsWriteNN1,5,non-flaky,5,0.9464,5,0.9504,True,True,False,114,133
332,apache_hadoop,TestViewfsWithNfs3.testNfsWriteNN2,5,non-flaky,5,0.9469,5,0.9505,True,True,False,114,133
333,apache_hadoop,TestViewfsWithNfs3.testNfsRenameMultiNN,5,non-flaky,5,0.9507,5,0.9514,True,True,False,443,512
334,apache_hadoop,TestViewfsWithNfs3.testNfsRenameSingleNN,5,non-flaky,5,0.951,5,0.9514,True,True,False,363,450
335,apache_hadoop,TestOpenFileCtxCache.testEviction,5,non-flaky,5,0.9499,5,0.9511,True,True,False,512,512
336,apache_hadoop,TestOpenFileCtxCache.testScan,5,non-flaky,5,0.9496,5,0.951,True,True,False,512,512
337,apache_hadoop,TestClientAccessPrivilege.testClientAccessPrivilegeForRemove,5,non-flaky,5,0.9493,5,0.95,True,True,False,382,504
338,apache_hadoop,TestExportsTable.testHdfsExportPoint,5,non-flaky,5,0.951,5,0.95,True,True,False,385,510
339,apache_hadoop,TestExportsTable.testViewFsMultipleExportPoint,5,non-flaky,5,0.9504,5,0.9506,True,True,False,512,512
340,apache_hadoop,TestExportsTable.testViewFsInternalExportPoint,5,non-flaky,5,0.9506,5,0.9508,True,True,False,512,512
341,apache_hadoop,TestExportsTable.testViewFsRootExportPoint,5,non-flaky,5,0.9507,5,0.9509,True,True,False,512,512
342,apache_hadoop,TestExportsTable.testHdfsInternalExportPoint,5,non-flaky,5,0.9509,5,0.9506,True,True,False,498,512
343,apache_hadoop,TestExportsTable.testInvalidFsExport,5,non-flaky,5,0.9509,5,0.95,True,True,False,387,501
344,apache_hadoop,TestMountd.testStart,5,non-flaky,5,0.9475,5,0.9495,True,True,False,512,512
345,apache_hadoop,TestNetworkTopology.testContains,5,non-flaky,5,0.9507,5,0.9518,True,True,False,138,169
346,apache_hadoop,TestNetworkTopology.testNumOfChildren,5,non-flaky,5,0.9486,5,0.9513,True,True,False,44,55
347,apache_hadoop,TestNetworkTopology.testCreateInvalidTopology,5,non-flaky,5,0.9518,5,0.9515,True,True,False,375,454
348,apache_hadoop,TestNetworkTopology.testRacks,5,non-flaky,5,0.9526,5,0.9524,True,True,False,213,248
349,apache_hadoop,TestNetworkTopology.testGetDistance,5,non-flaky,5,0.9527,5,0.9519,True,True,False,460,512
350,apache_hadoop,TestNetworkTopology.testSortByDistance,5,non-flaky,5,0.9522,5,0.952,True,True,False,512,512
351,apache_hadoop,TestNetworkTopology.testRemove,5,non-flaky,5,0.9526,5,0.9519,True,True,False,193,244
352,apache_hadoop,TestNetworkTopology.testChooseRandomExcludedNode,5,non-flaky,5,0.9521,5,0.9521,True,True,False,130,166
353,apache_hadoop,TestNetworkTopology.testChooseRandomExcludedRack,5,non-flaky,5,0.9527,5,0.952,True,True,False,190,237
354,apache_hadoop,TestNetworkTopology.testChooseRandomExcludedNodeList,5,non-flaky,5,0.9524,5,0.9518,True,True,False,512,512
355,apache_hadoop,TestNetworkTopology.testChooseRandomExcludeAllNodes,5,non-flaky,5,0.9527,5,0.9522,True,True,False,189,236
356,apache_hadoop,TestNetworkTopology.testInvalidNetworkTopologiesNotCachedInHdfs,5,non-flaky,5,0.9501,5,0.9507,True,True,False,512,512
357,apache_hadoop,TestPermission.testBackwardCompatibility,5,non-flaky,5,0.9495,5,0.9504,True,True,False,497,512
358,apache_hadoop,TestPermission.testCreate,5,non-flaky,5,0.9496,5,0.9502,True,True,False,512,512
359,apache_hadoop,TestPermission.testFilePermission,5,non-flaky,5,0.9497,5,0.95,True,True,False,512,512
360,apache_hadoop,TestPermissionSymlinks.testDelete,5,non-flaky,5,0.9486,5,0.9509,True,True,False,145,181
361,apache_hadoop,TestPermissionSymlinks.testAclDelete,5,non-flaky,5,0.952,5,0.9516,True,True,False,418,512
362,apache_hadoop,TestPermissionSymlinks.testReadWhenTargetNotReadable,5,non-flaky,5,0.9484,5,0.9509,True,True,False,62,77
363,apache_hadoop,TestPermissionSymlinks.testAclReadTargetNotReadable,5,non-flaky,5,0.9512,5,0.9521,True,True,False,135,166
364,apache_hadoop,TestPermissionSymlinks.testFileStatus,5,non-flaky,5,0.9483,5,0.9508,True,True,False,61,76
365,apache_hadoop,TestPermissionSymlinks.testAclGetFileLinkStatusTargetNotReadable,5,non-flaky,5,0.951,5,0.9519,True,True,False,141,172
366,apache_hadoop,TestPermissionSymlinks.testRenameLinkTargetNotWritableFC,5,non-flaky,5,0.9451,5,0.9504,True,True,False,92,111
367,apache_hadoop,TestPermissionSymlinks.testAclRenameTargetNotWritableFC,5,non-flaky,5,0.9519,5,0.9515,True,True,False,240,291
368,apache_hadoop,TestPermissionSymlinks.testRenameSrcNotWritableFC,5,non-flaky,5,0.946,5,0.9504,True,True,False,69,84
369,apache_hadoop,TestPermissionSymlinks.testAclRenameSrcNotWritableFC,5,non-flaky,5,0.9498,5,0.9514,True,True,False,142,173
370,apache_hadoop,TestPermissionSymlinks.testRenameLinkTargetNotWritableFS,5,non-flaky,5,0.9474,5,0.951,True,True,False,92,111
371,apache_hadoop,TestPermissionSymlinks.testAclRenameTargetNotWritableFS,5,non-flaky,5,0.9521,5,0.9515,True,True,False,240,291
372,apache_hadoop,TestPermissionSymlinks.testRenameSrcNotWritableFS,5,non-flaky,5,0.9476,5,0.951,True,True,False,69,84
373,apache_hadoop,TestPermissionSymlinks.testAclRenameSrcNotWritableFS,5,non-flaky,5,0.9509,5,0.9518,True,True,False,142,173
374,apache_hadoop,TestPermissionSymlinks.run,5,non-flaky,5,0.9521,5,0.9516,True,True,False,217,264
375,apache_hadoop,TestRefreshUserMappings.testGroupMappingRefresh,5,non-flaky,5,0.95,5,0.9508,True,True,False,512,512
376,apache_hadoop,TestRefreshUserMappings.testRefreshSuperUserGroupsConfiguration,5,non-flaky,5,0.9518,5,0.9516,True,True,False,512,512
377,apache_hadoop,TestFcHdfsSetUMask.testMkdirWithExistingDirClear,5,non-flaky,5,0.9395,5,0.9486,True,True,False,58,69
378,apache_hadoop,TestFcHdfsSetUMask.testMkdirWithExistingDirOpen,5,non-flaky,5,0.9391,5,0.9485,True,True,False,64,75
379,apache_hadoop,TestFcHdfsSetUMask.testMkdirWithExistingDirMiddle,5,non-flaky,5,0.9442,5,0.9492,True,True,False,75,90
380,apache_hadoop,TestFcHdfsSetUMask.testMkdirRecursiveWithNonExistingDirClear,5,non-flaky,5,0.9443,5,0.9493,True,True,False,104,123
20912,NationalSecurityAgency_timely,MetricHistogramTest.testMin,5,non-flaky,5,0.9518,5,0.9518,True,True,False,54,65
20913,NationalSecurityAgency_timely,MetricHistogramTest.testMax,5,non-flaky,5,0.9519,5,0.9518,True,True,False,54,65
20914,NationalSecurityAgency_timely,MetricHistogramTest.testAvg,5,non-flaky,5,0.9518,5,0.9512,True,True,False,117,144
20915,NationalSecurityAgency_timely,MetricHistogramTest.testCount,5,non-flaky,5,0.9519,5,0.9517,True,True,False,54,65
20916,NationalSecurityAgency_timely,MetricHistogramTest.test50thPercentile,5,non-flaky,5,0.9513,5,0.9515,True,True,False,61,72
20917,NationalSecurityAgency_timely,MetricHistogramTest.test75thPercentile,5,non-flaky,5,0.9513,5,0.9515,True,True,False,61,72
20918,NationalSecurityAgency_timely,MetricHistogramTest.test90thPercentile,5,non-flaky,5,0.9513,5,0.9515,True,True,False,61,72
20919,NationalSecurityAgency_timely,MetricHistogramTest.test99thPercentile,5,non-flaky,5,0.9513,5,0.9516,True,True,False,61,72
20920,NationalSecurityAgency_timely,MetricHistogramTest.testSerialization,5,non-flaky,5,0.9516,5,0.9514,True,True,False,512,512
20921,NationalSecurityAgency_timely,WriteTimelyPluginTest.testWrite,5,non-flaky,5,0.9498,5,0.9499,True,True,False,204,259
20922,NationalSecurityAgency_timely,WriteTimelyPluginTest.testWriteAfterServerRestart,5,non-flaky,5,0.9497,5,0.9499,True,True,False,512,512
20923,NationalSecurityAgency_timely,MetricParserTest.testParseWithEscapedCharacters,5,non-flaky,5,0.9522,5,0.9516,True,True,False,272,325
20924,NationalSecurityAgency_timely,MetricParserTest.testParseMalformatted,5,non-flaky,5,0.952,5,0.951,True,True,False,153,198
20925,NationalSecurityAgency_timely,TagListParserTest.testListParse,5,non-flaky,5,0.9526,5,0.9515,True,True,False,155,182
20926,NationalSecurityAgency_timely,TagListParserTest.testListCombine,5,non-flaky,5,0.9523,5,0.9517,True,True,False,141,168
20927,NationalSecurityAgency_timely,TagListParserTest.testListCombineMap,5,non-flaky,5,0.9522,5,0.9518,True,True,False,136,163
20928,NationalSecurityAgency_timely,TagListParserTest.testParseTagsWithCommas,5,non-flaky,5,0.952,5,0.9511,True,True,False,148,184
20929,NationalSecurityAgency_timely,MetricTest.testEquals,5,non-flaky,5,0.9513,5,0.951,True,True,False,512,512
20930,NationalSecurityAgency_timely,MetricTest.testJson,5,non-flaky,5,0.9511,5,0.9506,True,True,False,326,404
20931,NationalSecurityAgency_timely,SerializationTest.testBasicAuth,5,non-flaky,5,0.952,5,0.9515,True,True,False,89,112
20932,NationalSecurityAgency_timely,SerializationTest.testCreateSubscription,5,non-flaky,5,0.952,5,0.9515,True,True,False,77,96
20933,NationalSecurityAgency_timely,SerializationTest.testCloseSubscription,5,non-flaky,5,0.9518,5,0.9515,True,True,False,77,96
20934,NationalSecurityAgency_timely,SerializationTest.testAddSubscription,5,non-flaky,5,0.9519,5,0.9514,True,True,False,97,120
20935,NationalSecurityAgency_timely,SerializationTest.testRemoveSubscription,5,non-flaky,5,0.9519,5,0.9514,True,True,False,97,120
20936,NationalSecurityAgency_timely,AuthCacheTest.testSessionIdNull,5,non-flaky,5,0.9508,5,0.9515,True,True,False,53,64
20937,NationalSecurityAgency_timely,AuthCacheTest.testGetAuths,5,non-flaky,5,0.9522,5,0.9517,True,True,False,74,89
20938,NationalSecurityAgency_timely,AuthenticationServiceTest.testBasicAuthenticationFailure,5,non-flaky,5,0.9511,5,0.9515,True,True,False,86,101
20939,NationalSecurityAgency_timely,AuthenticationServiceTest.testBasicAuthenticationLogin,5,non-flaky,5,0.9525,5,0.9516,True,True,False,201,236
20940,NationalSecurityAgency_timely,AuthenticationServiceTest.testX509AuthenticationLogin,5,non-flaky,5,0.9524,5,0.9519,True,True,False,227,266
20941,NationalSecurityAgency_timely,AuthenticationServiceTest.testX509AuthenticationLoginFailed,5,non-flaky,5,0.9528,5,0.9521,True,True,False,241,280
20942,NationalSecurityAgency_timely,TimeSeriesGroupingIteratorTest.testMovingAverage,5,non-flaky,5,0.9525,5,0.9517,True,True,False,277,329
20943,NationalSecurityAgency_timely,TimeSeriesGroupingIteratorTest.testMultipleTimeSeriesMovingAverage,5,non-flaky,5,0.9493,5,0.9488,True,True,False,512,512
20944,NationalSecurityAgency_timely,TimeSeriesGroupingIteratorTest.testTimeSeriesDropOff,5,non-flaky,5,0.9495,5,0.9491,True,True,False,512,512
20945,NationalSecurityAgency_timely,TimeSeriesGroupingIteratorTest.testAdditionalTimeSeries,5,non-flaky,5,0.9496,5,0.9493,True,True,False,512,512
20946,NationalSecurityAgency_timely,TimeSeriesGroupingIteratorTest.testManySparseTimeSeries,5,non-flaky,5,0.9495,5,0.9494,True,True,False,512,512
20947,NationalSecurityAgency_timely,RateIteratorTest.testConstantTimeRate,5,non-flaky,5,0.9525,5,0.9513,True,True,False,266,317
20948,NationalSecurityAgency_timely,RateIteratorTest.testRateWithTimeJitter,5,non-flaky,5,0.9497,5,0.9496,True,True,False,512,512
20949,NationalSecurityAgency_timely,RateIteratorTest.testCounterRate,5,non-flaky,5,0.9496,5,0.9495,True,True,False,512,512
20950,NationalSecurityAgency_timely,RateIteratorTest.testCounterRateWithMax,5,non-flaky,5,0.9499,5,0.9495,True,True,False,512,512
20951,NationalSecurityAgency_timely,RateIteratorTest.testCounterRateWithReset,5,non-flaky,5,0.9499,5,0.9492,True,True,False,512,512
20952,NationalSecurityAgency_timely,MetricAgeOffIteratorTest.testDefaultMissing,5,non-flaky,5,0.9525,5,0.9526,True,True,False,151,178
20953,NationalSecurityAgency_timely,MetricAgeOffIteratorTest.testDefault,5,non-flaky,5,0.9517,5,0.9517,True,True,False,512,512
20954,NationalSecurityAgency_timely,MetricAgeOffIteratorTest.testMixed,5,non-flaky,5,0.9515,5,0.9517,True,True,False,512,512
20955,NationalSecurityAgency_timely,MetricAgeOffIteratorTest.testAgeoffMixed,5,non-flaky,5,0.9512,5,0.9509,True,True,False,512,512
20956,NationalSecurityAgency_timely,MetricAgeOffIteratorTest.testSeekPastEndKey,5,non-flaky,5,0.952,5,0.9518,True,True,False,512,512
20957,NationalSecurityAgency_timely,MetricAgeOffFilterTest.testDefaultMissing,5,non-flaky,5,0.952,5,0.9519,True,True,False,99,118
20958,NationalSecurityAgency_timely,MetricAgeOffFilterTest.testDefault,5,non-flaky,5,0.9519,5,0.9521,True,True,False,512,512
20959,NationalSecurityAgency_timely,MetricAgeOffFilterTest.testMixed,5,non-flaky,5,0.9517,5,0.9518,True,True,False,512,512
20960,NationalSecurityAgency_timely,MetricAgeOffFilterTest.testAgeoffMixed,5,non-flaky,5,0.9519,5,0.9513,True,True,False,512,512
20961,NationalSecurityAgency_timely,TagMatchingTest.testRegex1,5,non-flaky,5,0.9526,5,0.9516,True,True,False,196,239
20962,NationalSecurityAgency_timely,TagMatchingTest.testRegex2,5,non-flaky,5,0.9526,5,0.9516,True,True,False,197,240
20963,NationalSecurityAgency_timely,TagMatchingTest.testRegex3,5,non-flaky,5,0.9527,5,0.9517,True,True,False,201,244
20964,NationalSecurityAgency_timely,TestWrappedGorillaCompressor.testSerialization,5,non-flaky,5,0.9493,5,0.9488,True,True,False,512,512
20965,NationalSecurityAgency_timely,TestWrappedGorillaCompressor.testHDFSWrite,5,non-flaky,5,0.9494,5,0.9491,True,True,False,512,512
20966,NationalSecurityAgency_timely,TestDataStoreCacheIterator.testDownsampleIterator,5,non-flaky,5,0.9495,5,0.9492,True,True,False,512,512
20967,NationalSecurityAgency_timely,TestDataStoreCacheIterator.testRateIterator,5,non-flaky,5,0.9498,5,0.9495,True,True,False,512,512
20968,NationalSecurityAgency_timely,TestGorillaStore.testOne,5,non-flaky,5,0.9492,5,0.9493,True,True,False,512,512
20969,NationalSecurityAgency_timely,TestGorillaStore.testExtentOfStorage,5,non-flaky,5,0.9495,5,0.949,True,True,False,512,512
20970,NationalSecurityAgency_timely,TestMemoryDataStore.testOne,5,non-flaky,5,0.9492,5,0.949,True,True,False,388,486
20971,NationalSecurityAgency_timely,TestMemoryDataStore.testStorage,5,non-flaky,5,0.9491,5,0.9491,True,True,False,392,490
20972,NationalSecurityAgency_timely,TestMemoryDataStore.TestExtentOfStorage,5,non-flaky,5,0.949,5,0.9486,True,True,False,512,512
20973,NationalSecurityAgency_timely,WebSocketRequestDeserializationTest.testCreateDeserialization,5,non-flaky,5,0.9525,5,0.9523,True,True,False,223,270
20974,NationalSecurityAgency_timely,WebSocketRequestDeserializationTest.testRemoveDeserialization,5,non-flaky,5,0.9528,5,0.952,True,True,False,281,336
20975,NationalSecurityAgency_timely,WebSocketRequestDeserializationTest.testCloseDeserialization,5,non-flaky,5,0.9525,5,0.9523,True,True,False,223,270
20976,NationalSecurityAgency_timely,WebSocketRequestDeserializationTest.testAddDeserialization,5,non-flaky,5,0.9528,5,0.9521,True,True,False,332,395
20977,NationalSecurityAgency_timely,WebSocketRequestDeserializationTest.testAddDeserializationWithTime,5,non-flaky,5,0.9522,5,0.9512,True,True,False,396,471
20978,NationalSecurityAgency_timely,WebSocketRequestDeserializationTest.testAddDeserializationWithTimeAndTags,5,non-flaky,5,0.9521,5,0.9515,True,True,False,512,512
20979,NationalSecurityAgency_timely,WebSocketRequestDeserializationTest.testAddDeserializationWithStartAndDelayTimeAndTags,5,non-flaky,5,0.9522,5,0.9516,True,True,False,512,512
20980,NationalSecurityAgency_timely,MetaTest.testToKeys,5,non-flaky,5,0.9529,5,0.9524,True,True,False,176,203
20981,NationalSecurityAgency_timely,SearchLookupResponseTest.testResponse1,5,non-flaky,5,0.9505,5,0.9502,True,True,False,512,512
20982,NationalSecurityAgency_timely,MetricsResponseTest.testGenerateHtml,5,non-flaky,5,0.952,5,0.951,True,True,False,359,414
20983,NationalSecurityAgency_timely,MetricsResponseTest.testGenerateHtmlWithIgnoredTags,5,non-flaky,5,0.952,5,0.9509,True,True,False,380,439
20984,NationalSecurityAgency_timely,SuggestResponseTest.testSuggestResponseEmpty,5,non-flaky,5,0.9522,5,0.9512,True,True,False,90,109
20985,NationalSecurityAgency_timely,SuggestResponseTest.testSuggestResponse,5,non-flaky,5,0.9522,5,0.9515,True,True,False,146,173
20986,NationalSecurityAgency_timely,AggregatorsResponseTest.testAggregatorsResponseEmpty,5,non-flaky,5,0.9522,5,0.9515,True,True,False,96,115
20987,NationalSecurityAgency_timely,AggregatorsResponseTest.testAggregatorsResponse,5,non-flaky,5,0.9522,5,0.9513,True,True,False,136,163
20988,NationalSecurityAgency_timely,QueryResponseTest.testEmptyResponse,5,non-flaky,5,0.9518,5,0.9515,True,True,False,77,92
20989,NationalSecurityAgency_timely,QueryResponseTest.testOneResponse,5,non-flaky,5,0.9524,5,0.9514,True,True,False,309,356
20990,NationalSecurityAgency_timely,MessageFormatTest.testNumberFormat,5,non-flaky,5,0.9485,5,0.9487,True,True,False,227,266
20991,NationalSecurityAgency_timely,MetaKeySetTest.testContents,5,non-flaky,5,0.9527,5,0.952,True,True,False,465,512
20992,NationalSecurityAgency_timely,MetaKeySetTest.testToMutations,5,non-flaky,5,0.952,5,0.9519,True,True,False,512,512
20993,NationalSecurityAgency_timely,AggregationTest.simple,5,non-flaky,5,0.9497,5,0.9493,True,True,False,512,512
20994,NationalSecurityAgency_timely,DownsampleTest.simple,5,non-flaky,5,0.9493,5,0.9494,True,True,False,512,512
20995,NationalSecurityAgency_timely,DownsampleTest.testCombineTrivial,5,non-flaky,5,0.9516,5,0.9508,True,True,False,236,287
20996,NationalSecurityAgency_timely,DownsampleTest.testCombineMissingReport,5,non-flaky,5,0.9516,5,0.9508,True,True,False,271,330
20997,NationalSecurityAgency_timely,DownsampleTest.testDownsampleStartCalculation,5,non-flaky,5,0.9492,5,0.9481,True,True,False,242,304
20998,NationalSecurityAgency_timely,AggregationIteratorTest.simpleGetOneSample,5,non-flaky,5,0.9508,5,0.9503,True,True,False,429,512
20999,NationalSecurityAgency_timely,AggregationIteratorTest.simpleAggregatedSample,5,non-flaky,5,0.9509,5,0.9504,True,True,False,412,487
21000,NationalSecurityAgency_timely,DownsampleIteratorTest.simpleGetOneSample,5,non-flaky,5,0.9508,5,0.9506,True,True,False,378,449
21001,NationalSecurityAgency_timely,DownsampleIteratorTest.simpleGetTwoSamples,5,non-flaky,5,0.9509,5,0.9504,True,True,False,452,512
21002,NationalSecurityAgency_timely,DownsampleIteratorTest.simpleTestDownsampling,5,non-flaky,5,0.9509,5,0.9504,True,True,False,452,512
21003,NationalSecurityAgency_timely,DownsampleIteratorTest.memoryEstimatorTestSmallObjects,5,non-flaky,5,0.949,5,0.9479,True,True,False,512,512
21004,NationalSecurityAgency_timely,DownsampleIteratorTest.memoryEstimatorTestLargeObjects,5,non-flaky,5,0.9492,5,0.9479,True,True,False,512,512
21005,NationalSecurityAgency_timely,DownsampleIteratorTest.testDownsampleCombining,5,non-flaky,5,0.9497,5,0.9502,True,True,False,315,379
21006,NationalSecurityAgency_timely,TimelyTcpIT.testVersion,5,non-flaky,5,0.9502,5,0.9501,True,True,False,401,472
21007,NationalSecurityAgency_timely,TimelyTcpIT.testPut,5,non-flaky,5,0.9502,5,0.9498,True,True,False,512,512
21008,NationalSecurityAgency_timely,TimelyTcpIT.testPutMultiple,5,non-flaky,5,0.9501,5,0.9502,True,True,False,512,512
21009,NationalSecurityAgency_timely,TimelyTcpIT.testPutMultipleBinary,5,non-flaky,5,0.9506,5,0.9505,True,True,False,512,512
21010,NationalSecurityAgency_timely,TimelyTcpIT.testPutInvalidTimestamp,5,non-flaky,5,0.95,5,0.9495,True,True,False,327,382
21011,NationalSecurityAgency_timely,TimelyTcpIT.testPersistence,5,non-flaky,5,0.9491,5,0.9494,True,True,False,512,512
33656,alibaba_fastjson,TestIssue885.testWriteTo,5,non-flaky,5,0.9529,5,0.9526,True,True,False,161,188
33657,alibaba_fastjson,TestIssue885.testWriteToWithPretty,5,non-flaky,5,0.9328,5,0.8746,True,True,False,213,249
33658,alibaba_fastjson,TestIssue885.testReadFrom,5,non-flaky,5,0.9526,5,0.9521,True,True,False,132,159
33659,alibaba_fastjson,SerializeWriterTest.testWriteLiteBasicStr,5,non-flaky,5,0.9498,5,0.9509,True,True,False,74,89
33660,alibaba_fastjson,SerializeWriterTest.testWriteLiteSpecilaStr,5,non-flaky,5,0.9496,5,0.9508,True,True,False,56,67
33661,alibaba_fastjson,SerializeWriterTest.testWriteLargeBasicStr,5,non-flaky,5,0.9515,5,0.9512,True,True,False,139,170
33662,alibaba_fastjson,SerializeWriterTest.testWriteLargeSpecialStr,5,non-flaky,5,0.9514,5,0.9511,True,True,False,134,170
33663,alibaba_fastjson,SerializeWriterTest.test_large,5,non-flaky,5,0.9518,5,0.9512,True,True,False,108,145
33664,alibaba_fastjson,TestParse.testParse,5,non-flaky,5,0.9523,5,0.9515,True,True,False,151,170
33665,alibaba_fastjson,TestIssues569.testBug569,5,non-flaky,5,0.953,5,0.9529,True,True,False,490,512
33666,alibaba_fastjson,TestIssues569.testFixBug569,5,non-flaky,5,0.9529,5,0.9523,True,True,False,234,278
33667,alibaba_fastjson,TestISO8601Date.testBug1884,5,non-flaky,5,0.9503,5,0.9499,True,True,False,342,402
33668,alibaba_fastjson,TestISO8601Date.testBug376,5,non-flaky,5,0.951,5,0.9502,True,True,False,306,376
33669,alibaba_fastjson,IgnoreTypeDeserializer.parseObjectWithNotExistTypeThrowException,5,non-flaky,5,0.9516,5,0.9515,True,True,False,95,110
33670,alibaba_fastjson,IgnoreTypeDeserializer.parseObjectWithNotExistType,5,non-flaky,5,0.9521,5,0.9514,True,True,False,139,162
33671,alibaba_fastjson,IgnoreTypeDeserializer.parseWithNotExistType,5,non-flaky,5,0.952,5,0.9514,True,True,False,152,179
33672,alibaba_fastjson,IgnoreTypeDeserializer.parseWithExistType,5,non-flaky,5,0.952,5,0.9512,True,True,False,154,181
33673,alibaba_fastjson,IgnoreTypeDeserializer.parseObjectWithExistType,5,non-flaky,5,0.952,5,0.9512,True,True,False,135,158
33674,alibaba_fastjson,TestIssue1463.testIssue1463,5,non-flaky,5,0.9522,5,0.9516,True,True,False,140,171
33675,alibaba_fastjson,JSONScannerTest.charArrayCompare1,5,non-flaky,5,0.9532,5,0.9524,True,True,False,205,276
33676,alibaba_fastjson,JSONScannerTest.charArrayCompare3,5,non-flaky,5,0.9532,5,0.9524,True,True,False,209,280
33677,alibaba_fastjson,JSONScannerTest.charArrayCompare4,5,non-flaky,5,0.9533,5,0.9524,True,True,False,205,276
33678,alibaba_fastjson,JSONScannerTest.checkDate1,5,non-flaky,5,0.9535,5,0.9524,True,True,False,309,400
33679,alibaba_fastjson,JSONScannerTest.checkDate2,5,non-flaky,5,0.9534,5,0.9524,True,True,False,312,403
33680,alibaba_fastjson,JSONScannerTest.checkDate3,5,non-flaky,5,0.9534,5,0.9523,True,True,False,310,401
33681,alibaba_fastjson,JSONScannerTest.checkDate4,5,non-flaky,5,0.9534,5,0.9524,True,True,False,310,401
33682,alibaba_fastjson,JSONScannerTest.checkDate5,5,non-flaky,5,0.9533,5,0.9525,True,True,False,319,410
33683,alibaba_fastjson,JSONScannerTest.checkDate6,5,non-flaky,5,0.9532,5,0.9524,True,True,False,321,412
33684,alibaba_fastjson,JSONScannerTest.checkDate7,5,non-flaky,5,0.9534,5,0.9524,True,True,False,311,402
33685,alibaba_fastjson,JSONScannerTest.checkDate8,5,non-flaky,5,0.9534,5,0.9525,True,True,False,317,408
33686,alibaba_fastjson,JSONScannerTest.checkDate9,5,non-flaky,5,0.9535,5,0.9524,True,True,False,309,400
33687,alibaba_fastjson,JSONScannerTest.checkDate10,5,non-flaky,5,0.9533,5,0.9523,True,True,False,312,403
33688,alibaba_fastjson,JSONScannerTest.checkDate11,5,non-flaky,5,0.9535,5,0.9524,True,True,False,309,400
33689,alibaba_fastjson,JSONScannerTest.checkDate12,5,non-flaky,5,0.9533,5,0.9525,True,True,False,317,408
33690,alibaba_fastjson,JSONScannerTest.checkDate13,5,non-flaky,5,0.9534,5,0.9524,True,True,False,309,400
33691,alibaba_fastjson,JSONScannerTest.checkDate14,5,non-flaky,5,0.9532,5,0.9518,True,True,False,314,405
33692,alibaba_fastjson,JSONScannerTest.checkDate15,5,non-flaky,5,0.9534,5,0.9524,True,True,False,312,403
33693,alibaba_fastjson,JSONScannerTest.checkDate16,5,non-flaky,5,0.9534,5,0.9524,True,True,False,314,405
33694,alibaba_fastjson,JSONScannerTest.checkDate17,5,non-flaky,5,0.9534,5,0.9524,True,True,False,313,404
33695,alibaba_fastjson,JSONScannerTest.checkTime1,5,non-flaky,5,0.9526,5,0.9523,True,True,False,512,512
33696,alibaba_fastjson,JSONScannerTest.checkTime2,5,non-flaky,5,0.9526,5,0.9523,True,True,False,512,512
33697,alibaba_fastjson,JSONScannerTest.checkTime3,5,non-flaky,5,0.9526,5,0.9524,True,True,False,512,512
33698,alibaba_fastjson,JSONScannerTest.checkTime4,5,non-flaky,5,0.9526,5,0.9524,True,True,False,512,512
33699,alibaba_fastjson,JSONScannerTest.checkTime5,5,non-flaky,5,0.9527,5,0.9524,True,True,False,512,512
33700,alibaba_fastjson,JSONScannerTest.checkTime6,5,non-flaky,5,0.9526,5,0.9524,True,True,False,512,512
33701,alibaba_fastjson,JSONScannerTest.checkTime7,5,non-flaky,5,0.9526,5,0.9525,True,True,False,512,512
33702,alibaba_fastjson,JSONScannerTest.checkTime8,5,non-flaky,5,0.9526,5,0.9525,True,True,False,512,512
33703,alibaba_fastjson,JSONScannerTest.checkTime9,5,non-flaky,5,0.9527,5,0.9525,True,True,False,512,512
33704,alibaba_fastjson,JSONScannerTest.checkTime10,5,non-flaky,5,0.9525,5,0.9525,True,True,False,512,512
33705,alibaba_fastjson,JSONScannerTest.checkTime11,5,non-flaky,5,0.9525,5,0.9525,True,True,False,512,512
33706,alibaba_fastjson,JSONScannerTest.checkTime12,5,non-flaky,5,0.9524,5,0.9524,True,True,False,512,512
33707,alibaba_fastjson,JSONScannerTest.checkTime13,5,non-flaky,5,0.9524,5,0.9525,True,True,False,512,512
33708,alibaba_fastjson,JSONScannerTest.checkTime14,5,non-flaky,5,0.9524,5,0.9525,True,True,False,512,512
33709,alibaba_fastjson,JSONScannerTest.checkTime15,5,non-flaky,5,0.9524,5,0.9524,True,True,False,512,512
33710,alibaba_fastjson,JSONScannerTest.checkTime16,5,non-flaky,5,0.9525,5,0.9525,True,True,False,512,512
33711,alibaba_fastjson,JSONScannerTest.checkTime17,5,non-flaky,5,0.9524,5,0.9524,True,True,False,512,512
33712,alibaba_fastjson,JSONScannerTest.info1,5,non-flaky,5,0.9523,5,0.9524,True,True,False,395,512
33713,alibaba_fastjson,JSONScannerTest.isEOF1,5,non-flaky,5,0.9523,5,0.9526,True,True,False,345,464
33714,alibaba_fastjson,JSONScannerTest.isEOF2,5,non-flaky,5,0.9523,5,0.9525,True,True,False,344,463
33715,alibaba_fastjson,JSONScannerTest.isEOF3,5,non-flaky,5,0.9523,5,0.9526,True,True,False,345,464
33716,alibaba_fastjson,JSONPathTest.eq1,5,non-flaky,5,0.9529,5,0.952,True,True,False,177,224
33717,alibaba_fastjson,JSONPathTest.eq2,5,non-flaky,5,0.9529,5,0.9521,True,True,False,176,223
33718,alibaba_fastjson,JSONPathTest.isDigitFirst1,5,non-flaky,5,0.9526,5,0.952,True,True,False,160,203
33719,alibaba_fastjson,JSONPathTest.isDigitFirst2,5,non-flaky,5,0.9524,5,0.9519,True,True,False,160,203
33720,alibaba_fastjson,JSONPathTest.isDigitFirst3,5,non-flaky,5,0.9525,5,0.952,True,True,False,162,205
33721,alibaba_fastjson,JSONPathTest.isEOF1,5,non-flaky,5,0.9527,5,0.9526,True,True,False,253,312
33722,alibaba_fastjson,JSONPathTest.isEOF2,5,non-flaky,5,0.9527,5,0.9526,True,True,False,249,308
33723,alibaba_fastjson,TestIssue1763_2.testFixBug1763_2,5,non-flaky,5,0.9528,5,0.9521,True,True,False,196,228
33724,alibaba_fastjson,TestIssue1763_2.testBug1763_2,5,non-flaky,5,0.9527,5,0.952,True,True,False,221,265
33725,alibaba_fastjson,Bug89.testBug89,5,non-flaky,5,0.952,5,0.9509,True,True,False,148,183
33726,alibaba_fastjson,FastJsonJsonViewTest.test_jsonp,5,non-flaky,5,0.9509,5,0.9501,True,True,False,347,439
33727,alibaba_fastjson,FastJsonJsonViewTest.test_jsonp_invalidParam,5,non-flaky,5,0.9511,5,0.9499,True,True,False,343,431
33728,alibaba_fastjson,FastJsonJsonViewTest.test1,5,non-flaky,5,0.9507,5,0.9503,True,True,False,182,221
33729,alibaba_fastjson,FastJsonJsonViewTest.test2,5,non-flaky,5,0.9512,5,0.9507,True,True,False,186,213
33730,alibaba_fastjson,FastJsonHttpMessageConverterCase2Test.isInjectComponent,5,non-flaky,5,0.9504,5,0.9511,True,True,False,76,91
33731,alibaba_fastjson,FastJsonHttpMessageConverterCase2Test.test8,5,non-flaky,5,0.952,5,0.9513,True,True,False,141,160
33732,alibaba_fastjson,FastJsonHttpMessageConverterCase2Test.test8_2,5,non-flaky,5,0.9506,5,0.9499,True,True,False,428,492
33733,alibaba_fastjson,FastJsonViewTest.isInjectComponent,5,non-flaky,5,0.9499,5,0.9508,True,True,False,51,62
33734,alibaba_fastjson,FastJsonViewTest.test1,5,non-flaky,5,0.9519,5,0.9508,True,True,False,184,211
33735,alibaba_fastjson,FastJsonViewTest.test2,5,non-flaky,5,0.9518,5,0.9507,True,True,False,196,223
33736,alibaba_fastjson,FastJsonViewTest.test3,5,non-flaky,5,0.952,5,0.9512,True,True,False,204,227
33737,alibaba_fastjson,FastJsonViewTest.test4,5,non-flaky,5,0.9521,5,0.9513,True,True,False,210,233
33738,alibaba_fastjson,FastJsonViewTest.test5,5,non-flaky,5,0.9521,5,0.9511,True,True,False,242,265
33739,alibaba_fastjson,FastJsonViewTest.test6,5,non-flaky,5,0.9519,5,0.9508,True,True,False,161,184
33740,alibaba_fastjson,FastJsonHttpMessageConverterTest.test1,5,non-flaky,5,0.9506,5,0.9503,True,True,False,275,318
33741,alibaba_fastjson,FastJsonHttpMessageConverterTest.test2,5,non-flaky,5,0.9515,5,0.9507,True,True,False,248,276
33742,alibaba_fastjson,FastJsonHttpMessageConverterTest.test3,5,non-flaky,5,0.9518,5,0.9512,True,True,False,117,130
33743,alibaba_fastjson,FastJsonHttpMessageConverterTest.test4,5,non-flaky,5,0.9515,5,0.9507,True,True,False,193,218
33744,alibaba_fastjson,FastJsonHttpMessageConverterTest.test5,5,non-flaky,5,0.9516,5,0.9503,True,True,False,180,205
33745,alibaba_fastjson,FastJsonHttpMessageConverterTest.test6,5,non-flaky,5,0.9509,5,0.9501,True,True,False,215,240
33746,alibaba_fastjson,FastJsonpHttpMessageConverter4Case2Test.isInjectComponent,5,non-flaky,5,0.9491,5,0.9504,True,True,False,51,62
33747,alibaba_fastjson,FastJsonpHttpMessageConverter4Case2Test.test1,5,non-flaky,5,0.952,5,0.9504,True,True,False,198,249
33748,alibaba_fastjson,FastJsonpHttpMessageConverter4Case2Test.test1_2,5,non-flaky,5,0.952,5,0.9511,True,True,False,284,343
33749,alibaba_fastjson,FastJsonpHttpMessageConverter4Case2Test.test2,5,non-flaky,5,0.9524,5,0.9513,True,True,False,203,236
33750,alibaba_fastjson,FastJsonpHttpMessageConverter4Case2Test.test2_2,5,non-flaky,5,0.9524,5,0.9516,True,True,False,276,317
33751,alibaba_fastjson,FastJsonpHttpMessageConverter4Case2Test.test3,5,non-flaky,5,0.9518,5,0.9513,True,True,False,112,131
33752,alibaba_fastjson,FastJsonpHttpMessageConverter4Case2Test.test3_2,5,non-flaky,5,0.9514,5,0.9513,True,True,False,155,178
33753,alibaba_fastjson,FastJsonpHttpMessageConverter4Case2Test.test4,5,non-flaky,5,0.9519,5,0.9509,True,True,False,166,199
33754,alibaba_fastjson,FastJsonpHttpMessageConverter4Case2Test.test4_2,5,non-flaky,5,0.9519,5,0.9512,True,True,False,292,337
33755,alibaba_fastjson,FastJsonpHttpMessageConverter4Case2Test.test5,5,non-flaky,5,0.9516,5,0.9503,True,True,False,153,186
35660,cdapio_cdap,Spark2Test.testSpark2Service,5,non-flaky,5,0.9507,5,0.9511,True,True,False,295,356
35661,cdapio_cdap,Spark2Test.call,5,non-flaky,5,0.9503,5,0.95,True,True,False,512,512
35662,cdapio_cdap,Spark2Test.testScalaSparkWithObjectStore,5,non-flaky,5,0.9501,5,0.95,True,True,False,199,253
35663,cdapio_cdap,Spark2Test.testScalaSparkCrossNSStream,5,non-flaky,5,0.9522,5,0.9516,True,True,False,512,512
35664,cdapio_cdap,Spark2Test.testScalaSparkCrossNSDataset,5,non-flaky,5,0.9519,5,0.9518,True,True,False,476,512
35665,cdapio_cdap,Spark2Test.testSparkWithLocalFiles,5,non-flaky,5,0.9514,5,0.9512,True,True,False,165,188
35666,cdapio_cdap,Spark2Test.testPySpark,5,non-flaky,5,0.9508,5,0.9506,True,True,False,512,512
35667,cdapio_cdap,IntegrationTestBaseTest.testDeployApplicationInNamespace,5,non-flaky,5,0.951,5,0.952,True,True,False,290,360
35668,cdapio_cdap,IntegrationTestBaseTest.testSQLQuery,5,non-flaky,5,0.951,5,0.9506,True,True,False,512,512
35669,cdapio_cdap,LogBufferWriterTest.testLogBufferWriter,5,non-flaky,5,0.9523,5,0.9517,True,True,False,436,512
35670,cdapio_cdap,LogBufferWriterTest.testFileRotation,5,non-flaky,5,0.9526,5,0.9518,True,True,False,286,354
35671,cdapio_cdap,LogBufferWriterTest.testWritesOnClosedWriter,5,non-flaky,5,0.9528,5,0.9521,True,True,False,272,307
35672,cdapio_cdap,LogBufferRecoveryServiceTest.testLogBufferRecoveryService,5,non-flaky,5,0.9507,5,0.9504,True,True,False,512,512
35673,cdapio_cdap,ConcurrentLogBufferWriterTest.testWrites,5,non-flaky,5,0.9504,5,0.9507,True,True,False,512,512
35674,cdapio_cdap,ConcurrentLogBufferWriterTest.testConcurrentWrites,5,non-flaky,5,0.9505,5,0.9505,True,True,False,512,512
35675,cdapio_cdap,LogBufferHandlerTest.testHandler,5,non-flaky,5,0.9507,5,0.9506,True,True,False,512,512
35676,cdapio_cdap,LogBufferCleanerTest.testLogBufferCleanerService,5,non-flaky,5,0.9514,5,0.9513,True,True,False,512,512
35677,cdapio_cdap,LogBufferReaderTest.testLogReader,5,non-flaky,5,0.9521,5,0.9516,True,True,False,345,443
35678,cdapio_cdap,LogBufferProcessorPipelineTest.testSingleAppender,5,non-flaky,5,0.9508,5,0.9503,True,True,False,512,512
35679,cdapio_cdap,KafkaLogProcessorPipelineTest.testBasicSort,5,non-flaky,5,0.9507,5,0.9504,True,True,False,512,512
35680,cdapio_cdap,KafkaLogProcessorPipelineTest.testRegularFlush,5,non-flaky,5,0.9506,5,0.9503,True,True,False,512,512
35681,cdapio_cdap,KafkaLogProcessorPipelineTest.testMetricsAppender,5,non-flaky,5,0.9514,5,0.9509,True,True,False,512,512
35682,cdapio_cdap,KafkaLogProcessorPipelineTest.testMultiAppenders,5,non-flaky,5,0.9499,5,0.9504,True,True,False,512,512
35683,cdapio_cdap,KafkaOffsetResolverTest.testOutOfOrderEvents,5,non-flaky,5,0.9485,5,0.9491,True,True,False,512,512
35684,cdapio_cdap,KafkaOffsetResolverTest.testInOrderEvents,5,non-flaky,5,0.949,5,0.9494,True,True,False,512,512
35685,cdapio_cdap,TimeEventQueueTest.compare,5,non-flaky,5,0.9504,5,0.9514,True,True,False,428,512
35686,cdapio_cdap,TimeEventQueueTest.testKafkaOffset,5,non-flaky,5,0.9513,5,0.9514,True,True,False,512,512
35687,cdapio_cdap,TimeEventQueueTest.testInvalidPartition,5,non-flaky,5,0.9406,5,0.949,True,True,False,78,93
35688,cdapio_cdap,TimeEventQueueTest.testIllegalRemove,5,non-flaky,5,0.9485,5,0.9514,True,True,False,117,148
35689,cdapio_cdap,TimeEventQueueProcessorTest.test,5,non-flaky,5,0.9488,5,0.949,True,True,False,512,512
35690,cdapio_cdap,LoggersTest.testEffectiveLevel,5,non-flaky,5,0.9517,5,0.9519,True,True,False,512,512
35691,cdapio_cdap,FileMetadataTest.testFileMetadataReadWrite,5,non-flaky,5,0.9502,5,0.9504,True,True,False,512,512
35692,cdapio_cdap,FileMetadataTest.testFileMetadataReadWriteAcrossFormats,5,non-flaky,5,0.9495,5,0.9499,True,True,False,512,512
35693,cdapio_cdap,DistributedLogFrameworkTest.testFramework,5,non-flaky,5,0.9497,5,0.9502,True,True,False,512,512
35694,cdapio_cdap,LoggingEventSerializerTest.testEmptySerialization,5,non-flaky,5,0.9499,5,0.9505,True,True,False,291,356
35695,cdapio_cdap,LoggingEventSerializerTest.testSerialization,5,non-flaky,5,0.9513,5,0.951,True,True,False,512,512
35696,cdapio_cdap,LoggingEventSerializerTest.testOldSystemLoggingContext,5,non-flaky,5,0.9486,5,0.9511,True,True,False,282,339
35697,cdapio_cdap,LoggingEventSerializerTest.testNullSerialization,5,non-flaky,5,0.95,5,0.9509,True,True,False,440,512
35698,cdapio_cdap,LoggingEventSerializerTest.testDecodeTimestamp,5,non-flaky,5,0.9502,5,0.9497,True,True,False,214,280
35699,cdapio_cdap,LoggingEventTest.testSerialize,5,non-flaky,5,0.9502,5,0.9506,True,True,False,512,512
35700,cdapio_cdap,LoggingEventTest.testEmptySerialize,5,non-flaky,5,0.9492,5,0.951,True,True,False,232,277
35701,cdapio_cdap,FileMetadataCleanerTest.testScanAndDeleteNewMetadata,5,non-flaky,5,0.9491,5,0.9491,True,True,False,512,512
35702,cdapio_cdap,FileMetadataCleanerTest.testFileMetadataWithCommonContextPrefix,5,non-flaky,5,0.9515,5,0.951,True,True,False,512,512
35703,cdapio_cdap,FileMetadataCleanerTest.testWithBatchSizeLargerThanNumOfFiles,5,non-flaky,5,0.9508,5,0.9503,True,True,False,512,512
35704,cdapio_cdap,LogCleanerTest.testLogCleanup,5,non-flaky,5,0.9466,5,0.9491,True,True,False,453,512
35705,cdapio_cdap,TestFileLogging.testGetLogNext,5,non-flaky,5,0.9415,5,0.9488,True,True,False,121,144
35706,cdapio_cdap,TestFileLogging.testGetLogPrev,5,non-flaky,5,0.9414,5,0.9487,True,True,False,121,144
35707,cdapio_cdap,TestFileLogging.testGetLog,5,non-flaky,5,0.9515,5,0.9513,True,True,False,512,512
35708,cdapio_cdap,CDAPLogAppenderTest.testCDAPLogAppender,5,non-flaky,5,0.9491,5,0.9499,True,True,False,512,512
35709,cdapio_cdap,CDAPLogAppenderTest.testCDAPLogAppenderRotation,5,non-flaky,5,0.951,5,0.9507,True,True,False,512,512
35710,cdapio_cdap,CDAPLogAppenderTest.testCDAPLogAppenderSizeBasedRotation,5,non-flaky,5,0.9506,5,0.9504,True,True,False,512,512
35711,cdapio_cdap,LogFileManagerTest.testLogFileManager,5,non-flaky,5,0.9506,5,0.9502,True,True,False,512,512
35712,cdapio_cdap,TestDistributedLogReader.testDistributedLogPrevBoth,5,non-flaky,5,0.9456,5,0.9467,True,True,False,271,312
35713,cdapio_cdap,TestDistributedLogReader.testDistributedLogNextBoth,5,non-flaky,5,0.9488,5,0.948,True,True,False,294,339
35714,cdapio_cdap,TestDistributedLogReader.testDistributedLogPrevFile,5,non-flaky,5,0.9461,5,0.9473,True,True,False,268,314
35715,cdapio_cdap,TestDistributedLogReader.testDistributedLogNextFile,5,non-flaky,5,0.9497,5,0.9485,True,True,False,291,341
35716,cdapio_cdap,TestDistributedLogReader.testDistributedLogPrevKafka,5,non-flaky,5,0.9469,5,0.9473,True,True,False,276,322
35717,cdapio_cdap,TestDistributedLogReader.testDistributedLogNextKafka,5,non-flaky,5,0.9498,5,0.9486,True,True,False,299,344
35718,cdapio_cdap,TestKafkaLogging.testGetNext,5,non-flaky,5,0.9442,5,0.9506,True,True,False,147,174
35719,cdapio_cdap,TestKafkaLogging.testGetPrev,5,non-flaky,5,0.9402,5,0.9487,True,True,False,133,156
35720,cdapio_cdap,TestKafkaLogging.apply,5,non-flaky,5,0.9509,5,0.9508,True,True,False,512,512
35721,cdapio_cdap,LocalLogAppenderResilientTest.addStatusEvent,5,non-flaky,5,0.9506,5,0.9508,True,True,False,512,512
35722,cdapio_cdap,LoggingContextMDCTest.testMDC,5,non-flaky,5,0.9527,5,0.9522,True,True,False,512,512
35723,cdapio_cdap,LoggingContextAccessorTest.run,5,non-flaky,5,0.9519,5,0.9516,True,True,False,373,455
35724,cdapio_cdap,LogAppenderInitializerTest.testConfigUpdate,5,non-flaky,5,0.9502,5,0.9507,True,True,False,512,512
35725,cdapio_cdap,TestTMSLogging.testTmsLogAppender,5,non-flaky,5,0.9512,5,0.9509,True,True,False,512,512
35726,cdapio_cdap,RollingLocationLogAppenderTest.testRollingLocationLogAppender,5,non-flaky,5,0.9514,5,0.9506,True,True,False,512,512
35727,cdapio_cdap,RollingLocationLogAppenderTest.testRollOver,5,non-flaky,5,0.9513,5,0.9506,True,True,False,512,512
35728,cdapio_cdap,RollingLocationLogAppenderTest.testFileClose,5,non-flaky,5,0.9514,5,0.9508,True,True,False,512,512
35729,cdapio_cdap,MetricsAdminSubscriberServiceTest.test,5,non-flaky,5,0.95,5,0.95,True,True,False,512,512
35730,cdapio_cdap,MessagingMetricsProcessorManagerServiceTest.persistMetricsTests,5,non-flaky,5,0.9498,5,0.9496,True,True,False,512,512
35731,cdapio_cdap,MetricsProcessorServiceTest.call,5,non-flaky,5,0.9517,5,0.9512,True,True,False,512,512
35732,cdapio_cdap,MetricsQueryHelperTest.testGetResolution,5,non-flaky,5,0.9501,5,0.9499,True,True,False,512,512
35733,cdapio_cdap,TimeseriesIdTest.testEquality,5,non-flaky,5,0.9517,5,0.9524,True,True,False,282,334
35734,cdapio_cdap,AggregatedMetricsCollectionServiceTest.testPublish,5,non-flaky,5,0.952,5,0.9506,True,True,False,512,512
35735,cdapio_cdap,MessagingMetricsCollectionServiceTest.testMessagingPublish,5,non-flaky,5,0.9514,5,0.9508,True,True,False,457,512
35736,cdapio_cdap,RoutingToDataSetsTest.testTypeHandlerRequests,5,non-flaky,5,0.9509,5,0.9521,True,True,False,238,269
35737,cdapio_cdap,RoutingToDataSetsTest.testInstanceHandlerRequests,5,non-flaky,5,0.9523,5,0.9518,True,True,False,246,281
35738,cdapio_cdap,RouterAuditLookUpTest.testCorrectNumberInClassPath,5,non-flaky,5,0.9437,5,0.9504,True,True,False,67,78
35739,cdapio_cdap,RouterAuditLookUpTest.testDataFabricEndpoints,5,non-flaky,5,0.951,5,0.9513,True,True,False,150,177
35740,cdapio_cdap,RouterAuditLookUpTest.testAppFabricEndpoints,5,non-flaky,5,0.9517,5,0.9518,True,True,False,512,512
35741,cdapio_cdap,RouterAuditLookUpTest.testExploreEndpoints,5,non-flaky,5,0.9526,5,0.952,True,True,False,263,306
35742,cdapio_cdap,NettyRouterPipelineAuthTest.testRouterAuthBypass,5,non-flaky,5,0.9525,5,0.9522,True,True,False,426,498
35743,cdapio_cdap,AuditLogTest.testAuditLog,5,non-flaky,5,0.9511,5,0.9506,True,True,False,512,512
35744,cdapio_cdap,RouterMainTest.testGuiceInjection,5,non-flaky,5,0.9491,5,0.9509,True,True,False,109,146
35745,cdapio_cdap,NettyRouterPipelineTest.onCompleted,5,non-flaky,5,0.951,5,0.9505,True,True,False,314,405
35746,cdapio_cdap,NettyRouterPipelineTest.testDeployNTimes,5,non-flaky,5,0.95,5,0.9516,True,True,False,44,59
35747,cdapio_cdap,NettyRouterPipelineTest.channelRead,5,non-flaky,5,0.9511,5,0.9506,True,True,False,399,483
35748,cdapio_cdap,AuthServerAnnounceTest.testEmptyAnnounceAddressURLsConfig,5,non-flaky,5,0.9503,5,0.951,True,True,False,130,165
35749,cdapio_cdap,AuthServerAnnounceTest.testAnnounceURLsConfig,5,non-flaky,5,0.9512,5,0.9508,True,True,False,240,291
35750,cdapio_cdap,NettyRouterTestBase.testRouterSync,5,non-flaky,5,0.9496,5,0.9514,True,True,False,77,96
35751,cdapio_cdap,NettyRouterTestBase.onCompleted,5,non-flaky,5,0.9501,5,0.95,True,True,False,456,512
35752,cdapio_cdap,NettyRouterTestBase.testRouterOneServerDown,5,non-flaky,5,0.9496,5,0.9502,True,True,False,109,150
35753,cdapio_cdap,NettyRouterTestBase.testRouterAllServersDown,5,non-flaky,5,0.9496,5,0.9504,True,True,False,133,182
35754,cdapio_cdap,NettyRouterTestBase.testHostForward,5,non-flaky,5,0.9516,5,0.952,True,True,False,125,148
35755,cdapio_cdap,NettyRouterTestBase.onCompleted,5,non-flaky,5,0.9509,5,0.9504,True,True,False,271,353
35756,cdapio_cdap,NettyRouterTestBase.testConnectionClose,5,non-flaky,5,0.9516,5,0.9516,True,True,False,473,512
35757,cdapio_cdap,NettyRouterTestBase.testConnectionIdleTimeout,5,non-flaky,5,0.9482,5,0.95,True,True,False,512,512
35758,cdapio_cdap,NettyRouterTestBase.testConnectionIdleTimeoutWithMultipleServers,5,non-flaky,5,0.9478,5,0.9498,True,True,False,512,512
35759,cdapio_cdap,NettyRouterTestBase.testExpectContinue,5,non-flaky,5,0.9506,5,0.9507,True,True,False,271,336
38191,palantir_atlasdb,SchemasTest.testGetFullTableName,5,non-flaky,5,0.9527,5,0.952,True,True,False,114,133
38192,palantir_atlasdb,SchemasTest.testGetFullTableNameLegacy,5,non-flaky,5,0.9526,5,0.9519,True,True,False,116,139
38193,palantir_atlasdb,SchemasTest.testGetFullTableNameEmptyNamespace,5,non-flaky,5,0.9524,5,0.9517,True,True,False,120,143
38194,palantir_atlasdb,SchemasTest.testCreateTable,5,non-flaky,5,0.9524,5,0.9517,True,True,False,128,151
38195,palantir_atlasdb,SchemasTest.testCreateTables,5,non-flaky,5,0.9528,5,0.9526,True,True,False,299,346
38196,palantir_atlasdb,SchemasTest.testDeleteTable,5,non-flaky,5,0.952,5,0.9516,True,True,False,103,126
38197,palantir_atlasdb,SchemasTest.testDeleteTablesForSweepSchema,5,non-flaky,5,0.9528,5,0.9519,True,True,False,258,306
38198,palantir_atlasdb,RocksDbKeyValuePerfTest.testWritePerf,5,non-flaky,5,0.9487,5,0.9483,True,True,False,461,512
38199,palantir_atlasdb,RocksDbKeyValueServiceTest.testCreate,5,non-flaky,5,0.9526,5,0.9522,True,True,False,192,223
38200,palantir_atlasdb,RocksDbKeyValueServiceTest.testReadNoExist,5,non-flaky,5,0.9515,5,0.9515,True,True,False,107,126
38201,palantir_atlasdb,RocksDbKeyValueServiceTest.testReadGood,5,non-flaky,5,0.9517,5,0.9508,True,True,False,198,233
38202,palantir_atlasdb,RocksDbKeyValueServiceTest.testReadGood2,5,non-flaky,5,0.9513,5,0.9509,True,True,False,243,282
38203,palantir_atlasdb,RocksDbKeyValueServiceTest.testReadGood3,5,non-flaky,5,0.9519,5,0.951,True,True,False,201,232
38204,palantir_atlasdb,RocksDbKeyValueServiceTest.testReadGood4,5,non-flaky,5,0.9523,5,0.9515,True,True,False,187,218
38205,palantir_atlasdb,RocksDbKeyValueServiceTest.testReadBeforeTime,5,non-flaky,5,0.952,5,0.9514,True,True,False,138,161
38206,palantir_atlasdb,RocksDbKeyValueServiceTest.testGetRow,5,non-flaky,5,0.9527,5,0.9522,True,True,False,212,243
38207,palantir_atlasdb,RocksDbKeyValueServiceTest.testGetRange,5,non-flaky,5,0.9517,5,0.952,True,True,False,512,512
38208,palantir_atlasdb,RocksDbKeyValueServiceTest.testGetRange2,5,non-flaky,5,0.952,5,0.9513,True,True,False,402,469
38209,palantir_atlasdb,RocksDbKeyValueServiceTest.testGetRowCellOverlap,5,non-flaky,5,0.9528,5,0.9524,True,True,False,210,241
38210,palantir_atlasdb,RocksDbKeyValueServiceTest.testGetRangeCellOverlap,5,non-flaky,5,0.9514,5,0.9513,True,True,False,471,512
38211,palantir_atlasdb,RocksDbKeyValueServiceTest.testGetRangeCellOverlap2,5,non-flaky,5,0.9525,5,0.9523,True,True,False,318,373
38212,palantir_atlasdb,RocksDbKeyValueServiceTest.testDoubleWriteToTransactionTable,5,non-flaky,5,0.9515,5,0.9512,True,True,False,336,395
38213,palantir_atlasdb,RocksDbKeyValueServiceTest.testMetadata,5,non-flaky,5,0.9521,5,0.9517,True,True,False,94,113
38214,palantir_atlasdb,RocksDbKeyValueServiceTest.testCreateTables,5,non-flaky,5,0.952,5,0.9517,True,True,False,95,114
38215,palantir_atlasdb,RocksDbKeyValueServiceTest.testLockFile,5,non-flaky,5,0.952,5,0.9514,True,True,False,173,204
38216,palantir_atlasdb,TextUtilsTest.testProperCaseWord,5,non-flaky,5,0.953,5,0.9521,True,True,False,193,224
38217,palantir_atlasdb,TextUtilsTest.testProperCaseWords,5,non-flaky,5,0.9528,5,0.9519,True,True,False,253,292
38218,palantir_atlasdb,TextUtilsTest.testPluralization,5,non-flaky,5,0.9532,5,0.9519,True,True,False,125,148
38219,palantir_atlasdb,TextUtilsTest.testStringForValue,5,non-flaky,5,0.9513,5,0.9513,True,True,False,512,512
38220,palantir_atlasdb,TextUtilsTest.testRemoveAllWhitespace,5,non-flaky,5,0.9527,5,0.9517,True,True,False,116,135
38221,palantir_atlasdb,TextUtilsTest.testTruncateStringToCharLength,5,non-flaky,5,0.9533,5,0.9525,True,True,False,244,279
38222,palantir_atlasdb,TextUtilsTest.testTruncateLabelString,5,non-flaky,5,0.9529,5,0.9524,True,True,False,187,218
38223,palantir_atlasdb,TextUtilsTest.testPropertiesToXML,5,non-flaky,5,0.9523,5,0.9516,True,True,False,450,512
38224,palantir_atlasdb,TextUtilsTest.testMaximalPrefix,5,non-flaky,5,0.9525,5,0.9512,True,True,False,391,481
38225,palantir_atlasdb,TextUtilsTest.testHexConverter,5,non-flaky,5,0.952,5,0.9517,True,True,False,126,145
38226,palantir_atlasdb,TextUtilsTest.testParseDate,5,non-flaky,5,0.9514,5,0.9519,True,True,False,46,61
38227,palantir_atlasdb,TextUtilsTest.testParseDateFeb29,5,non-flaky,5,0.9515,5,0.9519,True,True,False,52,63
38228,palantir_atlasdb,TextUtilsTest.testcleanUTF8String,5,non-flaky,5,0.9523,5,0.9515,True,True,False,133,165
38229,palantir_atlasdb,TextUtilsTest.testHashString,5,non-flaky,5,0.9518,5,0.9505,True,True,False,138,174
38230,palantir_atlasdb,TextUtilsTest.testEncodeDecodeStringUTF8,5,non-flaky,5,0.9523,5,0.9519,True,True,False,138,161
38231,palantir_atlasdb,TextUtilsTest.testEscapeHtmlBasic,5,non-flaky,5,0.9522,5,0.9519,True,True,False,132,151
38232,palantir_atlasdb,TextUtilsTest.testEscapeHtmlWhitespaceHandling,5,non-flaky,5,0.9532,5,0.9522,True,True,False,262,306
38233,palantir_atlasdb,TextUtilsTest.testEscapeHtmlTwoByteUnicode,5,non-flaky,5,0.9522,5,0.9524,True,True,False,127,146
38234,palantir_atlasdb,AbstractAtlasDbKeyValueServiceTest.testGetRowColumnSelection,5,non-flaky,5,0.9521,5,0.9519,True,True,False,512,512
38235,palantir_atlasdb,AbstractAtlasDbKeyValueServiceTest.testGetRowsAllColumns,5,non-flaky,5,0.951,5,0.9497,True,True,False,453,504
38236,palantir_atlasdb,AbstractAtlasDbKeyValueServiceTest.testGetRowsWhenMultipleVersions,5,non-flaky,5,0.9522,5,0.9512,True,True,False,435,512
38237,palantir_atlasdb,AbstractAtlasDbKeyValueServiceTest.testGetRowsWhenMultipleVersionsAndColumnsSelected,5,non-flaky,5,0.9517,5,0.9508,True,True,False,458,512
38238,palantir_atlasdb,AbstractAtlasDbKeyValueServiceTest.testGetWhenMultipleVersions,5,non-flaky,5,0.9519,5,0.9511,True,True,False,486,512
38239,palantir_atlasdb,AbstractAtlasDbKeyValueServiceTest.testGetRowsWithSelectedColumns,5,non-flaky,5,0.951,5,0.9506,True,True,False,455,506
38240,palantir_atlasdb,AbstractAtlasDbKeyValueServiceTest.testGetLatestTimestamps,5,non-flaky,5,0.9523,5,0.9515,True,True,False,208,239
38241,palantir_atlasdb,AbstractAtlasDbKeyValueServiceTest.testGetWithMultipleVersions,5,non-flaky,5,0.9525,5,0.9514,True,True,False,203,234
38242,palantir_atlasdb,AbstractAtlasDbKeyValueServiceTest.testGetAllTableNames,5,non-flaky,5,0.9531,5,0.9523,True,True,False,292,339
38243,palantir_atlasdb,AbstractAtlasDbKeyValueServiceTest.testTableMetadata,5,non-flaky,5,0.9531,5,0.9526,True,True,False,201,228
38244,palantir_atlasdb,AbstractAtlasDbKeyValueServiceTest.testGetRange,5,non-flaky,5,0.9508,5,0.9515,True,True,False,41,52
38245,palantir_atlasdb,AbstractAtlasDbKeyValueServiceTest.testGetAllTimestamps,5,non-flaky,5,0.9524,5,0.9516,True,True,False,481,512
38246,palantir_atlasdb,AbstractAtlasDbKeyValueServiceTest.testDelete,5,non-flaky,5,0.9511,5,0.9507,True,True,False,512,512
38247,palantir_atlasdb,AbstractAtlasDbKeyValueServiceTest.testDeleteMultipleVersions,5,non-flaky,5,0.9526,5,0.9512,True,True,False,313,383
38248,palantir_atlasdb,AbstractAtlasDbKeyValueServiceTest.testPutWithTimestamps,5,non-flaky,5,0.9517,5,0.9508,True,True,False,362,417
38249,palantir_atlasdb,AbstractAtlasDbKeyValueServiceTest.testGetRangeWithHistory,5,non-flaky,5,0.952,5,0.952,True,True,False,87,110
38250,palantir_atlasdb,AbstractAtlasDbKeyValueServiceTest.testGetRangeWithTimestamps,5,non-flaky,5,0.9522,5,0.9519,True,True,False,93,116
38251,palantir_atlasdb,AbstractAtlasDbKeyValueServiceTest.testKeyAlreadyExists,5,non-flaky,5,0.9503,5,0.9503,True,True,False,512,512
38252,palantir_atlasdb,AbstractAtlasDbKeyValueServiceTest.testAddGCSentinelValues,5,non-flaky,5,0.9524,5,0.9514,True,True,False,457,512
38253,palantir_atlasdb,AbstractAtlasDbKeyValueServiceTest.testGetRangeThrowsOnError,5,non-flaky,5,0.9522,5,0.9512,True,True,False,146,177
38254,palantir_atlasdb,AbstractAtlasDbKeyValueServiceTest.testGetRangeWithHistoryThrowsOnError,5,non-flaky,5,0.9522,5,0.9513,True,True,False,152,183
38255,palantir_atlasdb,AbstractAtlasDbKeyValueServiceTest.testGetRangeOfTimestampsThrowsOnError,5,non-flaky,5,0.9522,5,0.9512,True,True,False,158,189
38256,palantir_atlasdb,AbstractAtlasDbKeyValueServiceTest.testCannotModifyValuesAfterWrite,5,non-flaky,5,0.952,5,0.9506,True,True,False,278,351
38257,palantir_atlasdb,AbstractSerializableTransactionTest.testClassicWriteSkew,5,non-flaky,5,0.952,5,0.9512,True,True,False,277,354
38258,palantir_atlasdb,AbstractSerializableTransactionTest.testClassicWriteSkew2,5,non-flaky,5,0.9521,5,0.9514,True,True,False,278,355
38259,palantir_atlasdb,AbstractSerializableTransactionTest.call,5,non-flaky,5,0.951,5,0.9504,True,True,False,343,416
38260,palantir_atlasdb,AbstractSerializableTransactionTest.testClassicWriteSkewCell,5,non-flaky,5,0.952,5,0.9513,True,True,False,278,355
38261,palantir_atlasdb,AbstractSerializableTransactionTest.testClassicWriteSkew2Cell,5,non-flaky,5,0.9521,5,0.9513,True,True,False,279,356
38262,palantir_atlasdb,AbstractSerializableTransactionTest.call,5,non-flaky,5,0.9509,5,0.9504,True,True,False,344,417
38263,palantir_atlasdb,AbstractSerializableTransactionTest.testCycleWithReadOnly,5,non-flaky,5,0.9519,5,0.9514,True,True,False,512,512
38264,palantir_atlasdb,AbstractSerializableTransactionTest.testLargerCycleWithReadOnly,5,non-flaky,5,0.9515,5,0.9509,True,True,False,510,512
38265,palantir_atlasdb,AbstractSerializableTransactionTest.testNonPhantomRead,5,non-flaky,5,0.9524,5,0.9514,True,True,False,264,334
38266,palantir_atlasdb,AbstractSerializableTransactionTest.testPhantomReadFail,5,non-flaky,5,0.9521,5,0.9509,True,True,False,346,436
38267,palantir_atlasdb,AbstractSerializableTransactionTest.testPhantomReadFail2,5,non-flaky,5,0.9519,5,0.9506,True,True,False,340,430
38268,palantir_atlasdb,AbstractSerializableTransactionTest.testCellReadWriteFailure,5,non-flaky,5,0.9521,5,0.9503,True,True,False,339,429
38269,palantir_atlasdb,AbstractSerializableTransactionTest.testCellReadWriteFailure2,5,non-flaky,5,0.9522,5,0.9509,True,True,False,340,430
38270,palantir_atlasdb,AbstractSerializableTransactionTest.testColumnSelection,5,non-flaky,5,0.9526,5,0.9515,True,True,False,300,370
38271,palantir_atlasdb,AbstractSerializableTransactionTest.testColumnSelection2,5,non-flaky,5,0.9528,5,0.9516,True,True,False,338,408
38272,palantir_atlasdb,AbstractTransactionTest.testBigValue,5,non-flaky,5,0.9521,5,0.9517,True,True,False,193,228
38273,palantir_atlasdb,AbstractTransactionTest.testSpecialValues,5,non-flaky,5,0.9527,5,0.9521,True,True,False,198,237
38274,palantir_atlasdb,AbstractTransactionTest.testKeyValueRows,5,non-flaky,5,0.9531,5,0.9523,True,True,False,284,345
38275,palantir_atlasdb,AbstractTransactionTest.testPrimaryKeyViolation,5,non-flaky,5,0.9529,5,0.9519,True,True,False,244,291
38276,palantir_atlasdb,AbstractTransactionTest.testEmptyValue,5,non-flaky,5,0.9531,5,0.9522,True,True,False,278,339
38277,palantir_atlasdb,AbstractTransactionTest.testKeyValueRange,5,non-flaky,5,0.9524,5,0.9517,True,True,False,512,512
38278,palantir_atlasdb,AbstractTransactionTest.testKeyValueEmptyRange,5,non-flaky,5,0.9528,5,0.9523,True,True,False,151,179
38279,palantir_atlasdb,AbstractTransactionTest.testKeyValueRangeColumnSelection,5,non-flaky,5,0.9525,5,0.9516,True,True,False,512,512
38280,palantir_atlasdb,AbstractTransactionTest.testKeyValueRangeWithDeletes,5,non-flaky,5,0.9531,5,0.9521,True,True,False,158,190
38281,palantir_atlasdb,AbstractTransactionTest.testKeyValueRanges,5,non-flaky,5,0.9533,5,0.9524,True,True,False,181,213
38282,palantir_atlasdb,AbstractTransactionTest.testKeyValueRanges2,5,non-flaky,5,0.9533,5,0.9524,True,True,False,349,405
38283,palantir_atlasdb,AbstractTransactionTest.testKeyValueRangesMany3,5,non-flaky,5,0.9532,5,0.9519,True,True,False,256,304
38284,palantir_atlasdb,AbstractTransactionTest.testKeyValueRangeReverse,5,non-flaky,5,0.9531,5,0.9519,True,True,False,276,332
38285,palantir_atlasdb,AbstractTransactionTest.testRangePagingBatches,5,non-flaky,5,0.9523,5,0.9518,True,True,False,230,270
38286,palantir_atlasdb,AbstractTransactionTest.testRangePagingBatchesReverse,5,non-flaky,5,0.9525,5,0.9513,True,True,False,274,326
38287,palantir_atlasdb,AbstractTransactionTest.testRangePagingBatchSizeOne,5,non-flaky,5,0.9528,5,0.9516,True,True,False,287,335
38288,palantir_atlasdb,AbstractTransactionTest.testRangePagingBatchSizeOneReverse,5,non-flaky,5,0.9524,5,0.9515,True,True,False,331,391
38289,palantir_atlasdb,AbstractTransactionTest.testRangePageBatchSizeOne,5,non-flaky,5,0.9527,5,0.9522,True,True,False,185,212
38290,palantir_atlasdb,AbstractTransactionTest.testRangeAfterTimestmap,5,non-flaky,5,0.9532,5,0.9523,True,True,False,235,270
38608,apache_pulsar,PerformanceClientTest.testLoadArguments,5,non-flaky,5,0.9518,5,0.9518,True,True,False,512,512
38609,apache_pulsar,GenerateDocumentionTest.testGenerateDocumention,5,non-flaky,5,0.9505,5,0.9513,True,True,False,51,62
38610,apache_pulsar,GenerateDocumentionTest.testSpecifyModuleName,5,non-flaky,5,0.9512,5,0.9518,True,True,False,78,93
38611,apache_pulsar,PerformanceProducerTest.testMsgKey,5,non-flaky,5,0.9502,5,0.9503,True,True,False,512,512
38612,apache_pulsar,PerformanceProducerTest.testCreatePartitions,5,non-flaky,5,0.9509,5,0.9501,True,True,False,314,373
38613,apache_pulsar,PerformanceProducerTest.testNotExistIMessageFormatter,5,non-flaky,5,0.9484,5,0.9496,True,True,False,89,104
38614,apache_pulsar,PerformanceProducerTest.testDefaultIMessageFormatter,5,non-flaky,5,0.9505,5,0.9508,True,True,False,92,107
38615,apache_pulsar,TestDefaultMessageFormatter.testFormatMessage,5,non-flaky,5,0.9505,5,0.9507,True,True,False,512,512
38616,apache_pulsar,JdbcUtilsTest.TestGetTableId,5,non-flaky,5,0.9518,5,0.9515,True,True,False,512,512
38617,apache_pulsar,SqliteJdbcSinkTest.TestInsertAction,5,non-flaky,5,0.9485,5,0.9499,True,True,False,54,65
38618,apache_pulsar,SqliteJdbcSinkTest.TestNoAction,5,non-flaky,5,0.9504,5,0.9505,True,True,False,47,58
38619,apache_pulsar,SqliteJdbcSinkTest.TestNoActionNullValue,5,non-flaky,5,0.9474,5,0.9494,True,True,False,58,69
38620,apache_pulsar,SqliteJdbcSinkTest.TestNoActionNullValueJson,5,non-flaky,5,0.9493,5,0.9506,True,True,False,62,73
38621,apache_pulsar,SqliteJdbcSinkTest.TestNoActionJson,5,non-flaky,5,0.9498,5,0.9507,True,True,False,58,69
38622,apache_pulsar,SqliteJdbcSinkTest.TestUnknownAction,5,non-flaky,5,0.9513,5,0.9501,True,True,False,174,205
38623,apache_pulsar,SqliteJdbcSinkTest.TestUpdateAction,5,non-flaky,5,0.9519,5,0.9516,True,True,False,512,512
38624,apache_pulsar,SqliteJdbcSinkTest.TestDeleteAction,5,non-flaky,5,0.9515,5,0.9516,True,True,False,512,512
38625,apache_pulsar,TestAbstractConfigurationProvider.testDispoableChannel,5,non-flaky,5,0.9524,5,0.9515,True,True,False,280,335
38626,apache_pulsar,TestAbstractConfigurationProvider.testReusableChannel,5,non-flaky,5,0.9521,5,0.9511,True,True,False,281,351
38627,apache_pulsar,TestAbstractConfigurationProvider.testUnspecifiedChannel,5,non-flaky,5,0.9522,5,0.9513,True,True,False,275,345
38628,apache_pulsar,TestAbstractConfigurationProvider.testReusableChannelNotReusedLater,5,non-flaky,5,0.9519,5,0.9512,True,True,False,493,512
38629,apache_pulsar,TestAbstractConfigurationProvider.testSourceThrowsExceptionDuringConfiguration,5,non-flaky,5,0.9523,5,0.9512,True,True,False,272,327
38630,apache_pulsar,TestAbstractConfigurationProvider.testChannelThrowsExceptionDuringConfiguration,5,non-flaky,5,0.9522,5,0.9511,True,True,False,272,327
38631,apache_pulsar,TestAbstractConfigurationProvider.testSinkThrowsExceptionDuringConfiguration,5,non-flaky,5,0.9523,5,0.9513,True,True,False,274,329
38632,apache_pulsar,TestAbstractConfigurationProvider.testSourceAndSinkThrowExceptionDuringConfiguration,5,non-flaky,5,0.9525,5,0.9516,True,True,False,294,353
38633,apache_pulsar,TestAbstractConfigurationProvider.testSinkSourceMismatchDuringConfiguration,5,non-flaky,5,0.9519,5,0.9513,True,True,False,512,512
38634,apache_pulsar,TestPollingPropertiesFileConfigurationProvider.testPolling,5,non-flaky,5,0.9495,5,0.9493,True,True,False,385,508
38635,apache_pulsar,TestPollingZooKeeperConfigurationProvider.testPolling,5,non-flaky,5,0.9513,5,0.9503,True,True,False,188,250
38636,apache_pulsar,TestApplication.testBasicConfiguration,5,non-flaky,5,0.9507,5,0.9503,True,True,False,452,512
38637,apache_pulsar,TestApplication.testFLUME1854,5,non-flaky,5,0.9509,5,0.9502,True,True,False,415,490
38638,apache_pulsar,TestApplication.answer,5,non-flaky,5,0.95,5,0.9502,True,True,False,310,370
38639,apache_pulsar,TestEnvVarResolverProperties.resolveEnvVar,5,non-flaky,5,0.9518,5,0.9517,True,True,False,103,122
38640,apache_pulsar,TestEnvVarResolverProperties.resolveEnvVars,5,non-flaky,5,0.9523,5,0.9516,True,True,False,157,184
38641,apache_pulsar,TestEnvVarResolverProperties.getProperty,5,non-flaky,5,0.952,5,0.9514,True,True,False,203,243
38642,apache_pulsar,TestStaticZooKeeperConfigurationProvider.testPropertyRead,5,non-flaky,5,0.9507,5,0.9512,True,True,False,42,53
38643,apache_pulsar,TestPropertiesFileConfigurationProvider.testPropertyRead,5,non-flaky,5,0.952,5,0.952,True,True,False,512,512
38644,apache_pulsar,StringSinkTests.TestOpenAndWriteSink,5,non-flaky,5,0.9507,5,0.9501,True,True,False,352,446
38645,apache_pulsar,StringSourceTests.TestOpenAndReadSource,5,non-flaky,5,0.9505,5,0.9503,True,True,False,467,512
38646,apache_pulsar,UtilsTest.testJsonSerialization,5,non-flaky,5,0.9519,5,0.9512,True,True,False,512,512
38647,apache_pulsar,UtilsTest.testFbSerialization,5,non-flaky,5,0.9505,5,0.9501,True,True,False,512,512
38648,apache_pulsar,KinesisSinkTest.testDefaultCredentialProvider,5,non-flaky,5,0.9517,5,0.9511,True,True,False,488,512
38649,apache_pulsar,KinesisSinkTest.testCredentialProvider,5,non-flaky,5,0.9519,5,0.9514,True,True,False,512,512
38650,apache_pulsar,KinesisSinkTest.testCredentialProviderPlugin,5,non-flaky,5,0.9522,5,0.9515,True,True,False,348,413
38651,apache_pulsar,SolrGenericRecordSinkTest.TestOpenAndWriteSink,5,non-flaky,5,0.9512,5,0.9512,True,True,False,512,512
38652,apache_pulsar,SinkTest.testSinkContext,5,non-flaky,5,0.9511,5,0.951,True,True,False,120,153
38653,apache_pulsar,BatchPushSourceTest.testNotifyErrors,5,non-flaky,5,0.9435,5,0.9498,True,True,False,76,91
38654,apache_pulsar,SourceTest.testSinkContext,5,non-flaky,5,0.9508,5,0.9508,True,True,False,113,146
38655,apache_pulsar,ByteBufferSchemaWrapperTest.testGetBytesNoCopy,5,non-flaky,5,0.9527,5,0.9522,True,True,False,133,160
38656,apache_pulsar,ByteBufferSchemaWrapperTest.testGetBytesOffsetZeroDifferentLen,5,non-flaky,5,0.953,5,0.9524,True,True,False,177,212
38657,apache_pulsar,ByteBufferSchemaWrapperTest.testGetBytesOffsetNonZero,5,non-flaky,5,0.9528,5,0.9521,True,True,False,218,265
38658,apache_pulsar,ByteBufferSchemaWrapperTest.testGetBytesOffsetZero,5,non-flaky,5,0.953,5,0.9524,True,True,False,175,210
38659,apache_pulsar,KafkaBytesSourceTest.testNoKeyValueSchema,5,non-flaky,5,0.9525,5,0.9521,True,True,False,512,512
38660,apache_pulsar,KafkaBytesSourceTest.testKeyValueSchema,5,non-flaky,5,0.9529,5,0.9518,True,True,False,158,181
38661,apache_pulsar,KafkaAbstractSinkTest.getInstanceId,5,non-flaky,5,0.9518,5,0.9509,True,True,False,151,182
38662,apache_pulsar,KafkaAbstractSourceTest.testInvalidConfigWillThrownException,5,non-flaky,5,0.9508,5,0.9506,True,True,False,512,512
38663,apache_pulsar,PulsarDatabaseHistoryTest.shouldStartWithEmptyTopicAndStoreDataAndRecoverAllState,5,non-flaky,5,0.951,5,0.9516,True,True,False,67,82
38664,apache_pulsar,PulsarDatabaseHistoryTest.shouldIgnoreUnparseableMessages,5,non-flaky,5,0.9515,5,0.9505,True,True,False,477,512
38665,apache_pulsar,PulsarDatabaseHistoryTest.shouldStopOnUnparseableSQL,5,non-flaky,5,0.9521,5,0.9517,True,True,False,180,208
38666,apache_pulsar,PulsarDatabaseHistoryTest.testExists,5,non-flaky,5,0.952,5,0.9511,True,True,False,318,396
38667,apache_pulsar,InfluxDBGenericRecordSinkTest.openInfluxV1,5,non-flaky,5,0.9518,5,0.9508,True,True,False,243,295
38668,apache_pulsar,InfluxDBGenericRecordSinkTest.openInfluxV2,5,non-flaky,5,0.9519,5,0.9507,True,True,False,260,320
38669,apache_pulsar,InfluxDBGenericRecordSinkTest.openInvalidInfluxConfig,5,non-flaky,5,0.9495,5,0.9501,True,True,False,89,104
38670,apache_pulsar,InfluxDBSinkTest.testJsonSchema,5,non-flaky,5,0.952,5,0.951,True,True,False,342,427
38671,apache_pulsar,InfluxDBSinkTest.testAvroSchema,5,non-flaky,5,0.952,5,0.9515,True,True,False,343,414
38672,apache_pulsar,InfluxDBSinkTest.testOpenWriteCloseAvro,5,non-flaky,5,0.95,5,0.9516,True,True,False,79,94
38673,apache_pulsar,InfluxDBSinkTest.testOpenWriteCloseJson,5,non-flaky,5,0.9513,5,0.9517,True,True,False,75,90
38674,apache_pulsar,InfluxDBSinkConfigTest.testRequiredConfigMissing,5,non-flaky,5,0.9508,5,0.9507,True,True,False,117,140
38675,apache_pulsar,InfluxDBSinkConfigTest.testBatchConfig,5,non-flaky,5,0.9508,5,0.9508,True,True,False,118,141
38676,apache_pulsar,InfluxDBGenericRecordSinkTest.testOpenAndWrite,5,non-flaky,5,0.9511,5,0.9508,True,True,False,512,512
38677,apache_pulsar,RabbitMQSinkTest.TestOpenAndWriteSink,5,non-flaky,5,0.951,5,0.9504,True,True,False,472,512
38678,apache_pulsar,RabbitMQSourceTest.TestOpenAndWriteSink,5,non-flaky,5,0.951,5,0.9505,True,True,False,433,512
38679,apache_pulsar,JsonConverterTests.testAvroToJson,5,non-flaky,5,0.9518,5,0.9514,True,True,False,512,512
38680,apache_pulsar,JsonConverterTests.testLogicalTypesToJson,5,non-flaky,5,0.9511,5,0.9509,True,True,False,512,512
38681,apache_pulsar,RandomExponentialRetryTests.testExponentialWait,5,non-flaky,5,0.9485,5,0.9486,True,True,False,249,288
38682,apache_pulsar,RandomExponentialRetryTests.callWithNoRetries,5,non-flaky,5,0.9491,5,0.949,True,True,False,159,186
38683,apache_pulsar,RandomExponentialRetryTests.callWithExhaustedRetries,5,non-flaky,5,0.9497,5,0.9492,True,True,False,130,149
38684,apache_pulsar,RandomExponentialRetryTests.callWithSomeRetries,5,non-flaky,5,0.9482,5,0.948,True,True,False,248,291
38685,apache_pulsar,ElasticSearchBWCTests.getSchemaType,5,non-flaky,5,0.9519,5,0.9508,True,True,False,347,399
38686,apache_pulsar,ElasticSearchClientTests.testIndexDelete,5,non-flaky,5,0.9506,5,0.9502,True,True,False,502,512
38687,apache_pulsar,ElasticSearchClientTests.testIndexExists,5,non-flaky,5,0.9509,5,0.9504,True,True,False,314,373
38688,apache_pulsar,ElasticSearchClientTests.testTopicToIndexName,5,non-flaky,5,0.9525,5,0.9516,True,True,False,415,475
38689,apache_pulsar,ElasticSearchClientTests.testMalformedDocFails,5,non-flaky,5,0.9513,5,0.9509,True,True,False,512,512
38690,apache_pulsar,ElasticSearchClientTests.testMalformedDocIgnore,5,non-flaky,5,0.9516,5,0.9508,True,True,False,414,481
38691,apache_pulsar,ElasticSearchClientTests.testBulkRetry,5,non-flaky,5,0.9502,5,0.9498,True,True,False,512,512
38692,apache_pulsar,ElasticSearchClientTests.testBulkBlocking,5,non-flaky,5,0.9503,5,0.9501,True,True,False,512,512
38693,apache_pulsar,ElasticSearchSinkTests.getSchema,5,non-flaky,5,0.9514,5,0.9512,True,True,False,52,63
38694,apache_pulsar,ElasticSearchSinkTests.testStripNullNodes,5,non-flaky,5,0.952,5,0.951,True,True,False,227,270
38695,apache_pulsar,ElasticSearchSinkTests.testKeepNullNodes,5,non-flaky,5,0.9522,5,0.9512,True,True,False,235,278
38696,apache_pulsar,ElasticSearchSinkTests.testNullValueFailure,5,non-flaky,5,0.9516,5,0.9513,True,True,False,177,212
38697,apache_pulsar,ElasticSearchSinkTests.testNullValueIgnore,5,non-flaky,5,0.9497,5,0.9506,True,True,False,52,63
38698,apache_pulsar,ElasticSearchSinkTests.testNullValueDelete,5,non-flaky,5,0.9493,5,0.9505,True,True,False,52,63
38699,apache_pulsar,ElasticSearchExtractTests.getTopicName,5,non-flaky,5,0.9526,5,0.9524,True,True,False,512,512
38700,apache_pulsar,ElasticSearchExtractTests.getSchemaType,5,non-flaky,5,0.9525,5,0.9521,True,True,False,512,512
38701,apache_pulsar,ElasticSearchClientSslTests.testSslBasic,5,non-flaky,5,0.9517,5,0.9512,True,True,False,512,512
38702,apache_pulsar,ElasticSearchClientSslTests.testSslWithHostnameVerification,5,non-flaky,5,0.9515,5,0.9513,True,True,False,512,512
38703,apache_pulsar,ElasticSearchClientSslTests.testSslWithClientAuth,5,non-flaky,5,0.9519,5,0.9512,True,True,False,512,512
38704,apache_pulsar,KafkaConnectSourceErrTest.testOpenAndRead,5,non-flaky,5,0.9503,5,0.9504,True,True,False,512,512
38705,apache_pulsar,KafkaConnectSinkTest.smokeTest,5,non-flaky,5,0.951,5,0.95,True,True,False,455,512
38706,apache_pulsar,KafkaConnectSinkTest.seekPauseResumeTest,5,non-flaky,5,0.9509,5,0.9503,True,True,False,512,512
38707,apache_pulsar,KafkaConnectSinkTest.subscriptionTypeTest,5,non-flaky,5,0.9509,5,0.9505,True,True,False,512,512
43026,trinodb_trino,TestDevelopmentLoaderConfig.testDefaults,5,non-flaky,5,0.9517,5,0.9517,True,True,False,148,175
43027,trinodb_trino,TestDevelopmentLoaderConfig.testExplicitPropertyMappings,5,non-flaky,5,0.953,5,0.952,True,True,False,320,381
43028,trinodb_trino,BaseDynamicPartitionPruningTest.testJoinWithEmptyBuildSide,5,non-flaky,5,0.952,5,0.9516,True,True,False,503,512
43029,trinodb_trino,BaseDynamicPartitionPruningTest.testJoinWithSelectiveBuildSide,5,non-flaky,5,0.9519,5,0.9515,True,True,False,512,512
43030,trinodb_trino,BaseDynamicPartitionPruningTest.testJoinWithNonSelectiveBuildSide,5,non-flaky,5,0.9518,5,0.9514,True,True,False,512,512
43031,trinodb_trino,BaseDynamicPartitionPruningTest.testJoinLargeBuildSideRangeDynamicFiltering,5,non-flaky,5,0.9518,5,0.9517,True,True,False,512,512
43032,trinodb_trino,BaseDynamicPartitionPruningTest.testJoinWithMultipleDynamicFiltersOnProbe,5,non-flaky,5,0.9522,5,0.9518,True,True,False,512,512
43033,trinodb_trino,BaseDynamicPartitionPruningTest.testJoinWithImplicitCoercion,5,non-flaky,5,0.952,5,0.9519,True,True,False,512,512
43034,trinodb_trino,BaseDynamicPartitionPruningTest.testSemiJoinWithEmptyBuildSide,5,non-flaky,5,0.9522,5,0.9514,True,True,False,475,512
43035,trinodb_trino,BaseDynamicPartitionPruningTest.testSemiJoinWithSelectiveBuildSide,5,non-flaky,5,0.952,5,0.9514,True,True,False,500,512
43036,trinodb_trino,BaseDynamicPartitionPruningTest.testSemiJoinWithNonSelectiveBuildSide,5,non-flaky,5,0.9517,5,0.9515,True,True,False,512,512
43037,trinodb_trino,BaseDynamicPartitionPruningTest.testSemiJoinLargeBuildSideRangeDynamicFiltering,5,non-flaky,5,0.9518,5,0.9516,True,True,False,512,512
43038,trinodb_trino,BaseDynamicPartitionPruningTest.testRightJoinWithEmptyBuildSide,5,non-flaky,5,0.9523,5,0.9516,True,True,False,480,512
43039,trinodb_trino,BaseDynamicPartitionPruningTest.testRightJoinWithSelectiveBuildSide,5,non-flaky,5,0.952,5,0.9516,True,True,False,505,512
43040,trinodb_trino,BaseDynamicPartitionPruningTest.testRightJoinWithNonSelectiveBuildSide,5,non-flaky,5,0.9518,5,0.9515,True,True,False,512,512
43041,trinodb_trino,BaseConnectorTest.ensureTestNamingConvention,5,non-flaky,5,0.9511,5,0.9508,True,True,False,91,114
43042,trinodb_trino,BaseConnectorTest.testColumnsInReverseOrder,5,non-flaky,5,0.9523,5,0.9521,True,True,False,57,72
43043,trinodb_trino,BaseConnectorTest.testCharVarcharComparison,5,non-flaky,5,0.9524,5,0.9517,True,True,False,512,512
43044,trinodb_trino,BaseConnectorTest.testVarcharCharComparison,5,non-flaky,5,0.9528,5,0.952,True,True,False,512,512
43045,trinodb_trino,BaseConnectorTest.testAggregation,5,non-flaky,5,0.9521,5,0.9518,True,True,False,512,512
43046,trinodb_trino,BaseConnectorTest.testExactPredicate,5,non-flaky,5,0.9532,5,0.9523,True,True,False,146,187
43047,trinodb_trino,BaseConnectorTest.testInListPredicate,5,non-flaky,5,0.9533,5,0.9526,True,True,False,184,225
43048,trinodb_trino,BaseConnectorTest.testIsNullPredicate,5,non-flaky,5,0.9532,5,0.9526,True,True,False,185,230
43049,trinodb_trino,BaseConnectorTest.testLikePredicate,5,non-flaky,5,0.9532,5,0.9524,True,True,False,197,255
43050,trinodb_trino,BaseConnectorTest.testMultipleRangesPredicate,5,non-flaky,5,0.9533,5,0.9527,True,True,False,160,191
43051,trinodb_trino,BaseConnectorTest.testRangePredicate,5,non-flaky,5,0.9534,5,0.9526,True,True,False,158,189
43052,trinodb_trino,BaseConnectorTest.testPredicateReflectedInExplain,5,non-flaky,5,0.953,5,0.9524,True,True,False,157,184
43053,trinodb_trino,BaseConnectorTest.testSortItemsReflectedInExplain,5,non-flaky,5,0.9529,5,0.9524,True,True,False,255,299
43054,trinodb_trino,BaseConnectorTest.testConcurrentScans,5,non-flaky,5,0.9529,5,0.9521,True,True,False,103,122
43055,trinodb_trino,BaseConnectorTest.testSelectAll,5,non-flaky,5,0.9518,5,0.9517,True,True,False,44,59
43056,trinodb_trino,BaseConnectorTest.testJoinWithEmptySides,5,non-flaky,5,0.9533,5,0.9522,True,True,False,284,323
43057,trinodb_trino,BaseConnectorTest.testJoin,5,non-flaky,5,0.9517,5,0.9517,True,True,False,512,512
43058,trinodb_trino,BaseConnectorTest.testDescribeTable,5,non-flaky,5,0.9526,5,0.952,True,True,False,415,478
43059,trinodb_trino,BaseConnectorTest.testMaterializedView,5,non-flaky,5,0.9524,5,0.9517,True,True,False,512,512
43060,trinodb_trino,BaseConnectorTest.testRenameMaterializedView,5,non-flaky,5,0.9521,5,0.9517,True,True,False,512,512
43061,trinodb_trino,BaseConnectorTest.testViewAndMaterializedViewTogether,5,non-flaky,5,0.9526,5,0.9518,True,True,False,512,512
43062,trinodb_trino,BaseConnectorTest.testExplainAnalyze,5,non-flaky,5,0.9531,5,0.9524,True,True,False,507,512
43063,trinodb_trino,BaseConnectorTest.testExplainAnalyzeVerbose,5,non-flaky,5,0.9524,5,0.9522,True,True,False,153,176
43064,trinodb_trino,BaseConnectorTest.testTableSampleSystem,5,non-flaky,5,0.9532,5,0.9523,True,True,False,226,270
43065,trinodb_trino,BaseConnectorTest.testTableSampleWithFiltering,5,non-flaky,5,0.9533,5,0.9523,True,True,False,288,332
43066,trinodb_trino,BaseConnectorTest.testShowCreateTable,5,non-flaky,5,0.9523,5,0.9524,True,True,False,492,512
43067,trinodb_trino,BaseConnectorTest.testSelectInformationSchemaTables,5,non-flaky,5,0.9523,5,0.9522,True,True,False,512,512
43068,trinodb_trino,BaseConnectorTest.testSelectInformationSchemaColumns,5,non-flaky,5,0.9527,5,0.9526,True,True,False,512,512
43069,trinodb_trino,BaseConnectorTest.testShowCreateInformationSchema,5,non-flaky,5,0.9522,5,0.952,True,True,False,126,149
43070,trinodb_trino,BaseConnectorTest.testShowCreateInformationSchemaTable,5,non-flaky,5,0.9536,5,0.9531,True,True,False,337,381
43071,trinodb_trino,BaseConnectorTest.testRollback,5,non-flaky,5,0.9518,5,0.9506,True,True,False,286,352
43072,trinodb_trino,BaseConnectorTest.testWriteNotAllowedInTransaction,5,non-flaky,5,0.9526,5,0.9522,True,True,False,446,511
43073,trinodb_trino,BaseConnectorTest.testRenameSchema,5,non-flaky,5,0.952,5,0.9509,True,True,False,457,512
43074,trinodb_trino,BaseConnectorTest.testRenameTableAcrossSchema,5,non-flaky,5,0.9519,5,0.9514,True,True,False,512,512
43075,trinodb_trino,BaseConnectorTest.testInsertIntoNotNullColumn,5,non-flaky,5,0.9526,5,0.9519,True,True,False,512,512
43076,trinodb_trino,BaseConnectorTest.verifySupportsDeleteDeclaration,5,non-flaky,5,0.9527,5,0.9522,True,True,False,211,259
43077,trinodb_trino,BaseConnectorTest.verifySupportsRowLevelDeleteDeclaration,5,non-flaky,5,0.9528,5,0.952,True,True,False,229,277
43078,trinodb_trino,BaseConnectorTest.testDeleteAllDataFromTable,5,non-flaky,5,0.9527,5,0.9523,True,True,False,207,242
43079,trinodb_trino,BaseConnectorTest.testRowLevelDelete,5,non-flaky,5,0.9526,5,0.9522,True,True,False,230,265
43080,trinodb_trino,BaseConnectorTest.testUpdate,5,non-flaky,5,0.9517,5,0.9515,True,True,False,512,512
43081,trinodb_trino,BaseConnectorTest.testUpdateRowConcurrently,5,non-flaky,5,0.9509,5,0.9514,True,True,False,47,54
43082,trinodb_trino,BaseConnectorTest.testTruncateTable,5,non-flaky,5,0.9527,5,0.9517,True,True,False,244,301
43083,trinodb_trino,BaseConnectorTest.testMaterializedViewColumnName,5,non-flaky,5,0.9525,5,0.952,True,True,False,149,185
43084,trinodb_trino,AbstractTestIntegrationSmokeTest.ensureDistributedQueryRunner,5,non-flaky,5,0.952,5,0.9518,True,True,False,86,105
43085,trinodb_trino,AbstractTestIntegrationSmokeTest.testColumnsInReverseOrder,5,non-flaky,5,0.9523,5,0.9521,True,True,False,57,72
43086,trinodb_trino,AbstractTestIntegrationSmokeTest.testAggregation,5,non-flaky,5,0.9521,5,0.9518,True,True,False,512,512
43087,trinodb_trino,AbstractTestIntegrationSmokeTest.testExactPredicate,5,non-flaky,5,0.9532,5,0.9523,True,True,False,146,187
43088,trinodb_trino,AbstractTestIntegrationSmokeTest.testInListPredicate,5,non-flaky,5,0.9533,5,0.9526,True,True,False,184,225
43089,trinodb_trino,AbstractTestIntegrationSmokeTest.testIsNullPredicate,5,non-flaky,5,0.9532,5,0.9526,True,True,False,185,230
43090,trinodb_trino,AbstractTestIntegrationSmokeTest.testLikePredicate,5,non-flaky,5,0.9532,5,0.9524,True,True,False,197,255
43091,trinodb_trino,AbstractTestIntegrationSmokeTest.testLimit,5,non-flaky,5,0.9525,5,0.9526,True,True,False,58,73
43092,trinodb_trino,AbstractTestIntegrationSmokeTest.testMultipleRangesPredicate,5,non-flaky,5,0.9533,5,0.9527,True,True,False,160,191
43093,trinodb_trino,AbstractTestIntegrationSmokeTest.testRangePredicate,5,non-flaky,5,0.9534,5,0.9526,True,True,False,158,189
43094,trinodb_trino,AbstractTestIntegrationSmokeTest.testConcurrentScans,5,non-flaky,5,0.9529,5,0.9521,True,True,False,103,122
43095,trinodb_trino,AbstractTestIntegrationSmokeTest.testSelectAll,5,non-flaky,5,0.9518,5,0.9517,True,True,False,44,59
43096,trinodb_trino,AbstractTestIntegrationSmokeTest.testJoinWithEmptySides,5,non-flaky,5,0.9533,5,0.9522,True,True,False,284,323
43097,trinodb_trino,AbstractTestIntegrationSmokeTest.testJoin,5,non-flaky,5,0.9517,5,0.9517,True,True,False,512,512
43098,trinodb_trino,AbstractTestIntegrationSmokeTest.testShowSchemas,5,non-flaky,5,0.9519,5,0.9516,True,True,False,142,179
43099,trinodb_trino,AbstractTestIntegrationSmokeTest.testShowTables,5,non-flaky,5,0.9519,5,0.9518,True,True,False,147,178
43100,trinodb_trino,AbstractTestIntegrationSmokeTest.testDescribeTable,5,non-flaky,5,0.9526,5,0.952,True,True,False,415,478
43101,trinodb_trino,AbstractTestIntegrationSmokeTest.testExplainAnalyze,5,non-flaky,5,0.9531,5,0.9524,True,True,False,507,512
43102,trinodb_trino,AbstractTestIntegrationSmokeTest.testExplainAnalyzeVerbose,5,non-flaky,5,0.9524,5,0.9522,True,True,False,153,176
43103,trinodb_trino,AbstractTestIntegrationSmokeTest.testTableSampleSystem,5,non-flaky,5,0.9532,5,0.9523,True,True,False,226,270
43104,trinodb_trino,AbstractTestIntegrationSmokeTest.testTableSampleWithFiltering,5,non-flaky,5,0.9533,5,0.9523,True,True,False,288,332
43105,trinodb_trino,AbstractTestIntegrationSmokeTest.testShowCreateTable,5,non-flaky,5,0.9522,5,0.9523,True,True,False,489,512
43106,trinodb_trino,AbstractTestIntegrationSmokeTest.testSelectInformationSchemaTables,5,non-flaky,5,0.9523,5,0.9522,True,True,False,512,512
43107,trinodb_trino,AbstractTestIntegrationSmokeTest.testSelectInformationSchemaColumns,5,non-flaky,5,0.9527,5,0.9526,True,True,False,512,512
43108,trinodb_trino,BaseConnectorSmokeTest.ensureDistributedQueryRunner,5,non-flaky,5,0.952,5,0.9518,True,True,False,86,105
43109,trinodb_trino,BaseConnectorSmokeTest.ensureTestNamingConvention,5,non-flaky,5,0.951,5,0.9507,True,True,False,93,116
43110,trinodb_trino,BaseConnectorSmokeTest.testSelect,5,non-flaky,5,0.9517,5,0.9517,True,True,False,43,58
43111,trinodb_trino,BaseConnectorSmokeTest.testPredicate,5,non-flaky,5,0.9532,5,0.9527,True,True,False,107,130
43112,trinodb_trino,BaseConnectorSmokeTest.testLimit,5,non-flaky,5,0.9521,5,0.9521,True,True,False,46,61
43113,trinodb_trino,BaseConnectorSmokeTest.testTopN,5,non-flaky,5,0.9521,5,0.952,True,True,False,51,66
43114,trinodb_trino,BaseConnectorSmokeTest.testAggregation,5,non-flaky,5,0.9525,5,0.9522,True,True,False,72,91
43115,trinodb_trino,BaseConnectorSmokeTest.testHaving,5,non-flaky,5,0.9522,5,0.952,True,True,False,73,88
43116,trinodb_trino,BaseConnectorSmokeTest.testJoin,5,non-flaky,5,0.9523,5,0.9521,True,True,False,64,79
43117,trinodb_trino,BaseConnectorSmokeTest.testCreateTable,5,non-flaky,5,0.9526,5,0.9518,True,True,False,232,284
43118,trinodb_trino,BaseConnectorSmokeTest.testCreateTableAsSelect,5,non-flaky,5,0.9527,5,0.9518,True,True,False,286,338
43119,trinodb_trino,BaseConnectorSmokeTest.testInsert,5,non-flaky,5,0.9526,5,0.9519,True,True,False,355,424
43120,trinodb_trino,BaseConnectorSmokeTest.verifySupportsDeleteDeclaration,5,non-flaky,5,0.9527,5,0.9522,True,True,False,211,259
43121,trinodb_trino,BaseConnectorSmokeTest.verifySupportsRowLevelDeleteDeclaration,5,non-flaky,5,0.9528,5,0.952,True,True,False,229,277
43122,trinodb_trino,BaseConnectorSmokeTest.testDeleteAllDataFromTable,5,non-flaky,5,0.9527,5,0.9523,True,True,False,208,243
43123,trinodb_trino,BaseConnectorSmokeTest.testRowLevelDelete,5,non-flaky,5,0.953,5,0.9521,True,True,False,353,404
43124,trinodb_trino,BaseConnectorSmokeTest.testUpdate,5,non-flaky,5,0.9522,5,0.9511,True,True,False,357,421
43125,trinodb_trino,BaseConnectorSmokeTest.testCreateSchema,5,non-flaky,5,0.9523,5,0.9515,True,True,False,271,327
60862,apache_druid,DistinctCountTopNQueryTest.testTopNWithDistinctCountAgg,5,non-flaky,5,0.951,5,0.9508,True,True,False,512,512
60863,apache_druid,DistinctCountTimeseriesQueryTest.testTimeseriesWithDistinctCountAgg,5,non-flaky,5,0.951,5,0.9507,True,True,False,512,512
60864,apache_druid,DistinctCountGroupByQueryTest.testGroupByWithDistinctCountAgg,5,non-flaky,5,0.951,5,0.9507,True,True,False,512,512
60865,apache_druid,RedisCacheConfigTest.testClusterPriority,5,non-flaky,5,0.9509,5,0.9508,True,True,False,469,512
60866,apache_druid,RedisCacheConfigTest.testClusterInvalidNode,5,non-flaky,5,0.9525,5,0.9519,True,True,False,226,298
60867,apache_druid,RedisCacheConfigTest.testClusterLackOfPort,5,non-flaky,5,0.9526,5,0.9517,True,True,False,221,293
60868,apache_druid,RedisCacheConfigTest.testInvalidClusterNodePort0,5,non-flaky,5,0.9527,5,0.9518,True,True,False,227,299
60869,apache_druid,RedisCacheConfigTest.testInvalidClusterNodePort65536,5,non-flaky,5,0.9528,5,0.9518,True,True,False,229,301
60870,apache_druid,RedisCacheConfigTest.testNoClusterAndHost,5,non-flaky,5,0.9526,5,0.9518,True,True,False,171,231
60871,apache_druid,RedisClusterCacheTest.testConfig,5,non-flaky,5,0.95,5,0.9505,True,True,False,157,193
60872,apache_druid,RedisClusterCacheTest.testCache,5,non-flaky,5,0.9532,5,0.9524,True,True,False,512,512
60873,apache_druid,RedisStandaloneCacheTest.testBasicInjection,5,non-flaky,5,0.9521,5,0.9513,True,True,False,512,512
60874,apache_druid,RedisStandaloneCacheTest.testSimpleInjection,5,non-flaky,5,0.9526,5,0.9515,True,True,False,393,473
60875,apache_druid,RedisStandaloneCacheTest.testSanity,5,non-flaky,5,0.9531,5,0.9518,True,True,False,333,419
60876,apache_druid,RedisStandaloneCacheTest.testGetBulk,5,non-flaky,5,0.9539,5,0.9527,True,True,False,317,412
60877,apache_druid,InfluxParserTest.testParse,5,non-flaky,5,0.953,5,0.9517,True,True,False,323,398
60878,apache_druid,InfluxParserTest.testParseWhitelistPass,5,non-flaky,5,0.952,5,0.9522,True,True,False,163,190
60879,apache_druid,InfluxParserTest.testParseWhitelistFail,5,non-flaky,5,0.953,5,0.9522,True,True,False,203,259
60880,apache_druid,InfluxParserTest.testParseFailures,5,non-flaky,5,0.9526,5,0.9521,True,True,False,155,207
60881,apache_druid,MaterializedViewSupervisorTest.testCheckSegments,5,non-flaky,5,0.951,5,0.9505,True,True,False,512,512
60882,apache_druid,MaterializedViewSupervisorTest.testCheckSegmentsAndSubmitTasks,5,non-flaky,5,0.9515,5,0.9509,True,True,False,512,512
60883,apache_druid,MaterializedViewSupervisorTest.testCreateTask,5,non-flaky,5,0.9521,5,0.9507,True,True,False,353,450
60884,apache_druid,MaterializedViewSupervisorTest.testSuspendedDoesntRun,5,non-flaky,5,0.9525,5,0.9521,True,True,False,512,512
60885,apache_druid,DerivativeDataSourceMetadataTest.testEmptyBaseDataSource,5,non-flaky,5,0.953,5,0.952,True,True,False,176,219
60886,apache_druid,DerivativeDataSourceMetadataTest.testNullBaseDataSource,5,non-flaky,5,0.953,5,0.9519,True,True,False,176,219
60887,apache_druid,MaterializedViewSupervisorSpecTest.testSupervisorSerialization,5,non-flaky,5,0.9506,5,0.951,True,True,False,512,512
60888,apache_druid,MaterializedViewSupervisorSpecTest.call,5,non-flaky,5,0.9508,5,0.9506,True,True,False,512,512
60889,apache_druid,MaterializedViewSupervisorSpecTest.testSuspendResuume,5,non-flaky,5,0.9503,5,0.9505,True,True,False,512,512
60890,apache_druid,MaterializedViewSupervisorSpecTest.testEmptyBaseDataSource,5,non-flaky,5,0.9521,5,0.9523,True,True,False,512,512
60891,apache_druid,MaterializedViewSupervisorSpecTest.testNullBaseDataSource,5,non-flaky,5,0.9521,5,0.9523,True,True,False,512,512
60892,apache_druid,KafkaEmitterTest.testKafkaEmitter,5,non-flaky,5,0.951,5,0.9511,True,True,False,512,512
60893,apache_druid,KafkaEmitterConfigTest.testSerDeserKafkaEmitterConfig,5,non-flaky,5,0.9528,5,0.952,True,True,False,231,278
60894,apache_druid,KafkaEmitterConfigTest.testSerDeserKafkaEmitterConfigNullRequestTopic,5,non-flaky,5,0.9527,5,0.9521,True,True,False,232,279
60895,apache_druid,KafkaEmitterConfigTest.testSerDeNotRequiredKafkaProducerConfig,5,non-flaky,5,0.9518,5,0.9515,True,True,False,176,231
60896,apache_druid,KafkaEmitterConfigTest.testJacksonModules,5,non-flaky,5,0.948,5,0.9511,True,True,False,45,60
60897,apache_druid,ThriftInputRowParserTest.testGetThriftClass,5,non-flaky,5,0.9515,5,0.9522,True,True,False,220,268
60898,apache_druid,ThriftInputRowParserTest.testParse,5,non-flaky,5,0.9526,5,0.9516,True,True,False,363,474
60899,apache_druid,ThriftInputRowParserTest.testDisableJavaScript,5,non-flaky,5,0.9528,5,0.9522,True,True,False,419,512
60900,apache_druid,MovingAverageIterableTest.testNext,5,non-flaky,5,0.9521,5,0.9524,True,True,False,512,512
60901,apache_druid,MovingAverageIterableTest.testAveraging,5,non-flaky,5,0.9525,5,0.9522,True,True,False,512,512
60902,apache_druid,MovingAverageIterableTest.testCompleteData,5,non-flaky,5,0.9527,5,0.9522,True,True,False,512,512
60903,apache_druid,MovingAverageIterableTest.testMissingDataAtBeginning,5,non-flaky,5,0.9528,5,0.9523,True,True,False,512,512
60904,apache_druid,MovingAverageIterableTest.testMissingDataAtTheEnd,5,non-flaky,5,0.9528,5,0.9524,True,True,False,512,512
60905,apache_druid,MovingAverageIterableTest.testMissingDataAtMiddle,5,non-flaky,5,0.953,5,0.9525,True,True,False,512,512
60906,apache_druid,MovingAverageIterableTest.testMissingDaysAtBegining,5,non-flaky,5,0.9523,5,0.9522,True,True,False,512,512
60907,apache_druid,MovingAverageIterableTest.testMissingDaysInMiddle,5,non-flaky,5,0.9525,5,0.9518,True,True,False,512,512
60908,apache_druid,MovingAverageIterableTest.testWithFilteredAggregation,5,non-flaky,5,0.9529,5,0.9524,True,True,False,512,512
60909,apache_druid,MovingAverageIterableTest.testMissingDaysAtEnd,5,non-flaky,5,0.9524,5,0.9519,True,True,False,512,512
60910,apache_druid,PostAveragerAggregatorCalculatorTest.testApply,5,non-flaky,5,0.9528,5,0.9515,True,True,False,102,139
60911,apache_druid,PostAveragerAggregatorCalculatorTest.testApplyMissingColumn,5,non-flaky,5,0.9529,5,0.9515,True,True,False,104,141
60912,apache_druid,DoubleMaxAveragerFactoryTest.testCreateAverager,5,non-flaky,5,0.9486,5,0.9514,True,True,False,85,104
60913,apache_druid,DoubleMinAveragerFactoryTest.testCreateAverager,5,non-flaky,5,0.9492,5,0.9516,True,True,False,85,104
60914,apache_druid,DoubleSumAveragerFactoryTest.testCreateAverager,5,non-flaky,5,0.9498,5,0.9517,True,True,False,85,104
60915,apache_druid,LongMaxAveragerFactoryTest.testCreateAverager,5,non-flaky,5,0.9486,5,0.9515,True,True,False,85,104
60916,apache_druid,LongMeanNoNullAveragerFactoryTest.testCreateAverager,5,non-flaky,5,0.949,5,0.9517,True,True,False,91,110
60917,apache_druid,LongMinAveragerFactoryTest.testCreateAverager,5,non-flaky,5,0.9482,5,0.9514,True,True,False,85,104
60918,apache_druid,DoubleSumAveragerTest.testComputeResult,5,non-flaky,5,0.9531,5,0.952,True,True,False,380,482
60919,apache_druid,LongMeanNoNullAveragerTest.testComputeResult,5,non-flaky,5,0.9529,5,0.952,True,True,False,376,473
60920,apache_druid,DoubleMaxAveragerTest.testComputeResult,5,non-flaky,5,0.953,5,0.9519,True,True,False,388,485
60921,apache_druid,DoubleMeanAveragerTest.testComputeResult,5,non-flaky,5,0.9531,5,0.952,True,True,False,380,477
60922,apache_druid,DoubleMeanNoNullAveragerFactoryTest.testCreateAverager,5,non-flaky,5,0.9496,5,0.9518,True,True,False,91,110
60923,apache_druid,BaseAveragerFactoryTest.testGetDependentFields,5,non-flaky,5,0.9526,5,0.9524,True,True,False,83,106
60924,apache_druid,BaseAveragerFactoryTest.testFinalization,5,non-flaky,5,0.9525,5,0.9519,True,True,False,53,72
60925,apache_druid,DoubleMeanNoNullAveragerTest.testComputeResult,5,non-flaky,5,0.9528,5,0.9521,True,True,False,512,512
60926,apache_druid,LongSumAveragerTest.testComputeResult,5,non-flaky,5,0.9532,5,0.9521,True,True,False,372,469
60927,apache_druid,LongMeanAveragerFactoryTest.testCreateAverager,5,non-flaky,5,0.9486,5,0.9515,True,True,False,87,106
60928,apache_druid,LongSumAveragerFactoryTest.testCreateAverager,5,non-flaky,5,0.9491,5,0.9516,True,True,False,85,104
60929,apache_druid,DoubleMeanAveragerWithPeriodTest.testComputeResult,5,non-flaky,5,0.9529,5,0.9526,True,True,False,512,512
60930,apache_druid,BaseAveragerTest.testBaseAverager,5,non-flaky,5,0.9527,5,0.9525,True,True,False,142,178
60931,apache_druid,BaseAveragerTest.testAddElement,5,non-flaky,5,0.9534,5,0.9521,True,True,False,368,471
60932,apache_druid,BaseAveragerTest.testSkip,5,non-flaky,5,0.9535,5,0.9523,True,True,False,433,512
60933,apache_druid,BaseAveragerTest.testHasData,5,non-flaky,5,0.9522,5,0.9521,True,True,False,152,215
60934,apache_druid,BaseAveragerTest.testGetResult,5,non-flaky,5,0.9518,5,0.9522,True,True,False,119,156
60935,apache_druid,DoubleMeanAveragerFactoryTest.testCreateAverager,5,non-flaky,5,0.9495,5,0.9516,True,True,False,87,106
60936,apache_druid,DoubleMinAveragerTest.testComputeResult,5,non-flaky,5,0.953,5,0.9518,True,True,False,403,504
60937,apache_druid,LongMeanAveragerTest.testComputeResult,5,non-flaky,5,0.9531,5,0.952,True,True,False,375,472
60938,apache_druid,LongMaxAveragerTest.testComputeResult,5,non-flaky,5,0.9531,5,0.9519,True,True,False,361,458
60939,apache_druid,LongMinAveragerTest.testComputeResult,5,non-flaky,5,0.953,5,0.9517,True,True,False,367,468
60940,apache_druid,MovingAverageQueryTest.getDruidServers,5,non-flaky,5,0.9528,5,0.9517,True,True,False,352,450
60941,apache_druid,RowBucketIterableTest.testCompleteData,5,non-flaky,5,0.9517,5,0.9512,True,True,False,512,512
60942,apache_druid,RowBucketIterableTest.testApplyLastDaySingleRow,5,non-flaky,5,0.9523,5,0.9516,True,True,False,456,512
60943,apache_druid,RowBucketIterableTest.testApplyLastDayMultipleRows,5,non-flaky,5,0.952,5,0.952,True,True,False,509,512
60944,apache_druid,RowBucketIterableTest.testSingleDaySingleRow,5,non-flaky,5,0.9522,5,0.9513,True,True,False,226,301
60945,apache_druid,RowBucketIterableTest.testSingleDayMultipleRow,5,non-flaky,5,0.9522,5,0.9513,True,True,False,278,361
60946,apache_druid,RowBucketIterableTest.testMissingDaysAtBegining,5,non-flaky,5,0.9519,5,0.951,True,True,False,297,393
60947,apache_druid,RowBucketIterableTest.testMissingDaysAtBeginingFollowedByMultipleRow,5,non-flaky,5,0.952,5,0.9509,True,True,False,496,512
60948,apache_druid,RowBucketIterableTest.testMissingDaysAtBeginingAndAtTheEnd,5,non-flaky,5,0.9521,5,0.9508,True,True,False,468,512
60949,apache_druid,RowBucketIterableTest.testMultipleMissingDays,5,non-flaky,5,0.9519,5,0.9507,True,True,False,462,512
60950,apache_druid,RowBucketIterableTest.testMultipleMissingDaysMultipleRowAtTheEnd,5,non-flaky,5,0.9513,5,0.951,True,True,False,512,512
60951,apache_druid,RowBucketIterableTest.testMissingDaysInMiddleOneRow,5,non-flaky,5,0.9519,5,0.9511,True,True,False,426,512
60952,apache_druid,RowBucketIterableTest.testMissingDaysInMiddleMultipleRow,5,non-flaky,5,0.9517,5,0.9511,True,True,False,492,512
60953,apache_druid,RowBucketIterableTest.testApplyLastDayNoRows,5,non-flaky,5,0.9522,5,0.9515,True,True,False,452,512
60954,apache_druid,RowBucketIterableTest.testApplyLastTwoDayNoRows,5,non-flaky,5,0.9519,5,0.9511,True,True,False,448,512
60955,apache_druid,RowBucketIterableTest.testApplyMultipleInterval,5,non-flaky,5,0.9518,5,0.9519,True,True,False,512,512
60956,apache_druid,RowBucketIterableTest.testNodata,5,non-flaky,5,0.9518,5,0.9506,True,True,False,194,260
60957,apache_druid,TDigestSketchAggregatorFactoryTest.testResultArraySignature,5,non-flaky,5,0.9516,5,0.9512,True,True,False,512,512
60958,apache_druid,TDigestSketchToQuantilePostAggregatorTest.testSerde,5,non-flaky,5,0.9533,5,0.9522,True,True,False,242,303
60959,apache_druid,TDigestSketchToQuantilePostAggregatorTest.testToString,5,non-flaky,5,0.9527,5,0.9525,True,True,False,151,191
60960,apache_druid,TDigestSketchToQuantilePostAggregatorTest.testEquals,5,non-flaky,5,0.9514,5,0.9505,True,True,False,127,154
60961,apache_druid,TDigestSketchToQuantilesPostAggregatorTest.testSerde,5,non-flaky,5,0.9534,5,0.9525,True,True,False,250,311
70765,apache_kafka,StartAndStopCounterTest.shouldRecordStarts,5,non-flaky,5,0.9529,5,0.9518,True,True,False,127,158
70766,apache_kafka,StartAndStopCounterTest.shouldRecordStops,5,non-flaky,5,0.9528,5,0.9518,True,True,False,127,158
70767,apache_kafka,StartAndStopCounterTest.shouldExpectRestarts,5,non-flaky,5,0.9495,5,0.9493,True,True,False,181,230
70768,apache_kafka,StartAndStopCounterTest.shouldFailToWaitForRestartThatNeverHappens,5,non-flaky,5,0.9497,5,0.9495,True,True,False,191,240
70769,apache_kafka,ConnectWorkerIntegrationTest.testAddAndRemoveWorker,5,non-flaky,5,0.9505,5,0.9501,True,True,False,512,512
70770,apache_kafka,ConnectWorkerIntegrationTest.testRestartFailedTask,5,non-flaky,5,0.951,5,0.9509,True,True,False,512,512
70771,apache_kafka,ConnectWorkerIntegrationTest.testBrokerCoordinator,5,non-flaky,5,0.9504,5,0.9506,True,True,False,512,512
70772,apache_kafka,RebalanceSourceConnectorsIntegrationTest.testStartTwoConnectors,5,non-flaky,5,0.9505,5,0.9505,True,True,False,512,512
70773,apache_kafka,RebalanceSourceConnectorsIntegrationTest.testReconfigConnector,5,non-flaky,5,0.9508,5,0.9509,True,True,False,512,512
70774,apache_kafka,RebalanceSourceConnectorsIntegrationTest.testDeleteConnector,5,non-flaky,5,0.9505,5,0.9506,True,True,False,512,512
70775,apache_kafka,RebalanceSourceConnectorsIntegrationTest.testAddingWorker,5,non-flaky,5,0.9505,5,0.9505,True,True,False,512,512
70776,apache_kafka,RebalanceSourceConnectorsIntegrationTest.testRemovingWorker,5,non-flaky,5,0.9506,5,0.9505,True,True,False,512,512
70777,apache_kafka,SessionedProtocolIntegrationTest.ensureInternalEndpointIsSecured,5,non-flaky,5,0.9513,5,0.9507,True,True,False,512,512
70778,apache_kafka,ErrorHandlingIntegrationTest.testSkipRetryAndDLQWithHeaders,5,non-flaky,5,0.9513,5,0.9511,True,True,False,512,512
70779,apache_kafka,ConnectorClientPolicyIntegrationTest.testCreateWithOverridesForNonePolicy,5,non-flaky,5,0.9495,5,0.9509,True,True,False,124,143
70780,apache_kafka,ConnectorClientPolicyIntegrationTest.testCreateWithNotAllowedOverridesForPrincipalPolicy,5,non-flaky,5,0.9515,5,0.9515,True,True,False,182,205
70781,apache_kafka,ConnectorClientPolicyIntegrationTest.testCreateWithAllowedOverridesForPrincipalPolicy,5,non-flaky,5,0.9506,5,0.9513,True,True,False,129,148
70782,apache_kafka,ConnectorClientPolicyIntegrationTest.testCreateWithAllowedOverridesForAllPolicy,5,non-flaky,5,0.9508,5,0.951,True,True,False,138,161
70783,apache_kafka,StartAndStopLatchTest.shouldReturnFalseWhenAwaitingForStartToNeverComplete,5,non-flaky,5,0.9503,5,0.9497,True,True,False,139,166
70784,apache_kafka,StartAndStopLatchTest.shouldReturnFalseWhenAwaitingForStopToNeverComplete,5,non-flaky,5,0.9498,5,0.9494,True,True,False,152,183
70785,apache_kafka,StartAndStopLatchTest.shouldReturnTrueWhenAwaitingForStartAndStopToComplete,5,non-flaky,5,0.9496,5,0.9492,True,True,False,166,201
70786,apache_kafka,StartAndStopLatchTest.shouldReturnFalseWhenAwaitingForDependentLatchToComplete,5,non-flaky,5,0.949,5,0.9492,True,True,False,224,272
70787,apache_kafka,StartAndStopLatchTest.shouldReturnTrueWhenAwaitingForStartAndStopAndDependentLatch,5,non-flaky,5,0.9492,5,0.9492,True,True,False,256,312
70788,apache_kafka,ExampleConnectIntegrationTest.testSinkConnector,5,non-flaky,5,0.9508,5,0.9509,True,True,False,512,512
70789,apache_kafka,ExampleConnectIntegrationTest.testSourceConnector,5,non-flaky,5,0.951,5,0.9509,True,True,False,512,512
70790,apache_kafka,RestExtensionIntegrationTest.testRestExtensionApi,5,non-flaky,5,0.951,5,0.9506,True,True,False,512,512
70791,apache_kafka,DelegatingClassLoaderTest.testWhiteListedManifestResources,5,non-flaky,5,0.9516,5,0.9514,True,True,False,153,176
70792,apache_kafka,DelegatingClassLoaderTest.testOtherResources,5,non-flaky,5,0.9507,5,0.9515,True,True,False,116,135
70793,apache_kafka,DelegatingClassLoaderTest.testLoadingUnloadedPluginClass,5,non-flaky,5,0.9519,5,0.9515,True,True,False,156,187
70794,apache_kafka,DelegatingClassLoaderTest.testLoadingPluginClass,5,non-flaky,5,0.9517,5,0.951,True,True,False,176,211
70795,apache_kafka,PluginUtilsTest.testJavaLibraryClasses,5,non-flaky,5,0.9531,5,0.9526,True,True,False,446,512
70796,apache_kafka,PluginUtilsTest.testThirdPartyClasses,5,non-flaky,5,0.9488,5,0.9504,True,True,False,88,103
70797,apache_kafka,PluginUtilsTest.testConnectFrameworkClasses,5,non-flaky,5,0.9519,5,0.9518,True,True,False,512,512
70798,apache_kafka,PluginUtilsTest.testAllowedConnectFrameworkClasses,5,non-flaky,5,0.9523,5,0.9523,True,True,False,512,512
70799,apache_kafka,PluginUtilsTest.testClientConfigProvider,5,non-flaky,5,0.9525,5,0.9519,True,True,False,222,265
70800,apache_kafka,PluginUtilsTest.testConnectorClientConfigOverridePolicy,5,non-flaky,5,0.9528,5,0.952,True,True,False,372,439
70801,apache_kafka,PluginUtilsTest.testEmptyPluginUrls,5,non-flaky,5,0.9512,5,0.9516,True,True,False,59,70
70802,apache_kafka,PluginUtilsTest.testEmptyStructurePluginUrls,5,non-flaky,5,0.9512,5,0.9517,True,True,False,74,89
70803,apache_kafka,PluginUtilsTest.testPluginUrlsWithJars,5,non-flaky,5,0.9515,5,0.9515,True,True,False,93,122
70804,apache_kafka,PluginUtilsTest.testOrderOfPluginUrlsWithJars,5,non-flaky,5,0.9527,5,0.952,True,True,False,297,353
70805,apache_kafka,PluginUtilsTest.testPluginUrlsWithZips,5,non-flaky,5,0.9523,5,0.9515,True,True,False,262,315
70806,apache_kafka,PluginUtilsTest.testPluginUrlsWithClasses,5,non-flaky,5,0.9524,5,0.9516,True,True,False,328,385
70807,apache_kafka,PluginUtilsTest.testPluginUrlsWithAbsoluteSymlink,5,non-flaky,5,0.9522,5,0.9513,True,True,False,278,340
70808,apache_kafka,PluginUtilsTest.testPluginUrlsWithRelativeSymlinkBackwards,5,non-flaky,5,0.9523,5,0.9513,True,True,False,285,347
70809,apache_kafka,PluginUtilsTest.testPluginUrlsWithRelativeSymlinkForwards,5,non-flaky,5,0.9522,5,0.9515,True,True,False,324,393
70810,apache_kafka,PluginsTest.shouldInstantiateAndConfigureConverters,5,non-flaky,5,0.9525,5,0.9521,True,True,False,291,335
70811,apache_kafka,PluginsTest.shouldInstantiateAndConfigureInternalConverters,5,non-flaky,5,0.9525,5,0.9519,True,True,False,352,404
70812,apache_kafka,PluginsTest.shouldInstantiateAndConfigureExplicitlySetHeaderConverterWithCurrentClassLoader,5,non-flaky,5,0.9515,5,0.9511,True,True,False,512,512
70813,apache_kafka,PluginsTest.shouldInstantiateAndConfigureConnectRestExtension,5,non-flaky,5,0.9522,5,0.9515,True,True,False,440,512
70814,apache_kafka,PluginsTest.shouldInstantiateAndConfigureDefaultHeaderConverter,5,non-flaky,5,0.9511,5,0.951,True,True,False,512,512
70815,apache_kafka,PluginsTest.shouldThrowIfPluginThrows,5,non-flaky,5,0.9519,5,0.9509,True,True,False,141,177
70816,apache_kafka,PluginsTest.shouldShareStaticValuesBetweenSamePlugin,5,non-flaky,5,0.9522,5,0.9514,True,True,False,379,473
70817,apache_kafka,PluginsTest.newPluginShouldServiceLoadWithPluginClassLoader,5,non-flaky,5,0.9522,5,0.9514,True,True,False,286,346
70818,apache_kafka,PluginsTest.newPluginShouldInstantiateWithPluginClassLoader,5,non-flaky,5,0.9522,5,0.9512,True,True,False,213,261
70819,apache_kafka,PluginsTest.shouldFailToFindConverterInCurrentClassloader,5,non-flaky,5,0.9506,5,0.951,True,True,False,105,124
70820,apache_kafka,PluginsTest.newConverterShouldConfigureWithPluginClassLoader,5,non-flaky,5,0.9517,5,0.9511,True,True,False,367,444
70821,apache_kafka,PluginsTest.newConfigProviderShouldConfigureWithPluginClassLoader,5,non-flaky,5,0.952,5,0.9512,True,True,False,387,477
70822,apache_kafka,PluginsTest.newHeaderConverterShouldConfigureWithPluginClassLoader,5,non-flaky,5,0.9518,5,0.9511,True,True,False,389,466
70823,apache_kafka,PluginsTest.newPluginsShouldConfigureWithPluginClassLoader,5,non-flaky,5,0.9523,5,0.9515,True,True,False,284,344
70824,apache_kafka,PluginDescTest.testRegularPluginDesc,5,non-flaky,5,0.9528,5,0.9515,True,True,False,381,485
70825,apache_kafka,PluginDescTest.testPluginDescWithSystemClassLoader,5,non-flaky,5,0.9526,5,0.9512,True,True,False,394,502
70826,apache_kafka,PluginDescTest.testPluginDescWithNullVersion,5,non-flaky,5,0.9524,5,0.9512,True,True,False,362,460
70827,apache_kafka,PluginDescTest.testPluginDescEquality,5,non-flaky,5,0.952,5,0.9511,True,True,False,512,512
70828,apache_kafka,PluginDescTest.testPluginDescComparison,5,non-flaky,5,0.9516,5,0.9514,True,True,False,512,512
70829,apache_kafka,WorkerConfigTest.testAdminListenersConfigAllowedValues,5,non-flaky,5,0.9527,5,0.9521,True,True,False,361,432
70830,apache_kafka,WorkerConfigTest.testAdminListenersNotAllowingEmptyStrings,5,non-flaky,5,0.9514,5,0.9515,True,True,False,117,136
70831,apache_kafka,WorkerConfigTest.testAdminListenersNotAllowingBlankStrings,5,non-flaky,5,0.9514,5,0.9517,True,True,False,126,145
70832,apache_kafka,WorkerSourceTaskTest.answer,5,non-flaky,5,0.9503,5,0.9498,True,True,False,202,251
70833,apache_kafka,WorkerSourceTaskTest.testPause,5,non-flaky,5,0.95,5,0.9499,True,True,False,512,512
70834,apache_kafka,WorkerSourceTaskTest.testPollsInBackground,5,non-flaky,5,0.9498,5,0.9498,True,True,False,512,512
70835,apache_kafka,WorkerSourceTaskTest.answer,5,non-flaky,5,0.9504,5,0.9496,True,True,False,321,394
70836,apache_kafka,WorkerSourceTaskTest.testPollReturnsNoRecords,5,non-flaky,5,0.9502,5,0.9501,True,True,False,512,512
70837,apache_kafka,WorkerSourceTaskTest.testCommit,5,non-flaky,5,0.9499,5,0.9499,True,True,False,512,512
70838,apache_kafka,WorkerSourceTaskTest.testCommitFailure,5,non-flaky,5,0.9501,5,0.95,True,True,False,512,512
70839,apache_kafka,WorkerSourceTaskTest.testSendRecordsConvertsData,5,non-flaky,5,0.9515,5,0.9507,True,True,False,288,364
70840,apache_kafka,WorkerSourceTaskTest.testSendRecordsPropagatesTimestamp,5,non-flaky,5,0.95,5,0.9493,True,True,False,275,356
70841,apache_kafka,WorkerSourceTaskTest.testSendRecordsCorruptTimestamp,5,non-flaky,5,0.9515,5,0.9506,True,True,False,279,355
70842,apache_kafka,WorkerSourceTaskTest.testSendRecordsNoTimestamp,5,non-flaky,5,0.9513,5,0.9503,True,True,False,269,345
70843,apache_kafka,WorkerSourceTaskTest.testSendRecordsRetries,5,non-flaky,5,0.9517,5,0.9513,True,True,False,512,512
70844,apache_kafka,WorkerSourceTaskTest.testSendRecordsProducerCallbackFail,5,non-flaky,5,0.9517,5,0.951,True,True,False,234,289
70845,apache_kafka,WorkerSourceTaskTest.testSendRecordsTaskCommitRecordFail,5,non-flaky,5,0.9518,5,0.9512,True,True,False,427,512
70846,apache_kafka,WorkerSourceTaskTest.answer,5,non-flaky,5,0.9501,5,0.9497,True,True,False,299,364
70847,apache_kafka,WorkerSourceTaskTest.testCancel,5,non-flaky,5,0.9514,5,0.9498,True,True,False,113,164
70848,apache_kafka,WorkerSourceTaskTest.testMetricsGroup,5,non-flaky,5,0.95,5,0.9503,True,True,False,512,512
70849,apache_kafka,WorkerSourceTaskTest.testHeaders,5,non-flaky,5,0.952,5,0.9512,True,True,False,414,512
70850,apache_kafka,WorkerSourceTaskTest.testHeadersWithCustomConverter,5,non-flaky,5,0.9519,5,0.9515,True,True,False,512,512
70851,apache_kafka,TransformationConfigTest.testEmbeddedConfigCast,5,non-flaky,5,0.9526,5,0.9522,True,True,False,240,288
70852,apache_kafka,TransformationConfigTest.testEmbeddedConfigExtractField,5,non-flaky,5,0.9527,5,0.9522,True,True,False,242,290
70853,apache_kafka,TransformationConfigTest.testEmbeddedConfigFlatten,5,non-flaky,5,0.9523,5,0.9521,True,True,False,217,261
70854,apache_kafka,TransformationConfigTest.testEmbeddedConfigHoistField,5,non-flaky,5,0.9526,5,0.9523,True,True,False,243,291
70855,apache_kafka,TransformationConfigTest.testEmbeddedConfigInsertField,5,non-flaky,5,0.9524,5,0.9521,True,True,False,217,261
70856,apache_kafka,TransformationConfigTest.testEmbeddedConfigMaskField,5,non-flaky,5,0.9526,5,0.9523,True,True,False,242,294
70857,apache_kafka,TransformationConfigTest.testEmbeddedConfigRegexRouter,5,non-flaky,5,0.9526,5,0.9521,True,True,False,272,324
70858,apache_kafka,TransformationConfigTest.testEmbeddedConfigReplaceField,5,non-flaky,5,0.9525,5,0.9521,True,True,False,218,262
70859,apache_kafka,TransformationConfigTest.testEmbeddedConfigSetSchemaMetadata,5,non-flaky,5,0.9525,5,0.9519,True,True,False,223,267
70860,apache_kafka,TransformationConfigTest.testEmbeddedConfigTimestampConverter,5,non-flaky,5,0.9527,5,0.952,True,True,False,250,298
70861,apache_kafka,TransformationConfigTest.testEmbeddedConfigTimestampRouter,5,non-flaky,5,0.9524,5,0.9519,True,True,False,219,263
70862,apache_kafka,TransformationConfigTest.testEmbeddedConfigValueToKey,5,non-flaky,5,0.9527,5,0.9521,True,True,False,241,289
70863,apache_kafka,StateTrackerTest.currentStateIsNullWhenNotInitialized,5,non-flaky,5,0.9504,5,0.9508,True,True,False,45,56
70864,apache_kafka,StateTrackerTest.currentState,5,non-flaky,5,0.9494,5,0.9486,True,True,False,98,121
76910,spring-projects_spring-data-envers,DefaultRevisionMetadataUnitTests.createsLocalDateTimeFromTimestamp,5,non-flaky,5,0.9499,5,0.9503,True,True,False,109,147
76911,spring-projects_spring-data-envers,QueryDslRepositoryIntegrationTests.testWithQueryDsl,5,non-flaky,5,0.9507,5,0.9518,True,True,False,122,177
76912,spring-projects_spring-data-envers,QueryDslRepositoryIntegrationTests.testWithRevisions,5,non-flaky,5,0.9514,5,0.9515,True,True,False,260,368
76913,spring-projects_spring-data-envers,EnversRevisionRepositoryImplUnitTests.findRevisionShortCircuitsOnEmptyRevisionList,5,non-flaky,5,0.9462,5,0.9524,True,True,False,102,136
76914,spring-projects_spring-data-envers,RepositoryIntegrationTests.testLifeCycle,5,non-flaky,5,0.9507,5,0.9507,True,True,False,338,498
76915,spring-projects_spring-data-envers,RepositoryIntegrationTests.returnsEmptyRevisionsForUnrevisionedEntity,5,non-flaky,5,0.9489,5,0.9522,True,True,False,48,59
76916,spring-projects_spring-data-envers,RepositoryIntegrationTests.returnsParticularRevisionForAnEntity,5,non-flaky,5,0.952,5,0.9515,True,True,False,301,421
76917,spring-projects_spring-data-envers,RepositoryIntegrationTests.considersRevisionNumberSortOrder,5,non-flaky,5,0.9518,5,0.9515,True,True,False,194,275
76918,spring-projects_spring-data-envers,RepositoryIntegrationTests.findsDeletedRevisions,5,non-flaky,5,0.9522,5,0.9515,True,True,False,180,256
76919,spring-projects_spring-data-envers,RepositoryIntegrationTests.shortCurcuitingWhenOffsetIsToLarge,5,non-flaky,5,0.9509,5,0.9511,True,True,False,113,167
77106,networknt_json-schema-validator,Issue406Test.testPreloadingNotHappening,5,non-flaky,5,0.9517,5,0.9512,True,True,False,126,149
77107,networknt_json-schema-validator,Issue406Test.execute,5,non-flaky,5,0.9517,5,0.9507,True,True,False,292,327
77108,networknt_json-schema-validator,Issue406Test.testPreloadingHappeningForCircularDependency,5,non-flaky,5,0.9515,5,0.9511,True,True,False,114,133
77109,networknt_json-schema-validator,Issue386Test.dataIsValid,5,non-flaky,5,0.9524,5,0.9512,True,True,False,236,275
77110,networknt_json-schema-validator,Issue386Test.dataIsInvalidFailFast,5,non-flaky,5,0.9519,5,0.9512,True,True,False,302,357
77111,networknt_json-schema-validator,Issue386Test.dataIsInvalidFailSlow,5,non-flaky,5,0.9523,5,0.9513,True,True,False,309,360
77112,networknt_json-schema-validator,Issue425Test.testNullableOneOf,5,non-flaky,5,0.9513,5,0.9513,True,True,False,47,58
77113,networknt_json-schema-validator,Issue366FailFastTest.setup,5,non-flaky,5,0.9482,5,0.9508,True,True,False,28,39
77114,networknt_json-schema-validator,Issue366FailFastTest.firstOneValid,5,non-flaky,5,0.9525,5,0.9515,True,True,False,172,216
77115,networknt_json-schema-validator,Issue366FailFastTest.secondOneValid,5,non-flaky,5,0.9525,5,0.9514,True,True,False,172,216
77116,networknt_json-schema-validator,Issue366FailFastTest.bothValid,5,non-flaky,5,0.9523,5,0.9511,True,True,False,199,247
77117,networknt_json-schema-validator,Issue366FailFastTest.neitherValid,5,non-flaky,5,0.9524,5,0.9512,True,True,False,199,247
77118,networknt_json-schema-validator,TypeFactoryTest.testValidIntegralValuesWithJavaSemantics,5,non-flaky,5,0.9519,5,0.9508,True,True,False,170,201
77119,networknt_json-schema-validator,TypeFactoryTest.testValidIntegralValuesWithoutJavaSemantics,5,non-flaky,5,0.9519,5,0.9508,True,True,False,169,200
77120,networknt_json-schema-validator,TypeFactoryTest.testWithLosslessNarrowing,5,non-flaky,5,0.9526,5,0.9513,True,True,False,266,314
77121,networknt_json-schema-validator,TypeFactoryTest.testWithoutLosslessNarrowing,5,non-flaky,5,0.9525,5,0.9512,True,True,False,265,318
77122,networknt_json-schema-validator,Issue461Test.shouldWalkWithValidation,5,non-flaky,5,0.9519,5,0.9512,True,True,False,186,213
77123,networknt_json-schema-validator,TypeValidatorTest.testNumeicValues,5,non-flaky,5,0.952,5,0.9515,True,True,False,80,99
77124,networknt_json-schema-validator,TypeValidatorTest.testNonNumeicValues,5,non-flaky,5,0.9518,5,0.9514,True,True,False,82,101
77125,networknt_json-schema-validator,SpecVersionTest.testGetVersionValue,5,non-flaky,5,0.9529,5,0.9521,True,True,False,143,170
77126,networknt_json-schema-validator,SpecVersionTest.testGetVersionFlags,5,non-flaky,5,0.9528,5,0.9519,True,True,False,257,320
77127,networknt_json-schema-validator,SpecVersionTest.testAllVersionValue,5,non-flaky,5,0.9525,5,0.9515,True,True,False,212,248
77128,networknt_json-schema-validator,Issue383Test.nestedOneOfsShouldStillMatchV7,5,non-flaky,5,0.9527,5,0.9516,True,True,False,227,266
77129,networknt_json-schema-validator,Issue396Test.testComplexPropertyNamesV7,5,non-flaky,5,0.9525,5,0.9516,True,True,False,370,443
77130,networknt_json-schema-validator,Issue255Test.shouldFailWhenRequiredPropertiesDoNotExistInReferencedSubSchema,5,non-flaky,5,0.9522,5,0.9511,True,True,False,232,271
77131,networknt_json-schema-validator,Issue342Test.propertyNameEnumShouldFailV7,5,non-flaky,5,0.9531,5,0.952,True,True,False,319,370
77132,networknt_json-schema-validator,Issue285Test.nestedValidation,5,non-flaky,5,0.9514,5,0.9511,True,True,False,140,182
77133,networknt_json-schema-validator,Issue285Test.nestedTypeValidation,5,non-flaky,5,0.9519,5,0.951,True,True,False,182,219
77134,networknt_json-schema-validator,Issue285Test.typeValidation,5,non-flaky,5,0.9518,5,0.951,True,True,False,179,216
77135,networknt_json-schema-validator,Issue426Test.shouldWorkV7,5,non-flaky,5,0.9524,5,0.9514,True,True,False,329,388
77136,networknt_json-schema-validator,Issue404Test.expectObjectNotIntegerV7,5,non-flaky,5,0.9525,5,0.9512,True,True,False,224,263
77137,networknt_json-schema-validator,V4JsonSchemaTest.testLoadingWithId,5,non-flaky,5,0.9523,5,0.9518,True,True,False,172,199
77138,networknt_json-schema-validator,V4JsonSchemaTest.testBignumValidator,5,non-flaky,5,0.951,5,0.9513,True,True,False,52,63
77139,networknt_json-schema-validator,V4JsonSchemaTest.testFormatValidator,5,non-flaky,5,0.951,5,0.951,True,True,False,48,59
77140,networknt_json-schema-validator,V4JsonSchemaTest.testComplexSchema,5,non-flaky,5,0.9509,5,0.951,True,True,False,49,60
77141,networknt_json-schema-validator,V4JsonSchemaTest.testZeroTerminatedFloatsValidator,5,non-flaky,5,0.9509,5,0.9512,True,True,False,56,67
77142,networknt_json-schema-validator,V4JsonSchemaTest.testAdditionalItemsValidator,5,non-flaky,5,0.9511,5,0.9512,True,True,False,49,60
77143,networknt_json-schema-validator,V4JsonSchemaTest.testAdditionalPropertiesValidator,5,non-flaky,5,0.951,5,0.9513,True,True,False,51,62
77144,networknt_json-schema-validator,V4JsonSchemaTest.testAllOfValidator,5,non-flaky,5,0.9508,5,0.951,True,True,False,48,59
77145,networknt_json-schema-validator,V4JsonSchemaTest.testAnyOFValidator,5,non-flaky,5,0.9503,5,0.9509,True,True,False,48,59
77146,networknt_json-schema-validator,V4JsonSchemaTest.testDefaultValidator,5,non-flaky,5,0.951,5,0.9511,True,True,False,46,57
77147,networknt_json-schema-validator,V4JsonSchemaTest.testDefinitionsValidator,5,non-flaky,5,0.951,5,0.951,True,True,False,48,59
77148,networknt_json-schema-validator,V4JsonSchemaTest.testDependenciesValidator,5,non-flaky,5,0.951,5,0.9511,True,True,False,49,60
77149,networknt_json-schema-validator,V4JsonSchemaTest.testEnumValidator,5,non-flaky,5,0.9511,5,0.951,True,True,False,47,58
77150,networknt_json-schema-validator,V4JsonSchemaTest.testItemsValidator,5,non-flaky,5,0.9511,5,0.9511,True,True,False,46,57
77151,networknt_json-schema-validator,V4JsonSchemaTest.testMaximumValidator,5,non-flaky,5,0.9512,5,0.9512,True,True,False,46,57
77152,networknt_json-schema-validator,V4JsonSchemaTest.testMaxItemsValidator,5,non-flaky,5,0.9512,5,0.9512,True,True,False,48,59
77153,networknt_json-schema-validator,V4JsonSchemaTest.testMaxLengthValidator,5,non-flaky,5,0.9511,5,0.9511,True,True,False,48,59
77154,networknt_json-schema-validator,V4JsonSchemaTest.testMaxPropertiesValidator,5,non-flaky,5,0.9511,5,0.9513,True,True,False,50,61
77155,networknt_json-schema-validator,V4JsonSchemaTest.testMinimumValidator,5,non-flaky,5,0.9511,5,0.9511,True,True,False,46,57
77156,networknt_json-schema-validator,V4JsonSchemaTest.testMinItemsValidator,5,non-flaky,5,0.9511,5,0.9512,True,True,False,48,59
77157,networknt_json-schema-validator,V4JsonSchemaTest.testMinLengthValidator,5,non-flaky,5,0.9511,5,0.9511,True,True,False,48,59
77158,networknt_json-schema-validator,V4JsonSchemaTest.testMinPropertiesValidator,5,non-flaky,5,0.9511,5,0.9513,True,True,False,50,61
77159,networknt_json-schema-validator,V4JsonSchemaTest.testMultipleOfValidator,5,non-flaky,5,0.9509,5,0.9511,True,True,False,48,59
77160,networknt_json-schema-validator,V4JsonSchemaTest.testNotValidator,5,non-flaky,5,0.9508,5,0.9508,True,True,False,46,57
77161,networknt_json-schema-validator,V4JsonSchemaTest.testOneOfValidator,5,non-flaky,5,0.9505,5,0.9508,True,True,False,48,59
77162,networknt_json-schema-validator,V4JsonSchemaTest.testPatternValidator,5,non-flaky,5,0.951,5,0.951,True,True,False,46,57
77163,networknt_json-schema-validator,V4JsonSchemaTest.testPatternPropertiesValidator,5,non-flaky,5,0.951,5,0.9512,True,True,False,50,61
77164,networknt_json-schema-validator,V4JsonSchemaTest.testPropertiesValidator,5,non-flaky,5,0.9512,5,0.9512,True,True,False,47,58
77165,networknt_json-schema-validator,V4JsonSchemaTest.testRefValidator,5,non-flaky,5,0.9507,5,0.9508,True,True,False,46,57
77166,networknt_json-schema-validator,V4JsonSchemaTest.testRefRemoteValidator,5,non-flaky,5,0.9506,5,0.951,True,True,False,48,59
77167,networknt_json-schema-validator,V4JsonSchemaTest.testRefIdReference,5,non-flaky,5,0.9508,5,0.9511,True,True,False,47,58
77168,networknt_json-schema-validator,V4JsonSchemaTest.testRelativeRefRemoteValidator,5,non-flaky,5,0.9507,5,0.9512,True,True,False,51,62
77169,networknt_json-schema-validator,V4JsonSchemaTest.testRequiredValidator,5,non-flaky,5,0.9509,5,0.951,True,True,False,46,57
77170,networknt_json-schema-validator,V4JsonSchemaTest.testTypeValidator,5,non-flaky,5,0.9509,5,0.9509,True,True,False,46,57
77171,networknt_json-schema-validator,V4JsonSchemaTest.testUnionTypeValidator,5,non-flaky,5,0.9508,5,0.9511,True,True,False,49,60
77172,networknt_json-schema-validator,V4JsonSchemaTest.testUniqueItemsValidator,5,non-flaky,5,0.9512,5,0.9512,True,True,False,48,59
77173,networknt_json-schema-validator,V4JsonSchemaTest.testEnumObject,5,non-flaky,5,0.9509,5,0.951,True,True,False,47,58
77174,networknt_json-schema-validator,V4JsonSchemaTest.testIdSchemaWithUrl,5,non-flaky,5,0.9511,5,0.9513,True,True,False,48,59
77175,networknt_json-schema-validator,V4JsonSchemaTest.testSchemaFromClasspath,5,non-flaky,5,0.9504,5,0.951,True,True,False,52,63
77176,networknt_json-schema-validator,V4JsonSchemaTest.testUUIDValidator,5,non-flaky,5,0.9508,5,0.9511,True,True,False,48,59
77177,networknt_json-schema-validator,V4JsonSchemaTest.testFailFast_AllErrors,5,non-flaky,5,0.9522,5,0.9513,True,True,False,177,212
77178,networknt_json-schema-validator,V4JsonSchemaTest.testFailFast_OneErrors,5,non-flaky,5,0.9522,5,0.9511,True,True,False,177,212
77179,networknt_json-schema-validator,V4JsonSchemaTest.testFailFast_TwoErrors,5,non-flaky,5,0.9522,5,0.9512,True,True,False,177,212
77180,networknt_json-schema-validator,V4JsonSchemaTest.testFailFast_NoErrors,5,non-flaky,5,0.9523,5,0.9515,True,True,False,157,188
77181,networknt_json-schema-validator,Issue451Test.cleanup,5,non-flaky,5,0.9507,5,0.9514,True,True,False,33,44
77182,networknt_json-schema-validator,Issue451Test.shouldWalkAnyOfProperties,5,non-flaky,5,0.9505,5,0.951,True,True,False,41,52
77183,networknt_json-schema-validator,Issue451Test.shouldWalkAnyOfPropertiesWithWithPayloadAndValidation,5,non-flaky,5,0.9521,5,0.9516,True,True,False,107,126
77184,networknt_json-schema-validator,Issue451Test.shouldWalkAnyOfPropertiesWithWithPayload,5,non-flaky,5,0.952,5,0.9516,True,True,False,104,123
77185,networknt_json-schema-validator,Issue456Test.shouldWorkT2,5,non-flaky,5,0.9527,5,0.9516,True,True,False,250,293
77186,networknt_json-schema-validator,Issue456Test.shouldWorkT3,5,non-flaky,5,0.9526,5,0.9514,True,True,False,225,264
77187,networknt_json-schema-validator,JsonWalkTest.setup,5,non-flaky,5,0.95,5,0.9512,True,True,False,35,46
77188,networknt_json-schema-validator,JsonWalkTest.cleanup,5,non-flaky,5,0.9504,5,0.951,True,True,False,38,49
77189,networknt_json-schema-validator,JsonWalkTest.testWalk,5,non-flaky,5,0.9519,5,0.9516,True,True,False,485,512
77190,networknt_json-schema-validator,JsonWalkTest.testWalkWithDifferentListeners,5,non-flaky,5,0.9517,5,0.9514,True,True,False,512,512
77191,networknt_json-schema-validator,Issue313Test.shouldFailV201909,5,non-flaky,5,0.9526,5,0.9511,True,True,False,225,264
77192,networknt_json-schema-validator,Issue313Test.shouldFailV7,5,non-flaky,5,0.9524,5,0.9513,True,True,False,222,261
77193,networknt_json-schema-validator,Issue428Test.testNullableOneOf,5,non-flaky,5,0.9514,5,0.9513,True,True,False,47,58
77194,networknt_json-schema-validator,MaximumValidatorTest.positiveNumber,5,non-flaky,5,0.9531,5,0.9521,True,True,False,163,203
77195,networknt_json-schema-validator,MaximumValidatorTest.negativeNumber,5,non-flaky,5,0.9531,5,0.9518,True,True,False,414,491
77196,networknt_json-schema-validator,MaximumValidatorTest.positiveInteger,5,non-flaky,5,0.9532,5,0.9515,True,True,False,312,378
77197,networknt_json-schema-validator,MaximumValidatorTest.negativeInteger,5,non-flaky,5,0.9527,5,0.9517,True,True,False,408,472
77198,networknt_json-schema-validator,MaximumValidatorTest.positiveExclusiveInteger,5,non-flaky,5,0.9527,5,0.9514,True,True,False,334,400
77199,networknt_json-schema-validator,MaximumValidatorTest.negativeExclusiveInteger,5,non-flaky,5,0.9531,5,0.9515,True,True,False,299,361
77200,networknt_json-schema-validator,MaximumValidatorTest.negativeDoubleOverflowTest,5,non-flaky,5,0.9518,5,0.9514,True,True,False,512,512
77201,networknt_json-schema-validator,MaximumValidatorTest.doubleValueCoarsing,5,non-flaky,5,0.952,5,0.9512,True,True,False,512,512
77202,networknt_json-schema-validator,MaximumValidatorTest.doubleValueCoarsingExceedRange,5,non-flaky,5,0.9519,5,0.9516,True,True,False,512,512
77203,networknt_json-schema-validator,MinimumValidatorTest.setUp,5,non-flaky,5,0.9519,5,0.9515,True,True,False,222,258
77204,networknt_json-schema-validator,MinimumValidatorTest.positiveNumber,5,non-flaky,5,0.9529,5,0.9518,True,True,False,142,173
77205,networknt_json-schema-validator,MinimumValidatorTest.negativeNumber,5,non-flaky,5,0.953,5,0.9519,True,True,False,397,464
88771,apache_ignite,SharedRDDExampleSelfTest.testSharedRDDExample,5,non-flaky,5,0.9509,5,0.9513,True,True,False,50,61
88772,apache_ignite,JavaIgniteDataFrameSelfTest.testCatalogExample,5,non-flaky,5,0.9499,5,0.9504,True,True,False,48,59
88773,apache_ignite,JavaIgniteDataFrameSelfTest.testDataFrameExample,5,non-flaky,5,0.9503,5,0.9509,True,True,False,50,61
88774,apache_ignite,JavaIgniteDataFrameSelfTest.testDataFrameWriteExample,5,non-flaky,5,0.9497,5,0.9508,True,True,False,52,63
88775,apache_ignite,IgniteDataFrameSelfTest.testCatalogExample,5,non-flaky,5,0.9501,5,0.9506,True,True,False,47,58
88776,apache_ignite,IgniteDataFrameSelfTest.testDataFrameExample,5,non-flaky,5,0.9506,5,0.9511,True,True,False,49,60
88777,apache_ignite,IgniteDataFrameSelfTest.testDataFrameWriteExample,5,non-flaky,5,0.95,5,0.9509,True,True,False,51,62
88778,apache_ignite,IgniteOsgiServiceTest.testServiceExposedAndCallbacksInvoked,5,non-flaky,5,0.9518,5,0.951,True,True,False,312,391
88779,apache_ignite,IgniteKarafFeaturesInstallationTest.testAllBundlesActiveAndFeaturesInstalled,5,non-flaky,5,0.9509,5,0.9507,True,True,False,512,512
88780,apache_ignite,LongRunningProcessManagerTest.testStart,5,non-flaky,5,0.9519,5,0.9511,True,True,False,450,512
88781,apache_ignite,LongRunningProcessManagerTest.testPing,5,non-flaky,5,0.9519,5,0.9515,True,True,False,508,512
88782,apache_ignite,LongRunningProcessManagerTest.testStop,5,non-flaky,5,0.952,5,0.9515,True,True,False,510,512
88783,apache_ignite,LongRunningProcessManagerTest.testClear,5,non-flaky,5,0.952,5,0.9515,True,True,False,508,512
88784,apache_ignite,LongRunningProcessClearTaskTest.testCallProcessNotFound,5,non-flaky,5,0.9521,5,0.9507,True,True,False,177,232
88785,apache_ignite,LongRunningProcessClearTaskTest.testCallProcessIsRunning,5,non-flaky,5,0.9516,5,0.9509,True,True,False,148,194
88786,apache_ignite,LongRunningProcessClearTaskTest.testCallProcessIsDone,5,non-flaky,5,0.9518,5,0.9505,True,True,False,249,330
88787,apache_ignite,LongRunningProcessClearTaskTest.testCallProcessIsDoneWithException,5,non-flaky,5,0.9514,5,0.9504,True,True,False,303,392
88788,apache_ignite,LongRunningProcessStopTaskTest.testCallProcessNotFound,5,non-flaky,5,0.9522,5,0.9508,True,True,False,179,234
88789,apache_ignite,LongRunningProcessStopTaskTest.testCallProcessIsRunning,5,non-flaky,5,0.9514,5,0.9503,True,True,False,271,356
88790,apache_ignite,LongRunningProcessStopTaskTest.testCallProcessIsDone,5,non-flaky,5,0.9515,5,0.9503,True,True,False,271,356
88791,apache_ignite,LongRunningProcessStopTaskTest.testCallProcessIsDoneWithException,5,non-flaky,5,0.9509,5,0.9502,True,True,False,325,418
88792,apache_ignite,LongRunningProcessStartTaskTest.testCall,5,non-flaky,5,0.9515,5,0.9502,True,True,False,213,281
88793,apache_ignite,LongRunningProcessStartTaskTest.testCallWithException,5,non-flaky,5,0.9518,5,0.9505,True,True,False,229,296
88794,apache_ignite,LongRunningProcessPingTaskTest.testCallProcessNotFound,5,non-flaky,5,0.9521,5,0.9508,True,True,False,177,232
88795,apache_ignite,LongRunningProcessPingTaskTest.testCallProcessIsRunning,5,non-flaky,5,0.9517,5,0.9505,True,True,False,250,331
88796,apache_ignite,LongRunningProcessPingTaskTest.testCallProcessIsDone,5,non-flaky,5,0.9518,5,0.9505,True,True,False,249,330
88797,apache_ignite,LongRunningProcessPingTaskTest.testCallProcessIsDoneWithException,5,non-flaky,5,0.9514,5,0.9504,True,True,False,303,392
88798,apache_ignite,ProcessManagerWrapperTest.testStart,5,non-flaky,5,0.9515,5,0.9514,True,True,False,79,99
88799,apache_ignite,ProcessManagerWrapperTest.testPing,5,non-flaky,5,0.9516,5,0.9514,True,True,False,87,111
88800,apache_ignite,ProcessManagerWrapperTest.testStop,5,non-flaky,5,0.9519,5,0.9516,True,True,False,93,117
88801,apache_ignite,ProcessManagerWrapperTest.testClear,5,non-flaky,5,0.9517,5,0.9515,True,True,False,87,111
88802,apache_ignite,LoadTest.testMultithreading,5,non-flaky,5,0.9511,5,0.9507,True,True,False,512,512
88803,apache_ignite,ReliabilityTest.testFailover,5,non-flaky,5,0.9504,5,0.9501,True,True,False,512,512
88804,apache_ignite,IgniteBinaryTest.testUnmarshalSchemalessIgniteBinaries,5,non-flaky,5,0.952,5,0.9509,True,True,False,340,415
88805,apache_ignite,IgniteBinaryTest.testReadingSchemalessIgniteBinaries,5,non-flaky,5,0.9517,5,0.9507,True,True,False,385,464
88806,apache_ignite,IgniteBinaryTest.testBinaryObjectPutGet,5,non-flaky,5,0.9516,5,0.9509,True,True,False,474,512
88807,apache_ignite,IgniteBinaryTest.testBinaryObjectApi,5,non-flaky,5,0.9515,5,0.951,True,True,False,512,512
88808,apache_ignite,FunctionalTest.testCacheManagement,5,non-flaky,5,0.951,5,0.9505,True,True,False,512,512
88809,apache_ignite,FunctionalTest.testCacheConfiguration,5,non-flaky,5,0.9512,5,0.9509,True,True,False,512,512
88810,apache_ignite,FunctionalTest.testPutGet,5,non-flaky,5,0.9514,5,0.951,True,True,False,512,512
88811,apache_ignite,FunctionalTest.testBatchPutGet,5,non-flaky,5,0.9516,5,0.9509,True,True,False,512,512
88812,apache_ignite,FunctionalTest.testAtomicPutGet,5,non-flaky,5,0.9515,5,0.9505,True,True,False,393,476
88813,apache_ignite,FunctionalTest.testRemoveReplace,5,non-flaky,5,0.951,5,0.9506,True,True,False,512,512
88814,apache_ignite,FunctionalTest.testClientFailsOnStart,5,non-flaky,5,0.9517,5,0.9507,True,True,False,358,451
88815,apache_ignite,ClientCacheConfigurationTest.testSerialization,5,non-flaky,5,0.9518,5,0.9514,True,True,False,512,512
88816,apache_ignite,ClientConfigurationTest.testSerialization,5,non-flaky,5,0.952,5,0.9513,True,True,False,512,512
88817,apache_ignite,FullyConnectedComponentSearcherTest.testFind,5,non-flaky,5,0.9514,5,0.9507,True,True,False,232,304
88818,apache_ignite,IgnitePageMemReplaceDelayedWriteUnitTest.testReplacementWithDelayCausesLockForRead,5,non-flaky,5,0.9504,5,0.9501,True,True,False,512,512
88819,apache_ignite,IgnitePageMemReplaceDelayedWriteUnitTest.testBackwardCompatibilityMode,5,non-flaky,5,0.9506,5,0.9501,True,True,False,512,512
88820,apache_ignite,IgniteThrottlingUnitTest.breakInCaseTooFast,5,non-flaky,5,0.9503,5,0.9495,True,True,False,183,232
88821,apache_ignite,IgniteThrottlingUnitTest.noBreakIfNotFastWrite,5,non-flaky,5,0.9503,5,0.9494,True,True,False,184,233
88822,apache_ignite,IgniteThrottlingUnitTest.averageCalculation,5,non-flaky,5,0.9482,5,0.948,True,True,False,180,240
88823,apache_ignite,IgniteThrottlingUnitTest.speedCalculation,5,non-flaky,5,0.948,5,0.9474,True,True,False,203,262
88824,apache_ignite,IgniteThrottlingUnitTest.speedWithDelayCalculation,5,non-flaky,5,0.9475,5,0.9473,True,True,False,320,413
88825,apache_ignite,IgniteThrottlingUnitTest.beginOfCp,5,non-flaky,5,0.9488,5,0.9479,True,True,False,340,430
88826,apache_ignite,IgniteThrottlingUnitTest.enforceThrottleAtTheEndOfCp,5,non-flaky,5,0.9492,5,0.9491,True,True,False,322,397
88827,apache_ignite,IgniteThrottlingUnitTest.tooMuchPagesMarkedDirty,5,non-flaky,5,0.9504,5,0.9494,True,True,False,226,288
88828,apache_ignite,IgniteThrottlingUnitTest.warningInCaseTooMuchThrottling,5,non-flaky,5,0.9502,5,0.9499,True,True,False,512,512
88829,apache_ignite,RobinHoodBackwardShiftHashMapTest.testShortSize,5,non-flaky,5,0.9525,5,0.9513,True,True,False,119,146
88830,apache_ignite,RobinHoodBackwardShiftHashMapTest.testSimplestPutGet,5,non-flaky,5,0.9512,5,0.9501,True,True,False,464,512
88831,apache_ignite,RobinHoodBackwardShiftHashMapTest.testSimplestOverflow,5,non-flaky,5,0.9518,5,0.9508,True,True,False,416,486
88832,apache_ignite,RobinHoodBackwardShiftHashMapTest.testPutRemoveOnSamePlaces,5,non-flaky,5,0.9508,5,0.9502,True,True,False,323,388
88833,apache_ignite,RobinHoodBackwardShiftHashMapTest.testCollisionOnRemove,5,non-flaky,5,0.9522,5,0.951,True,True,False,363,431
88834,apache_ignite,RobinHoodBackwardShiftHashMapTest.testRandomOpsPutRemove,5,non-flaky,5,0.9501,5,0.9501,True,True,False,46,57
88835,apache_ignite,RobinHoodBackwardShiftHashMapTest.testPutAndCantGetOutdatedValue,5,non-flaky,5,0.9517,5,0.9507,True,True,False,300,361
88836,apache_ignite,RobinHoodBackwardShiftHashMapTest.testPutAndRefreshValue,5,non-flaky,5,0.9511,5,0.9502,True,True,False,331,410
88837,apache_ignite,RobinHoodBackwardShiftHashMapTest.testClearAtWithControlMap3,5,non-flaky,5,0.9521,5,0.9511,True,True,False,134,171
88838,apache_ignite,RobinHoodBackwardShiftHashMapTest.testClearAtWithControlMap7,5,non-flaky,5,0.9521,5,0.9511,True,True,False,134,171
88839,apache_ignite,RobinHoodBackwardShiftHashMapTest.testClearAllWithControlMap,5,non-flaky,5,0.9508,5,0.9512,True,True,False,69,89
88840,apache_ignite,FullPageIdTableTest.testRandomOperations,5,non-flaky,5,0.9499,5,0.9495,True,True,False,512,512
88841,apache_ignite,FullPageIdTableTest.putRemoveScenario,5,non-flaky,5,0.9498,5,0.9489,True,True,False,68,88
88842,apache_ignite,FullPageIdTableTest.putRemoveScenarioNewMap,5,non-flaky,5,0.949,5,0.9485,True,True,False,70,85
88843,apache_ignite,ObjectHistogramTest.testBuckets,5,non-flaky,5,0.9521,5,0.9524,True,True,False,113,128
88844,apache_ignite,ObjectHistogramTest.testAdd,5,non-flaky,5,0.9518,5,0.951,True,True,False,124,156
88845,apache_ignite,ObjectHistogramTest.testAddHist,5,non-flaky,5,0.9521,5,0.9519,True,True,False,99,114
88846,apache_ignite,ObjectHistogramTest.testDistributionFunction,5,non-flaky,5,0.9522,5,0.9517,True,True,False,245,307
88847,apache_ignite,ObjectHistogramTest.testOfSum,5,non-flaky,5,0.9514,5,0.9514,True,True,False,512,512
88848,apache_ignite,SimpleDatasetTest.basicTest,5,non-flaky,5,0.9513,5,0.9509,True,True,False,512,512
88849,apache_ignite,SimpleLabeledDatasetTest.basicTest,5,non-flaky,5,0.9513,5,0.9509,True,True,False,512,512
88850,apache_ignite,DatasetWrapperTest.testComputeWithCtx,5,non-flaky,5,0.9527,5,0.9524,True,True,False,178,220
88851,apache_ignite,DatasetWrapperTest.testComputeWithCtx2,5,non-flaky,5,0.9527,5,0.9525,True,True,False,179,221
88852,apache_ignite,DatasetWrapperTest.testComputeWithCtx3,5,non-flaky,5,0.9524,5,0.9513,True,True,False,153,189
88853,apache_ignite,DatasetWrapperTest.testCompute,5,non-flaky,5,0.953,5,0.9525,True,True,False,166,208
88854,apache_ignite,DatasetWrapperTest.testCompute2,5,non-flaky,5,0.9531,5,0.9524,True,True,False,184,226
88855,apache_ignite,DatasetWrapperTest.testClose,5,non-flaky,5,0.9518,5,0.9515,True,True,False,57,77
88856,apache_ignite,LocalDatasetBuilderTest.testBuild,5,non-flaky,5,0.9512,5,0.9503,True,True,False,374,490
88857,apache_ignite,LocalDatasetBuilderTest.testBuildWithPredicate,5,non-flaky,5,0.9512,5,0.9503,True,True,False,354,457
88858,apache_ignite,IteratorWithConcurrentModificationCheckerTest.testNextWhenIteratorHasLessElementsThanExpected,5,non-flaky,5,0.953,5,0.9524,True,True,False,193,239
88859,apache_ignite,IteratorWithConcurrentModificationCheckerTest.testNextWhenIteratorHasMoreElementsThanExpected,5,non-flaky,5,0.9527,5,0.9523,True,True,False,170,212
88860,apache_ignite,IteratorWithConcurrentModificationCheckerTest.testHasNextWhenIteratorHasLessElementsThanExpected,5,non-flaky,5,0.953,5,0.9521,True,True,False,210,268
88861,apache_ignite,IteratorWithConcurrentModificationCheckerTest.testHasNextWhenIteratorHasMoreElementsThanExpected,5,non-flaky,5,0.9528,5,0.9521,True,True,False,182,232
88862,apache_ignite,DatasetAffinityFunctionWrapperTest.testReset,5,non-flaky,5,0.9517,5,0.9516,True,True,False,56,76
88863,apache_ignite,DatasetAffinityFunctionWrapperTest.testPartitions,5,non-flaky,5,0.9525,5,0.9517,True,True,False,99,132
88864,apache_ignite,DatasetAffinityFunctionWrapperTest.testPartition,5,non-flaky,5,0.9525,5,0.9518,True,True,False,107,140
88865,apache_ignite,DatasetAffinityFunctionWrapperTest.testAssignPartitions,5,non-flaky,5,0.9525,5,0.9522,True,True,False,175,217
88866,apache_ignite,DatasetAffinityFunctionWrapperTest.testRemoveNode,5,non-flaky,5,0.9517,5,0.9512,True,True,False,86,115
88867,apache_ignite,PartitionDataStorageTest.testComputeDataIfAbsent,5,non-flaky,5,0.9509,5,0.9495,True,True,False,208,271
88868,apache_ignite,PipelineMdlTest.testPredict,5,non-flaky,5,0.9511,5,0.9511,True,True,False,89,109
88869,apache_ignite,PipelineTest.testTrainWithTheLinearlySeparableCase,5,non-flaky,5,0.9515,5,0.951,True,True,False,512,512
88870,apache_ignite,PipelineTest.testTrainWithMissedFinalStage,5,non-flaky,5,0.9514,5,0.9514,True,True,False,512,512
89274,apache_samza,TestSamzaRestService.testStartShouldStartTheMetricsReportersAndServer,5,non-flaky,5,0.9491,5,0.9507,True,True,False,190,233
89275,apache_samza,TestSamzaRestService.testStopShouldStopTheMetricsReportersAndStopTheServer,5,non-flaky,5,0.9492,5,0.9512,True,True,False,72,91
89276,apache_samza,TestYarnRestJobStatusProvider.testGetJobStatuses,5,non-flaky,5,0.9526,5,0.9514,True,True,False,357,431
89277,apache_samza,TestJobsResource.testGetJobs,5,non-flaky,5,0.9532,5,0.9519,True,True,False,414,503
89278,apache_samza,TestJobsResource.testPostJobs,5,non-flaky,5,0.9524,5,0.9521,True,True,False,76,99
89279,apache_samza,TestJobsResource.testPutJobs,5,non-flaky,5,0.9522,5,0.9521,True,True,False,75,98
89280,apache_samza,TestJobsResource.testGetJob,5,non-flaky,5,0.9531,5,0.9525,True,True,False,207,251
89281,apache_samza,TestJobsResource.testPostJob,5,non-flaky,5,0.9524,5,0.9518,True,True,False,120,147
89282,apache_samza,TestJobsResource.testGetJobNameNotFound,5,non-flaky,5,0.953,5,0.9527,True,True,False,172,208
89283,apache_samza,TestJobsResource.testGetJobIdNotFound,5,non-flaky,5,0.9528,5,0.9525,True,True,False,173,209
89284,apache_samza,TestJobsResource.testGetJobNameWithoutId,5,non-flaky,5,0.9515,5,0.952,True,True,False,92,115
89285,apache_samza,TestJobsResource.testStartJob,5,non-flaky,5,0.9531,5,0.9521,True,True,False,232,280
89286,apache_samza,TestJobsResource.testStopJob,5,non-flaky,5,0.9533,5,0.9522,True,True,False,233,281
89287,apache_samza,TestJobsResource.testPutBadJobStatus,5,non-flaky,5,0.9529,5,0.9526,True,True,False,202,242
89288,apache_samza,TestJobsResource.testPutMissingStatus,5,non-flaky,5,0.9531,5,0.9525,True,True,False,187,227
89289,apache_samza,TestTasksResource.testGetTasks,5,non-flaky,5,0.9529,5,0.952,True,True,False,376,445
89290,apache_samza,TestTasksResource.testGetTasksWithInvalidJobName,5,non-flaky,5,0.9523,5,0.9525,True,True,False,186,217
89291,apache_samza,TestTasksResource.testGetTasksWithInvalidJobId,5,non-flaky,5,0.9522,5,0.9525,True,True,False,186,217
89292,apache_samza,TestLocalStoreMonitor.shouldDeleteLocalTaskStoreWhenItHasNoOffsetFile,5,non-flaky,5,0.9517,5,0.9515,True,True,False,117,140
89293,apache_samza,TestLocalStoreMonitor.shouldDeleteLocalStoreWhenLastModifiedTimeOfOffsetFileIsGreaterThanOffsetTTL,5,non-flaky,5,0.9515,5,0.95,True,True,False,123,150
89294,apache_samza,TestLocalStoreMonitor.shouldDeleteInActiveLocalStoresOfTheJob,5,non-flaky,5,0.9513,5,0.9507,True,True,False,241,288
89295,apache_samza,TestLocalStoreMonitor.shouldDoNothingWhenLastModifiedTimeOfOffsetFileIsLessThanOffsetTTL,5,non-flaky,5,0.9518,5,0.9504,True,True,False,105,128
89296,apache_samza,TestLocalStoreMonitor.shouldDoNothingWhenTheJobIsRunning,5,non-flaky,5,0.9516,5,0.951,True,True,False,130,157
89297,apache_samza,TestLocalStoreMonitor.shouldDeleteTaskStoreWhenTaskPreferredStoreIsNotLocalHost,5,non-flaky,5,0.9512,5,0.9515,True,True,False,194,225
89298,apache_samza,TestLocalStoreMonitor.shouldContinueLocalStoreCleanUpAfterFailureToCleanUpStoreOfAJob,5,non-flaky,5,0.9521,5,0.9511,True,True,False,480,512
89299,apache_samza,TestMonitorService.testMonitorsShouldBeInstantiatedProperly,5,non-flaky,5,0.9527,5,0.9512,True,True,False,298,377
89300,apache_samza,TestMonitorService.testShouldGroupRelevantMonitorConfigTogether,5,non-flaky,5,0.9495,5,0.9501,True,True,False,512,512
89301,apache_samza,TestMonitorService.testMonitorExceptionIsolation,5,non-flaky,5,0.952,5,0.9515,True,True,False,281,333
89302,apache_samza,TestMonitorService.createSchedulerAndScheduleMonitor,5,non-flaky,5,0.9519,5,0.9514,True,True,False,512,512
89303,apache_samza,TestMonitorService.testShouldFailWhenTheMonitorFactoryClassIsInvalid,5,non-flaky,5,0.9519,5,0.9519,True,True,False,294,333
89304,apache_samza,TestMonitorService.monitor,5,non-flaky,5,0.9511,5,0.9509,True,True,False,165,214
89305,apache_samza,TestKafkaSystemConsumerMetrics.testKafkaSystemConsumerMetrics,5,non-flaky,5,0.9523,5,0.9519,True,True,False,512,512
89306,apache_samza,TestKafkaSystemAdminWithMock.testGetSystemStreamMetaDataWithValidTopic,5,non-flaky,5,0.9519,5,0.9517,True,True,False,512,512
89307,apache_samza,TestKafkaSystemAdminWithMock.testGetSystemStreamMetaDataWithInvalidTopic,5,non-flaky,5,0.9474,5,0.9508,True,True,False,94,113
89308,apache_samza,TestKafkaSystemAdminWithMock.testGetSystemStreamMetaDataWithNoTopic,5,non-flaky,5,0.9446,5,0.9507,True,True,False,78,93
89309,apache_samza,TestKafkaSystemAdminWithMock.testGetSystemStreamMetaDataForTopicWithNoMessage,5,non-flaky,5,0.953,5,0.9523,True,True,False,512,512
89310,apache_samza,TestKafkaSystemAdminWithMock.testGetSSPMetadata,5,non-flaky,5,0.9526,5,0.9525,True,True,False,403,458
89311,apache_samza,TestKafkaSystemAdminWithMock.testGetSSPMetadataEmptyPartition,5,non-flaky,5,0.9525,5,0.9525,True,True,False,388,448
89312,apache_samza,TestKafkaSystemAdminWithMock.testGetSSPMetadataEmptyUpcomingOffset,5,non-flaky,5,0.9494,5,0.9517,True,True,False,266,305
89313,apache_samza,TestKafkaSystemAdminWithMock.testGetSSPMetadataZeroUpcomingOffset,5,non-flaky,5,0.9502,5,0.9519,True,True,False,284,327
89314,apache_samza,TestKafkaSystemAdminWithMock.testGetSystemStreamMetaDataWithRetry,5,non-flaky,5,0.9523,5,0.9518,True,True,False,396,474
89315,apache_samza,TestKafkaSystemAdminWithMock.testGetSystemStreamMetadataShouldTerminateAfterFiniteRetriesOnException,5,non-flaky,5,0.9492,5,0.9509,True,True,False,162,198
89316,apache_samza,TestKafkaSystemAdminWithMock.testGetSystemStreamPartitionCountsShouldTerminateAfterFiniteRetriesOnException,5,non-flaky,5,0.9518,5,0.9519,True,True,False,200,249
89317,apache_samza,TestKafkaSystemAdminWithMock.testGetSSPMetadataWithRetry,5,non-flaky,5,0.9523,5,0.9519,True,True,False,482,512
89318,apache_samza,TestKafkaSystemAdminWithMock.testGetSSPMetadataShouldTerminateAfterFiniteRetriesOnException,5,non-flaky,5,0.9521,5,0.9519,True,True,False,301,363
89319,apache_samza,TestKafkaSystemConsumer.testConfigValidations,5,non-flaky,5,0.951,5,0.951,True,True,False,74,103
89320,apache_samza,TestKafkaSystemConsumer.testFetchThresholdShouldDivideEvenlyAmongPartitions,5,non-flaky,5,0.9515,5,0.9508,True,True,False,249,311
89321,apache_samza,TestKafkaSystemConsumer.testConsumerRegisterOlderOffsetOfTheSamzaSSP,5,non-flaky,5,0.9512,5,0.9515,True,True,False,352,427
89322,apache_samza,TestKafkaSystemConsumer.testFetchThresholdBytes,5,non-flaky,5,0.9502,5,0.9518,True,True,False,512,512
89323,apache_samza,TestKafkaSystemConsumer.testFetchThresholdBytesDiabled,5,non-flaky,5,0.9505,5,0.9519,True,True,False,512,512
89324,apache_samza,TestKafkaSystemConsumer.testStartConsumer,5,non-flaky,5,0.9523,5,0.952,True,True,False,512,512
89325,apache_samza,TestKafkaSystemAdminJava.testCreateStreamShouldCoordinatorStreamWithCorrectTopicProperties,5,non-flaky,5,0.9528,5,0.9518,True,True,False,249,308
89326,apache_samza,TestKafkaSystemAdminJava.testGetOffsetsAfter,5,non-flaky,5,0.9523,5,0.9526,True,True,False,190,239
89327,apache_samza,TestKafkaSystemAdminJava.testToKafkaSpecForCheckpointStreamShouldReturnTheCorrectStreamSpecByPreservingTheConfig,5,non-flaky,5,0.9524,5,0.9512,True,True,False,438,512
89328,apache_samza,TestKafkaSystemAdminJava.testToKafkaSpec,5,non-flaky,5,0.9518,5,0.9513,True,True,False,512,512
89329,apache_samza,TestKafkaSystemAdminJava.testCreateCoordinatorStream,5,non-flaky,5,0.9464,5,0.951,True,True,False,110,142
89330,apache_samza,TestKafkaSystemAdminJava.testCreateCoordinatorStreamWithSpecialCharsInTopicName,5,non-flaky,5,0.9518,5,0.9515,True,True,False,512,512
89331,apache_samza,TestKafkaSystemAdminJava.testCreateChangelogStreamHelp,5,non-flaky,5,0.9429,5,0.9485,True,True,False,39,50
89332,apache_samza,TestKafkaSystemAdminJava.testCreateChangelogStreamWithSpecialCharsInTopicName,5,non-flaky,5,0.9422,5,0.9487,True,True,False,56,71
89333,apache_samza,TestKafkaSystemAdminJava.testCreateStream,5,non-flaky,5,0.9509,5,0.9515,True,True,False,131,167
89334,apache_samza,TestKafkaSystemAdminJava.testValidateStreamDoesNotExist,5,non-flaky,5,0.9448,5,0.9507,True,True,False,74,99
89335,apache_samza,TestKafkaSystemAdminJava.testValidateStreamWrongPartitionCount,5,non-flaky,5,0.951,5,0.9516,True,True,False,144,181
89336,apache_samza,TestKafkaSystemAdminJava.testValidateStreamWrongName,5,non-flaky,5,0.9513,5,0.9519,True,True,False,142,179
89337,apache_samza,TestKafkaSystemAdminJava.testClearStream,5,non-flaky,5,0.9517,5,0.9511,True,True,False,311,397
89338,apache_samza,TestKafkaSystemAdminJava.testShouldAssembleMetadata,5,non-flaky,5,0.9526,5,0.9522,True,True,False,512,512
89339,apache_samza,TestKafkaSystemAdminJava.testStartpointSpecificOffsetVisitorShouldResolveToCorrectOffset,5,non-flaky,5,0.9498,5,0.9514,True,True,False,178,219
89340,apache_samza,TestKafkaSystemAdminJava.testStartpointTimestampVisitorShouldResolveToCorrectOffset,5,non-flaky,5,0.9528,5,0.9515,True,True,False,350,430
89341,apache_samza,TestKafkaSystemAdminJava.testStartpointTimestampVisitorShouldResolveToCorrectOffsetWhenTimestampDoesNotExist,5,non-flaky,5,0.9528,5,0.9519,True,True,False,370,445
89342,apache_samza,TestKafkaSystemAdminJava.testStartpointOldestVisitorShouldResolveToCorrectOffset,5,non-flaky,5,0.9521,5,0.9518,True,True,False,249,307
89343,apache_samza,TestKafkaSystemAdminJava.testStartpointUpcomingVisitorShouldResolveToCorrectOffset,5,non-flaky,5,0.952,5,0.9518,True,True,False,248,311
89344,apache_samza,TestKafkaStreamSpec.testUnsupportedConfigStrippedFromProperties,5,non-flaky,5,0.9535,5,0.9521,True,True,False,382,490
89345,apache_samza,TestKafkaStreamSpec.testInvalidPartitionCount,5,non-flaky,5,0.9465,5,0.9506,True,True,False,57,68
89346,apache_samza,TestKafkaSystemProducerJava.apply,5,non-flaky,5,0.9503,5,0.9501,True,True,False,224,271
89347,apache_samza,TestKafkaInputDescriptor.testISDConfigsWithOverrides,5,non-flaky,5,0.9525,5,0.9521,True,True,False,285,338
89348,apache_samza,TestKafkaInputDescriptor.testISDConfigsWithDefaults,5,non-flaky,5,0.9529,5,0.9522,True,True,False,239,288
89349,apache_samza,TestKafkaSystemDescriptor.testSDConfigsWithOverrides,5,non-flaky,5,0.9528,5,0.9519,True,True,False,512,512
89350,apache_samza,TestKafkaSystemDescriptor.testSDConfigsWithoutOverrides,5,non-flaky,5,0.9496,5,0.9521,True,True,False,136,164
89351,apache_samza,TestKafkaSystemFactoryJava.testGetIntermediateStreamProperties,5,non-flaky,5,0.952,5,0.9513,True,True,False,461,512
89352,apache_samza,TestKafkaCheckpointManagerFactory.testGetCheckpointTopicProperties,5,non-flaky,5,0.9527,5,0.9526,True,True,False,289,347
89353,apache_samza,TestKafkaCheckpointLogKeySerde.testBinaryCompatibility,5,non-flaky,5,0.9531,5,0.9523,True,True,False,261,310
89354,apache_samza,TestKafkaCheckpointLogKeySerde.testSerde,5,non-flaky,5,0.9521,5,0.9521,True,True,False,158,190
89355,apache_samza,TestKafkaCheckpointLogKeySerde.testCheckpointTypeV2,5,non-flaky,5,0.9521,5,0.9522,True,True,False,170,202
89356,apache_samza,TestKafkaCheckpointLogKeySerde.testForwardsCompatibility,5,non-flaky,5,0.9526,5,0.9521,True,True,False,198,238
89357,apache_samza,TestKafkaCheckpointManager.testCreateResourcesTopicCreationError,5,non-flaky,5,0.9476,5,0.9512,True,True,False,151,186
89358,apache_samza,TestKafkaCheckpointManager.testCreateResourcesTopicValidationError,5,non-flaky,5,0.9489,5,0.9512,True,True,False,142,177
89359,apache_samza,TestKafkaCheckpointManager.testReadFailsOnSerdeExceptions,5,non-flaky,5,0.9505,5,0.9515,True,True,False,329,393
89360,apache_samza,TestKafkaCheckpointManager.testReadSucceedsOnKeySerdeExceptionsWhenValidationIsDisabled,5,non-flaky,5,0.9506,5,0.9513,True,True,False,346,410
89361,apache_samza,TestKafkaCheckpointManager.testStart,5,non-flaky,5,0.9519,5,0.951,True,True,False,295,373
89362,apache_samza,TestKafkaCheckpointManager.testRegister,5,non-flaky,5,0.9476,5,0.9507,True,True,False,95,118
89363,apache_samza,TestKafkaCheckpointManager.testStop,5,non-flaky,5,0.9498,5,0.9509,True,True,False,122,157
89364,apache_samza,TestKafkaCheckpointManager.testWriteCheckpointShouldRecreateSystemProducerOnFailure,5,non-flaky,5,0.9511,5,0.9515,True,True,False,512,512
89365,apache_samza,TestKafkaCheckpointManager.testCreateResources,5,non-flaky,5,0.949,5,0.9511,True,True,False,144,184
89366,apache_samza,TestKafkaCheckpointManager.testCreateResourcesSkipValidation,5,non-flaky,5,0.9491,5,0.9512,True,True,False,150,190
89367,apache_samza,TestKafkaCheckpointManager.testReadEmpty,5,non-flaky,5,0.9486,5,0.9512,True,True,False,114,141
89368,apache_samza,TestKafkaCheckpointManager.testReadCheckpointV1,5,non-flaky,5,0.95,5,0.9515,True,True,False,219,262
89369,apache_samza,TestKafkaCheckpointManager.testReadIgnoreCheckpointV2WhenV1Enabled,5,non-flaky,5,0.951,5,0.9514,True,True,False,284,335
89370,apache_samza,TestKafkaCheckpointManager.testReadCheckpointV2,5,non-flaky,5,0.9505,5,0.9516,True,True,False,252,299
89371,apache_samza,TestKafkaCheckpointManager.testReadCheckpointPriority,5,non-flaky,5,0.9513,5,0.9517,True,True,False,297,348
89372,apache_samza,TestKafkaCheckpointManager.testReadMultipleCheckpointsMultipleSSP,5,non-flaky,5,0.9503,5,0.951,True,True,False,512,512
89373,apache_samza,TestKafkaCheckpointManager.testReadMultipleCheckpointsUpgradeCheckpointVersion,5,non-flaky,5,0.9514,5,0.9515,True,True,False,512,512
91412,strapdata_elassandra,PreBuiltXPackTransportClientTests.testPluginInstalled,5,non-flaky,5,0.9509,5,0.9511,True,True,False,122,145
91413,strapdata_elassandra,MonitoringWithWatcherRestIT.cleanExporters,5,non-flaky,5,0.9514,5,0.9489,True,True,False,221,256
91414,strapdata_elassandra,WatchBackwardsCompatibilityIT.waitForSecuritySetup,5,non-flaky,5,0.9498,5,0.9489,True,True,False,512,512
91415,strapdata_elassandra,OpenLdapUserSearchSessionFactoryTests.init,5,non-flaky,5,0.9503,5,0.9487,True,True,False,289,340
91416,strapdata_elassandra,TribeRestTestCase.compare,5,non-flaky,5,0.9507,5,0.95,True,True,False,109,120
91417,strapdata_elassandra,SessionFactoryLoadBalancingTests.init,5,non-flaky,5,0.9459,5,0.9492,True,True,False,71,82
91418,strapdata_elassandra,TokenAuthIntegTests.testExpiredTokensDeletedAfterExpiration,5,non-flaky,5,0.951,5,0.9505,True,True,False,512,512
91419,strapdata_elassandra,NativePrivilegeStoreTests.setup,5,non-flaky,5,0.9502,5,0.9471,True,True,False,512,512
91420,strapdata_elassandra,TransportHasPrivilegesActionTests.setup,5,non-flaky,5,0.9484,5,0.9455,True,True,False,512,512
91421,strapdata_elassandra,RemoteIndexAuditTrailStartingTests.transportSSLEnabled,5,non-flaky,5,0.9485,5,0.9509,True,True,False,58,69
91422,strapdata_elassandra,SSLTrustRestrictionsTests.nodeSettings,5,non-flaky,5,0.9507,5,0.9488,True,True,False,293,360
91423,strapdata_elassandra,LicensingTests.nodeSettings,5,non-flaky,5,0.9514,5,0.9512,True,True,False,179,202
91424,strapdata_elassandra,BasicDistributedJobsIT.testDedicatedMlNode,5,non-flaky,5,0.9509,5,0.9506,True,True,False,512,512
91425,strapdata_elassandra,MlDistributedFailureIT.testLoseDedicatedMasterNode,5,non-flaky,5,0.95,5,0.9497,True,True,False,512,512
91426,strapdata_elassandra,AutodetectProcessManagerTests.testCanCloseClosingJob,5,non-flaky,5,0.9504,5,0.95,True,True,False,512,512
91427,strapdata_elassandra,MachineLearningLicensingTests.resetLicensing,5,non-flaky,5,0.9508,5,0.9505,True,True,False,78,102
91428,strapdata_elassandra,HistoryActionConditionTests.testActionConditionWithHardFailures,5,non-flaky,5,0.9511,5,0.9479,True,True,False,512,512
91429,strapdata_elassandra,HistoryTemplateEmailMappingsTests.setUp,5,non-flaky,5,0.9499,5,0.9504,True,True,False,71,86
91430,strapdata_elassandra,HttpInputIntegrationTests.testHttpInput,5,non-flaky,5,0.9488,5,0.9454,True,True,False,512,512
91431,strapdata_elassandra,BasicWatcherTests.testIndexWatch,5,non-flaky,5,0.9498,5,0.9484,True,True,False,512,512
91432,strapdata_elassandra,BasicWatcherTests.testModifyWatches,5,non-flaky,5,0.9495,5,0.9495,True,True,False,512,512
91433,strapdata_elassandra,WatchAckTests.indexTestDocument,5,non-flaky,5,0.9523,5,0.951,True,True,False,171,198
91434,strapdata_elassandra,TimeThrottleIntegrationTests.testTimeThrottle,5,non-flaky,5,0.9476,5,0.9445,True,True,False,481,512
91435,strapdata_elassandra,ActivateWatchTests.testDeactivateAndActivate,5,non-flaky,5,0.9487,5,0.9447,True,True,False,512,512
91436,strapdata_elassandra,PreBuiltTransportClientTests.testPluginInstalled,5,non-flaky,5,0.9518,5,0.9516,True,True,False,180,207
91437,strapdata_elassandra,PreBuiltTransportClientTests.testInstallPluginTwice,5,non-flaky,5,0.9518,5,0.951,True,True,False,306,357
91438,strapdata_elassandra,PackagingTestCase.logTestNameBefore,5,non-flaky,5,0.9515,5,0.9517,True,True,False,54,65
91439,strapdata_elassandra,RpmPreservationTestCase.onlyCompatibleDistributions,5,non-flaky,5,0.9526,5,0.9529,True,True,False,81,96
91440,strapdata_elassandra,ArchiveTestCase.onlyCompatibleDistributions,5,non-flaky,5,0.9517,5,0.9527,True,True,False,62,73
91441,strapdata_elassandra,PackageTestCase.onlyCompatibleDistributions,5,non-flaky,5,0.9517,5,0.9527,True,True,False,62,73
91442,strapdata_elassandra,DebPreservationTestCase.onlyCompatibleDistributions,5,non-flaky,5,0.9519,5,0.9529,True,True,False,83,98
91443,strapdata_elassandra,WildflyIT.testTransportClient,5,non-flaky,5,0.9493,5,0.9491,True,True,False,512,512
91444,strapdata_elassandra,ESIntegTestCase.randomIndexTemplate,5,non-flaky,5,0.9516,5,0.951,True,True,False,512,512
91445,strapdata_elassandra,SuiteScopeClusterIT.testReproducible,5,non-flaky,5,0.9518,5,0.9508,True,True,False,266,317
91446,strapdata_elassandra,LoggingListenerTests.annotatedTestMethod,5,non-flaky,5,0.9505,5,0.9512,True,True,False,56,68
91447,strapdata_elassandra,LoggingListenerTests.annotatedTestMethod2,5,non-flaky,5,0.9499,5,0.9507,True,True,False,51,63
91448,strapdata_elassandra,LoggingListenerTests.invalidMethod,5,non-flaky,5,0.9499,5,0.9505,True,True,False,44,56
91449,strapdata_elassandra,IndexShardIT.testStressMaybeFlushOrRollTranslogGeneration,5,non-flaky,5,0.9505,5,0.9504,True,True,False,512,512
91450,strapdata_elassandra,RecoveryDuringReplicationTests.testRecoveryAfterPrimaryPromotion,5,non-flaky,5,0.9502,5,0.9499,True,True,False,512,512
91451,strapdata_elassandra,RecoveryDuringReplicationTests.testResyncAfterPrimaryPromotion,5,non-flaky,5,0.951,5,0.9504,True,True,False,512,512
91452,strapdata_elassandra,RecoveryDuringReplicationTests.indexTranslogOperations,5,non-flaky,5,0.9505,5,0.9504,True,True,False,512,512
91453,strapdata_elassandra,RecoveryDuringReplicationTests.indexTranslogOperations,5,non-flaky,5,0.9505,5,0.9503,True,True,False,512,512
91454,strapdata_elassandra,InternalEngineMergeIT.testMergesHappening,5,non-flaky,5,0.9506,5,0.9507,True,True,False,512,512
91455,strapdata_elassandra,RecoveryWhileUnderLoadIT.testRecoverWhileUnderLoadAllocateReplicasTest,5,non-flaky,5,0.9484,5,0.9473,True,True,False,512,512
91456,strapdata_elassandra,RelocationIT.testSimpleRelocationNoIndexing,5,non-flaky,5,0.9487,5,0.9418,True,True,False,512,512
91457,strapdata_elassandra,RelocationIT.testRelocationWhileIndexingRandom,5,non-flaky,5,0.9506,5,0.9502,True,True,False,512,512
91458,strapdata_elassandra,RelocationIT.indexShardStateChanged,5,non-flaky,5,0.9504,5,0.9501,True,True,False,512,512
91459,strapdata_elassandra,RelocationIT.testIndexAndRelocateConcurrently,5,non-flaky,5,0.9508,5,0.9509,True,True,False,512,512
91460,strapdata_elassandra,SnapshotDisruptionIT.clusterChanged,5,non-flaky,5,0.95,5,0.9475,True,True,False,512,512
91461,strapdata_elassandra,DiscoveryDisruptionIT.testIsolatedUnicastNodes,5,non-flaky,5,0.9505,5,0.9486,True,True,False,512,512
91462,strapdata_elassandra,NodeJoinControllerTests.setUp,5,non-flaky,5,0.9454,5,0.95,True,True,False,66,77
91463,strapdata_elassandra,ZenDiscoveryIT.testNoShardRelocationsOccurWhenElectedMasterNodeFails,5,non-flaky,5,0.9497,5,0.9489,True,True,False,512,512
91464,strapdata_elassandra,PublishClusterStateActionTests.setAsMaster,5,non-flaky,5,0.9516,5,0.9504,True,True,False,140,159
91465,strapdata_elassandra,MasterDisruptionIT.testFailWithMinimumMasterNodesConfigured,5,non-flaky,5,0.9502,5,0.9471,True,True,False,512,512
91466,strapdata_elassandra,MasterDisruptionIT.execute,5,non-flaky,5,0.9517,5,0.9508,True,True,False,512,512
91467,strapdata_elassandra,MasterDisruptionIT.testIsolateMasterAndVerifyClusterStateConsensus,5,non-flaky,5,0.9499,5,0.9499,True,True,False,512,512
91468,strapdata_elassandra,MasterDisruptionIT.testMappingTimeout,5,non-flaky,5,0.9499,5,0.9497,True,True,False,512,512
91469,strapdata_elassandra,ClusterDisruptionIT.testAckedIndexing,5,non-flaky,5,0.9507,5,0.9498,True,True,False,512,512
91470,strapdata_elassandra,MasterServiceTests.execute,5,non-flaky,5,0.9488,5,0.9487,True,True,False,512,512
91471,strapdata_elassandra,MasterServiceTests.execute,5,non-flaky,5,0.9492,5,0.9491,True,True,False,512,512
91472,strapdata_elassandra,ClusterApplierServiceTests.onSuccess,5,non-flaky,5,0.9493,5,0.949,True,True,False,512,512
91473,strapdata_elassandra,ClusterApplierServiceTests.onSuccess,5,non-flaky,5,0.9493,5,0.9491,True,True,False,512,512
91474,strapdata_elassandra,ClusterServiceIT.execute,5,non-flaky,5,0.9493,5,0.9494,True,True,False,398,470
91475,strapdata_elassandra,SpecificMasterNodesIT.testSimpleOnlyMasterNodeElection,5,non-flaky,5,0.9464,5,0.944,True,True,False,512,512
91476,strapdata_elassandra,MinimumMasterNodesIT.testSimpleMinimumMasterNodes,5,non-flaky,5,0.9487,5,0.9463,True,True,False,512,512
91477,strapdata_elassandra,PrimaryAllocationIT.testPrimaryReplicaResyncFailed,5,non-flaky,5,0.9501,5,0.9499,True,True,False,512,512
91478,strapdata_elassandra,PersistentTasksExecutorFullRestartIT.testFullClusterRestart,5,non-flaky,5,0.9503,5,0.9501,True,True,False,512,512
91479,strapdata_elassandra,SearchWhileCreatingIndexIT.testIndexCausesIndexCreation,5,non-flaky,5,0.9493,5,0.9518,True,True,False,59,70
91480,strapdata_elassandra,SharedClusterSnapshotRestoreIT.testReadonlyRepository,5,non-flaky,5,0.9501,5,0.9498,True,True,False,512,512
91481,strapdata_elassandra,SharedClusterSnapshotRestoreIT.testAbortedSnapshotDuringInitDoesNotStart,5,non-flaky,5,0.9502,5,0.9503,True,True,False,512,512
91482,strapdata_elassandra,QueueResizingEsThreadPoolExecutorTests.testAutoQueueSizingWithMax,5,non-flaky,5,0.95,5,0.9496,True,True,False,512,512
91483,strapdata_elassandra,IndexActionIT.testAutoGenerateIdNoDuplicates,5,non-flaky,5,0.9502,5,0.9498,True,True,False,512,512
91484,strapdata_elassandra,IndexingMasterFailoverIT.run,5,non-flaky,5,0.9504,5,0.9499,True,True,False,512,512
91485,strapdata_elassandra,IndicesShardStoreRequestIT.testEmpty,5,non-flaky,5,0.95,5,0.9511,True,True,False,132,151
91486,strapdata_elassandra,RemoteClusterConnectionTests.run,5,non-flaky,5,0.9502,5,0.9502,True,True,False,512,512
91487,strapdata_elassandra,IndexPrimaryRelocationIT.run,5,non-flaky,5,0.9504,5,0.9501,True,True,False,512,512
91488,strapdata_elassandra,IndexRecoveryIT.testRerouteRecovery,5,non-flaky,5,0.95,5,0.9502,True,True,False,512,512
91489,strapdata_elassandra,IndexRecoveryIT.sendRequest,5,non-flaky,5,0.9504,5,0.9501,True,True,False,512,512
91490,strapdata_elassandra,RareClusterStateIT.execute,5,non-flaky,5,0.9498,5,0.949,True,True,False,512,512
91491,strapdata_elassandra,UpdateByQueryBasicTests.testBasics,5,non-flaky,5,0.9501,5,0.9489,True,True,False,512,512
91492,strapdata_elassandra,ReindexFailureTests.testFailuresCauseAbortDefault,5,non-flaky,5,0.9505,5,0.9494,True,True,False,462,512
91493,strapdata_elassandra,CancelTests.clearAllowedOperations,5,non-flaky,5,0.9455,5,0.9504,True,True,False,72,83
96007,stanfordnlp_CoreNLP,SemgrexPatternITest.testNERStanfordDependencies,5,non-flaky,5,0.9524,5,0.952,True,True,False,309,372
96008,stanfordnlp_CoreNLP,SemgrexPatternITest.testNERUniversalDependencies,5,non-flaky,5,0.9522,5,0.9519,True,True,False,308,371
96009,stanfordnlp_CoreNLP,SUTimeSimpleParserITest.testWorking,5,non-flaky,5,0.952,5,0.9516,True,True,False,289,341
96010,stanfordnlp_CoreNLP,HeidelTimeITest.runHeidelTimeEnglish,5,non-flaky,5,0.9518,5,0.9506,True,True,False,512,512
96011,stanfordnlp_CoreNLP,HeidelTimeITest.runHeidelTimeSpanish,5,non-flaky,5,0.9519,5,0.9511,True,True,False,512,512
96012,stanfordnlp_CoreNLP,DcorefExactOutputITest.testCoref,5,non-flaky,5,0.9421,5,0.9501,True,True,False,192,219
96013,stanfordnlp_CoreNLP,DcorefBenchmarkSlowITest.testDcoref,5,non-flaky,5,0.9498,5,0.9505,True,True,False,512,512
96014,stanfordnlp_CoreNLP,SentenceUtilsITest.testRebuildingMWTText,5,non-flaky,5,0.9518,5,0.952,True,True,False,201,240
96015,stanfordnlp_CoreNLP,SentenceUtilsITest.testRebuildingText,5,non-flaky,5,0.9519,5,0.9515,True,True,False,169,208
96016,stanfordnlp_CoreNLP,TokenSequenceMatcherITest.testTokenSequenceMatcherValue,5,non-flaky,5,0.9532,5,0.952,True,True,False,316,424
96017,stanfordnlp_CoreNLP,TokenSequenceMatcherITest.testTokenSequenceMatcherBeginEnd,5,non-flaky,5,0.9527,5,0.9515,True,True,False,460,512
96018,stanfordnlp_CoreNLP,TokenSequenceMatcherITest.testTokenSequenceMatcher1,5,non-flaky,5,0.952,5,0.9516,True,True,False,512,512
96019,stanfordnlp_CoreNLP,TokenSequenceMatcherITest.testTokenSequenceMatcher2,5,non-flaky,5,0.9523,5,0.9516,True,True,False,512,512
96020,stanfordnlp_CoreNLP,TokenSequenceMatcherITest.testTokenSequenceMatcher3,5,non-flaky,5,0.9525,5,0.9516,True,True,False,512,512
96021,stanfordnlp_CoreNLP,TokenSequenceMatcherITest.testTokenSequenceMatcherConj,5,non-flaky,5,0.9507,5,0.9509,True,True,False,512,512
96022,stanfordnlp_CoreNLP,TokenSequenceMatcherITest.testTokenSequenceMatcherConj2,5,non-flaky,5,0.9532,5,0.9517,True,True,False,353,453
96023,stanfordnlp_CoreNLP,TokenSequenceMatcherITest.testTokenSequenceMatcherConjAll,5,non-flaky,5,0.953,5,0.9518,True,True,False,512,512
96024,stanfordnlp_CoreNLP,TokenSequenceMatcherITest.testTokenSequenceMatcherAll,5,non-flaky,5,0.9526,5,0.9517,True,True,False,512,512
96025,stanfordnlp_CoreNLP,TokenSequenceMatcherITest.testTokenSequenceMatcherAll2,5,non-flaky,5,0.953,5,0.9517,True,True,False,512,512
96026,stanfordnlp_CoreNLP,TokenSequenceMatcherITest.testTokenSequenceMatcherNonOverlapping,5,non-flaky,5,0.9533,5,0.9513,True,True,False,400,488
96027,stanfordnlp_CoreNLP,TokenSequenceMatcherITest.testTokenSequenceMatcher4,5,non-flaky,5,0.952,5,0.9516,True,True,False,512,512
96028,stanfordnlp_CoreNLP,TokenSequenceMatcherITest.testTokenSequenceMatcher5,5,non-flaky,5,0.9521,5,0.9512,True,True,False,512,512
96029,stanfordnlp_CoreNLP,TokenSequenceMatcherITest.testTokenSequenceMatcher6,5,non-flaky,5,0.9522,5,0.9517,True,True,False,512,512
96030,stanfordnlp_CoreNLP,TokenSequenceMatcherITest.testTokenSequenceMatcher7,5,non-flaky,5,0.9527,5,0.9517,True,True,False,512,512
96031,stanfordnlp_CoreNLP,TokenSequenceMatcherITest.testTokenSequenceMatcher8,5,non-flaky,5,0.9525,5,0.9516,True,True,False,444,512
96032,stanfordnlp_CoreNLP,TokenSequenceMatcherITest.testTokenSequenceMatcher9,5,non-flaky,5,0.9532,5,0.9524,True,True,False,512,512
96033,stanfordnlp_CoreNLP,TokenSequenceMatcherITest.testTokenSequenceMatcher10,5,non-flaky,5,0.953,5,0.9516,True,True,False,462,512
96034,stanfordnlp_CoreNLP,TokenSequenceMatcherITest.testTokenSequenceOptimizeOrString,5,non-flaky,5,0.9524,5,0.9527,True,True,False,512,512
96035,stanfordnlp_CoreNLP,TokenSequenceMatcherITest.testMultiplePatterns,5,non-flaky,5,0.951,5,0.9519,True,True,False,512,512
96036,stanfordnlp_CoreNLP,TokenSequenceMatcherITest.testTokenSequenceMatcherPosNNP,5,non-flaky,5,0.9523,5,0.952,True,True,False,512,512
96037,stanfordnlp_CoreNLP,TokenSequenceMatcherITest.testTokenSequenceMatcherNumber,5,non-flaky,5,0.9519,5,0.9512,True,True,False,512,512
96038,stanfordnlp_CoreNLP,TokenSequenceMatcherITest.testTokenSequenceMatcherNested,5,non-flaky,5,0.9527,5,0.9521,True,True,False,208,264
96039,stanfordnlp_CoreNLP,TokenSequenceMatcherITest.testTokenSequenceMatcherAAs,5,non-flaky,5,0.9524,5,0.9512,True,True,False,275,331
96040,stanfordnlp_CoreNLP,TokenSequenceMatcherITest.testTokenSequenceFindsWildcard,5,non-flaky,5,0.9528,5,0.9518,True,True,False,431,512
96041,stanfordnlp_CoreNLP,TokenSequenceMatcherITest.testTokenSequenceMatchesWildcard,5,non-flaky,5,0.9528,5,0.9524,True,True,False,286,372
96042,stanfordnlp_CoreNLP,TokenSequenceMatcherITest.testTokenSequenceMatcherABs,5,non-flaky,5,0.9526,5,0.9518,True,True,False,512,512
96043,stanfordnlp_CoreNLP,TokenSequenceMatcherITest.testTokenSequenceMatcherMultiNodePattern,5,non-flaky,5,0.9531,5,0.9518,True,True,False,512,512
96044,stanfordnlp_CoreNLP,TokenSequenceMatcherITest.testTokenSequenceMatcherMultiNodePattern2,5,non-flaky,5,0.9531,5,0.9522,True,True,False,434,512
96045,stanfordnlp_CoreNLP,TokenSequenceMatcherITest.testTokenSequenceMatcherBackRef,5,non-flaky,5,0.9528,5,0.9521,True,True,False,261,334
96046,stanfordnlp_CoreNLP,TokenSequenceMatcherITest.testMultiPatternMatcher,5,non-flaky,5,0.9518,5,0.9528,True,True,False,315,375
96047,stanfordnlp_CoreNLP,TokenSequenceMatcherITest.testStringPatternMatchCaseInsensitive,5,non-flaky,5,0.9519,5,0.9519,True,True,False,288,361
96048,stanfordnlp_CoreNLP,TokenSequenceMatcherITest.testStringMatchCaseInsensitive,5,non-flaky,5,0.9522,5,0.9518,True,True,False,278,351
96049,stanfordnlp_CoreNLP,TokenSequenceMatcherITest.testCompile,5,non-flaky,5,0.9524,5,0.952,True,True,False,149,184
96050,stanfordnlp_CoreNLP,TokenSequenceMatcherITest.testBindingCompile,5,non-flaky,5,0.9476,5,0.9512,True,True,False,101,124
96051,stanfordnlp_CoreNLP,TokenSequenceMatcherITest.testNoBindingCompile,5,non-flaky,5,0.9487,5,0.9522,True,True,False,101,115
96052,stanfordnlp_CoreNLP,TokenSequenceMatcherITest.testCaseInsensitive1,5,non-flaky,5,0.9507,5,0.9518,True,True,False,182,225
96053,stanfordnlp_CoreNLP,TokenSequenceMatcherITest.testCaseInsensitive2,5,non-flaky,5,0.951,5,0.9517,True,True,False,180,233
96054,stanfordnlp_CoreNLP,TSVSentenceIteratorITest.testOnlyGloss,5,non-flaky,5,0.9535,5,0.9527,True,True,False,268,316
96055,stanfordnlp_CoreNLP,TSVSentenceIteratorITest.testFullTokens,5,non-flaky,5,0.953,5,0.9524,True,True,False,512,512
96056,stanfordnlp_CoreNLP,TSVSentenceIteratorITest.testParseArray,5,non-flaky,5,0.953,5,0.9525,True,True,False,475,512
96057,stanfordnlp_CoreNLP,TSVSentenceIteratorITest.testParseTrees,5,non-flaky,5,0.9529,5,0.9524,True,True,False,512,512
96058,stanfordnlp_CoreNLP,MorphaAnnotatorITest.testMorphaAnnotator,5,non-flaky,5,0.9489,5,0.9514,True,True,False,70,89
96059,stanfordnlp_CoreNLP,MorphaAnnotatorITest.testSentencesAnnotation,5,non-flaky,5,0.9521,5,0.9515,True,True,False,154,207
96060,stanfordnlp_CoreNLP,CoNLLUOutputterITest.testInvalidOutputter,5,non-flaky,5,0.9516,5,0.9508,True,True,False,188,227
96061,stanfordnlp_CoreNLP,CoNLLUOutputterITest.testSimpleSentence,5,non-flaky,5,0.9524,5,0.9522,True,True,False,512,512
96062,stanfordnlp_CoreNLP,ChineseSerializationITest.testChineseSerialization,5,non-flaky,5,0.9528,5,0.9515,True,True,False,512,512
96063,stanfordnlp_CoreNLP,TokensRegexNERAnnotatorITest.testTokensRegexSyntax,5,non-flaky,5,0.9534,5,0.9523,True,True,False,512,512
96064,stanfordnlp_CoreNLP,TokensRegexNERAnnotatorITest.testTokensRegexMatchGroup,5,non-flaky,5,0.9534,5,0.9525,True,True,False,229,295
96065,stanfordnlp_CoreNLP,TokensRegexNERAnnotatorITest.testTokensRegexNormalizedAnnotate,5,non-flaky,5,0.9537,5,0.9527,True,True,False,459,512
96066,stanfordnlp_CoreNLP,TokensRegexNERAnnotatorITest.testTokensRegexCustomAnnotate,5,non-flaky,5,0.9533,5,0.9524,True,True,False,342,420
96067,stanfordnlp_CoreNLP,TokensRegexNERAnnotatorITest.testBasicMatching,5,non-flaky,5,0.9532,5,0.9523,True,True,False,181,230
96068,stanfordnlp_CoreNLP,TokensRegexNERAnnotatorITest.testOverwrite,5,non-flaky,5,0.9527,5,0.9524,True,True,False,187,228
96069,stanfordnlp_CoreNLP,TokensRegexNERAnnotatorITest.testPriority,5,non-flaky,5,0.9519,5,0.9518,True,True,False,136,163
96070,stanfordnlp_CoreNLP,TokensRegexNERAnnotatorITest.testEmptyAnnotation,5,non-flaky,5,0.9522,5,0.9512,True,True,False,95,126
96071,stanfordnlp_CoreNLP,QuantifiableEntityNormalizingAnnotatorITest.testQuantifiableEntityNormalizingAnnotator,5,non-flaky,5,0.953,5,0.952,True,True,False,411,499
96072,stanfordnlp_CoreNLP,RequirementsCorrectSlowITest.testDefaultPipeline,5,non-flaky,5,0.9488,5,0.9508,True,True,False,66,77
96073,stanfordnlp_CoreNLP,RequirementsCorrectSlowITest.testDepparsePipeline,5,non-flaky,5,0.9415,5,0.9489,True,True,False,56,67
96074,stanfordnlp_CoreNLP,RequirementsCorrectSlowITest.testQuotePipeline,5,non-flaky,5,0.9454,5,0.9501,True,True,False,61,72
96075,stanfordnlp_CoreNLP,RequirementsCorrectSlowITest.testTrueCasePipeline,5,non-flaky,5,0.9475,5,0.9501,True,True,False,58,69
96076,stanfordnlp_CoreNLP,RequirementsCorrectSlowITest.testOpenIEPipeline,5,non-flaky,5,0.9433,5,0.9493,True,True,False,61,72
96077,stanfordnlp_CoreNLP,RequirementsCorrectSlowITest.testMentionRegression,5,non-flaky,5,0.9461,5,0.9503,True,True,False,37,48
96078,stanfordnlp_CoreNLP,PipelineITest.testPipeline,5,non-flaky,5,0.952,5,0.9513,True,True,False,512,512
96079,stanfordnlp_CoreNLP,PipelinePropertiesITest.buildFrenchPipeline,5,non-flaky,5,0.9532,5,0.9529,True,True,False,512,512
96080,stanfordnlp_CoreNLP,CoreQuoteSanityITest.testCoreQuote,5,non-flaky,5,0.9529,5,0.9521,True,True,False,304,375
96081,stanfordnlp_CoreNLP,CustomAnnotationSerializerITest.testSimple,5,non-flaky,5,0.9485,5,0.9513,True,True,False,62,81
96082,stanfordnlp_CoreNLP,CustomAnnotationSerializerITest.testCollapsedGraphs,5,non-flaky,5,0.9479,5,0.9515,True,True,False,69,88
96083,stanfordnlp_CoreNLP,CustomAnnotationSerializerITest.testTwoSentences,5,non-flaky,5,0.9479,5,0.9514,True,True,False,76,95
96084,stanfordnlp_CoreNLP,CustomAnnotationSerializerITest.testCopyWordGraphs,5,non-flaky,5,0.9476,5,0.9512,True,True,False,70,89
96085,stanfordnlp_CoreNLP,StanfordCoreNLPServerITest.testLive,5,non-flaky,5,0.9506,5,0.9517,True,True,False,78,97
96086,stanfordnlp_CoreNLP,StanfordCoreNLPServerITest.testReady,5,non-flaky,5,0.9506,5,0.9516,True,True,False,78,97
96087,stanfordnlp_CoreNLP,StanfordCoreNLPServerITest.testClient,5,non-flaky,5,0.9506,5,0.9501,True,True,False,223,279
96088,stanfordnlp_CoreNLP,StanfordCoreNLPServerITest.testClientFailure,5,non-flaky,5,0.9499,5,0.9504,True,True,False,185,228
96089,stanfordnlp_CoreNLP,StanfordCoreNLPServerITest.testTregexJson,5,non-flaky,5,0.9529,5,0.9522,True,True,False,373,435
96090,stanfordnlp_CoreNLP,StanfordCoreNLPServerITest.testSemgrexJson,5,non-flaky,5,0.9529,5,0.9518,True,True,False,408,469
96091,stanfordnlp_CoreNLP,StanfordCoreNLPServerITest.testSemgrexAnnotation,5,non-flaky,5,0.9529,5,0.9523,True,True,False,408,468
96092,stanfordnlp_CoreNLP,StanfordCoreNLPServerITest.testSemgrexFilter,5,non-flaky,5,0.9528,5,0.9521,True,True,False,350,411
96093,stanfordnlp_CoreNLP,MWTProtobufSerializationITest.testBasicExample,5,non-flaky,5,0.9528,5,0.9519,True,True,False,223,286
96094,stanfordnlp_CoreNLP,ProtobufAnnotationSerializerSlowITest.testMentions,5,non-flaky,5,0.9445,5,0.9495,True,True,False,46,57
96095,stanfordnlp_CoreNLP,ProtobufAnnotationSerializerSlowITest.testSentiment,5,non-flaky,5,0.9466,5,0.9503,True,True,False,41,52
96096,stanfordnlp_CoreNLP,ProtobufAnnotationSerializerSlowITest.testOpenie,5,non-flaky,5,0.9441,5,0.9492,True,True,False,49,60
96097,stanfordnlp_CoreNLP,ProtobufAnnotationSerializerSlowITest.testQuote,5,non-flaky,5,0.9505,5,0.9521,True,True,False,110,137
96098,stanfordnlp_CoreNLP,ProtobufAnnotationSerializerSlowITest.testGetPossibleAnnotators,5,non-flaky,5,0.9516,5,0.9524,True,True,False,54,69
96099,stanfordnlp_CoreNLP,ProtobufAnnotationSerializerSlowITest.testSave,5,non-flaky,5,0.9511,5,0.9517,True,True,False,93,116
96100,stanfordnlp_CoreNLP,ProtobufAnnotationSerializerSlowITest.testSaveLarge,5,non-flaky,5,0.9511,5,0.9517,True,True,False,92,115
96101,stanfordnlp_CoreNLP,ProtobufAnnotationSerializerSlowITest.testSaveSize,5,non-flaky,5,0.9526,5,0.9523,True,True,False,258,322
96102,stanfordnlp_CoreNLP,ProtobufAnnotationSerializerSlowITest.testCanWriteRead,5,non-flaky,5,0.9528,5,0.9517,True,True,False,263,340
96103,stanfordnlp_CoreNLP,ProtobufAnnotationSerializerSlowITest.testCanWriteReadCleanXML,5,non-flaky,5,0.9527,5,0.9516,True,True,False,309,402
96104,stanfordnlp_CoreNLP,ProtobufAnnotationSerializerSlowITest.testCanWriteReadWriteReadLargeFile,5,non-flaky,5,0.9526,5,0.9517,True,True,False,512,512
96105,stanfordnlp_CoreNLP,ProtobufAnnotationSerializerSlowITest.testSerializeLanguage,5,non-flaky,5,0.9465,5,0.951,True,True,False,59,74
96106,stanfordnlp_CoreNLP,ProtobufAnnotationSerializerSlowITest.testRelation,5,non-flaky,5,0.944,5,0.949,True,True,False,45,56
98337,Kong_unirest-java,MockClientInterceptorIssueTest.setup,5,non-flaky,5,0.9493,5,0.9503,True,True,False,68,83
98338,Kong_unirest-java,ExpectedResponseTest.writeValue,5,non-flaky,5,0.9513,5,0.9511,True,True,False,51,62
98339,Kong_unirest-java,AssertTest.expectAnyPath,5,non-flaky,5,0.9518,5,0.9509,True,True,False,97,130
98340,Kong_unirest-java,ApacheBehaviorTest.setTimeoutsAndCustomClient,5,non-flaky,5,0.9491,5,0.9493,True,True,False,422,512
98341,Kong_unirest-java,ApacheInterceptorTest.process,5,non-flaky,5,0.9509,5,0.9509,True,True,False,87,98
98342,Kong_unirest-java,ApacheClientTest.setUp,5,non-flaky,5,0.9502,5,0.9509,True,True,False,37,48
98343,Kong_unirest-java,ApacheClientTest.tearDown,5,non-flaky,5,0.9508,5,0.9511,True,True,False,52,67
98344,Kong_unirest-java,CacheManagerTest.getClient,5,non-flaky,5,0.9511,5,0.9509,True,True,False,46,57
98345,Kong_unirest-java,UriFormatterTest.testMangler_encoding,5,non-flaky,5,0.9493,5,0.9505,True,True,False,50,61
98346,Kong_unirest-java,UriFormatterTest.testMangler_fragment,5,non-flaky,5,0.948,5,0.9498,True,True,False,55,66
98347,Kong_unirest-java,UriFormatterTest.basicBoringUri,5,non-flaky,5,0.9504,5,0.9509,True,True,False,49,60
98348,Kong_unirest-java,UriFormatterTest.semicolonsAsParam,5,non-flaky,5,0.9512,5,0.9516,True,True,False,53,64
98349,Kong_unirest-java,UriFormatterTest.utf8Chars,5,non-flaky,5,0.9517,5,0.952,True,True,False,70,81
98350,Kong_unirest-java,ClientFactoryTest.before,5,non-flaky,5,0.9502,5,0.9513,True,True,False,39,50
98351,Kong_unirest-java,JSONArrayTest.toString,5,non-flaky,5,0.9514,5,0.9511,True,True,False,47,58
98352,Kong_unirest-java,JsonObjectMapperTest.getDate,5,non-flaky,5,0.9513,5,0.951,True,True,False,46,57
98353,Kong_unirest-java,ConsumerTest.tearDown,5,non-flaky,5,0.9514,5,0.9506,True,True,False,120,155
98354,Kong_unirest-java,AsObjectTest.writeValue,5,non-flaky,5,0.9513,5,0.9506,True,True,False,76,91
98355,Kong_unirest-java,ShutDownHooksTest.setUp,5,non-flaky,5,0.9503,5,0.9509,True,True,False,54,69
98356,Kong_unirest-java,AsGenericTypeTest.getSomeTees,5,non-flaky,5,0.9515,5,0.9513,True,True,False,50,61
98357,Kong_unirest-java,CallbackFutureTest.completed,5,non-flaky,5,0.9503,5,0.9498,True,True,False,112,123
98358,Kong_unirest-java,CallbackFutureTest.completed,5,non-flaky,5,0.9507,5,0.9499,True,True,False,100,111
98359,Kong_unirest-java,DownloadProgressTest.setUp,5,non-flaky,5,0.9501,5,0.9508,True,True,False,53,68
98360,Kong_unirest-java,PostRequestHandlersTest.tearDown,5,non-flaky,5,0.9511,5,0.9514,True,True,False,50,65
98361,Kong_unirest-java,PostRequestHandlersTest.accept,5,non-flaky,5,0.9503,5,0.9509,True,True,False,57,73
98362,Kong_unirest-java,AsFileTest.tearDown,5,non-flaky,5,0.9519,5,0.9514,True,True,False,70,89
98363,Kong_unirest-java,CachingAlternativeTest.invalidate,5,non-flaky,5,0.9516,5,0.951,True,True,False,69,84
98364,Kong_unirest-java,ProxyTest.tearDown,5,non-flaky,5,0.9511,5,0.9513,True,True,False,70,89
98365,Kong_unirest-java,InterceptorTest.setUp,5,non-flaky,5,0.9499,5,0.9508,True,True,False,60,75
98366,Kong_unirest-java,InterceptorTest.onRequest,5,non-flaky,5,0.9507,5,0.9498,True,True,False,151,170
98367,Kong_unirest-java,CustomObjectMapperTest.setUp,5,non-flaky,5,0.9504,5,0.9511,True,True,False,63,78
98368,Kong_unirest-java,UploadProgressTest.setUp,5,non-flaky,5,0.9502,5,0.9507,True,True,False,55,70
99702,apache_cassandra,DistributionSequenceTest.simpleSequence,5,non-flaky,5,0.9519,5,0.9512,True,True,False,349,453
99703,apache_cassandra,DistributionSequenceTest.negValueSequence,5,non-flaky,5,0.9521,5,0.9514,True,True,False,375,487
99704,apache_cassandra,DistributionSequenceTest.bigSequence,5,non-flaky,5,0.9526,5,0.9517,True,True,False,182,232
99705,apache_cassandra,DistributionSequenceTest.setSeed,5,non-flaky,5,0.951,5,0.951,True,True,False,512,512
99706,apache_cassandra,DistributionGaussianTest.simpleGaussian,5,non-flaky,5,0.9516,5,0.9513,True,True,False,477,512
99707,apache_cassandra,DistributionGaussianTest.negValueGaussian,5,non-flaky,5,0.9528,5,0.9519,True,True,False,185,234
99708,apache_cassandra,MultiResultLoggerTest.delegatesToInitialPrintStream,5,non-flaky,5,0.9519,5,0.9509,True,True,False,137,178
99709,apache_cassandra,MultiResultLoggerTest.printingExceptions,5,non-flaky,5,0.9525,5,0.9512,True,True,False,259,308
99710,apache_cassandra,MultiResultLoggerTest.delegatesToAdditionalPrintStreams,5,non-flaky,5,0.9521,5,0.9507,True,True,False,162,207
99711,apache_cassandra,MultiResultLoggerTest.delegatesPrintfToAdditionalPrintStreams,5,non-flaky,5,0.9524,5,0.951,True,True,False,174,219
99712,apache_cassandra,MultiResultLoggerTest.delegatesPrintlnToAdditionalPrintStreams,5,non-flaky,5,0.9521,5,0.9507,True,True,False,157,202
99713,apache_cassandra,SettingsNodeTest.testDefaults,5,non-flaky,5,0.9519,5,0.952,True,True,False,74,93
99714,apache_cassandra,SettingsNodeTest.testOveridingDataCenter,5,non-flaky,5,0.952,5,0.9517,True,True,False,112,139
99715,apache_cassandra,SettingsMiscTest.versionTriggersSpecialOption,5,non-flaky,5,0.951,5,0.9515,True,True,False,66,81
99716,apache_cassandra,SettingsMiscTest.noSpecialOptions,5,non-flaky,5,0.9509,5,0.9514,True,True,False,56,71
99717,apache_cassandra,SettingsMiscTest.parsesVersionMatch,5,non-flaky,5,0.9519,5,0.9516,True,True,False,82,101
99718,apache_cassandra,SettingsMiscTest.parsesVersionNoMatch,5,non-flaky,5,0.9521,5,0.9518,True,True,False,81,100
99719,apache_cassandra,OptionReplicationTest.defaultsToReplicationFactorOfOne,5,non-flaky,5,0.9521,5,0.9518,True,True,False,83,102
99720,apache_cassandra,StressSettingsTest.isSerializable,5,non-flaky,5,0.9521,5,0.9518,True,True,False,134,165
99721,apache_cassandra,FQLReplayTest.testOrderedReplay,5,non-flaky,5,0.9506,5,0.9502,True,True,False,319,390
99722,apache_cassandra,FQLReplayTest.testQueryIterator,5,non-flaky,5,0.9506,5,0.9503,True,True,False,317,388
99723,apache_cassandra,FQLReplayTest.testMergingIterator,5,non-flaky,5,0.9506,5,0.9509,True,True,False,512,512
99724,apache_cassandra,FQLReplayTest.testFQLQueryReader,5,non-flaky,5,0.9515,5,0.9505,True,True,False,463,512
99725,apache_cassandra,FQLReplayTest.testStoringResults,5,non-flaky,5,0.9513,5,0.9509,True,True,False,512,512
99726,apache_cassandra,FQLReplayTest.testCompareColumnDefinitions,5,non-flaky,5,0.9522,5,0.9517,True,True,False,304,368
99727,apache_cassandra,FQLReplayTest.testCompareEqualRows,5,non-flaky,5,0.9525,5,0.9517,True,True,False,324,393
99728,apache_cassandra,FQLReplayTest.testCompareRowsDifferentCount,5,non-flaky,5,0.9525,5,0.9517,True,True,False,417,496
99729,apache_cassandra,FQLReplayTest.testCompareRowsDifferentContent,5,non-flaky,5,0.9525,5,0.952,True,True,False,342,401
99730,apache_cassandra,FQLReplayTest.testCompareRowsDifferentColumnCount,5,non-flaky,5,0.9526,5,0.9519,True,True,False,343,402
99731,apache_cassandra,FQLReplayTest.testResultHandler,5,non-flaky,5,0.9521,5,0.9514,True,True,False,512,512
99732,apache_cassandra,FQLReplayTest.testResultHandlerWithDifference,5,non-flaky,5,0.9523,5,0.9514,True,True,False,512,512
99733,apache_cassandra,FQLReplayTest.testResultHandlerMultipleResultSets,5,non-flaky,5,0.9516,5,0.9513,True,True,False,512,512
99734,apache_cassandra,FQLReplayTest.testResultHandlerFailedQuery,5,non-flaky,5,0.9516,5,0.951,True,True,False,512,512
99735,apache_cassandra,FQLReplayTest.testCompare,5,non-flaky,5,0.9531,5,0.9523,True,True,False,512,512
99736,apache_cassandra,FQLReplayTest.testFQLQuerySingleToStatement,5,non-flaky,5,0.951,5,0.9501,True,True,False,512,512
99737,apache_cassandra,FQLReplayTest.testFQLQueryBatchToStatement,5,non-flaky,5,0.9515,5,0.9508,True,True,False,512,512
99738,apache_cassandra,FQLReplayTest.testParser,5,non-flaky,5,0.952,5,0.9512,True,True,False,467,512
99739,apache_cassandra,FQLReplayTest.testNoPass,5,non-flaky,5,0.9514,5,0.9517,True,True,False,58,73
99740,apache_cassandra,FQLReplayTest.testBadPort,5,non-flaky,5,0.9518,5,0.9516,True,True,False,59,74
99741,apache_cassandra,FQLReplayTest.writeMarshallablePayload,5,non-flaky,5,0.9508,5,0.9503,True,True,False,431,512
99742,apache_cassandra,FQLReplayTest.writeMarshallablePayload,5,non-flaky,5,0.9508,5,0.9505,True,True,False,432,512
99743,apache_cassandra,FQLCompareTest.endToEnd,5,non-flaky,5,0.9523,5,0.9518,True,True,False,188,219
99744,apache_cassandra,FQLCompareTest.endToEndQueryFailures,5,non-flaky,5,0.9525,5,0.9515,True,True,False,191,222
99745,apache_cassandra,FQLCompareTest.compareEqual,5,non-flaky,5,0.9517,5,0.9513,True,True,False,512,512
99746,apache_cassandra,AsyncStreamingInputPlusTest.isOpen,5,non-flaky,5,0.9523,5,0.952,True,True,False,88,105
99747,apache_cassandra,AsyncStreamingInputPlusTest.append_closed,5,non-flaky,5,0.9508,5,0.9506,True,True,False,112,143
99748,apache_cassandra,AsyncStreamingInputPlusTest.append_normal,5,non-flaky,5,0.9509,5,0.9504,True,True,False,137,172
99749,apache_cassandra,AsyncStreamingInputPlusTest.read,5,non-flaky,5,0.9505,5,0.9506,True,True,False,512,512
99750,apache_cassandra,AsyncStreamingInputPlusTest.read_closed,5,non-flaky,5,0.9518,5,0.952,True,True,False,96,113
99751,apache_cassandra,AsyncStreamingInputPlusTest.available_closed,5,non-flaky,5,0.9508,5,0.9508,True,True,False,78,101
99752,apache_cassandra,AsyncStreamingInputPlusTest.available_HappyPath,5,non-flaky,5,0.9509,5,0.9504,True,True,False,137,172
99753,apache_cassandra,AsyncStreamingInputPlusTest.available_ClosedButWithBytes,5,non-flaky,5,0.9511,5,0.9503,True,True,False,154,193
99754,apache_cassandra,AsyncStreamingInputPlusTest.consumeUntil_SingleBuffer_Partial_HappyPath,5,non-flaky,5,0.9494,5,0.9504,True,True,False,61,76
99755,apache_cassandra,AsyncStreamingInputPlusTest.consumeUntil_SingleBuffer_AllBytes_HappyPath,5,non-flaky,5,0.9497,5,0.9506,True,True,False,61,76
99756,apache_cassandra,AsyncStreamingInputPlusTest.consumeUntil_MultipleBufferr_Partial_HappyPath,5,non-flaky,5,0.9491,5,0.9502,True,True,False,62,77
99757,apache_cassandra,AsyncStreamingInputPlusTest.consumeUntil_MultipleBuffer_AllBytes_HappyPath,5,non-flaky,5,0.9496,5,0.9505,True,True,False,61,76
99758,apache_cassandra,AsyncStreamingInputPlusTest.consumeUntil_SingleBuffer_Fails,5,non-flaky,5,0.9503,5,0.9507,True,True,False,67,82
99759,apache_cassandra,AsyncStreamingInputPlusTest.consumeUntil_MultipleBuffer_Fails,5,non-flaky,5,0.9504,5,0.9507,True,True,False,67,82
99760,apache_cassandra,AsyncStreamingInputPlusTest.rebufferTimeout,5,non-flaky,5,0.9467,5,0.9474,True,True,False,297,374
99761,apache_cassandra,RateBasedBackPressureTest.testAcceptsNoLessThanThreeArguments,5,non-flaky,5,0.951,5,0.9507,True,True,False,85,100
99762,apache_cassandra,RateBasedBackPressureTest.testHighRatioMustBeBiggerThanZero,5,non-flaky,5,0.9504,5,0.9507,True,True,False,100,115
99763,apache_cassandra,RateBasedBackPressureTest.testHighRatioMustBeSmallerEqualThanOne,5,non-flaky,5,0.9506,5,0.9507,True,True,False,102,117
99764,apache_cassandra,RateBasedBackPressureTest.testFactorMustBeBiggerEqualThanOne,5,non-flaky,5,0.9503,5,0.9505,True,True,False,102,117
99765,apache_cassandra,RateBasedBackPressureTest.testWindowSizeMustBeBiggerEqualThanTen,5,non-flaky,5,0.9507,5,0.9506,True,True,False,103,118
99766,apache_cassandra,RateBasedBackPressureTest.testFlowMustBeEitherFASTorSLOW,5,non-flaky,5,0.9515,5,0.9513,True,True,False,285,336
99767,apache_cassandra,RateBasedBackPressureTest.testBackPressureStateUpdates,5,non-flaky,5,0.9512,5,0.9506,True,True,False,386,472
99768,apache_cassandra,RateBasedBackPressureTest.testBackPressureIsNotUpdatedBeyondInfinity,5,non-flaky,5,0.9502,5,0.9498,True,True,False,394,485
99769,apache_cassandra,RateBasedBackPressureTest.testBackPressureIsUpdatedOncePerWindowSize,5,non-flaky,5,0.949,5,0.9489,True,True,False,512,512
99770,apache_cassandra,RateBasedBackPressureTest.testBackPressureWhenBelowHighRatio,5,non-flaky,5,0.9501,5,0.95,True,True,False,335,409
99771,apache_cassandra,RateBasedBackPressureTest.testBackPressureRateLimiterIsIncreasedAfterGoingAgainAboveHighRatio,5,non-flaky,5,0.9498,5,0.9496,True,True,False,512,512
99772,apache_cassandra,RateBasedBackPressureTest.testBackPressureFastFlow,5,non-flaky,5,0.9509,5,0.9509,True,True,False,512,512
99773,apache_cassandra,RateBasedBackPressureTest.testBackPressureSlowFlow,5,non-flaky,5,0.951,5,0.951,True,True,False,512,512
99774,apache_cassandra,RateBasedBackPressureTest.testBackPressureWithDifferentGroups,5,non-flaky,5,0.9512,5,0.9512,True,True,False,512,512
99775,apache_cassandra,RateBasedBackPressureTest.testBackPressurePastTimeout,5,non-flaky,5,0.9507,5,0.9506,True,True,False,512,512
99776,apache_cassandra,MessagingServiceTest.testDroppedMessages,5,non-flaky,5,0.9504,5,0.9503,True,True,False,512,512
99777,apache_cassandra,MessagingServiceTest.testDCLatency,5,non-flaky,5,0.9481,5,0.9476,True,True,False,321,381
99778,apache_cassandra,MessagingServiceTest.testNegativeDCLatency,5,non-flaky,5,0.9491,5,0.9481,True,True,False,232,294
99779,apache_cassandra,MessagingServiceTest.testQueueWaitLatency,5,non-flaky,5,0.9484,5,0.9487,True,True,False,235,279
99780,apache_cassandra,MessagingServiceTest.testNegativeQueueWaitLatency,5,non-flaky,5,0.9495,5,0.9494,True,True,False,189,238
99781,apache_cassandra,MessagingServiceTest.testUpdatesBackPressureOnSendWhenEnabledAndWithSupportedCallback,5,non-flaky,5,0.9517,5,0.9507,True,True,False,413,491
99782,apache_cassandra,MessagingServiceTest.testUpdatesBackPressureOnReceiveWhenEnabledAndWithSupportedCallback,5,non-flaky,5,0.9514,5,0.9507,True,True,False,475,512
99783,apache_cassandra,MessagingServiceTest.testUpdatesBackPressureOnTimeoutWhenEnabledAndWithSupportedCallback,5,non-flaky,5,0.9514,5,0.9507,True,True,False,474,512
99784,apache_cassandra,MessagingServiceTest.testAppliesBackPressureWhenEnabled,5,non-flaky,5,0.9507,5,0.9502,True,True,False,215,255
99785,apache_cassandra,MessagingServiceTest.testDoesntApplyBackPressureToBroadcastAddress,5,non-flaky,5,0.9511,5,0.9506,True,True,False,129,152
99786,apache_cassandra,MessagingServiceTest.testFailedInternodeAuth,5,non-flaky,5,0.9513,5,0.9505,True,True,False,229,286
99787,apache_cassandra,MessagingServiceTest.reconnectWithNewIp,5,non-flaky,5,0.9505,5,0.9501,True,True,False,364,417
99788,apache_cassandra,MessagingServiceTest.listenPlainConnection,5,non-flaky,5,0.9525,5,0.951,True,True,False,150,173
99789,apache_cassandra,MessagingServiceTest.listenPlainConnectionWithBroadcastAddr,5,non-flaky,5,0.9522,5,0.9512,True,True,False,155,178
99790,apache_cassandra,MessagingServiceTest.listenRequiredSecureConnection,5,non-flaky,5,0.9514,5,0.95,True,True,False,283,314
99791,apache_cassandra,MessagingServiceTest.listenRequiredSecureConnectionWithBroadcastAddr,5,non-flaky,5,0.9512,5,0.9501,True,True,False,288,319
99792,apache_cassandra,MessagingServiceTest.listenRequiredSecureConnectionWithLegacyPort,5,non-flaky,5,0.9512,5,0.9501,True,True,False,287,318
99793,apache_cassandra,MessagingServiceTest.listenRequiredSecureConnectionWithBroadcastAddrAndLegacyPort,5,non-flaky,5,0.9515,5,0.9503,True,True,False,292,323
99794,apache_cassandra,MessagingServiceTest.listenOptionalSecureConnection,5,non-flaky,5,0.9523,5,0.9509,True,True,False,137,160
99795,apache_cassandra,MessagingServiceTest.listenOptionalSecureConnectionWithBroadcastAddr,5,non-flaky,5,0.9521,5,0.951,True,True,False,142,165
99796,apache_cassandra,MessagingServiceTest.getPreferredRemoteAddrUsesPrivateIp,5,non-flaky,5,0.9525,5,0.9515,True,True,False,377,418
99797,apache_cassandra,MessagingServiceTest.getPreferredRemoteAddrUsesPreferredIp,5,non-flaky,5,0.9524,5,0.9521,True,True,False,200,229
99798,apache_cassandra,MessagingServiceTest.getPreferredRemoteAddrUsesPrivateIpOverridesPreferredIp,5,non-flaky,5,0.9523,5,0.9513,True,True,False,487,512
99799,apache_cassandra,OutboundConnectionSettingsTest.build_SmallSendSize,5,non-flaky,5,0.9512,5,0.9513,True,True,False,64,79
99800,apache_cassandra,OutboundConnectionSettingsTest.build_SendSizeLessThanZero,5,non-flaky,5,0.9517,5,0.9516,True,True,False,67,82
99801,apache_cassandra,OutboundConnectionSettingsTest.build_TcpConnectTimeoutLessThanZero,5,non-flaky,5,0.9512,5,0.9514,True,True,False,69,84
104091,spring-cloud_spring-cloud-config,ServerNativeApplicationTests.contextLoads,5,non-flaky,5,0.9443,5,0.9512,True,True,False,57,72
104092,spring-cloud_spring-cloud-config,ApplicationBootstrapTests.contextLoads,5,non-flaky,5,0.9485,5,0.9523,True,True,False,119,146
104093,spring-cloud_spring-cloud-config,ApplicationTests.contextLoads,5,non-flaky,5,0.9485,5,0.9523,True,True,False,119,146
104094,spring-cloud_spring-cloud-config,ApplicationFailFastTests.contextFails,5,non-flaky,5,0.9503,5,0.951,True,True,False,186,237
104095,spring-cloud_spring-cloud-config,ConfigClientWatchTests.stateChangedWorks,5,non-flaky,5,0.9488,5,0.9516,True,True,False,118,149
104096,spring-cloud_spring-cloud-config,ConfigServiceBootstrapConfigurationTest.overrideConfigServicePropertySourceLocatorWhenBeanIsProvided,5,non-flaky,5,0.9461,5,0.9513,True,True,False,227,302
104097,spring-cloud_spring-cloud-config,ConfigClientAutoConfigurationTests.sunnyDay,5,non-flaky,5,0.946,5,0.9514,True,True,False,98,125
104098,spring-cloud_spring-cloud-config,ConfigClientAutoConfigurationTests.withParent,5,non-flaky,5,0.9453,5,0.9507,True,True,False,120,151
104099,spring-cloud_spring-cloud-config,DiscoveryClientConfigServiceBootstrapConfigurationNoSpringRetryTests.shouldFailWithExceptionGetConfigServerInstanceFromDiscoveryClient,5,non-flaky,5,0.9475,5,0.951,True,True,False,94,131
104100,spring-cloud_spring-cloud-config,DiscoveryClientConfigServiceBootstrapConfigurationNoSpringRetryTests.shouldFailWithMessageGetConfigServerInstanceFromDiscoveryClient,5,non-flaky,5,0.9484,5,0.9508,True,True,False,122,167
104101,spring-cloud_spring-cloud-config,DiscoveryClientConfigServiceBootstrapConfigurationNoSpringRetryTests.shouldSucceedGetConfigServerInstanceFromDiscoveryClient,5,non-flaky,5,0.9485,5,0.9506,True,True,False,124,169
104102,spring-cloud_spring-cloud-config,DiscoveryClientConfigServiceBootstrapConfigurationTests.offByDefault,5,non-flaky,5,0.9475,5,0.9516,True,True,False,138,178
104103,spring-cloud_spring-cloud-config,DiscoveryClientConfigServiceBootstrapConfigurationTests.onWhenRequested,5,non-flaky,5,0.947,5,0.9505,True,True,False,93,130
104104,spring-cloud_spring-cloud-config,DiscoveryClientConfigServiceBootstrapConfigurationTests.onWhenHeartbeat,5,non-flaky,5,0.9459,5,0.9495,True,True,False,117,168
104105,spring-cloud_spring-cloud-config,DiscoveryClientConfigServiceBootstrapConfigurationTests.secureWhenRequested,5,non-flaky,5,0.9467,5,0.9498,True,True,False,117,163
104106,spring-cloud_spring-cloud-config,DiscoveryClientConfigServiceBootstrapConfigurationTests.multipleInstancesReturnedFromDiscovery,5,non-flaky,5,0.9495,5,0.949,True,True,False,183,250
104107,spring-cloud_spring-cloud-config,DiscoveryClientConfigServiceBootstrapConfigurationTests.setsPasssword,5,non-flaky,5,0.9503,5,0.9513,True,True,False,185,238
104108,spring-cloud_spring-cloud-config,DiscoveryClientConfigServiceBootstrapConfigurationTests.setsPath,5,non-flaky,5,0.9467,5,0.9513,True,True,False,87,120
104109,spring-cloud_spring-cloud-config,DiscoveryClientConfigServiceBootstrapConfigurationTests.shouldFailGetConfigServerInstanceFromDiscoveryClient,5,non-flaky,5,0.9472,5,0.9507,True,True,False,97,134
104110,spring-cloud_spring-cloud-config,DiscoveryClientConfigServiceBootstrapConfigurationTests.shouldRetryAndSucceedGetConfigServerInstanceFromDiscoveryClient,5,non-flaky,5,0.9484,5,0.9491,True,True,False,196,263
104111,spring-cloud_spring-cloud-config,DiscoveryClientConfigServiceBootstrapConfigurationTests.shouldNotRetryIfNotFailFastPropertySet,5,non-flaky,5,0.9487,5,0.9496,True,True,False,140,185
104112,spring-cloud_spring-cloud-config,DiscoveryClientConfigServiceBootstrapConfigurationTests.shouldRetryAndFailWithExceptionGetConfigServerInstanceFromDiscoveryClient,5,non-flaky,5,0.9486,5,0.95,True,True,False,138,183
104113,spring-cloud_spring-cloud-config,DiscoveryClientConfigServiceBootstrapConfigurationTests.shouldRetryAndFailWithMessageGetConfigServerInstanceFromDiscoveryClient,5,non-flaky,5,0.9492,5,0.9502,True,True,False,154,203
104114,spring-cloud_spring-cloud-config,ConfigServerHealthIndicatorTests.testDefaultStatus,5,non-flaky,5,0.9486,5,0.9517,True,True,False,64,79
104115,spring-cloud_spring-cloud-config,ConfigServerHealthIndicatorTests.testExceptionStatus,5,non-flaky,5,0.9474,5,0.9516,True,True,False,102,125
104116,spring-cloud_spring-cloud-config,ConfigServerHealthIndicatorTests.testServerUp,5,non-flaky,5,0.9477,5,0.9522,True,True,False,123,150
104117,spring-cloud_spring-cloud-config,ConfigServerHealthIndicatorTests.healthIsCached,5,non-flaky,5,0.9495,5,0.9526,True,True,False,161,215
104118,spring-cloud_spring-cloud-config,ConfigServicePropertySourceLocatorTests.sunnyDay,5,non-flaky,5,0.95,5,0.9506,True,True,False,227,298
104119,spring-cloud_spring-cloud-config,ConfigServicePropertySourceLocatorTests.sunnyDayWithLabel,5,non-flaky,5,0.948,5,0.9513,True,True,False,140,171
104120,spring-cloud_spring-cloud-config,ConfigServicePropertySourceLocatorTests.sunnyDayWithLabelThatContainsASlash,5,non-flaky,5,0.9494,5,0.9516,True,True,False,155,190
104121,spring-cloud_spring-cloud-config,ConfigServicePropertySourceLocatorTests.sunnyDayWithNoSuchLabel,5,non-flaky,5,0.9478,5,0.9513,True,True,False,105,132
104122,spring-cloud_spring-cloud-config,ConfigServicePropertySourceLocatorTests.failsQuietly,5,non-flaky,5,0.9472,5,0.9512,True,True,False,94,117
104123,spring-cloud_spring-cloud-config,ConfigServicePropertySourceLocatorTests.failFast,5,non-flaky,5,0.9498,5,0.9507,True,True,False,446,512
104124,spring-cloud_spring-cloud-config,ConfigServicePropertySourceLocatorTests.failFastWhenNotFound,5,non-flaky,5,0.9496,5,0.9511,True,True,False,438,512
104125,spring-cloud_spring-cloud-config,ConfigServicePropertySourceLocatorTests.failFastWhenBothPasswordAndAuthorizationPropertiesSet,5,non-flaky,5,0.9495,5,0.9511,True,True,False,304,371
104126,spring-cloud_spring-cloud-config,ConfigServicePropertySourceLocatorTests.interceptorShouldAddHeadersWhenHeadersPropertySet,5,non-flaky,5,0.949,5,0.9514,True,True,False,204,251
104127,spring-cloud_spring-cloud-config,ConfigServicePropertySourceLocatorTests.shouldAddAuthorizationHeaderWhenPasswordSet,5,non-flaky,5,0.9493,5,0.9523,True,True,False,142,181
104128,spring-cloud_spring-cloud-config,ConfigServicePropertySourceLocatorTests.shouldAddAuthorizationHeaderWhenAuthorizationSet,5,non-flaky,5,0.9494,5,0.9523,True,True,False,186,229
104129,spring-cloud_spring-cloud-config,ConfigServicePropertySourceLocatorTests.shouldThrowExceptionWhenPasswordAndAuthorizationBothSet,5,non-flaky,5,0.9501,5,0.9522,True,True,False,216,263
104130,spring-cloud_spring-cloud-config,ConfigServicePropertySourceLocatorTests.shouldThrowExceptionWhenNegativeReadTimeoutSet,5,non-flaky,5,0.9443,5,0.9509,True,True,False,137,168
104131,spring-cloud_spring-cloud-config,ConfigServicePropertySourceLocatorTests.shouldThrowExceptionWhenNegativeConnectTimeoutSet,5,non-flaky,5,0.9445,5,0.951,True,True,False,137,168
104132,spring-cloud_spring-cloud-config,ConfigServicePropertySourceLocatorTests.checkInterceptorHasNoAuthorizationHeaderPresent,5,non-flaky,5,0.9504,5,0.952,True,True,False,273,336
104133,spring-cloud_spring-cloud-config,ConfigClientPropertiesTests.vanilla,5,non-flaky,5,0.95,5,0.951,True,True,False,142,173
104134,spring-cloud_spring-cloud-config,ConfigClientPropertiesTests.uriCreds,5,non-flaky,5,0.951,5,0.9525,True,True,False,137,164
104135,spring-cloud_spring-cloud-config,ConfigClientPropertiesTests.explicitPassword,5,non-flaky,5,0.9508,5,0.9522,True,True,False,147,178
104136,spring-cloud_spring-cloud-config,ConfigClientPropertiesTests.testIfNoColonPresentInUriCreds,5,non-flaky,5,0.9509,5,0.9523,True,True,False,157,188
104137,spring-cloud_spring-cloud-config,ConfigClientPropertiesTests.testIfColonPresentAtTheEndInUriCreds,5,non-flaky,5,0.9511,5,0.9524,True,True,False,160,191
104138,spring-cloud_spring-cloud-config,ConfigClientPropertiesTests.testIfColonPresentAtTheStartInUriCreds,5,non-flaky,5,0.9508,5,0.9526,True,True,False,146,173
104139,spring-cloud_spring-cloud-config,ConfigClientPropertiesTests.testIfColonPresentAtTheStartAndEndInUriCreds,5,non-flaky,5,0.9506,5,0.9527,True,True,False,150,177
104140,spring-cloud_spring-cloud-config,ConfigClientPropertiesTests.testIfSpacePresentAsUriCreds,5,non-flaky,5,0.9509,5,0.9521,True,True,False,154,185
104141,spring-cloud_spring-cloud-config,ConfigClientPropertiesTests.changeNameInOverride,5,non-flaky,5,0.9475,5,0.9522,True,True,False,105,132
104142,spring-cloud_spring-cloud-config,ConfigClientPropertiesTests.testThatExplicitUsernamePasswordTakePrecedence,5,non-flaky,5,0.951,5,0.9523,True,True,False,177,225
104143,spring-cloud_spring-cloud-config,ConfigClientPropertiesTests.checkIfExceptionThrownForNegativeIndex,5,non-flaky,5,0.9471,5,0.9514,True,True,False,119,146
104144,spring-cloud_spring-cloud-config,ConfigClientPropertiesTests.checkIfExceptionThrownForPositiveInvalidIndex,5,non-flaky,5,0.9471,5,0.9515,True,True,False,120,147
104145,spring-cloud_spring-cloud-config,ConfigClientPropertiesTests.checkIfExceptionThrownForIndexEqualToLength,5,non-flaky,5,0.9478,5,0.9519,True,True,False,121,148
104146,spring-cloud_spring-cloud-config,ConfigServerBootstrapConfigurationTests.withHealthIndicator,5,non-flaky,5,0.9476,5,0.9519,True,True,False,193,240
104147,spring-cloud_spring-cloud-config,EncryptionControllerTests.cannotDecryptWithoutKey,5,non-flaky,5,0.9442,5,0.9518,True,True,False,51,62
104148,spring-cloud_spring-cloud-config,EncryptionControllerTests.cannotDecryptWithNoopEncryptor,5,non-flaky,5,0.9424,5,0.9515,True,True,False,54,65
104149,spring-cloud_spring-cloud-config,EncryptionControllerTests.shouldThrowExceptionOnDecryptInvalidData,5,non-flaky,5,0.9487,5,0.9516,True,True,False,88,107
104150,spring-cloud_spring-cloud-config,EncryptionControllerTests.shouldThrowExceptionOnDecryptWrongKey,5,non-flaky,5,0.9494,5,0.952,True,True,False,116,139
104151,spring-cloud_spring-cloud-config,EncryptionControllerTests.sunnyDayRsaKey,5,non-flaky,5,0.9503,5,0.9519,True,True,False,115,142
104152,spring-cloud_spring-cloud-config,EncryptionControllerTests.publicKey,5,non-flaky,5,0.949,5,0.9516,True,True,False,98,121
104153,spring-cloud_spring-cloud-config,EncryptionControllerTests.appAndProfile,5,non-flaky,5,0.9505,5,0.9518,True,True,False,165,208
104154,spring-cloud_spring-cloud-config,EncryptionControllerTests.formDataIn,5,non-flaky,5,0.9504,5,0.952,True,True,False,171,214
104155,spring-cloud_spring-cloud-config,EncryptionControllerTests.formDataInWithPrefix,5,non-flaky,5,0.9504,5,0.952,True,True,False,179,222
104156,spring-cloud_spring-cloud-config,EncryptionControllerTests.prefixStrippedBeforeEncrypt,5,non-flaky,5,0.9511,5,0.9524,True,True,False,210,263
104157,spring-cloud_spring-cloud-config,EncryptionControllerTests.encryptDecyptTextWithCurlyBrace,5,non-flaky,5,0.9472,5,0.9514,True,True,False,69,89
104158,spring-cloud_spring-cloud-config,EncryptionControllerTests.locate,5,non-flaky,5,0.9492,5,0.952,True,True,False,100,137
104159,spring-cloud_spring-cloud-config,CipherEnvironmentEncryptorTests.shouldDecryptEnvironment,5,non-flaky,5,0.9515,5,0.952,True,True,False,164,217
104160,spring-cloud_spring-cloud-config,CipherEnvironmentEncryptorTests.shouldDecryptEnvironmentWithKey,5,non-flaky,5,0.9519,5,0.952,True,True,False,179,236
104161,spring-cloud_spring-cloud-config,CipherEnvironmentEncryptorTests.shouldBeAbleToUseNullAsPropertyValue,5,non-flaky,5,0.9516,5,0.9531,True,True,False,138,183
104162,spring-cloud_spring-cloud-config,EncryptionIntegrationTests.symmetricEncryptionEnabled,5,non-flaky,5,0.9486,5,0.9514,True,True,False,86,105
104163,spring-cloud_spring-cloud-config,EncryptionIntegrationTests.symmetricEncryptionBootstrapConfig,5,non-flaky,5,0.9481,5,0.9513,True,True,False,88,107
104164,spring-cloud_spring-cloud-config,EncryptionIntegrationTests.keystoreBootstrapConfig,5,non-flaky,5,0.948,5,0.9512,True,True,False,86,105
104165,spring-cloud_spring-cloud-config,EnvironmentPrefixHelperTests.testAddPrefix,5,non-flaky,5,0.9499,5,0.9527,True,True,False,69,84
104166,spring-cloud_spring-cloud-config,EnvironmentPrefixHelperTests.testAddNoPrefix,5,non-flaky,5,0.9495,5,0.9526,True,True,False,61,76
104167,spring-cloud_spring-cloud-config,EnvironmentPrefixHelperTests.testStripNoPrefix,5,non-flaky,5,0.947,5,0.9522,True,True,False,46,57
104168,spring-cloud_spring-cloud-config,EnvironmentPrefixHelperTests.testStripPrefix,5,non-flaky,5,0.9475,5,0.9524,True,True,False,50,61
104169,spring-cloud_spring-cloud-config,EnvironmentPrefixHelperTests.testStripPrefixWithEscape,5,non-flaky,5,0.9492,5,0.9528,True,True,False,65,80
104170,spring-cloud_spring-cloud-config,EnvironmentPrefixHelperTests.testKeysDefaults,5,non-flaky,5,0.9503,5,0.9526,True,True,False,91,110
104171,spring-cloud_spring-cloud-config,EnvironmentPrefixHelperTests.testKeysWithPrefix,5,non-flaky,5,0.9516,5,0.9533,True,True,False,100,123
104172,spring-cloud_spring-cloud-config,EnvironmentPrefixHelperTests.testKeysWithPrefixAndEscape,5,non-flaky,5,0.9516,5,0.9533,True,True,False,109,132
104173,spring-cloud_spring-cloud-config,EnvironmentPrefixHelperTests.testTextWithCurlyBracesNoPrefix,5,non-flaky,5,0.9473,5,0.9522,True,True,False,67,82
104174,spring-cloud_spring-cloud-config,EnvironmentPrefixHelperTests.testTextWithCurlyBracesPrefix,5,non-flaky,5,0.9502,5,0.9528,True,True,False,90,109
104175,spring-cloud_spring-cloud-config,EncryptionControllerMultiTextEncryptorTests.shouldEncryptUsingApplicationAndProfiles,5,non-flaky,5,0.9512,5,0.9522,True,True,False,150,204
104176,spring-cloud_spring-cloud-config,EncryptionControllerMultiTextEncryptorTests.shouldNotEncryptUsingNoOp,5,non-flaky,5,0.9496,5,0.9521,True,True,False,86,123
104177,spring-cloud_spring-cloud-config,EncryptionControllerMultiTextEncryptorTests.shouldNotDecryptUsingNoOp,5,non-flaky,5,0.9494,5,0.9521,True,True,False,86,123
104178,spring-cloud_spring-cloud-config,KeyStoreTextEncryptorLocatorTests.testDefaults,5,non-flaky,5,0.9493,5,0.9522,True,True,False,81,100
104179,spring-cloud_spring-cloud-config,KeyStoreTextEncryptorLocatorTests.locate,5,non-flaky,5,0.9502,5,0.952,True,True,False,116,152
104180,spring-cloud_spring-cloud-config,KeyStoreTextEncryptorLocatorTests.testDifferentKeyAndSecret,5,non-flaky,5,0.9511,5,0.9527,True,True,False,118,145
104181,spring-cloud_spring-cloud-config,EnvironmentPropertySourceTest.testEscapedPlaceholdersRemoved,5,non-flaky,5,0.9474,5,0.9529,True,True,False,96,115
104182,spring-cloud_spring-cloud-config,GitSkipSslValidationCredentialsProviderTest.testCanHandle,5,non-flaky,5,0.9499,5,0.9521,True,True,False,170,209
104183,spring-cloud_spring-cloud-config,GitSkipSslValidationCredentialsProviderTest.testIsInteractive,5,non-flaky,5,0.9474,5,0.9512,True,True,False,78,97
104184,spring-cloud_spring-cloud-config,GitSkipSslValidationCredentialsProviderTest.testIsInteractiveWithDelegate,5,non-flaky,5,0.948,5,0.9507,True,True,False,145,186
104185,spring-cloud_spring-cloud-config,GitSkipSslValidationCredentialsProviderTest.testSupportsSslFailureInformationalMessage,5,non-flaky,5,0.9494,5,0.9514,True,True,False,239,295
104186,spring-cloud_spring-cloud-config,GitSkipSslValidationCredentialsProviderTest.testSupportsSslFailureInformationalMessageWithDelegate,5,non-flaky,5,0.9435,5,0.9505,True,True,False,85,109
104187,spring-cloud_spring-cloud-config,GitSkipSslValidationCredentialsProviderTest.testSupportsSslValidationYesNoTypes,5,non-flaky,5,0.9504,5,0.9512,True,True,False,412,506
104188,spring-cloud_spring-cloud-config,GitSkipSslValidationCredentialsProviderTest.testSupportsYesNoTypeWithDelegate,5,non-flaky,5,0.9458,5,0.951,True,True,False,81,105
104189,spring-cloud_spring-cloud-config,GitSkipSslValidationCredentialsProviderTest.testSupportsUnrelatedCredentialItemTypes,5,non-flaky,5,0.9501,5,0.9522,True,True,False,124,165
104190,spring-cloud_spring-cloud-config,GitSkipSslValidationCredentialsProviderTest.testSupportsUnrelatedCredentialItemTypesWithDelegate,5,non-flaky,5,0.9504,5,0.9516,True,True,False,214,276
104610,apache_pinot,AggregateMetricsClusterIntegrationTest.testQueries,5,non-flaky,5,0.9525,5,0.9521,True,True,False,177,212
104611,apache_pinot,SegmentPartitionLLCRealtimeClusterIntegrationTest.testPartitionMetadata,5,non-flaky,5,0.953,5,0.9521,True,True,False,489,512
104612,apache_pinot,SegmentPartitionLLCRealtimeClusterIntegrationTest.testPartitionRouting,5,non-flaky,5,0.9527,5,0.9518,True,True,False,512,512
104613,apache_pinot,SegmentPartitionLLCRealtimeClusterIntegrationTest.testNonPartitionedStream,5,non-flaky,5,0.9517,5,0.9514,True,True,False,512,512
104614,apache_pinot,NullHandlingIntegrationTest.testTotalCount,5,non-flaky,5,0.9522,5,0.9522,True,True,False,62,81
104615,apache_pinot,NullHandlingIntegrationTest.testCountWithNullDescription,5,non-flaky,5,0.9522,5,0.9523,True,True,False,72,91
104616,apache_pinot,NullHandlingIntegrationTest.testCountWithNullDescriptionAndSalary,5,non-flaky,5,0.9523,5,0.9523,True,True,False,80,99
104617,apache_pinot,ChaosMonkeyIntegrationTest.testShortZookeeperFreeze,5,non-flaky,5,0.9483,5,0.9507,True,True,False,51,66
104618,apache_pinot,ChaosMonkeyIntegrationTest.testLongZookeeperFreeze,5,non-flaky,5,0.9487,5,0.9507,True,True,False,52,67
104619,apache_pinot,RealtimeClusterIntegrationTest.testQueriesFromQueryFile,5,non-flaky,5,0.9501,5,0.9513,True,True,False,42,57
104620,apache_pinot,RealtimeClusterIntegrationTest.testGeneratedQueriesWithMultiValues,5,non-flaky,5,0.9506,5,0.9515,True,True,False,46,61
104621,apache_pinot,RealtimeClusterIntegrationTest.testDictionaryBasedQueries,5,non-flaky,5,0.9525,5,0.9505,True,True,False,199,309
104622,apache_pinot,RealtimeClusterIntegrationTest.testQueryExceptions,5,non-flaky,5,0.9503,5,0.9513,True,True,False,38,53
104623,apache_pinot,RealtimeClusterIntegrationTest.testInstanceShutdown,5,non-flaky,5,0.9504,5,0.9515,True,True,False,38,53
104624,apache_pinot,RealtimeClusterIntegrationTest.testHardcodedSqlQueries,5,non-flaky,5,0.9502,5,0.9515,True,True,False,44,59
104625,apache_pinot,RealtimeClusterIntegrationTest.testSqlQueriesFromQueryFile,5,non-flaky,5,0.95,5,0.9514,True,True,False,46,61
104626,apache_pinot,MergeRollupMinionClusterIntegrationTest.testSingleLevelConcat,5,non-flaky,5,0.9535,5,0.9529,True,True,False,512,512
104627,apache_pinot,MergeRollupMinionClusterIntegrationTest.testSingleLevelRollup,5,non-flaky,5,0.9533,5,0.953,True,True,False,512,512
104628,apache_pinot,MergeRollupMinionClusterIntegrationTest.testMultiLevelConcat,5,non-flaky,5,0.9532,5,0.9526,True,True,False,512,512
104629,apache_pinot,OfflineClusterIntegrationTest.testInstancesStarted,5,non-flaky,5,0.9515,5,0.9518,True,True,False,100,123
104630,apache_pinot,OfflineClusterIntegrationTest.testInvalidTableConfig,5,non-flaky,5,0.9522,5,0.9514,True,True,False,208,259
104631,apache_pinot,OfflineClusterIntegrationTest.testRefreshTableConfigAndQueryTimeout,5,non-flaky,5,0.9504,5,0.9499,True,True,False,512,512
104632,apache_pinot,OfflineClusterIntegrationTest.testUploadSameSegments,5,non-flaky,5,0.9522,5,0.9513,True,True,False,489,512
104633,apache_pinot,OfflineClusterIntegrationTest.testUploadSegmentRefreshOnly,5,non-flaky,5,0.9527,5,0.9518,True,True,False,512,512
104634,apache_pinot,OfflineClusterIntegrationTest.testInvertedIndexTriggering,5,non-flaky,5,0.9507,5,0.9512,True,True,False,512,512
104635,apache_pinot,OfflineClusterIntegrationTest.testTimeFunc,5,non-flaky,5,0.9505,5,0.9502,True,True,False,319,375
104636,apache_pinot,OfflineClusterIntegrationTest.testLiteralOnlyFunc,5,non-flaky,5,0.9462,5,0.9483,True,True,False,512,512
104637,apache_pinot,OfflineClusterIntegrationTest.testRangeIndexTriggering,5,non-flaky,5,0.9508,5,0.9509,True,True,False,512,512
104638,apache_pinot,OfflineClusterIntegrationTest.testBloomFilterTriggering,5,non-flaky,5,0.9506,5,0.9508,True,True,False,512,512
104639,apache_pinot,OfflineClusterIntegrationTest.testServerErrorWithBrokerTimeout,5,non-flaky,5,0.9473,5,0.9493,True,True,False,253,331
104640,apache_pinot,OfflineClusterIntegrationTest.testStarTreeTriggering,5,non-flaky,5,0.9522,5,0.9513,True,True,False,512,512
104641,apache_pinot,OfflineClusterIntegrationTest.testDefaultColumns,5,non-flaky,5,0.9529,5,0.9517,True,True,False,320,416
104642,apache_pinot,OfflineClusterIntegrationTest.testBrokerResponseMetadata,5,non-flaky,5,0.9496,5,0.9511,True,True,False,42,57
104643,apache_pinot,OfflineClusterIntegrationTest.testGroupByUDF,5,non-flaky,5,0.9514,5,0.9511,True,True,False,512,512
104644,apache_pinot,OfflineClusterIntegrationTest.testAggregationUDF,5,non-flaky,5,0.9509,5,0.9509,True,True,False,284,345
104645,apache_pinot,OfflineClusterIntegrationTest.testSelectionUDF,5,non-flaky,5,0.951,5,0.9507,True,True,False,512,512
104646,apache_pinot,OfflineClusterIntegrationTest.testFilterUDF,5,non-flaky,5,0.951,5,0.9506,True,True,False,512,512
104647,apache_pinot,OfflineClusterIntegrationTest.testCaseStatementInSelection,5,non-flaky,5,0.9526,5,0.9521,True,True,False,512,512
104648,apache_pinot,OfflineClusterIntegrationTest.testCaseStatementInSelectionWithTransformFunctionInThen,5,non-flaky,5,0.9523,5,0.9511,True,True,False,330,401
104649,apache_pinot,OfflineClusterIntegrationTest.testCaseStatementWithLogicalTransformFunction,5,non-flaky,5,0.9514,5,0.9508,True,True,False,407,498
104650,apache_pinot,OfflineClusterIntegrationTest.testCaseStatementWithInAggregation,5,non-flaky,5,0.9535,5,0.9524,True,True,False,174,222
104651,apache_pinot,OfflineClusterIntegrationTest.testFilterWithInvertedIndexUDF,5,non-flaky,5,0.9508,5,0.9503,True,True,False,427,512
104652,apache_pinot,OfflineClusterIntegrationTest.testQueryWithRepeatedColumns,5,non-flaky,5,0.953,5,0.9522,True,True,False,500,512
104653,apache_pinot,OfflineClusterIntegrationTest.testQueryWithOrderby,5,non-flaky,5,0.9536,5,0.9524,True,True,False,203,260
104654,apache_pinot,OfflineClusterIntegrationTest.testQueryWithAlias,5,non-flaky,5,0.9524,5,0.9515,True,True,False,512,512
104655,apache_pinot,OfflineClusterIntegrationTest.testDistinctQuery,5,non-flaky,5,0.9522,5,0.9519,True,True,False,512,512
104656,apache_pinot,OfflineClusterIntegrationTest.testNonAggregationGroupByQuery,5,non-flaky,5,0.9521,5,0.9517,True,True,False,512,512
104657,apache_pinot,OfflineClusterIntegrationTest.testCaseInsensitivity,5,non-flaky,5,0.9503,5,0.9505,True,True,False,512,512
104658,apache_pinot,OfflineClusterIntegrationTest.testColumnNameContainsTableName,5,non-flaky,5,0.9509,5,0.9512,True,True,False,512,512
104659,apache_pinot,OfflineClusterIntegrationTest.testCaseInsensitivityWithColumnNameContainsTableName,5,non-flaky,5,0.9513,5,0.9508,True,True,False,512,512
104660,apache_pinot,OfflineClusterIntegrationTest.testQuerySourceWithDatabaseName,5,non-flaky,5,0.9525,5,0.9522,True,True,False,152,187
104661,apache_pinot,OfflineClusterIntegrationTest.testDistinctCountHll,5,non-flaky,5,0.9524,5,0.952,True,True,False,512,512
104662,apache_pinot,OfflineClusterIntegrationTest.testAggregationFunctionsWithUnderscore,5,non-flaky,5,0.9527,5,0.952,True,True,False,269,326
104663,apache_pinot,OfflineClusterIntegrationTest.testGrpcQueryServer,5,non-flaky,5,0.95,5,0.9509,True,True,False,287,348
104664,apache_pinot,OfflineClusterIntegrationTest.testHardcodedServerPartitionedSqlQueries,5,non-flaky,5,0.9496,5,0.9514,True,True,False,52,67
104665,apache_pinot,OfflineClusterIntegrationTest.testAggregateMetadataAPI,5,non-flaky,5,0.9528,5,0.9519,True,True,False,512,512
104666,apache_pinot,RealtimeKinesisIntegrationTest.testRecords,5,non-flaky,5,0.9519,5,0.951,True,True,False,512,512
104667,apache_pinot,RealtimeKinesisIntegrationTest.testCountRecords,5,non-flaky,5,0.9522,5,0.9512,True,True,False,106,134
104668,apache_pinot,StarTreeClusterIntegrationTest.testGeneratedQueries,5,non-flaky,5,0.9516,5,0.9519,True,True,False,103,130
104669,apache_pinot,StarTreeClusterIntegrationTest.testPredicateOnMetrics,5,non-flaky,5,0.953,5,0.9517,True,True,False,278,360
104670,apache_pinot,LuceneRealtimeClusterIntegrationTest.testTextSearchCountQuery,5,non-flaky,5,0.9514,5,0.9503,True,True,False,267,351
104671,apache_pinot,RealtimeToOfflineSegmentsMinionClusterIntegrationTest.testRealtimeToOfflineSegmentsTask,5,non-flaky,5,0.9497,5,0.9499,True,True,False,512,512
104672,apache_pinot,RealtimeToOfflineSegmentsMinionClusterIntegrationTest.testSegmentListApi,5,non-flaky,5,0.9447,5,0.95,True,True,False,26,33
104673,apache_pinot,RealtimeToOfflineSegmentsMinionClusterIntegrationTest.testBrokerDebugOutput,5,non-flaky,5,0.9449,5,0.9498,True,True,False,25,32
104674,apache_pinot,RealtimeToOfflineSegmentsMinionClusterIntegrationTest.testBrokerDebugRoutingTableSQL,5,non-flaky,5,0.9439,5,0.9502,True,True,False,28,35
104675,apache_pinot,RealtimeToOfflineSegmentsMinionClusterIntegrationTest.testBrokerResponseMetadata,5,non-flaky,5,0.9456,5,0.9501,True,True,False,26,33
104676,apache_pinot,RealtimeToOfflineSegmentsMinionClusterIntegrationTest.testDictionaryBasedQueries,5,non-flaky,5,0.9458,5,0.9502,True,True,False,26,33
104677,apache_pinot,RealtimeToOfflineSegmentsMinionClusterIntegrationTest.testGeneratedQueriesWithMultiValues,5,non-flaky,5,0.9455,5,0.9504,True,True,False,28,35
104678,apache_pinot,RealtimeToOfflineSegmentsMinionClusterIntegrationTest.testGeneratedQueriesWithoutMultiValues,5,non-flaky,5,0.9458,5,0.9505,True,True,False,28,35
104679,apache_pinot,RealtimeToOfflineSegmentsMinionClusterIntegrationTest.testHardcodedQueries,5,non-flaky,5,0.9464,5,0.9503,True,True,False,25,32
104680,apache_pinot,RealtimeToOfflineSegmentsMinionClusterIntegrationTest.testHardcodedSqlQueries,5,non-flaky,5,0.9461,5,0.9504,True,True,False,27,34
104681,apache_pinot,RealtimeToOfflineSegmentsMinionClusterIntegrationTest.testInstanceShutdown,5,non-flaky,5,0.9458,5,0.9502,True,True,False,24,31
104682,apache_pinot,RealtimeToOfflineSegmentsMinionClusterIntegrationTest.testQueriesFromQueryFile,5,non-flaky,5,0.9461,5,0.9501,True,True,False,26,33
104683,apache_pinot,RealtimeToOfflineSegmentsMinionClusterIntegrationTest.testQueryExceptions,5,non-flaky,5,0.9467,5,0.9501,True,True,False,24,31
104684,apache_pinot,RealtimeToOfflineSegmentsMinionClusterIntegrationTest.testReload,5,non-flaky,5,0.9442,5,0.95,True,True,False,29,36
104685,apache_pinot,RealtimeToOfflineSegmentsMinionClusterIntegrationTest.testSqlQueriesFromQueryFile,5,non-flaky,5,0.9453,5,0.9502,True,True,False,28,35
104686,apache_pinot,RealtimeToOfflineSegmentsMinionClusterIntegrationTest.testVirtualColumnQueries,5,non-flaky,5,0.9463,5,0.9503,True,True,False,25,32
104687,apache_pinot,MapTypeClusterIntegrationTest.testJsonPathQueries,5,non-flaky,5,0.9528,5,0.9521,True,True,False,512,512
104688,apache_pinot,MapTypeClusterIntegrationTest.testQueries,5,non-flaky,5,0.9526,5,0.9521,True,True,False,512,512
104689,apache_pinot,UpsertTableSegmentUploadIntegrationTest.testSegmentAssignment,5,non-flaky,5,0.9511,5,0.9517,True,True,False,170,213
104690,apache_pinot,BasicAuthTlsRealtimeIntegrationTest.testSegmentUploadDownload,5,non-flaky,5,0.95,5,0.95,True,True,False,512,512
104691,apache_pinot,ConvertToRawIndexMinionClusterIntegrationTest.testConvertToRawIndexTask,5,non-flaky,5,0.9524,5,0.9515,True,True,False,512,512
104692,apache_pinot,ConvertToRawIndexMinionClusterIntegrationTest.testPinotHelixResourceManagerAPIs,5,non-flaky,5,0.952,5,0.9526,True,True,False,437,512
104693,apache_pinot,BaseClusterIntegrationTestSet.testHardcodedQueries,5,non-flaky,5,0.9511,5,0.9511,True,True,False,512,512
104694,apache_pinot,LLCRealtimeClusterIntegrationTest.testConsumerDirectoryExists,5,non-flaky,5,0.9515,5,0.9515,True,True,False,87,106
104695,apache_pinot,LLCRealtimeClusterIntegrationTest.testSegmentFlushSize,5,non-flaky,5,0.953,5,0.952,True,True,False,182,217
104696,apache_pinot,LLCRealtimeClusterIntegrationTest.testInvertedIndexTriggering,5,non-flaky,5,0.9495,5,0.95,True,True,False,485,512
104697,apache_pinot,LLCRealtimeClusterIntegrationTest.testAddHLCTableShouldFail,5,non-flaky,5,0.9502,5,0.9515,True,True,False,134,157
104698,apache_pinot,LLCRealtimeClusterIntegrationTest.testReload,5,non-flaky,5,0.9502,5,0.9515,True,True,False,36,51
104699,apache_pinot,LLCRealtimeClusterIntegrationTest.testHardcodedServerPartitionedSqlQueries,5,non-flaky,5,0.9496,5,0.9514,True,True,False,52,67
104700,apache_pinot,SegmentWriterUploaderIntegrationTest.testFileBasedSegmentWriterAndDefaultUploader,5,non-flaky,5,0.9519,5,0.9509,True,True,False,512,512
104701,apache_pinot,BasicAuthRealtimeIntegrationTest.testSegmentUploadDownload,5,non-flaky,5,0.95,5,0.95,True,True,False,512,512
104702,apache_pinot,ServerStarterIntegrationTest.testDefaultServerConf,5,non-flaky,5,0.9511,5,0.9515,True,True,False,111,139
104703,apache_pinot,ServerStarterIntegrationTest.testSetInstanceIdToHostname,5,non-flaky,5,0.952,5,0.9518,True,True,False,169,214
104704,apache_pinot,ServerStarterIntegrationTest.testCustomInstanceId,5,non-flaky,5,0.9511,5,0.9517,True,True,False,123,155
104705,apache_pinot,ServerStarterIntegrationTest.testCustomHost,5,non-flaky,5,0.9514,5,0.9515,True,True,False,158,199
104706,apache_pinot,ServerStarterIntegrationTest.testCustomPort,5,non-flaky,5,0.9515,5,0.9517,True,True,False,146,187
104707,apache_pinot,ServerStarterIntegrationTest.testAllCustomServerConf,5,non-flaky,5,0.9508,5,0.9517,True,True,False,164,195
104708,apache_pinot,JsonPathClusterIntegrationTest.testPqlQueries,5,non-flaky,5,0.9525,5,0.9517,True,True,False,512,512
104709,apache_pinot,JsonPathClusterIntegrationTest.testSqlQueries,5,non-flaky,5,0.9521,5,0.9516,True,True,False,512,512
110836,pushtorefresh_storio,GetObjectObserveChangesTest.repeatsOperationWithQueryByChangeOfTable,5,non-flaky,5,0.9519,5,0.9509,True,True,False,172,217
110837,pushtorefresh_storio,GetObjectObserveChangesTest.repeatsOperationWithRawQueryByChangeOfTable,5,non-flaky,5,0.9519,5,0.9509,True,True,False,173,218
110838,pushtorefresh_storio,GetObjectObserveChangesTest.repeatsOperationWithQueryByChangeOfTag,5,non-flaky,5,0.9519,5,0.951,True,True,False,172,217
110839,pushtorefresh_storio,GetObjectObserveChangesTest.repeatsOperationWithRawQueryByChangeOfTag,5,non-flaky,5,0.9519,5,0.951,True,True,False,173,218
110840,pushtorefresh_storio,GetListOfObjectsObserveChangesTest.repeatsOperationWithQueryByChangeOfTable,5,non-flaky,5,0.952,5,0.9511,True,True,False,182,227
110841,pushtorefresh_storio,GetListOfObjectsObserveChangesTest.repeatsOperationWithRawQueryByChangeOfTable,5,non-flaky,5,0.9521,5,0.9511,True,True,False,184,229
110842,pushtorefresh_storio,GetListOfObjectsObserveChangesTest.repeatsOperationWithQueryByChangeOfTag,5,non-flaky,5,0.952,5,0.9511,True,True,False,182,227
110843,pushtorefresh_storio,GetListOfObjectsObserveChangesTest.repeatsOperationWithRawQueryByChangeOfTag,5,non-flaky,5,0.9521,5,0.9511,True,True,False,184,229
110844,pushtorefresh_storio,ObserveChangesOfTagTest.insertEmission,5,non-flaky,5,0.9513,5,0.9506,True,True,False,235,312
110845,pushtorefresh_storio,ObserveChangesOfTagTest.updateEmission,5,non-flaky,5,0.951,5,0.9503,True,True,False,395,509
110846,pushtorefresh_storio,ObserveChangesOfTagTest.deleteEmission,5,non-flaky,5,0.951,5,0.9506,True,True,False,234,311
110847,pushtorefresh_storio,QueryTest.queryAll,5,non-flaky,5,0.9521,5,0.9515,True,True,False,91,110
110848,pushtorefresh_storio,QueryTest.queryOneByField,5,non-flaky,5,0.9509,5,0.9502,True,True,False,457,512
110849,pushtorefresh_storio,QueryTest.queryOrdered,5,non-flaky,5,0.9513,5,0.9507,True,True,False,479,512
110850,pushtorefresh_storio,QueryTest.queryOrderedDesc,5,non-flaky,5,0.9513,5,0.9508,True,True,False,484,512
110851,pushtorefresh_storio,QueryTest.querySingleLimit,5,non-flaky,5,0.9513,5,0.9505,True,True,False,320,389
110852,pushtorefresh_storio,QueryTest.queryLimitOffset,5,non-flaky,5,0.9516,5,0.9506,True,True,False,486,512
110853,pushtorefresh_storio,QueryTest.queryIntegerLimit,5,non-flaky,5,0.9512,5,0.9505,True,True,False,315,384
110854,pushtorefresh_storio,QueryTest.queryLimitOffsetQuantity,5,non-flaky,5,0.9515,5,0.9504,True,True,False,485,512
110855,pushtorefresh_storio,QueryTest.mapFromCursor,5,non-flaky,5,0.9507,5,0.9505,True,True,False,512,512
110856,pushtorefresh_storio,QueryTest.mapFromCursor,5,non-flaky,5,0.9508,5,0.9505,True,True,False,512,512
110857,pushtorefresh_storio,QueryTest.mapFromCursor,5,non-flaky,5,0.9521,5,0.9507,True,True,False,283,345
110858,pushtorefresh_storio,QueryTest.queryWithRawQuery,5,non-flaky,5,0.9509,5,0.9503,True,True,False,512,512
110859,pushtorefresh_storio,QueryTest.queryWithRawQueryAndArguments,5,non-flaky,5,0.9512,5,0.9502,True,True,False,455,512
110860,pushtorefresh_storio,QueryTest.queryWithRawQuerySqlInjectionFail,5,non-flaky,5,0.9514,5,0.9499,True,True,False,360,439
110861,pushtorefresh_storio,QueryTest.getNumberOfResults,5,non-flaky,5,0.9512,5,0.9505,True,True,False,192,241
110862,pushtorefresh_storio,QueryTest.queryOneExistedObject,5,non-flaky,5,0.9513,5,0.9507,True,True,False,369,442
110863,pushtorefresh_storio,QueryTest.queryOneNonExistedObject,5,non-flaky,5,0.9512,5,0.9505,True,True,False,321,386
110864,pushtorefresh_storio,DeleteTest.deleteOne,5,non-flaky,5,0.9515,5,0.9506,True,True,False,211,265
110865,pushtorefresh_storio,DeleteTest.deleteCollection,5,non-flaky,5,0.9508,5,0.95,True,True,False,464,512
110866,pushtorefresh_storio,RxQueryTest.insertEmission,5,non-flaky,5,0.9512,5,0.9505,True,True,False,366,481
110867,pushtorefresh_storio,RxQueryTest.updateEmission,5,non-flaky,5,0.9506,5,0.95,True,True,False,446,512
110868,pushtorefresh_storio,RxQueryTest.deleteEmission,5,non-flaky,5,0.9514,5,0.9505,True,True,False,393,512
110869,pushtorefresh_storio,RxQueryTest.run,5,non-flaky,5,0.9502,5,0.9497,True,True,False,512,512
110870,pushtorefresh_storio,RxQueryTest.nestedTransaction,5,non-flaky,5,0.9513,5,0.9508,True,True,False,153,199
110871,pushtorefresh_storio,RxQueryTest.queryOneExistedObjectObservable,5,non-flaky,5,0.9495,5,0.9481,True,True,False,473,512
110872,pushtorefresh_storio,RxQueryTest.queryOneNonExistedObjectObservable,5,non-flaky,5,0.9488,5,0.9469,True,True,False,445,512
110873,pushtorefresh_storio,RxQueryTest.queryOneExistedObjectTableUpdate,5,non-flaky,5,0.9488,5,0.9482,True,True,False,512,512
110874,pushtorefresh_storio,RxQueryTest.queryOneNonexistedObjectTableUpdate,5,non-flaky,5,0.9489,5,0.9482,True,True,False,505,512
110875,pushtorefresh_storio,RxQueryTest.queryListOfObjectsAsSingle,5,non-flaky,5,0.9511,5,0.9503,True,True,False,319,393
110876,pushtorefresh_storio,RxQueryTest.queryObjectAsSingle,5,non-flaky,5,0.9509,5,0.9503,True,True,False,311,385
110877,pushtorefresh_storio,RxQueryTest.queryNumberOfResultsAsSingle,5,non-flaky,5,0.9508,5,0.9503,True,True,False,309,383
110878,pushtorefresh_storio,InterceptorTest.deleteByQuery,5,non-flaky,5,0.951,5,0.9509,True,True,False,200,239
110879,pushtorefresh_storio,InterceptorTest.deleteCollectionOfObjects,5,non-flaky,5,0.9517,5,0.9512,True,True,False,129,156
110880,pushtorefresh_storio,InterceptorTest.deleteObject,5,non-flaky,5,0.9513,5,0.9509,True,True,False,119,146
110881,pushtorefresh_storio,InterceptorTest.execSql,5,non-flaky,5,0.9508,5,0.9504,True,True,False,206,245
110882,pushtorefresh_storio,InterceptorTest.getCursorWithRawQuery,5,non-flaky,5,0.951,5,0.9505,True,True,False,228,271
110883,pushtorefresh_storio,InterceptorTest.getCursorWithQuery,5,non-flaky,5,0.9511,5,0.9506,True,True,False,221,264
110884,pushtorefresh_storio,InterceptorTest.getListOfObjectsWithRawQuery,5,non-flaky,5,0.9511,5,0.9505,True,True,False,236,279
110885,pushtorefresh_storio,InterceptorTest.getListOfObjectsWithQuery,5,non-flaky,5,0.9513,5,0.9506,True,True,False,229,272
110886,pushtorefresh_storio,InterceptorTest.getNumberOfResultsWithRawQuery,5,non-flaky,5,0.951,5,0.9503,True,True,False,230,273
110887,pushtorefresh_storio,InterceptorTest.getNumberOfResultsWithQuery,5,non-flaky,5,0.951,5,0.9505,True,True,False,223,266
110888,pushtorefresh_storio,InterceptorTest.getObjectWithRawQuery,5,non-flaky,5,0.9511,5,0.9508,True,True,False,230,273
110889,pushtorefresh_storio,InterceptorTest.getObjectWithQuery,5,non-flaky,5,0.9512,5,0.951,True,True,False,223,266
110890,pushtorefresh_storio,InterceptorTest.putCollection,5,non-flaky,5,0.9515,5,0.9511,True,True,False,126,153
110891,pushtorefresh_storio,InterceptorTest.putContentValues,5,non-flaky,5,0.9516,5,0.9509,True,True,False,151,182
110892,pushtorefresh_storio,InterceptorTest.putContentValuesIterable,5,non-flaky,5,0.9517,5,0.9508,True,True,False,157,188
110893,pushtorefresh_storio,InterceptorTest.putObject,5,non-flaky,5,0.9512,5,0.9509,True,True,False,119,146
110894,pushtorefresh_storio,InsertTest.insertOne,5,non-flaky,5,0.9521,5,0.9509,True,True,False,258,330
110895,pushtorefresh_storio,InsertTest.insertCollection,5,non-flaky,5,0.9518,5,0.9507,True,True,False,245,308
110896,pushtorefresh_storio,InsertTest.insertAndDeleteTwice,5,non-flaky,5,0.9512,5,0.9505,True,True,False,364,457
110897,pushtorefresh_storio,InsertTest.insertOneWithNullField,5,non-flaky,5,0.9522,5,0.9511,True,True,False,267,339
110898,pushtorefresh_storio,UpdateTest.updateOne,5,non-flaky,5,0.9517,5,0.9509,True,True,False,169,214
110899,pushtorefresh_storio,UpdateTest.updateNullFieldToNotNull,5,non-flaky,5,0.9519,5,0.9505,True,True,False,216,274
110900,pushtorefresh_storio,UpdateTest.updateNotNullFieldToNull,5,non-flaky,5,0.9518,5,0.9505,True,True,False,217,275
110901,pushtorefresh_storio,UpdateTest.updateCollection,5,non-flaky,5,0.9503,5,0.9503,True,True,False,512,512
110902,pushtorefresh_storio,ObserveChangesInTableTest.insertEmission,5,non-flaky,5,0.9513,5,0.9506,True,True,False,235,312
110903,pushtorefresh_storio,ObserveChangesInTableTest.updateEmission,5,non-flaky,5,0.951,5,0.9503,True,True,False,395,509
110904,pushtorefresh_storio,ObserveChangesInTableTest.deleteEmission,5,non-flaky,5,0.951,5,0.9506,True,True,False,234,311
110905,pushtorefresh_storio,ExecSQLTest.shouldReturnQueryInGetData,5,non-flaky,5,0.9517,5,0.9509,True,True,False,213,257
110906,pushtorefresh_storio,ExecSQLTest.execSQLWithEmptyArgs,5,non-flaky,5,0.9512,5,0.9508,True,True,False,217,256
110907,pushtorefresh_storio,ExecSQLTest.shouldPassArgsAsObjects,5,non-flaky,5,0.9512,5,0.9508,True,True,False,512,512
110908,pushtorefresh_storio,GetCursorObserveChangesTest.repeatsOperationWithQueryByChangeOfTable,5,non-flaky,5,0.9512,5,0.9499,True,True,False,281,356
110909,pushtorefresh_storio,GetCursorObserveChangesTest.repeatsOperationWithRawQueryByChangeOfTable,5,non-flaky,5,0.9512,5,0.95,True,True,False,283,358
110910,pushtorefresh_storio,GetCursorObserveChangesTest.repeatsOperationWithQueryByChangeOfTag,5,non-flaky,5,0.9512,5,0.95,True,True,False,281,356
110911,pushtorefresh_storio,GetCursorObserveChangesTest.repeatsOperationWithRawQueryByChangeOfTag,5,non-flaky,5,0.9513,5,0.9501,True,True,False,283,358
110912,pushtorefresh_storio,GetNumberOfResultsObserveChangesTest.repeatsOperationWithQueryByChangeOfTable,5,non-flaky,5,0.9516,5,0.9503,True,True,False,166,211
110913,pushtorefresh_storio,GetNumberOfResultsObserveChangesTest.repeatsOperationWithRawQueryByChangeOfTable,5,non-flaky,5,0.9517,5,0.9504,True,True,False,168,213
110914,pushtorefresh_storio,GetNumberOfResultsObserveChangesTest.repeatsOperationWithQueryByChangeOfTag,5,non-flaky,5,0.9516,5,0.9504,True,True,False,166,211
110915,pushtorefresh_storio,GetNumberOfResultsObserveChangesTest.repeatsOperationWithRawQueryByChangeOfTag,5,non-flaky,5,0.9517,5,0.9505,True,True,False,168,213
110916,pushtorefresh_storio,AutoParcelTest.insertObject,5,non-flaky,5,0.9508,5,0.95,True,True,False,488,512
110917,pushtorefresh_storio,AutoParcelTest.updateObject,5,non-flaky,5,0.9507,5,0.9497,True,True,False,512,512
110918,pushtorefresh_storio,AutoParcelTest.deleteObject,5,non-flaky,5,0.9505,5,0.9501,True,True,False,512,512
110919,pushtorefresh_storio,SQLiteTypeMappingTest.nullPutResolver,5,non-flaky,5,0.9518,5,0.9517,True,True,False,153,180
110920,pushtorefresh_storio,SQLiteTypeMappingTest.nullMapFromCursor,5,non-flaky,5,0.9517,5,0.9519,True,True,False,154,181
110921,pushtorefresh_storio,SQLiteTypeMappingTest.nullMapToDeleteQuery,5,non-flaky,5,0.9518,5,0.9518,True,True,False,154,181
110922,pushtorefresh_storio,SQLiteTypeMappingTest.build,5,non-flaky,5,0.9522,5,0.9517,True,True,False,338,417
110923,pushtorefresh_storio,InsertQueryTest.shouldNotAllowNullTable,5,non-flaky,5,0.9522,5,0.951,True,True,False,128,160
110924,pushtorefresh_storio,InsertQueryTest.shouldNotAllowEmptyTable,5,non-flaky,5,0.9524,5,0.9511,True,True,False,112,140
110925,pushtorefresh_storio,InsertQueryTest.nullColumnHackShouldBeNullByDefault,5,non-flaky,5,0.9522,5,0.9508,True,True,False,111,139
110926,pushtorefresh_storio,InsertQueryTest.completeBuilderShouldNotAllowNullTable,5,non-flaky,5,0.9517,5,0.9503,True,True,False,253,304
110927,pushtorefresh_storio,InsertQueryTest.completeBuilderShouldNotAllowEmptyTable,5,non-flaky,5,0.9516,5,0.9506,True,True,False,233,280
110928,pushtorefresh_storio,InsertQueryTest.completeBuilderShouldUpdateTable,5,non-flaky,5,0.9523,5,0.951,True,True,False,133,165
110929,pushtorefresh_storio,InsertQueryTest.createdThroughToBuilderQueryShouldBeEqual,5,non-flaky,5,0.9523,5,0.9509,True,True,False,239,301
110930,pushtorefresh_storio,InsertQueryTest.affectsTagsCollectionShouldRewrite,5,non-flaky,5,0.9527,5,0.9515,True,True,False,200,236
110931,pushtorefresh_storio,InsertQueryTest.affectsTagsVarargShouldRewrite,5,non-flaky,5,0.9528,5,0.9512,True,True,False,180,216
110932,pushtorefresh_storio,InsertQueryTest.affectsTagsCollectionAllowsNull,5,non-flaky,5,0.9522,5,0.9515,True,True,False,171,207
110933,pushtorefresh_storio,InsertQueryTest.buildWithNormalValues,5,non-flaky,5,0.9518,5,0.9509,True,True,False,272,333
110934,pushtorefresh_storio,InsertQueryTest.shouldNotAllowNullTag,5,non-flaky,5,0.9525,5,0.9516,True,True,False,199,243
110935,pushtorefresh_storio,InsertQueryTest.shouldNotAllowEmptyTag,5,non-flaky,5,0.9525,5,0.9515,True,True,False,196,240
113858,spring-projects_spring-data-couchbase,FluxTest.beforeEach,5,non-flaky,5,0.9472,5,0.9509,True,True,False,26,37
113859,spring-projects_spring-data-couchbase,FluxTest.concatMapCB,5,non-flaky,5,0.9454,5,0.9476,True,True,False,212,247
113860,spring-projects_spring-data-couchbase,FluxTest.cbse,5,non-flaky,5,0.9506,5,0.9505,True,True,False,512,512
113861,spring-projects_spring-data-couchbase,FluxTest.pairIdAndResult,5,non-flaky,5,0.9508,5,0.9517,True,True,False,339,407
113862,spring-projects_spring-data-couchbase,FluxTest.flatMapCB,5,non-flaky,5,0.9476,5,0.9481,True,True,False,188,219
113863,spring-projects_spring-data-couchbase,FluxTest.flatMapSyncCB,5,non-flaky,5,0.9465,5,0.9488,True,True,False,152,183
113864,spring-projects_spring-data-couchbase,FluxTest.flatMapVsConcatMapCB2,5,non-flaky,5,0.9458,5,0.9457,True,True,False,372,431
113865,spring-projects_spring-data-couchbase,CouchbaseTemplateQueryIntegrationTests.beforeEach,5,non-flaky,5,0.9474,5,0.9518,True,True,False,195,239
113866,spring-projects_spring-data-couchbase,CouchbaseTemplateKeyValueIntegrationTests.beforeEach,5,non-flaky,5,0.9475,5,0.9514,True,True,False,144,175
113867,spring-projects_spring-data-couchbase,ReactiveCouchbaseTemplateKeyValueIntegrationTests.beforeEach,5,non-flaky,5,0.9452,5,0.9506,True,True,False,129,152
113868,spring-projects_spring-data-couchbase,ReactiveCouchbaseTemplateQueryCollectionIntegrationTests.beforeEach,5,non-flaky,5,0.95,5,0.9519,True,True,False,286,341
113869,spring-projects_spring-data-couchbase,ReactiveCouchbaseTemplateQueryCollectionIntegrationTests.afterEach,5,non-flaky,5,0.9494,5,0.9517,True,True,False,135,170
113870,spring-projects_spring-data-couchbase,ReactiveCouchbaseTemplateQueryCollectionIntegrationTests.existsById,5,non-flaky,5,0.9495,5,0.9497,True,True,False,235,282
113871,spring-projects_spring-data-couchbase,ReactiveCouchbaseTemplateQueryCollectionIntegrationTests.findByAnalytics,5,non-flaky,5,0.9501,5,0.9506,True,True,False,205,248
113872,spring-projects_spring-data-couchbase,ReactiveCouchbaseTemplateQueryCollectionIntegrationTests.findById,5,non-flaky,5,0.9501,5,0.9504,True,True,False,200,243
113873,spring-projects_spring-data-couchbase,ReactiveCouchbaseTemplateQueryCollectionIntegrationTests.findByQuery,5,non-flaky,5,0.9506,5,0.9511,True,True,False,228,271
113874,spring-projects_spring-data-couchbase,ReactiveCouchbaseTemplateQueryCollectionIntegrationTests.findFromReplicasById,5,non-flaky,5,0.9499,5,0.9498,True,True,False,215,258
113875,spring-projects_spring-data-couchbase,ReactiveCouchbaseTemplateQueryCollectionIntegrationTests.insertById,5,non-flaky,5,0.9496,5,0.9494,True,True,False,249,300
113876,spring-projects_spring-data-couchbase,ReactiveCouchbaseTemplateQueryCollectionIntegrationTests.removeById,5,non-flaky,5,0.9491,5,0.9502,True,True,False,153,180
113877,spring-projects_spring-data-couchbase,ReactiveCouchbaseTemplateQueryCollectionIntegrationTests.removeByQuery,5,non-flaky,5,0.9509,5,0.9516,True,True,False,219,254
113878,spring-projects_spring-data-couchbase,ReactiveCouchbaseTemplateQueryCollectionIntegrationTests.replaceById,5,non-flaky,5,0.9492,5,0.9496,True,True,False,320,383
113879,spring-projects_spring-data-couchbase,ReactiveCouchbaseTemplateQueryCollectionIntegrationTests.upsertById,5,non-flaky,5,0.9499,5,0.9497,True,True,False,242,298
113880,spring-projects_spring-data-couchbase,ReactiveCouchbaseTemplateQueryCollectionIntegrationTests.existsByIdOther,5,non-flaky,5,0.9496,5,0.9498,True,True,False,241,292
113881,spring-projects_spring-data-couchbase,ReactiveCouchbaseTemplateQueryCollectionIntegrationTests.findByAnalyticsOther,5,non-flaky,5,0.95,5,0.9505,True,True,False,211,258
113882,spring-projects_spring-data-couchbase,ReactiveCouchbaseTemplateQueryCollectionIntegrationTests.findByIdOther,5,non-flaky,5,0.9501,5,0.9503,True,True,False,206,253
113883,spring-projects_spring-data-couchbase,ReactiveCouchbaseTemplateQueryCollectionIntegrationTests.findByQueryOther,5,non-flaky,5,0.9508,5,0.9509,True,True,False,234,281
113884,spring-projects_spring-data-couchbase,ReactiveCouchbaseTemplateQueryCollectionIntegrationTests.findFromReplicasByIdOther,5,non-flaky,5,0.9494,5,0.9493,True,True,False,221,268
113885,spring-projects_spring-data-couchbase,ReactiveCouchbaseTemplateQueryCollectionIntegrationTests.insertByIdOther,5,non-flaky,5,0.9497,5,0.9495,True,True,False,250,301
113886,spring-projects_spring-data-couchbase,ReactiveCouchbaseTemplateQueryCollectionIntegrationTests.removeByIdOther,5,non-flaky,5,0.9496,5,0.9503,True,True,False,159,190
113887,spring-projects_spring-data-couchbase,ReactiveCouchbaseTemplateQueryCollectionIntegrationTests.removeByQueryOther,5,non-flaky,5,0.951,5,0.9516,True,True,False,225,264
113888,spring-projects_spring-data-couchbase,ReactiveCouchbaseTemplateQueryCollectionIntegrationTests.replaceByIdOther,5,non-flaky,5,0.9494,5,0.9495,True,True,False,321,384
113889,spring-projects_spring-data-couchbase,ReactiveCouchbaseTemplateQueryCollectionIntegrationTests.upsertByIdOther,5,non-flaky,5,0.9498,5,0.9497,True,True,False,243,299
113890,spring-projects_spring-data-couchbase,ReactiveCouchbaseTemplateQueryCollectionIntegrationTests.existsByIdOptions,5,non-flaky,5,0.9495,5,0.951,True,True,False,105,124
113891,spring-projects_spring-data-couchbase,ReactiveCouchbaseTemplateQueryCollectionIntegrationTests.findByAnalyticsOptions,5,non-flaky,5,0.9501,5,0.951,True,True,False,105,124
113892,spring-projects_spring-data-couchbase,ReactiveCouchbaseTemplateQueryCollectionIntegrationTests.findByIdOptions,5,non-flaky,5,0.9496,5,0.951,True,True,False,104,123
113893,spring-projects_spring-data-couchbase,ReactiveCouchbaseTemplateQueryCollectionIntegrationTests.findByQueryOptions,5,non-flaky,5,0.9508,5,0.9507,True,True,False,125,148
113894,spring-projects_spring-data-couchbase,ReactiveCouchbaseTemplateQueryCollectionIntegrationTests.findFromReplicasByIdOptions,5,non-flaky,5,0.9487,5,0.9491,True,True,False,219,266
113895,spring-projects_spring-data-couchbase,ReactiveCouchbaseTemplateQueryCollectionIntegrationTests.insertByIdOptions,5,non-flaky,5,0.9499,5,0.9507,True,True,False,113,132
113896,spring-projects_spring-data-couchbase,ReactiveCouchbaseTemplateQueryCollectionIntegrationTests.removeByIdOptions,5,non-flaky,5,0.9492,5,0.9506,True,True,False,142,174
113897,spring-projects_spring-data-couchbase,ReactiveCouchbaseTemplateQueryCollectionIntegrationTests.removeByQueryOptions,5,non-flaky,5,0.9511,5,0.9512,True,True,False,162,189
113898,spring-projects_spring-data-couchbase,ReactiveCouchbaseTemplateQueryCollectionIntegrationTests.replaceByIdOptions,5,non-flaky,5,0.9494,5,0.9509,True,True,False,113,132
113899,spring-projects_spring-data-couchbase,ReactiveCouchbaseTemplateQueryCollectionIntegrationTests.upsertByIdOptions,5,non-flaky,5,0.9493,5,0.9504,True,True,False,107,126
113900,spring-projects_spring-data-couchbase,QueryCriteriaTests.testNullValue,5,non-flaky,5,0.9504,5,0.9526,True,True,False,54,69
113901,spring-projects_spring-data-couchbase,CouchbaseTemplateQueryCollectionIntegrationTests.beforeEach,5,non-flaky,5,0.95,5,0.9519,True,True,False,286,341
113902,spring-projects_spring-data-couchbase,CouchbaseTemplateQueryCollectionIntegrationTests.afterEach,5,non-flaky,5,0.9494,5,0.9517,True,True,False,135,170
113903,spring-projects_spring-data-couchbase,CouchbaseTemplateQueryCollectionIntegrationTests.existsById,5,non-flaky,5,0.9496,5,0.95,True,True,False,231,282
113904,spring-projects_spring-data-couchbase,CouchbaseTemplateQueryCollectionIntegrationTests.findByAnalytics,5,non-flaky,5,0.9502,5,0.9507,True,True,False,199,246
113905,spring-projects_spring-data-couchbase,CouchbaseTemplateQueryCollectionIntegrationTests.findById,5,non-flaky,5,0.95,5,0.9504,True,True,False,196,243
113906,spring-projects_spring-data-couchbase,CouchbaseTemplateQueryCollectionIntegrationTests.findByQuery,5,non-flaky,5,0.9507,5,0.951,True,True,False,229,280
113907,spring-projects_spring-data-couchbase,CouchbaseTemplateQueryCollectionIntegrationTests.findFromReplicasById,5,non-flaky,5,0.95,5,0.95,True,True,False,211,258
113908,spring-projects_spring-data-couchbase,CouchbaseTemplateQueryCollectionIntegrationTests.insertById,5,non-flaky,5,0.9497,5,0.9497,True,True,False,240,291
113909,spring-projects_spring-data-couchbase,CouchbaseTemplateQueryCollectionIntegrationTests.removeById,5,non-flaky,5,0.9498,5,0.9503,True,True,False,149,180
113910,spring-projects_spring-data-couchbase,CouchbaseTemplateQueryCollectionIntegrationTests.removeByQuery,5,non-flaky,5,0.9511,5,0.9518,True,True,False,207,242
113911,spring-projects_spring-data-couchbase,CouchbaseTemplateQueryCollectionIntegrationTests.replaceById,5,non-flaky,5,0.949,5,0.9495,True,True,False,310,373
113912,spring-projects_spring-data-couchbase,CouchbaseTemplateQueryCollectionIntegrationTests.upsertById,5,non-flaky,5,0.9497,5,0.9499,True,True,False,232,288
113913,spring-projects_spring-data-couchbase,CouchbaseTemplateQueryCollectionIntegrationTests.existsByIdOther,5,non-flaky,5,0.9496,5,0.9499,True,True,False,232,283
113914,spring-projects_spring-data-couchbase,CouchbaseTemplateQueryCollectionIntegrationTests.findByAnalyticsOther,5,non-flaky,5,0.95,5,0.9506,True,True,False,200,247
113915,spring-projects_spring-data-couchbase,CouchbaseTemplateQueryCollectionIntegrationTests.findByIdOther,5,non-flaky,5,0.95,5,0.9505,True,True,False,197,244
113916,spring-projects_spring-data-couchbase,CouchbaseTemplateQueryCollectionIntegrationTests.findByQueryOther,5,non-flaky,5,0.9506,5,0.9511,True,True,False,230,281
113917,spring-projects_spring-data-couchbase,CouchbaseTemplateQueryCollectionIntegrationTests.findFromReplicasByIdOther,5,non-flaky,5,0.95,5,0.9496,True,True,False,212,259
113918,spring-projects_spring-data-couchbase,CouchbaseTemplateQueryCollectionIntegrationTests.insertByIdOther,5,non-flaky,5,0.9498,5,0.9498,True,True,False,241,292
113919,spring-projects_spring-data-couchbase,CouchbaseTemplateQueryCollectionIntegrationTests.removeByIdOther,5,non-flaky,5,0.9498,5,0.9505,True,True,False,150,181
113920,spring-projects_spring-data-couchbase,CouchbaseTemplateQueryCollectionIntegrationTests.removeByQueryOther,5,non-flaky,5,0.9512,5,0.9518,True,True,False,208,243
113921,spring-projects_spring-data-couchbase,CouchbaseTemplateQueryCollectionIntegrationTests.replaceByIdOther,5,non-flaky,5,0.9492,5,0.9493,True,True,False,311,374
113922,spring-projects_spring-data-couchbase,CouchbaseTemplateQueryCollectionIntegrationTests.upsertByIdOther,5,non-flaky,5,0.9495,5,0.9498,True,True,False,233,289
113923,spring-projects_spring-data-couchbase,CouchbaseTemplateQueryCollectionIntegrationTests.existsByIdOptions,5,non-flaky,5,0.9491,5,0.9509,True,True,False,105,124
113924,spring-projects_spring-data-couchbase,CouchbaseTemplateQueryCollectionIntegrationTests.findByAnalyticsOptions,5,non-flaky,5,0.9501,5,0.9511,True,True,False,102,121
113925,spring-projects_spring-data-couchbase,CouchbaseTemplateQueryCollectionIntegrationTests.findByIdOptions,5,non-flaky,5,0.9494,5,0.951,True,True,False,104,123
113926,spring-projects_spring-data-couchbase,CouchbaseTemplateQueryCollectionIntegrationTests.findByQueryOptions,5,non-flaky,5,0.9508,5,0.9509,True,True,False,122,145
113927,spring-projects_spring-data-couchbase,CouchbaseTemplateQueryCollectionIntegrationTests.findFromReplicasByIdOptions,5,non-flaky,5,0.9488,5,0.949,True,True,False,218,265
113928,spring-projects_spring-data-couchbase,CouchbaseTemplateQueryCollectionIntegrationTests.insertByIdOptions,5,non-flaky,5,0.9495,5,0.9505,True,True,False,114,133
113929,spring-projects_spring-data-couchbase,CouchbaseTemplateQueryCollectionIntegrationTests.removeByIdOptions,5,non-flaky,5,0.949,5,0.9506,True,True,False,142,174
113930,spring-projects_spring-data-couchbase,CouchbaseTemplateQueryCollectionIntegrationTests.removeByQueryOptions,5,non-flaky,5,0.9511,5,0.9511,True,True,False,159,186
113931,spring-projects_spring-data-couchbase,CouchbaseTemplateQueryCollectionIntegrationTests.replaceByIdOptions,5,non-flaky,5,0.9491,5,0.9507,True,True,False,113,132
113932,spring-projects_spring-data-couchbase,CouchbaseTemplateQueryCollectionIntegrationTests.upsertByIdOptions,5,non-flaky,5,0.949,5,0.9503,True,True,False,107,126
113933,spring-projects_spring-data-couchbase,CouchbaseTemplateQueryCollectionIntegrationTests.testScopeCollectionAnnotation,5,non-flaky,5,0.9506,5,0.9521,True,True,False,427,512
113934,spring-projects_spring-data-couchbase,CouchbaseTemplateQueryCollectionIntegrationTests.testScopeCollectionRepoWith,5,non-flaky,5,0.9507,5,0.952,True,True,False,428,512
113935,spring-projects_spring-data-couchbase,CustomTypeKeyIntegrationTests.getConnectionString,5,non-flaky,5,0.9493,5,0.9516,True,True,False,28,39
113936,spring-projects_spring-data-couchbase,BasicCouchbasePersistentPropertyTests.getId,5,non-flaky,5,0.9491,5,0.9514,True,True,False,27,38
113937,spring-projects_spring-data-couchbase,CustomConvertersTests.convert,5,non-flaky,5,0.9492,5,0.9522,True,True,False,39,50
113938,spring-projects_spring-data-couchbase,N1qlQueryCreatorTests.beforeEach,5,non-flaky,5,0.9459,5,0.9516,True,True,False,62,81
113939,spring-projects_spring-data-couchbase,StringN1qlQueryCreatorMockedTests.beforeEach,5,non-flaky,5,0.9434,5,0.9511,True,True,False,98,121
113940,spring-projects_spring-data-couchbase,StringN1qlQueryCreatorMockedTests.getConnectionString,5,non-flaky,5,0.9493,5,0.9516,True,True,False,28,39
113941,spring-projects_spring-data-couchbase,StringN1qlQueryCreatorTests.beforeEach,5,non-flaky,5,0.9434,5,0.9511,True,True,False,98,121
113942,spring-projects_spring-data-couchbase,StringN1qlQueryCreatorTests.getConnectionString,5,non-flaky,5,0.9493,5,0.9516,True,True,False,28,39
113943,spring-projects_spring-data-couchbase,CouchbaseRepositoryQueryCollectionIntegrationTests.beforeEach,5,non-flaky,5,0.9481,5,0.9517,True,True,False,184,227
113944,spring-projects_spring-data-couchbase,CouchbaseRepositoryQueryCollectionIntegrationTests.afterEach,5,non-flaky,5,0.9485,5,0.9516,True,True,False,52,75
113945,spring-projects_spring-data-couchbase,CouchbaseRepositoryQueryCollectionIntegrationTests.myTest,5,non-flaky,5,0.9506,5,0.9512,True,True,False,152,213
113946,spring-projects_spring-data-couchbase,CouchbaseRepositoryQueryCollectionIntegrationTests.testScopeCollectionAnnotation,5,non-flaky,5,0.9509,5,0.9523,True,True,False,340,411
113947,spring-projects_spring-data-couchbase,CouchbaseRepositoryQueryCollectionIntegrationTests.testScopeCollectionAnnotationSwap,5,non-flaky,5,0.9505,5,0.9527,True,True,False,252,299
113948,spring-projects_spring-data-couchbase,CouchbaseRepositoryQueryCollectionIntegrationTests.testScopeCollectionRepoWith,5,non-flaky,5,0.9511,5,0.9525,True,True,False,311,378
113949,spring-projects_spring-data-couchbase,ReactiveCouchbaseRepositoryQueryCollectionIntegrationTests.beforeEach,5,non-flaky,5,0.9479,5,0.9516,True,True,False,192,240
113950,spring-projects_spring-data-couchbase,ReactiveCouchbaseRepositoryQueryCollectionIntegrationTests.afterEach,5,non-flaky,5,0.9485,5,0.9516,True,True,False,52,75
113951,spring-projects_spring-data-couchbase,ReactiveCouchbaseRepositoryQueryCollectionIntegrationTests.myTest,5,non-flaky,5,0.9504,5,0.9507,True,True,False,160,221
113952,spring-projects_spring-data-couchbase,ReactiveCouchbaseRepositoryQueryCollectionIntegrationTests.testScopeCollectionAnnotation,5,non-flaky,5,0.9506,5,0.952,True,True,False,380,463
113953,spring-projects_spring-data-couchbase,ReactiveCouchbaseRepositoryQueryCollectionIntegrationTests.testScopeCollectionRepoWith,5,non-flaky,5,0.9508,5,0.9522,True,True,False,340,411
113954,spring-projects_spring-data-couchbase,CouchbaseRepositoryKeyValueIntegrationTests.getConnectionString,5,non-flaky,5,0.9493,5,0.9516,True,True,False,28,39
113955,spring-projects_spring-data-couchbase,ReactiveCouchbaseRepositoryQueryIntegrationTests.testCas,5,non-flaky,5,0.9506,5,0.9513,True,True,False,127,162
113956,spring-projects_spring-data-couchbase,ReactiveCouchbaseRepositoryQueryIntegrationTests.getPolicyByIdAndEffectiveDateTime,5,non-flaky,5,0.9505,5,0.9498,True,True,False,151,182
113957,spring-projects_spring-data-couchbase,ReactiveCouchbaseRepositoryQueryIntegrationTests.getConnectionString,5,non-flaky,5,0.9493,5,0.9516,True,True,False,28,39
118685,netty_netty,XmlDecoderTest.shouldDecodeRequestWithSimpleXml,5,non-flaky,5,0.9518,5,0.9511,True,True,False,512,512
118686,netty_netty,XmlDecoderTest.shouldDecodeXmlHeader,5,non-flaky,5,0.9518,5,0.9511,True,True,False,512,512
118687,netty_netty,XmlDecoderTest.shouldDecodeWithoutHeader,5,non-flaky,5,0.9519,5,0.9513,True,True,False,512,512
118688,netty_netty,SmtpCommandTest.getCommandFromCache,5,non-flaky,5,0.9471,5,0.9493,True,True,False,114,133
118689,netty_netty,SmtpCommandTest.equalsIgnoreCase,5,non-flaky,5,0.9483,5,0.9505,True,True,False,86,101
118690,netty_netty,SmtpCommandTest.isContentExpected,5,non-flaky,5,0.9506,5,0.9513,True,True,False,149,181
118691,netty_netty,SmtpRequestEncoderTest.testEncodeEhlo,5,non-flaky,5,0.9496,5,0.9511,True,True,False,59,70
118692,netty_netty,SmtpRequestEncoderTest.testEncodeHelo,5,non-flaky,5,0.9504,5,0.9513,True,True,False,59,70
118693,netty_netty,SmtpRequestEncoderTest.testEncodeMail,5,non-flaky,5,0.9501,5,0.9512,True,True,False,69,80
118694,netty_netty,SmtpRequestEncoderTest.testEncodeMailNullSender,5,non-flaky,5,0.9494,5,0.9511,True,True,False,61,72
118695,netty_netty,SmtpRequestEncoderTest.testEncodeRcpt,5,non-flaky,5,0.9477,5,0.9503,True,True,False,72,83
118696,netty_netty,SmtpRequestEncoderTest.testEncodeNoop,5,non-flaky,5,0.949,5,0.9505,True,True,False,54,65
118697,netty_netty,SmtpRequestEncoderTest.testEncodeRset,5,non-flaky,5,0.9487,5,0.9504,True,True,False,54,65
118698,netty_netty,SmtpRequestEncoderTest.testEncodeHelp,5,non-flaky,5,0.9492,5,0.9506,True,True,False,55,66
118699,netty_netty,SmtpRequestEncoderTest.testEncodeHelpWithArg,5,non-flaky,5,0.9493,5,0.951,True,True,False,60,71
118700,netty_netty,SmtpRequestEncoderTest.testEncodeData,5,non-flaky,5,0.9493,5,0.9504,True,True,False,51,62
118701,netty_netty,SmtpRequestEncoderTest.testEncodeDataAndContent,5,non-flaky,5,0.9517,5,0.9513,True,True,False,275,319
118702,netty_netty,SmtpRequestEncoderTest.testThrowsIfContentExpected,5,non-flaky,5,0.9515,5,0.9511,True,True,False,167,202
118703,netty_netty,SmtpRequestEncoderTest.testRsetClearsContentExpectedFlag,5,non-flaky,5,0.951,5,0.9513,True,True,False,184,225
118704,netty_netty,SmtpResponseDecoderTest.testDecodeOneLineResponse,5,non-flaky,5,0.9517,5,0.9508,True,True,False,202,255
118705,netty_netty,SmtpResponseDecoderTest.testDecodeOneLineResponseNoDetails,5,non-flaky,5,0.9519,5,0.9511,True,True,False,163,203
118706,netty_netty,SmtpResponseDecoderTest.testDecodeOneLineResponseChunked,5,non-flaky,5,0.9519,5,0.951,True,True,False,227,284
118707,netty_netty,SmtpResponseDecoderTest.testDecodeTwoLineResponse,5,non-flaky,5,0.9516,5,0.9507,True,True,False,232,289
118708,netty_netty,SmtpResponseDecoderTest.testDecodeTwoLineResponseChunked,5,non-flaky,5,0.9517,5,0.9509,True,True,False,302,371
118709,netty_netty,SmtpResponseDecoderTest.testDecodeInvalidSeparator,5,non-flaky,5,0.9507,5,0.9514,True,True,False,81,96
118710,netty_netty,SmtpResponseDecoderTest.testDecodeInvalidCode,5,non-flaky,5,0.9504,5,0.9513,True,True,False,79,94
118711,netty_netty,SmtpResponseDecoderTest.testDecodeInvalidLine,5,non-flaky,5,0.9506,5,0.9513,True,True,False,77,92
118712,netty_netty,UnixChannelUtilTest.testPooledAllocatorIsBufferCopyNeededForWrite,5,non-flaky,5,0.9501,5,0.9509,True,True,False,63,74
118713,netty_netty,UnixChannelUtilTest.testUnPooledAllocatorIsBufferCopyNeededForWrite,5,non-flaky,5,0.9498,5,0.9509,True,True,False,65,76
118714,netty_netty,SocketTest.testKeepAlive,5,non-flaky,5,0.9521,5,0.9517,True,True,False,80,99
118715,netty_netty,SocketTest.testTcpNoDelay,5,non-flaky,5,0.9517,5,0.9514,True,True,False,88,107
118716,netty_netty,SocketTest.testReceivedBufferSize,5,non-flaky,5,0.9517,5,0.9509,True,True,False,136,167
118717,netty_netty,SocketTest.testSendBufferSize,5,non-flaky,5,0.9516,5,0.9507,True,True,False,132,163
118718,netty_netty,SocketTest.testSoLinger,5,non-flaky,5,0.9521,5,0.9516,True,True,False,86,105
118719,netty_netty,SocketTest.testDoubleCloseDoesNotThrow,5,non-flaky,5,0.9523,5,0.9517,True,True,False,71,90
118720,netty_netty,SocketTest.testTrafficClass,5,non-flaky,5,0.9515,5,0.9516,True,True,False,101,124
118721,netty_netty,DetectPeerCloseWithoutReadTest.clientCloseWithoutServerReadIsDetectedNoExtraReadRequested,5,non-flaky,5,0.9504,5,0.9508,True,True,False,63,74
118722,netty_netty,DetectPeerCloseWithoutReadTest.clientCloseWithoutServerReadIsDetectedExtraReadRequested,5,non-flaky,5,0.9503,5,0.9508,True,True,False,62,73
118723,netty_netty,DetectPeerCloseWithoutReadTest.serverCloseWithoutClientReadIsDetectedNoExtraReadRequested,5,non-flaky,5,0.9503,5,0.9508,True,True,False,63,74
118724,netty_netty,DetectPeerCloseWithoutReadTest.serverCloseWithoutClientReadIsDetectedExtraReadRequested,5,non-flaky,5,0.9502,5,0.9508,True,True,False,62,73
118725,netty_netty,BigEndianCompositeByteBufTest.testInternalNioBufferAfterRelease,5,non-flaky,5,0.9499,5,0.9508,True,True,False,56,67
118726,netty_netty,ByteProcessorTest.testForward,5,non-flaky,5,0.9525,5,0.9524,True,True,False,512,512
118727,netty_netty,ByteProcessorTest.testBackward,5,non-flaky,5,0.9529,5,0.9526,True,True,False,512,512
118728,netty_netty,BigEndianHeapByteBufTest.shouldNotAllowNullInConstructor1,5,non-flaky,5,0.9501,5,0.9511,True,True,False,66,77
118729,netty_netty,BigEndianHeapByteBufTest.shouldNotAllowNullInConstructor2,5,non-flaky,5,0.9498,5,0.951,True,True,False,74,85
118730,netty_netty,EmptyByteBufTest.testIsWritable,5,non-flaky,5,0.9515,5,0.9515,True,True,False,94,113
118731,netty_netty,EmptyByteBufTest.testWriteEmptyByteBuf,5,non-flaky,5,0.9517,5,0.9512,True,True,False,236,287
118732,netty_netty,EmptyByteBufTest.testIsReadable,5,non-flaky,5,0.9514,5,0.9515,True,True,False,94,113
118733,netty_netty,EmptyByteBufTest.testArray,5,non-flaky,5,0.952,5,0.952,True,True,False,117,140
118734,netty_netty,EmptyByteBufTest.testNioBuffer,5,non-flaky,5,0.9523,5,0.9518,True,True,False,193,224
118735,netty_netty,EmptyByteBufTest.testMemoryAddress,5,non-flaky,5,0.9521,5,0.9513,True,True,False,229,280
118736,netty_netty,EmptyByteBufTest.consistentEqualsAndHashCodeWithAbstractBytebuf,5,non-flaky,5,0.9526,5,0.9518,True,True,False,212,247
118737,netty_netty,ByteBufUtilTest.decodeRandomHexBytesWithEvenLength,5,non-flaky,5,0.9514,5,0.9516,True,True,False,45,56
118738,netty_netty,ByteBufUtilTest.decodeRandomHexBytesWithOddLength,5,non-flaky,5,0.9514,5,0.9516,True,True,False,46,57
118739,netty_netty,ByteBufUtilTest.decodeHexDumpWithOddLength,5,non-flaky,5,0.9512,5,0.9516,True,True,False,63,74
118740,netty_netty,ByteBufUtilTest.decodeHexDumpWithInvalidChar,5,non-flaky,5,0.9507,5,0.9515,True,True,False,62,73
118741,netty_netty,ByteBufUtilTest.equalsBufferSubsections,5,non-flaky,5,0.952,5,0.9516,True,True,False,253,300
118742,netty_netty,ByteBufUtilTest.notEqualsBufferSubsections,5,non-flaky,5,0.9521,5,0.9515,True,True,False,341,404
118743,netty_netty,ByteBufUtilTest.notEqualsBufferOverflow,5,non-flaky,5,0.952,5,0.9515,True,True,False,288,339
118744,netty_netty,ByteBufUtilTest.notEqualsBufferUnderflow,5,non-flaky,5,0.9522,5,0.952,True,True,False,284,335
118745,netty_netty,ByteBufUtilTest.writeShortBE,5,non-flaky,5,0.9515,5,0.9509,True,True,False,302,371
118746,netty_netty,ByteBufUtilTest.setShortBE,5,non-flaky,5,0.9518,5,0.9511,True,True,False,323,392
118747,netty_netty,ByteBufUtilTest.writeMediumBE,5,non-flaky,5,0.9517,5,0.9509,True,True,False,303,372
118748,netty_netty,ByteBufUtilTest.testWriteUsAscii,5,non-flaky,5,0.9517,5,0.9511,True,True,False,191,240
118749,netty_netty,ByteBufUtilTest.testWriteUsAsciiSwapped,5,non-flaky,5,0.9519,5,0.9512,True,True,False,202,251
118750,netty_netty,ByteBufUtilTest.testWriteUsAsciiWrapped,5,non-flaky,5,0.9519,5,0.9509,True,True,False,240,297
118751,netty_netty,ByteBufUtilTest.testWriteUsAsciiComposite,5,non-flaky,5,0.952,5,0.9513,True,True,False,289,354
118752,netty_netty,ByteBufUtilTest.testWriteUsAsciiCompositeWrapped,5,non-flaky,5,0.9519,5,0.9512,True,True,False,302,367
118753,netty_netty,ByteBufUtilTest.testWriteUtf8,5,non-flaky,5,0.9517,5,0.9512,True,True,False,210,259
118754,netty_netty,ByteBufUtilTest.testWriteUtf8Composite,5,non-flaky,5,0.9518,5,0.9512,True,True,False,304,369
118755,netty_netty,ByteBufUtilTest.testWriteUtf8CompositeWrapped,5,non-flaky,5,0.952,5,0.9513,True,True,False,317,382
118756,netty_netty,ByteBufUtilTest.testWriteUtf8Surrogates,5,non-flaky,5,0.952,5,0.9513,True,True,False,424,501
118757,netty_netty,ByteBufUtilTest.testWriteUtf8InvalidOnlyTrailingSurrogate,5,non-flaky,5,0.9519,5,0.9509,True,True,False,374,443
118758,netty_netty,ByteBufUtilTest.testWriteUtf8InvalidOnlyLeadingSurrogate,5,non-flaky,5,0.9519,5,0.9509,True,True,False,374,443
118759,netty_netty,ByteBufUtilTest.testWriteUtf8InvalidSurrogatesSwitched,5,non-flaky,5,0.9518,5,0.9511,True,True,False,413,486
118760,netty_netty,ByteBufUtilTest.testWriteUtf8InvalidTwoLeadingSurrogates,5,non-flaky,5,0.9517,5,0.9511,True,True,False,414,482
118761,netty_netty,ByteBufUtilTest.testWriteUtf8InvalidTwoTrailingSurrogates,5,non-flaky,5,0.9518,5,0.9512,True,True,False,414,487
118762,netty_netty,ByteBufUtilTest.testWriteUtf8InvalidEndOnLeadingSurrogate,5,non-flaky,5,0.9519,5,0.951,True,True,False,301,362
118763,netty_netty,ByteBufUtilTest.testWriteUtf8InvalidEndOnTrailingSurrogate,5,non-flaky,5,0.952,5,0.951,True,True,False,301,362
118764,netty_netty,ByteBufUtilTest.testWriteUsAsciiString,5,non-flaky,5,0.9517,5,0.9512,True,True,False,203,252
118765,netty_netty,ByteBufUtilTest.testWriteUtf8Wrapped,5,non-flaky,5,0.9518,5,0.9509,True,True,False,253,310
118766,netty_netty,ByteBufUtilTest.testDecodeUsAscii,5,non-flaky,5,0.9507,5,0.9512,True,True,False,57,68
118767,netty_netty,ByteBufUtilTest.testDecodeUtf8,5,non-flaky,5,0.9518,5,0.952,True,True,False,76,87
118768,netty_netty,ByteBufUtilTest.testToStringDoesNotThrowIndexOutOfBounds,5,non-flaky,5,0.9525,5,0.951,True,True,False,240,283
118769,netty_netty,ByteBufUtilTest.testIsTextWithUtf8,5,non-flaky,5,0.9521,5,0.9515,True,True,False,512,512
118770,netty_netty,ByteBufUtilTest.testIsTextWithoutOptimization,5,non-flaky,5,0.9528,5,0.9523,True,True,False,157,185
118771,netty_netty,ByteBufUtilTest.testIsTextWithAscii,5,non-flaky,5,0.9526,5,0.9521,True,True,False,156,184
118772,netty_netty,ByteBufUtilTest.testIsTextWithInvalidIndexAndLength,5,non-flaky,5,0.951,5,0.951,True,True,False,512,512
118773,netty_netty,ByteBufUtilTest.testUtf8Bytes,5,non-flaky,5,0.9519,5,0.9517,True,True,False,81,96
118774,netty_netty,ByteBufUtilTest.testUtf8BytesWithSurrogates,5,non-flaky,5,0.9513,5,0.9515,True,True,False,70,85
118775,netty_netty,ByteBufUtilTest.testUtf8BytesWithNonSurrogates3Bytes,5,non-flaky,5,0.9516,5,0.9519,True,True,False,69,84
118776,netty_netty,ByteBufUtilTest.testUtf8BytesWithNonSurrogatesNonAscii,5,non-flaky,5,0.9515,5,0.9518,True,True,False,97,116
118777,netty_netty,ByteBufUtilTest.run,5,non-flaky,5,0.9498,5,0.9497,True,True,False,512,512
118778,netty_netty,AbstractReferenceCountedByteBufTest.testRetainOverflow,5,non-flaky,5,0.9521,5,0.9519,True,True,False,124,147
118779,netty_netty,AbstractReferenceCountedByteBufTest.testRetainOverflow2,5,non-flaky,5,0.9519,5,0.9519,True,True,False,104,123
118780,netty_netty,AbstractReferenceCountedByteBufTest.testReleaseOverflow,5,non-flaky,5,0.952,5,0.9513,True,True,False,120,143
118781,netty_netty,AbstractReferenceCountedByteBufTest.testReleaseErrorMessage,5,non-flaky,5,0.9519,5,0.9508,True,True,False,179,218
118782,netty_netty,AbstractReferenceCountedByteBufTest.testRetainResurrect,5,non-flaky,5,0.9523,5,0.9521,True,True,False,115,138
118783,netty_netty,AbstractReferenceCountedByteBufTest.testRetainResurrect2,5,non-flaky,5,0.9523,5,0.952,True,True,False,118,141
118784,netty_netty,ReadOnlyByteBufferBufTest.testCopyDirect,5,non-flaky,5,0.951,5,0.9515,True,True,False,37,48
134981,undertow-io_undertow,WebsocketBasicAuthTestCase.beforeRequest,5,non-flaky,5,0.952,5,0.9512,True,True,False,199,226
134982,undertow-io_undertow,WebsocketBasicAuthTestCase.testWrappedRequest,5,non-flaky,5,0.9501,5,0.95,True,True,False,219,250
134983,undertow-io_undertow,SuspendResumeTestCase.testConnectionWaitsForMessageEnd,5,non-flaky,5,0.9504,5,0.9501,True,True,False,512,512
134984,undertow-io_undertow,SuspendResumeTestCase.handleEvent,5,non-flaky,5,0.9501,5,0.95,True,True,False,512,512
134985,undertow-io_undertow,SuspendResumeTestCase.testRejectWhenSuspended,5,non-flaky,5,0.9511,5,0.9502,True,True,False,244,300
134986,undertow-io_undertow,JsrWebsocketExtensionTestCase.testLongTextMessage,5,non-flaky,5,0.951,5,0.9511,True,True,False,512,512
134987,undertow-io_undertow,JsrWebsocketExtensionTestCase.testExtensionsHeaders,5,non-flaky,5,0.9515,5,0.9513,True,True,False,512,512
134988,undertow-io_undertow,AnnotatedEndpointTest.testStringOnMessage,5,non-flaky,5,0.9513,5,0.9507,True,True,False,220,260
134989,undertow-io_undertow,AnnotatedEndpointTest.testRedirectHandling,5,non-flaky,5,0.952,5,0.9516,True,True,False,179,216
134990,undertow-io_undertow,AnnotatedEndpointTest.testWebSocketInRootContext,5,non-flaky,5,0.9514,5,0.9508,True,True,False,216,256
134991,undertow-io_undertow,AnnotatedEndpointTest.testAnnotatedClientEndpoint,5,non-flaky,5,0.952,5,0.9516,True,True,False,182,219
134992,undertow-io_undertow,AnnotatedEndpointTest.testIdleTimeout,5,non-flaky,5,0.9518,5,0.9511,True,True,False,179,216
134993,undertow-io_undertow,AnnotatedEndpointTest.testCloseReason,5,non-flaky,5,0.9524,5,0.9514,True,True,False,285,344
134994,undertow-io_undertow,AnnotatedEndpointTest.testAnnotatedClientEndpointWithConfigurator,5,non-flaky,5,0.9522,5,0.9516,True,True,False,251,301
134995,undertow-io_undertow,AnnotatedEndpointTest.testErrorHandling,5,non-flaky,5,0.9514,5,0.9506,True,True,False,391,478
134996,undertow-io_undertow,AnnotatedEndpointTest.testClientSideIdleTimeout,5,non-flaky,5,0.9495,5,0.9496,True,True,False,215,260
134997,undertow-io_undertow,AnnotatedEndpointTest.testGenericMessageHandling,5,non-flaky,5,0.9516,5,0.9508,True,True,False,394,481
134998,undertow-io_undertow,AnnotatedEndpointTest.testImplicitIntegerConversion,5,non-flaky,5,0.9513,5,0.9508,True,True,False,221,261
134999,undertow-io_undertow,AnnotatedEndpointTest.testEncodingAndDecodingText,5,non-flaky,5,0.9515,5,0.9511,True,True,False,224,264
135000,undertow-io_undertow,AnnotatedEndpointTest.testEncodingAndDecodingBinary,5,non-flaky,5,0.9515,5,0.9511,True,True,False,225,265
135001,undertow-io_undertow,AnnotatedEndpointTest.testEncodingWithGenericSuperclass,5,non-flaky,5,0.9513,5,0.9509,True,True,False,226,266
135002,undertow-io_undertow,AnnotatedEndpointTest.testRequestUri,5,non-flaky,5,0.9515,5,0.9511,True,True,False,226,266
135003,undertow-io_undertow,AnnotatedEndpointTest.testTimeoutCloseReason,5,non-flaky,5,0.9518,5,0.9513,True,True,False,144,173
135004,undertow-io_undertow,AnnotatedEndpointTest.testThreadSafeSend,5,non-flaky,5,0.9484,5,0.9481,True,True,False,243,286
135005,undertow-io_undertow,TestMessagesReceivedInOrder.onOpen,5,non-flaky,5,0.9503,5,0.9497,True,True,False,512,512
135006,undertow-io_undertow,JsrWebSocketServer07Test.testErrorHandling,5,non-flaky,5,0.9513,5,0.9508,True,True,False,507,512
135007,undertow-io_undertow,DynamicEndpointTest.testDynamicAnnotatedEndpoint,5,non-flaky,5,0.9516,5,0.9513,True,True,False,239,279
135008,undertow-io_undertow,DynamicEndpointTest.testDynamicProgramaticEndpoint,5,non-flaky,5,0.9515,5,0.9511,True,True,False,229,269
135009,undertow-io_undertow,WebsocketStressTestCase.onOpen,5,non-flaky,5,0.9512,5,0.95,True,True,False,215,250
135010,undertow-io_undertow,WebsocketStressTestCase.onMessage,5,non-flaky,5,0.9502,5,0.9497,True,True,False,512,512
135011,undertow-io_undertow,ClassUtilsTest.testExtractHandlerType,5,non-flaky,5,0.9521,5,0.9518,True,True,False,512,512
135012,undertow-io_undertow,ClassUtilsTest.testExtractEncoderType,5,non-flaky,5,0.9527,5,0.9522,True,True,False,241,295
135013,undertow-io_undertow,ClientEndpointReconnectTestCase.testAnnotatedClientEndpoint,5,non-flaky,5,0.9513,5,0.9509,True,True,False,481,512
135014,undertow-io_undertow,AjpClientTestCase.run,5,non-flaky,5,0.9503,5,0.9497,True,True,False,416,484
135015,undertow-io_undertow,AjpClientTestCase.acknowledged,5,non-flaky,5,0.9498,5,0.9499,True,True,False,512,512
135016,undertow-io_undertow,AjpClientTestCase.completed,5,non-flaky,5,0.9499,5,0.95,True,True,False,512,512
135017,undertow-io_undertow,AjpClientTestCase.testConnectionClose,5,non-flaky,5,0.9502,5,0.9504,True,True,False,428,512
135018,undertow-io_undertow,HttpClientTestCase.run,5,non-flaky,5,0.9503,5,0.9497,True,True,False,416,484
135019,undertow-io_undertow,HttpClientTestCase.completed,5,non-flaky,5,0.9499,5,0.95,True,True,False,512,512
135020,undertow-io_undertow,HttpClientTestCase.run,5,non-flaky,5,0.95,5,0.9497,True,True,False,512,512
135021,undertow-io_undertow,HttpClientTestCase.testConnectionClose,5,non-flaky,5,0.9502,5,0.9504,True,True,False,428,512
135022,undertow-io_undertow,ResponseParserResumeTestCase.testMethodSplit,5,non-flaky,5,0.9519,5,0.951,True,True,False,179,218
135023,undertow-io_undertow,ResponseParserResumeTestCase.testOneCharacterAtATime,5,non-flaky,5,0.9521,5,0.9512,True,True,False,225,272
135024,undertow-io_undertow,Http2ClientTestCase.run,5,non-flaky,5,0.9503,5,0.9499,True,True,False,460,512
135025,undertow-io_undertow,Http2ClientTestCase.completed,5,non-flaky,5,0.9504,5,0.9501,True,True,False,512,512
135026,undertow-io_undertow,HttpStringTestCase.testOrderShorterFirst,5,non-flaky,5,0.9526,5,0.9521,True,True,False,94,113
135027,undertow-io_undertow,HttpStringTestCase.testCompareShorterFirst,5,non-flaky,5,0.9525,5,0.9522,True,True,False,190,218
135028,undertow-io_undertow,HttpStringTestCase.testCompare,5,non-flaky,5,0.9525,5,0.9521,True,True,False,179,207
135029,undertow-io_undertow,HttpStringTestCase.testSerialization,5,non-flaky,5,0.9521,5,0.951,True,True,False,188,232
135030,undertow-io_undertow,DateUtilsTestCase.testParseFirefoxDate,5,non-flaky,5,0.9503,5,0.9496,True,True,False,198,262
135031,undertow-io_undertow,DateUtilsTestCase.testParseChromeDate,5,non-flaky,5,0.9504,5,0.9495,True,True,False,192,252
135032,undertow-io_undertow,DateUtilsTestCase.testParseIE9Date,5,non-flaky,5,0.9504,5,0.9496,True,True,False,205,265
135033,undertow-io_undertow,DateUtilsTestCase.testPerformance,5,non-flaky,5,0.9455,5,0.9455,True,True,False,302,396
135034,undertow-io_undertow,SubstringMapTestCase.testSubstringMap,5,non-flaky,5,0.9506,5,0.9504,True,True,False,512,512
135035,undertow-io_undertow,HeadersUtilsTestCase.testTokenExtraction,5,non-flaky,5,0.951,5,0.9516,True,True,False,76,92
135036,undertow-io_undertow,CanonicalPathUtilsTestCase.testCanonicalization,5,non-flaky,5,0.9528,5,0.9524,True,True,False,512,512
135037,undertow-io_undertow,CanonicalPathUtilsTestCase.testCanonicalizationBackslash,5,non-flaky,5,0.953,5,0.9527,True,True,False,512,512
135038,undertow-io_undertow,NetworkUtilsAddressParsingTestCase.testIpV4Address,5,non-flaky,5,0.9525,5,0.9521,True,True,False,397,465
135039,undertow-io_undertow,NetworkUtilsAddressParsingTestCase.testIpV4AddressWithLeadingZero,5,non-flaky,5,0.9504,5,0.9511,True,True,False,69,80
135040,undertow-io_undertow,NetworkUtilsAddressParsingTestCase.testIpV4AddressToSmall,5,non-flaky,5,0.9502,5,0.9511,True,True,False,65,76
135041,undertow-io_undertow,NetworkUtilsAddressParsingTestCase.testIpV4AddressToLarge,5,non-flaky,5,0.9504,5,0.9512,True,True,False,69,80
135042,undertow-io_undertow,NetworkUtilsAddressParsingTestCase.testIpV4AddressMultipleDots,5,non-flaky,5,0.95,5,0.9509,True,True,False,66,77
135043,undertow-io_undertow,NetworkUtilsAddressParsingTestCase.testIpV4AddressMultipleDots2,5,non-flaky,5,0.95,5,0.9508,True,True,False,69,80
135044,undertow-io_undertow,NetworkUtilsAddressParsingTestCase.testIpV4Hostname,5,non-flaky,5,0.9509,5,0.9516,True,True,False,60,71
135045,undertow-io_undertow,NetworkUtilsAddressParsingTestCase.testIpV4Hostname2,5,non-flaky,5,0.9502,5,0.9512,True,True,False,61,72
135046,undertow-io_undertow,NetworkUtilsAddressParsingTestCase.testIpV4AddressStartsWithDot,5,non-flaky,5,0.9504,5,0.9513,True,True,False,71,82
135047,undertow-io_undertow,NetworkUtilsAddressParsingTestCase.testIpv6Address,5,non-flaky,5,0.9519,5,0.9517,True,True,False,512,512
135048,undertow-io_undertow,NetworkUtilsAddressParsingTestCase.testIpV6AddressWithLeadingZero,5,non-flaky,5,0.9502,5,0.9511,True,True,False,81,92
135049,undertow-io_undertow,NetworkUtilsAddressParsingTestCase.testIpV6AddressToSmall,5,non-flaky,5,0.9502,5,0.9511,True,True,False,77,88
135050,undertow-io_undertow,NetworkUtilsAddressParsingTestCase.testIpV6AddressToLarge,5,non-flaky,5,0.9504,5,0.9511,True,True,False,81,92
135051,undertow-io_undertow,NetworkUtilsAddressParsingTestCase.testIpV6AddressMultipleColons,5,non-flaky,5,0.9503,5,0.9511,True,True,False,80,91
135052,undertow-io_undertow,NetworkUtilsAddressParsingTestCase.testIpV6AddressMultipleColons2,5,non-flaky,5,0.9502,5,0.951,True,True,False,67,78
135053,undertow-io_undertow,NetworkUtilsAddressParsingTestCase.testIpV6Hostname,5,non-flaky,5,0.951,5,0.9516,True,True,False,60,71
135054,undertow-io_undertow,NetworkUtilsAddressParsingTestCase.testIpV6Hostname2,5,non-flaky,5,0.9503,5,0.9512,True,True,False,61,72
135055,undertow-io_undertow,NetworkUtilsAddressParsingTestCase.testIpV6AddressStartsWithColon,5,non-flaky,5,0.9503,5,0.9514,True,True,False,83,94
135056,undertow-io_undertow,NodeStatusCodesTestCase.testCodeLookup,5,non-flaky,5,0.9509,5,0.9511,True,True,False,55,66
135057,undertow-io_undertow,ContentTypeParsingTestCase.testCharsetParsing,5,non-flaky,5,0.9532,5,0.9525,True,True,False,468,511
135058,undertow-io_undertow,PathMatcherTestCase.testSimplePrefixCase,5,non-flaky,5,0.952,5,0.9521,True,True,False,512,512
135059,undertow-io_undertow,PathMatcherTestCase.testSimpleMatchCase,5,non-flaky,5,0.9525,5,0.9517,True,True,False,459,512
135060,undertow-io_undertow,PathMatcherTestCase.testSimpleDefaultCase,5,non-flaky,5,0.9531,5,0.9525,True,True,False,260,323
135061,undertow-io_undertow,PathMatcherTestCase.testDefaultFallthrough,5,non-flaky,5,0.9524,5,0.9522,True,True,False,512,512
135062,undertow-io_undertow,URLUtilsTestCase.testDecodingWithEncodedAndDecodedSlashAndSlashDecodingDisabled,5,non-flaky,5,0.9527,5,0.9521,True,True,False,164,188
135063,undertow-io_undertow,URLUtilsTestCase.testDecodingURLMustNotMutateSpaceSymbolsCaseIfSpaceDecodingDisabled,5,non-flaky,5,0.9525,5,0.9517,True,True,False,125,149
135064,undertow-io_undertow,URLUtilsTestCase.testIsAbsoluteUrlRecognizingAbsolutUrls,5,non-flaky,5,0.9525,5,0.9525,True,True,False,139,158
135065,undertow-io_undertow,URLUtilsTestCase.testIsAbsoluteUrlRecognizingAppUrls,5,non-flaky,5,0.9514,5,0.952,True,True,False,112,127
135066,undertow-io_undertow,URLUtilsTestCase.testIsAbsoluteUrlRecognizingRelativeUrls,5,non-flaky,5,0.9522,5,0.9521,True,True,False,138,161
135067,undertow-io_undertow,URLUtilsTestCase.testIsAbsoluteUrlRecognizingEmptyOrNullAsRelative,5,non-flaky,5,0.9514,5,0.9519,True,True,False,79,94
135068,undertow-io_undertow,URLUtilsTestCase.testIsAbsoluteUrlIgnoresSyntaxErrorsAreNotAbsolute,5,non-flaky,5,0.9512,5,0.9517,True,True,False,58,69
135069,undertow-io_undertow,CookiesTestCase.testParsingSetCookieHeaderV0,5,non-flaky,5,0.9517,5,0.9509,True,True,False,391,469
135070,undertow-io_undertow,CookiesTestCase.testParsingSetCookieHeaderV1,5,non-flaky,5,0.9526,5,0.9517,True,True,False,325,385
135071,undertow-io_undertow,CookiesTestCase.testInvalidCookie,5,non-flaky,5,0.9527,5,0.9517,True,True,False,458,512
135072,undertow-io_undertow,CookiesTestCase.testRequestCookieDomainPathVersion,5,non-flaky,5,0.9528,5,0.952,True,True,False,332,393
135073,undertow-io_undertow,CookiesTestCase.testMultipleRequestCookies,5,non-flaky,5,0.9529,5,0.952,True,True,False,400,473
135074,undertow-io_undertow,CookiesTestCase.testEqualsInValueNotAllowed,5,non-flaky,5,0.9529,5,0.952,True,True,False,216,251
135075,undertow-io_undertow,CookiesTestCase.testEmptyCookieNames,5,non-flaky,5,0.9527,5,0.9523,True,True,False,277,324
135076,undertow-io_undertow,CookiesTestCase.testEqualsInValueAllowed,5,non-flaky,5,0.9525,5,0.9517,True,True,False,154,177
135077,undertow-io_undertow,CookiesTestCase.testEqualsInValueAllowedInQuotedValue,5,non-flaky,5,0.9528,5,0.952,True,True,False,247,286
135078,undertow-io_undertow,CookiesTestCase.testEqualsInValueNotAllowedInQuotedValue,5,non-flaky,5,0.9529,5,0.9521,True,True,False,248,287
135079,undertow-io_undertow,CookiesTestCase.testCommaSeparatedCookies,5,non-flaky,5,0.9527,5,0.9517,True,True,False,448,512
135080,undertow-io_undertow,CookiesTestCase.testSimpleJSONObjectInRequestCookies,5,non-flaky,5,0.9525,5,0.9515,True,True,False,489,512
162667,OpenAPITools_openapi-generator,StoreApiTest.deleteOrderTest,5,non-flaky,5,0.9517,5,0.9511,True,True,False,97,128
162668,OpenAPITools_openapi-generator,StoreApiTest.getInventoryTest,5,non-flaky,5,0.9522,5,0.9512,True,True,False,96,123
162669,OpenAPITools_openapi-generator,StoreApiTest.getOrderByIdTest,5,non-flaky,5,0.9522,5,0.9514,True,True,False,108,139
162670,OpenAPITools_openapi-generator,StoreApiTest.placeOrderTest,5,non-flaky,5,0.9521,5,0.9511,True,True,False,104,135
162671,OpenAPITools_openapi-generator,PetApiTest.addPetTest,5,non-flaky,5,0.9517,5,0.9511,True,True,False,95,126
162672,OpenAPITools_openapi-generator,PetApiTest.deletePetTest,5,non-flaky,5,0.9516,5,0.951,True,True,False,114,149
162673,OpenAPITools_openapi-generator,PetApiTest.findPetsByStatusTest,5,non-flaky,5,0.952,5,0.9513,True,True,False,116,147
162674,OpenAPITools_openapi-generator,PetApiTest.findPetsByTagsTest,5,non-flaky,5,0.952,5,0.9514,True,True,False,116,147
162675,OpenAPITools_openapi-generator,PetApiTest.getPetByIdTest,5,non-flaky,5,0.9522,5,0.9514,True,True,False,108,139
162676,OpenAPITools_openapi-generator,PetApiTest.updatePetTest,5,non-flaky,5,0.9518,5,0.9512,True,True,False,95,126
162677,OpenAPITools_openapi-generator,PetApiTest.updatePetWithFormTest,5,non-flaky,5,0.9521,5,0.951,True,True,False,131,170
162678,OpenAPITools_openapi-generator,PetApiTest.uploadFileTest,5,non-flaky,5,0.9521,5,0.9514,True,True,False,161,200
162679,OpenAPITools_openapi-generator,UserApiTest.createUserTest,5,non-flaky,5,0.9517,5,0.9511,True,True,False,95,126
162680,OpenAPITools_openapi-generator,UserApiTest.createUsersWithArrayInputTest,5,non-flaky,5,0.952,5,0.951,True,True,False,104,135
162681,OpenAPITools_openapi-generator,UserApiTest.createUsersWithListInputTest,5,non-flaky,5,0.9519,5,0.9509,True,True,False,104,135
162682,OpenAPITools_openapi-generator,UserApiTest.deleteUserTest,5,non-flaky,5,0.9518,5,0.9512,True,True,False,95,126
162683,OpenAPITools_openapi-generator,UserApiTest.getUserByNameTest,5,non-flaky,5,0.9521,5,0.9514,True,True,False,108,139
162684,OpenAPITools_openapi-generator,UserApiTest.loginUserTest,5,non-flaky,5,0.952,5,0.9511,True,True,False,119,154
162685,OpenAPITools_openapi-generator,UserApiTest.logoutUserTest,5,non-flaky,5,0.9519,5,0.9513,True,True,False,82,109
162686,OpenAPITools_openapi-generator,UserApiTest.updateUserTest,5,non-flaky,5,0.952,5,0.9512,True,True,False,110,145
162687,OpenAPITools_openapi-generator,TypeHolderDefaultTest.testTypeHolderDefault,5,non-flaky,5,0.9508,5,0.9513,True,True,False,43,54
162688,OpenAPITools_openapi-generator,TypeHolderDefaultTest.stringItemTest,5,non-flaky,5,0.9506,5,0.9507,True,True,False,39,50
162689,OpenAPITools_openapi-generator,TypeHolderDefaultTest.numberItemTest,5,non-flaky,5,0.9506,5,0.9508,True,True,False,39,50
162690,OpenAPITools_openapi-generator,TypeHolderDefaultTest.integerItemTest,5,non-flaky,5,0.9506,5,0.9509,True,True,False,39,50
162691,OpenAPITools_openapi-generator,TypeHolderDefaultTest.boolItemTest,5,non-flaky,5,0.9504,5,0.9508,True,True,False,39,50
162692,OpenAPITools_openapi-generator,TypeHolderDefaultTest.arrayItemTest,5,non-flaky,5,0.9507,5,0.9508,True,True,False,39,50
162693,OpenAPITools_openapi-generator,OuterEnumTest.testOuterEnum,5,non-flaky,5,0.9508,5,0.9514,True,True,False,42,53
162694,OpenAPITools_openapi-generator,ClassModelTest.testClassModel,5,non-flaky,5,0.9506,5,0.9509,True,True,False,39,50
162695,OpenAPITools_openapi-generator,ClassModelTest.propertyClassTest,5,non-flaky,5,0.9509,5,0.951,True,True,False,39,50
162696,OpenAPITools_openapi-generator,ArrayTestTest.testArrayTest,5,non-flaky,5,0.9505,5,0.9508,True,True,False,39,50
162697,OpenAPITools_openapi-generator,ArrayTestTest.arrayOfStringTest,5,non-flaky,5,0.9511,5,0.9515,True,True,False,41,52
162698,OpenAPITools_openapi-generator,ArrayTestTest.arrayArrayOfIntegerTest,5,non-flaky,5,0.9512,5,0.9517,True,True,False,43,54
162699,OpenAPITools_openapi-generator,ArrayTestTest.arrayArrayOfModelTest,5,non-flaky,5,0.951,5,0.9516,True,True,False,43,54
162700,OpenAPITools_openapi-generator,CatTest.testCat,5,non-flaky,5,0.9507,5,0.9509,True,True,False,37,48
162701,OpenAPITools_openapi-generator,CatTest.classNameTest,5,non-flaky,5,0.9509,5,0.9509,True,True,False,39,50
162702,OpenAPITools_openapi-generator,CatTest.colorTest,5,non-flaky,5,0.9508,5,0.951,True,True,False,37,48
162703,OpenAPITools_openapi-generator,CatTest.declawedTest,5,non-flaky,5,0.9508,5,0.951,True,True,False,39,50
162704,OpenAPITools_openapi-generator,XmlItemTest.testXmlItem,5,non-flaky,5,0.9499,5,0.9505,True,True,False,41,52
162705,OpenAPITools_openapi-generator,XmlItemTest.attributeStringTest,5,non-flaky,5,0.9506,5,0.9509,True,True,False,39,50
162706,OpenAPITools_openapi-generator,XmlItemTest.attributeNumberTest,5,non-flaky,5,0.9507,5,0.951,True,True,False,39,50
162707,OpenAPITools_openapi-generator,XmlItemTest.attributeIntegerTest,5,non-flaky,5,0.9505,5,0.9509,True,True,False,39,50
162708,OpenAPITools_openapi-generator,XmlItemTest.attributeBooleanTest,5,non-flaky,5,0.9509,5,0.9511,True,True,False,41,52
162709,OpenAPITools_openapi-generator,XmlItemTest.wrappedArrayTest,5,non-flaky,5,0.9508,5,0.9508,True,True,False,39,50
162710,OpenAPITools_openapi-generator,XmlItemTest.nameStringTest,5,non-flaky,5,0.9508,5,0.9509,True,True,False,39,50
162711,OpenAPITools_openapi-generator,XmlItemTest.nameNumberTest,5,non-flaky,5,0.9509,5,0.951,True,True,False,39,50
162712,OpenAPITools_openapi-generator,XmlItemTest.nameIntegerTest,5,non-flaky,5,0.9504,5,0.9506,True,True,False,39,50
162713,OpenAPITools_openapi-generator,XmlItemTest.nameBooleanTest,5,non-flaky,5,0.9503,5,0.9508,True,True,False,41,52
162714,OpenAPITools_openapi-generator,XmlItemTest.nameArrayTest,5,non-flaky,5,0.9506,5,0.9508,True,True,False,39,50
162715,OpenAPITools_openapi-generator,XmlItemTest.nameWrappedArrayTest,5,non-flaky,5,0.9505,5,0.9508,True,True,False,43,54
162716,OpenAPITools_openapi-generator,XmlItemTest.prefixStringTest,5,non-flaky,5,0.9505,5,0.9507,True,True,False,39,50
162717,OpenAPITools_openapi-generator,XmlItemTest.prefixNumberTest,5,non-flaky,5,0.9505,5,0.9507,True,True,False,39,50
162718,OpenAPITools_openapi-generator,XmlItemTest.prefixIntegerTest,5,non-flaky,5,0.9502,5,0.9505,True,True,False,39,50
162719,OpenAPITools_openapi-generator,XmlItemTest.prefixBooleanTest,5,non-flaky,5,0.9505,5,0.9508,True,True,False,41,52
162720,OpenAPITools_openapi-generator,XmlItemTest.prefixArrayTest,5,non-flaky,5,0.9503,5,0.9505,True,True,False,39,50
162721,OpenAPITools_openapi-generator,XmlItemTest.prefixWrappedArrayTest,5,non-flaky,5,0.9505,5,0.9508,True,True,False,43,54
162722,OpenAPITools_openapi-generator,XmlItemTest.namespaceStringTest,5,non-flaky,5,0.9503,5,0.9505,True,True,False,39,50
162723,OpenAPITools_openapi-generator,XmlItemTest.namespaceNumberTest,5,non-flaky,5,0.9506,5,0.9508,True,True,False,39,50
162724,OpenAPITools_openapi-generator,XmlItemTest.namespaceIntegerTest,5,non-flaky,5,0.95,5,0.9502,True,True,False,39,50
162725,OpenAPITools_openapi-generator,XmlItemTest.namespaceBooleanTest,5,non-flaky,5,0.9503,5,0.9506,True,True,False,41,52
162726,OpenAPITools_openapi-generator,XmlItemTest.namespaceArrayTest,5,non-flaky,5,0.9504,5,0.9506,True,True,False,39,50
162727,OpenAPITools_openapi-generator,XmlItemTest.namespaceWrappedArrayTest,5,non-flaky,5,0.9504,5,0.9507,True,True,False,43,54
162728,OpenAPITools_openapi-generator,XmlItemTest.prefixNamespaceStringTest,5,non-flaky,5,0.9499,5,0.9507,True,True,False,43,54
162729,OpenAPITools_openapi-generator,XmlItemTest.prefixNamespaceNumberTest,5,non-flaky,5,0.9499,5,0.9507,True,True,False,43,54
162730,OpenAPITools_openapi-generator,XmlItemTest.prefixNamespaceIntegerTest,5,non-flaky,5,0.9494,5,0.9503,True,True,False,43,54
162731,OpenAPITools_openapi-generator,XmlItemTest.prefixNamespaceBooleanTest,5,non-flaky,5,0.9494,5,0.9501,True,True,False,45,56
162732,OpenAPITools_openapi-generator,XmlItemTest.prefixNamespaceArrayTest,5,non-flaky,5,0.9497,5,0.9505,True,True,False,43,54
162733,OpenAPITools_openapi-generator,XmlItemTest.prefixNamespaceWrappedArrayTest,5,non-flaky,5,0.9492,5,0.9501,True,True,False,47,58
162734,OpenAPITools_openapi-generator,OuterCompositeTest.testOuterComposite,5,non-flaky,5,0.9507,5,0.951,True,True,False,44,55
162735,OpenAPITools_openapi-generator,OuterCompositeTest.myNumberTest,5,non-flaky,5,0.9504,5,0.9508,True,True,False,39,50
162736,OpenAPITools_openapi-generator,OuterCompositeTest.myStringTest,5,non-flaky,5,0.9504,5,0.9508,True,True,False,39,50
162737,OpenAPITools_openapi-generator,OuterCompositeTest.myBooleanTest,5,non-flaky,5,0.9505,5,0.9511,True,True,False,41,52
162738,OpenAPITools_openapi-generator,ModelApiResponseTest.testModelApiResponse,5,non-flaky,5,0.9506,5,0.9512,True,True,False,43,54
162739,OpenAPITools_openapi-generator,ModelApiResponseTest.codeTest,5,non-flaky,5,0.95,5,0.9502,True,True,False,37,48
162740,OpenAPITools_openapi-generator,ModelApiResponseTest.typeTest,5,non-flaky,5,0.9508,5,0.9509,True,True,False,37,48
162741,OpenAPITools_openapi-generator,ModelApiResponseTest.messageTest,5,non-flaky,5,0.9501,5,0.9502,True,True,False,37,48
162742,OpenAPITools_openapi-generator,CategoryTest.testCategory,5,non-flaky,5,0.9507,5,0.9508,True,True,False,37,48
162743,OpenAPITools_openapi-generator,CategoryTest.idTest,5,non-flaky,5,0.9505,5,0.9507,True,True,False,37,48
162744,OpenAPITools_openapi-generator,CategoryTest.nameTest,5,non-flaky,5,0.9503,5,0.9506,True,True,False,37,48
162745,OpenAPITools_openapi-generator,NameTest.testName,5,non-flaky,5,0.9506,5,0.9506,True,True,False,37,48
162746,OpenAPITools_openapi-generator,NameTest.nameTest,5,non-flaky,5,0.9503,5,0.9506,True,True,False,37,48
162747,OpenAPITools_openapi-generator,NameTest.snakeCaseTest,5,non-flaky,5,0.9509,5,0.9509,True,True,False,39,50
162748,OpenAPITools_openapi-generator,NameTest.propertyTest,5,non-flaky,5,0.9507,5,0.9508,True,True,False,37,48
162749,OpenAPITools_openapi-generator,NameTest._123numberTest,5,non-flaky,5,0.9506,5,0.951,True,True,False,41,52
162750,OpenAPITools_openapi-generator,AdditionalPropertiesBooleanTest.testAdditionalPropertiesBoolean,5,non-flaky,5,0.9509,5,0.9513,True,True,False,45,56
162751,OpenAPITools_openapi-generator,AdditionalPropertiesBooleanTest.nameTest,5,non-flaky,5,0.9503,5,0.9506,True,True,False,37,48
162752,OpenAPITools_openapi-generator,CatAllOfTest.testCatAllOf,5,non-flaky,5,0.9511,5,0.9514,True,True,False,41,52
162753,OpenAPITools_openapi-generator,CatAllOfTest.declawedTest,5,non-flaky,5,0.9508,5,0.951,True,True,False,39,50
162754,OpenAPITools_openapi-generator,FileSchemaTestClassTest.testFileSchemaTestClass,5,non-flaky,5,0.9502,5,0.9508,True,True,False,45,56
162755,OpenAPITools_openapi-generator,FileSchemaTestClassTest.fileTest,5,non-flaky,5,0.9505,5,0.9506,True,True,False,37,48
162756,OpenAPITools_openapi-generator,FileSchemaTestClassTest.filesTest,5,non-flaky,5,0.9506,5,0.9508,True,True,False,37,48
162757,OpenAPITools_openapi-generator,AdditionalPropertiesIntegerTest.testAdditionalPropertiesInteger,5,non-flaky,5,0.9508,5,0.9513,True,True,False,43,54
162758,OpenAPITools_openapi-generator,AdditionalPropertiesIntegerTest.nameTest,5,non-flaky,5,0.9503,5,0.9506,True,True,False,37,48
162759,OpenAPITools_openapi-generator,AdditionalPropertiesObjectTest.testAdditionalPropertiesObject,5,non-flaky,5,0.9505,5,0.9511,True,True,False,43,54
162760,OpenAPITools_openapi-generator,AdditionalPropertiesObjectTest.nameTest,5,non-flaky,5,0.9503,5,0.9506,True,True,False,37,48
162761,OpenAPITools_openapi-generator,ReadOnlyFirstTest.testReadOnlyFirst,5,non-flaky,5,0.9511,5,0.9513,True,True,False,41,52
162762,OpenAPITools_openapi-generator,ReadOnlyFirstTest.barTest,5,non-flaky,5,0.9505,5,0.9505,True,True,False,37,48
162763,OpenAPITools_openapi-generator,ReadOnlyFirstTest.bazTest,5,non-flaky,5,0.9509,5,0.951,True,True,False,39,50
162764,OpenAPITools_openapi-generator,EnumTestTest.testEnumTest,5,non-flaky,5,0.9508,5,0.9512,True,True,False,41,52
162765,OpenAPITools_openapi-generator,EnumTestTest.enumStringTest,5,non-flaky,5,0.9506,5,0.9509,True,True,False,39,50
162766,OpenAPITools_openapi-generator,EnumTestTest.enumStringRequiredTest,5,non-flaky,5,0.9508,5,0.9511,True,True,False,41,52
175737,GoogleCloudPlatform_google-cloud-eclipse,MultipleConnectionsTest.testDefaultSettings,5,non-flaky,5,0.9481,5,0.9522,True,True,False,99,122
175738,GoogleCloudPlatform_google-cloud-eclipse,MultipleConnectionsTest.testDefaultBehaviour,5,non-flaky,5,0.9493,5,0.9505,True,True,False,125,165
175739,GoogleCloudPlatform_google-cloud-eclipse,MultipleConnectionsTest.testSingleConnectionBehaviour,5,non-flaky,5,0.9496,5,0.9503,True,True,False,140,184
175740,GoogleCloudPlatform_google-cloud-eclipse,MultipleConnectionsTest.testTwoConnectionsBehaviour,5,non-flaky,5,0.9493,5,0.9503,True,True,False,141,185
175741,GoogleCloudPlatform_google-cloud-eclipse,MultipleConnectionsTest.testUnlimitedConnectionsBehaviour,5,non-flaky,5,0.9497,5,0.9502,True,True,False,155,203
175742,GoogleCloudPlatform_google-cloud-eclipse,MessagesTest.testCloudSdkNotConfigured,5,non-flaky,5,0.9491,5,0.9513,True,True,False,51,62
175743,GoogleCloudPlatform_google-cloud-eclipse,MessagesTest.testSpecifyVersionTooltip,5,non-flaky,5,0.9523,5,0.952,True,True,False,96,119
175744,GoogleCloudPlatform_google-cloud-eclipse,AppEngineDeployPreferencesPanelTest.testAutoSelectSingleAccount,5,non-flaky,5,0.9524,5,0.9517,True,True,False,176,225
175745,GoogleCloudPlatform_google-cloud-eclipse,AppEngineDeployPreferencesPanelTest.testAutoSelectSingleAccount_loadGcpProjects,5,non-flaky,5,0.9515,5,0.9514,True,True,False,160,204
175746,GoogleCloudPlatform_google-cloud-eclipse,AppEngineDeployPreferencesPanelTest.testValidationMessageWhenNotSignedIn,5,non-flaky,5,0.9491,5,0.9516,True,True,False,76,95
175747,GoogleCloudPlatform_google-cloud-eclipse,AppEngineDeployPreferencesPanelTest.testValidationMessageWhenSignedIn,5,non-flaky,5,0.9509,5,0.9517,True,True,False,117,149
175748,GoogleCloudPlatform_google-cloud-eclipse,AppEngineDeployPreferencesPanelTest.testUncheckStopPreviousVersionButtonWhenDisabled,5,non-flaky,5,0.9514,5,0.9507,True,True,False,429,512
175749,GoogleCloudPlatform_google-cloud-eclipse,AppEngineDeployPreferencesPanelTest.testProjectSavedInPreferencesSelected,5,non-flaky,5,0.9523,5,0.9512,True,True,False,317,397
175750,GoogleCloudPlatform_google-cloud-eclipse,AppEngineDeployPreferencesPanelTest.testProjectNotSelectedIsAnErrorWhenRequireValuesIsTrue,5,non-flaky,5,0.9457,5,0.9507,True,True,False,71,86
175751,GoogleCloudPlatform_google-cloud-eclipse,AppEngineDeployPreferencesPanelTest.testProjectNotSelectedIsNotAnErrorWhenRequireValuesIsFalse,5,non-flaky,5,0.9454,5,0.9506,True,True,False,72,87
175752,GoogleCloudPlatform_google-cloud-eclipse,AppEngineDeployPreferencesPanelTest.testProjectsExistThenNoProjectNotFoundError,5,non-flaky,5,0.9511,5,0.9513,True,True,False,139,174
175753,GoogleCloudPlatform_google-cloud-eclipse,AppEngineDeployPreferencesPanelTest.testRefreshProjectsForSelectedCredential,5,non-flaky,5,0.9524,5,0.9516,True,True,False,274,343
175754,GoogleCloudPlatform_google-cloud-eclipse,AppEngineDeployPreferencesPanelTest.testRefreshProjectsForSelectedCredential_switchAccounts,5,non-flaky,5,0.952,5,0.9513,True,True,False,308,394
175755,GoogleCloudPlatform_google-cloud-eclipse,AppEngineDeployPreferencesPanelTest.testNoProjectSelectedWhenSwitchingAccounts,5,non-flaky,5,0.9525,5,0.951,True,True,False,245,328
175756,GoogleCloudPlatform_google-cloud-eclipse,PluginXmlTest.testLimitedVisibility,5,non-flaky,5,0.9531,5,0.9522,True,True,False,339,424
175757,GoogleCloudPlatform_google-cloud-eclipse,GcpProjectQueryJobTest.testNullCredential,5,non-flaky,5,0.9495,5,0.9507,True,True,False,72,87
175758,GoogleCloudPlatform_google-cloud-eclipse,GcpProjectQueryJobTest.testRun_setsProjects,5,non-flaky,5,0.9511,5,0.9513,True,True,False,113,149
175759,GoogleCloudPlatform_google-cloud-eclipse,GcpProjectQueryJobTest.testRun_abandonIfDisposed,5,non-flaky,5,0.9506,5,0.9511,True,True,False,108,145
175760,GoogleCloudPlatform_google-cloud-eclipse,GcpProjectQueryJobTest.testRun_abandonIfNotLatestJob,5,non-flaky,5,0.9516,5,0.9511,True,True,False,116,157
175761,GoogleCloudPlatform_google-cloud-eclipse,GcpProjectQueryJobTest.testRun_abandonStaleJob,5,non-flaky,5,0.952,5,0.951,True,True,False,374,487
175762,GoogleCloudPlatform_google-cloud-eclipse,BlankDeployPreferencesPanelTest.testGetHelpContextId,5,non-flaky,5,0.9443,5,0.95,True,True,False,47,58
175763,GoogleCloudPlatform_google-cloud-eclipse,DeployPropertyPageTest.testCorrectPanelIsShownForFacetedProject,5,non-flaky,5,0.9522,5,0.9512,True,True,False,310,389
175764,GoogleCloudPlatform_google-cloud-eclipse,StandardDeployPreferencesPanelTest.testGetHelpContextId,5,non-flaky,5,0.9516,5,0.9517,True,True,False,179,223
175765,GoogleCloudPlatform_google-cloud-eclipse,FlexDeployPreferencesPanelTest.testGetHelpContextId,5,non-flaky,5,0.9502,5,0.9512,True,True,False,99,127
175766,GoogleCloudPlatform_google-cloud-eclipse,FlexDeployPreferencesPanelTest.testDefaultAppYamlPathSet,5,non-flaky,5,0.9504,5,0.9514,True,True,False,109,137
175767,GoogleCloudPlatform_google-cloud-eclipse,FlexDeployPreferencesPanelTest.testAppYamlPathValidation_nonExistingAppYaml,5,non-flaky,5,0.9497,5,0.9513,True,True,False,109,137
175768,GoogleCloudPlatform_google-cloud-eclipse,FlexDeployPreferencesPanelTest.testAppYamlPathValidation_noValidationIfRequireValuesIsFalse,5,non-flaky,5,0.9496,5,0.9514,True,True,False,109,137
175769,GoogleCloudPlatform_google-cloud-eclipse,FlexDeployPreferencesPanelTest.testAppYamlPathValidation_absolutePathWorks,5,non-flaky,5,0.9507,5,0.9511,True,True,False,145,186
175770,GoogleCloudPlatform_google-cloud-eclipse,FlexDeployPreferencesDialogTest.testFlexPricingLabel,5,non-flaky,5,0.9487,5,0.9512,True,True,False,88,116
175771,GoogleCloudPlatform_google-cloud-eclipse,AppYamlValidatorTest.testContructor_nonAbsoluteBasePath,5,non-flaky,5,0.9515,5,0.9517,True,True,False,134,169
175772,GoogleCloudPlatform_google-cloud-eclipse,AppYamlValidatorTest.testValidate_relativePathAndNoAppYaml,5,non-flaky,5,0.9482,5,0.9517,True,True,False,109,137
175773,GoogleCloudPlatform_google-cloud-eclipse,AppYamlValidatorTest.testValidate_absolutePathAndNoAppYaml,5,non-flaky,5,0.9499,5,0.9517,True,True,False,124,156
175774,GoogleCloudPlatform_google-cloud-eclipse,AppYamlValidatorTest.testValidate_relativePathAndInvalidFileName,5,non-flaky,5,0.9513,5,0.952,True,True,False,151,187
175775,GoogleCloudPlatform_google-cloud-eclipse,AppYamlValidatorTest.testValidate_absolutePathInvalidFileName,5,non-flaky,5,0.9514,5,0.9518,True,True,False,165,205
175776,GoogleCloudPlatform_google-cloud-eclipse,AppYamlValidatorTest.testValidate_relativePathNotFile,5,non-flaky,5,0.9511,5,0.952,True,True,False,138,174
175777,GoogleCloudPlatform_google-cloud-eclipse,AppYamlValidatorTest.testValidate_absolutePathNotFile,5,non-flaky,5,0.9517,5,0.9519,True,True,False,153,198
175778,GoogleCloudPlatform_google-cloud-eclipse,AppYamlValidatorTest.testValidate_relativePathWithAppYaml,5,non-flaky,5,0.9483,5,0.9514,True,True,False,105,133
175779,GoogleCloudPlatform_google-cloud-eclipse,AppYamlValidatorTest.testValidate_absolutePathWithAppYaml,5,non-flaky,5,0.9509,5,0.9516,True,True,False,125,157
175780,GoogleCloudPlatform_google-cloud-eclipse,AppYamlValidatorTest.testValidateRuntime_javaRuntime,5,non-flaky,5,0.9503,5,0.9516,True,True,False,88,107
175781,GoogleCloudPlatform_google-cloud-eclipse,AppYamlValidatorTest.testValidateRuntime_malformedAppYaml,5,non-flaky,5,0.9498,5,0.9517,True,True,False,128,151
175782,GoogleCloudPlatform_google-cloud-eclipse,AppYamlValidatorTest.testValidateRuntime_noRuntime,5,non-flaky,5,0.9504,5,0.9519,True,True,False,125,148
175783,GoogleCloudPlatform_google-cloud-eclipse,AppYamlValidatorTest.testValidateRuntime_nullRuntime,5,non-flaky,5,0.9501,5,0.952,True,True,False,124,147
175784,GoogleCloudPlatform_google-cloud-eclipse,AppYamlValidatorTest.testValidateRuntime_notJavaRuntime,5,non-flaky,5,0.9509,5,0.9519,True,True,False,126,149
175785,GoogleCloudPlatform_google-cloud-eclipse,AppYamlValidatorTest.testValidateRuntime_customRuntime,5,non-flaky,5,0.9511,5,0.9518,True,True,False,132,159
175786,GoogleCloudPlatform_google-cloud-eclipse,AppYamlValidatorTest.testValidateRuntime_ioException,5,non-flaky,5,0.9487,5,0.9516,True,True,False,109,132
175787,GoogleCloudPlatform_google-cloud-eclipse,AppEngineApplicationQueryJobTest.testRun_projectHasNoApplication,5,non-flaky,5,0.9519,5,0.9511,True,True,False,249,319
175788,GoogleCloudPlatform_google-cloud-eclipse,AppEngineApplicationQueryJobTest.testRun_projectHasApplication,5,non-flaky,5,0.952,5,0.9513,True,True,False,179,237
175789,GoogleCloudPlatform_google-cloud-eclipse,AppEngineApplicationQueryJobTest.testRun_queryError,5,non-flaky,5,0.9503,5,0.9508,True,True,False,168,222
175790,GoogleCloudPlatform_google-cloud-eclipse,AppEngineApplicationQueryJobTest.testRun_abandonIfDisposed,5,non-flaky,5,0.9512,5,0.9511,True,True,False,156,201
175791,GoogleCloudPlatform_google-cloud-eclipse,AppEngineApplicationQueryJobTest.testRun_abandonIfNotLatestJob,5,non-flaky,5,0.9519,5,0.9513,True,True,False,166,215
175792,GoogleCloudPlatform_google-cloud-eclipse,AppEngineApplicationQueryJobTest.testRun_abandonIfProjectSelectorHasNoSelection,5,non-flaky,5,0.9514,5,0.9513,True,True,False,168,217
175793,GoogleCloudPlatform_google-cloud-eclipse,AppEngineApplicationQueryJobTest.testRun_abandonStaleJob,5,non-flaky,5,0.9513,5,0.9511,True,True,False,501,512
175794,GoogleCloudPlatform_google-cloud-eclipse,RelativeFileFieldSetterTest.testConstructor_nonAbsoluteBasePath,5,non-flaky,5,0.9496,5,0.9509,True,True,False,81,104
175795,GoogleCloudPlatform_google-cloud-eclipse,RelativeFileFieldSetterTest.testFileDialogCanceled,5,non-flaky,5,0.9507,5,0.9519,True,True,False,99,127
175796,GoogleCloudPlatform_google-cloud-eclipse,RelativeFileFieldSetterTest.testSetField,5,non-flaky,5,0.9501,5,0.9516,True,True,False,106,134
175797,GoogleCloudPlatform_google-cloud-eclipse,RelativeFileFieldSetterTest.testSetField_userSuppliesPathOutsideBase,5,non-flaky,5,0.949,5,0.9514,True,True,False,121,149
175798,GoogleCloudPlatform_google-cloud-eclipse,RelativeFileFieldSetterTest.testFileDialogFilterSet_relativePathInField,5,non-flaky,5,0.9509,5,0.9512,True,True,False,188,237
175799,GoogleCloudPlatform_google-cloud-eclipse,RelativeFileFieldSetterTest.testFileDialogFilterSet_absolutePathInField,5,non-flaky,5,0.9509,5,0.9513,True,True,False,192,241
175800,GoogleCloudPlatform_google-cloud-eclipse,ProjectSelectorSelectionChangedListenerTest.testSelectionChanged_emptySelection,5,non-flaky,5,0.9489,5,0.9514,True,True,False,70,89
175801,GoogleCloudPlatform_google-cloud-eclipse,ProjectSelectorSelectionChangedListenerTest.testSelectionChanged_repositoryException,5,non-flaky,5,0.9488,5,0.9507,True,True,False,178,222
175802,GoogleCloudPlatform_google-cloud-eclipse,ProjectSelectorSelectionChangedListenerTest.testSelectionChanged_noAppEngineApplication,5,non-flaky,5,0.9488,5,0.9509,True,True,False,185,229
175803,GoogleCloudPlatform_google-cloud-eclipse,ProjectSelectorSelectionChangedListenerTest.testSelectionChanged_hasAppEngineApplication,5,non-flaky,5,0.9507,5,0.951,True,True,False,136,176
175804,GoogleCloudPlatform_google-cloud-eclipse,ProjectSelectorSelectionChangedListenerTest.testSelectionChanged_doNotRunQueryJobIfCached,5,non-flaky,5,0.9494,5,0.9511,True,True,False,161,201
175805,GoogleCloudPlatform_google-cloud-eclipse,ProjectSelectorSelectionChangedListenerTest.testSelectionChanged_whenCachedResultIsNoAppEngineApplication,5,non-flaky,5,0.9486,5,0.9513,True,True,False,197,241
175806,GoogleCloudPlatform_google-cloud-eclipse,ProjectSelectorSelectionChangedListenerTest.testSelectionChanged_changeSelectedProject,5,non-flaky,5,0.9503,5,0.9504,True,True,False,387,495
175807,GoogleCloudPlatform_google-cloud-eclipse,MessagesTest.testUrlOpenErrorDialogTitle,5,non-flaky,5,0.9435,5,0.9493,True,True,False,47,58
175808,GoogleCloudPlatform_google-cloud-eclipse,MessagesTest.testUrlOpenErrorDialogMessage,5,non-flaky,5,0.9443,5,0.9495,True,True,False,50,61
175809,GoogleCloudPlatform_google-cloud-eclipse,MessagesTest.testInvalidUrlErrorMessage,5,non-flaky,5,0.9512,5,0.9517,True,True,False,68,83
175810,GoogleCloudPlatform_google-cloud-eclipse,SharedImagesTest.testCreateRefreshIcon,5,non-flaky,5,0.9466,5,0.9503,True,True,False,52,63
175811,GoogleCloudPlatform_google-cloud-eclipse,PluginXmlTest.testExtensionPoint,5,non-flaky,5,0.9531,5,0.952,True,True,False,238,294
175812,GoogleCloudPlatform_google-cloud-eclipse,FontUtilTest.testConvertFontToBold,5,non-flaky,5,0.9516,5,0.9519,True,True,False,163,202
175813,GoogleCloudPlatform_google-cloud-eclipse,FontUtilTest.testConvertFontToItalic,5,non-flaky,5,0.9516,5,0.9518,True,True,False,165,204
175814,GoogleCloudPlatform_google-cloud-eclipse,OpenUriSelectionListenerTest.testWidgetSelected_InvalidURI,5,non-flaky,5,0.9442,5,0.9506,True,True,False,116,144
175815,GoogleCloudPlatform_google-cloud-eclipse,OpenUriSelectionListenerTest.testWidgetDefaultSelected_InvalidURI,5,non-flaky,5,0.9439,5,0.9506,True,True,False,118,146
175816,GoogleCloudPlatform_google-cloud-eclipse,OpenUriSelectionListenerTest.testWidgetSelected_MalformedURL,5,non-flaky,5,0.9446,5,0.9506,True,True,False,118,146
175817,GoogleCloudPlatform_google-cloud-eclipse,OpenUriSelectionListenerTest.testWidgetDefaultSelected_MalformedURL,5,non-flaky,5,0.9442,5,0.9507,True,True,False,120,148
175818,GoogleCloudPlatform_google-cloud-eclipse,OpenUriSelectionListenerTest.testWidgetSelected_errorInvokingBrowser,5,non-flaky,5,0.9436,5,0.9498,True,True,False,148,180
175819,GoogleCloudPlatform_google-cloud-eclipse,OpenUriSelectionListenerTest.testWidgetDefaultSelected_errorInvokingBrowser,5,non-flaky,5,0.9453,5,0.9499,True,True,False,157,193
175820,GoogleCloudPlatform_google-cloud-eclipse,OpenUriSelectionListenerTest.testWidgetSelected_successful,5,non-flaky,5,0.9486,5,0.9512,True,True,False,170,202
175821,GoogleCloudPlatform_google-cloud-eclipse,OpenUriSelectionListenerTest.testWidgetDefaultSelected_successful,5,non-flaky,5,0.949,5,0.9511,True,True,False,179,215
175822,GoogleCloudPlatform_google-cloud-eclipse,BooleanConverterTest.testNegate,5,non-flaky,5,0.9519,5,0.9522,True,True,False,72,87
175823,GoogleCloudPlatform_google-cloud-eclipse,BucketNameValidatorTest.testValidation_nonStringInput,5,non-flaky,5,0.9491,5,0.9514,True,True,False,79,98
175824,GoogleCloudPlatform_google-cloud-eclipse,BucketNameValidatorTest.testValidation_emptyString,5,non-flaky,5,0.946,5,0.9501,True,True,False,47,58
175825,GoogleCloudPlatform_google-cloud-eclipse,BucketNameValidatorTest.testValidation_upperCaseLetter,5,non-flaky,5,0.9413,5,0.9491,True,True,False,104,123
175826,GoogleCloudPlatform_google-cloud-eclipse,BucketNameValidatorTest.testValidation_startWithDot,5,non-flaky,5,0.9448,5,0.9496,True,True,False,52,63
175827,GoogleCloudPlatform_google-cloud-eclipse,BucketNameValidatorTest.testValidation_endWithDot,5,non-flaky,5,0.9436,5,0.9492,True,True,False,52,63
175828,GoogleCloudPlatform_google-cloud-eclipse,BucketNameValidatorTest.testValidation_startWithHyphen,5,non-flaky,5,0.9445,5,0.9495,True,True,False,52,63
175829,GoogleCloudPlatform_google-cloud-eclipse,BucketNameValidatorTest.testValidation_endWithHyphen,5,non-flaky,5,0.9442,5,0.9495,True,True,False,52,63
175830,GoogleCloudPlatform_google-cloud-eclipse,BucketNameValidatorTest.testValidation_startWithUnderscore,5,non-flaky,5,0.9427,5,0.9488,True,True,False,53,64
175831,GoogleCloudPlatform_google-cloud-eclipse,BucketNameValidatorTest.testValidation_endWithUnderscore,5,non-flaky,5,0.9427,5,0.9487,True,True,False,53,64
175832,GoogleCloudPlatform_google-cloud-eclipse,BucketNameValidatorTest.testValidation_maxLengthWithoutDot,5,non-flaky,5,0.9466,5,0.9504,True,True,False,54,65
175833,GoogleCloudPlatform_google-cloud-eclipse,BucketNameValidatorTest.testValidation_tooLongNameWithoutDot,5,non-flaky,5,0.943,5,0.9497,True,True,False,58,69
175834,GoogleCloudPlatform_google-cloud-eclipse,BucketNameValidatorTest.testValidation_validNameWithDot,5,non-flaky,5,0.9472,5,0.9505,True,True,False,60,71
175835,GoogleCloudPlatform_google-cloud-eclipse,BucketNameValidatorTest.testValidation_tooLongNameWithDot,5,non-flaky,5,0.9422,5,0.9497,True,True,False,58,69
175836,GoogleCloudPlatform_google-cloud-eclipse,BucketNameValidatorTest.testValidation_maxLengthWithDot,5,non-flaky,5,0.9459,5,0.9503,True,True,False,54,65
