id,project,test_name,true_category,true_label,pred_original,conf_original,pred_indented,conf_indented,correct_original,correct_indented,flipped,tokens_original,tokens_indented
3,eclipse_xtext-core,RequestManagerTest.testRunWriteAfterRead,1,concurrency,0,0.5192,5,0.9476,False,False,True,330,404
11,androidx_androidx,getNanoTime,2,time,2,0.8492,5,0.8803,True,False,True,146,180
13,androidx_androidx,testTimer_withListenerAndCleanUp,0,async wait,0,0.9342,5,0.9024,True,False,True,152,185
16,wildfly_wildfly,b19048b72669fc0e96665b1b125dc1fda21f5993.testFireObjectEvent,4,test order dependency,0,0.9322,5,0.883,False,False,True,292,346
26,cloudfoundry_uaa,testMatchesSpeedTest,2,time,2,0.8635,5,0.8426,True,False,True,284,350
29,wildfly_wildfly,b19048b72669fc0e96665b1b125dc1fda21f5993.testCreateSubcontext,4,test order dependency,4,0.9505,5,0.9311,True,False,True,85,99
35,wildfly_wildfly,b19048b72669fc0e96665b1b125dc1fda21f5993.testLookupContextLink,4,test order dependency,4,0.8896,5,0.9378,True,False,True,198,240
44,wildfly_wildfly,b19048b72669fc0e96665b1b125dc1fda21f5993.testLookupEmptyName,4,test order dependency,4,0.9479,5,0.8914,True,False,True,165,203
50,wildfly_wildfly,b19048b72669fc0e96665b1b125dc1fda21f5993.testCompositeBindingOps,4,test order dependency,4,0.5119,5,0.953,True,False,True,247,277
54,androidx_androidx,testGenerateCleanupCallback_deletesOldFinishedWork,2,time,4,0.534,5,0.9501,False,False,True,274,332
55,pholser_junit-quickcheck,ReflectionTest.findingAnnotationsRecursively,3,unordered collections,3,0.9462,5,0.8963,True,False,True,166,200
57,androidx_androidx,testMenuInvalidationAfterDestroy,0,async wait,0,0.9337,5,0.8661,True,False,True,190,244
58,wildfly_wildfly,b19048b72669fc0e96665b1b125dc1fda21f5993.testBindAndRetrieveObjectFactoryFromNamingContext,4,test order dependency,4,0.935,5,0.9336,True,False,True,112,138
61,graylog2_graylog2-server,indexCreationDateReturnsIndexCreationDateOfExistingIndexAsDateTime,2,time,2,0.8585,5,0.8658,True,False,True,142,168
62,wildfly_wildfly,b19048b72669fc0e96665b1b125dc1fda21f5993.testJavaContext,4,test order dependency,4,0.9498,5,0.9334,True,False,True,128,154
63,wildfly_wildfly,b19048b72669fc0e96665b1b125dc1fda21f5993.testLookupWithContinuation,4,test order dependency,4,0.9414,5,0.9041,True,False,True,204,238
65,wildfly_wildfly,b19048b72669fc0e96665b1b125dc1fda21f5993.testInitialFactory,4,test order dependency,4,0.9516,5,0.9196,True,False,True,178,224
68,androidx_androidx,testUnsubscribeWithSubscriptionCallbackForMultipleSubscriptions,0,async wait,0,0.9336,5,0.8741,True,False,True,512,512
71,androidx_androidx,testOneTimeWorkRequest_backedOff,2,time,2,0.8609,5,0.8736,True,False,True,319,385
74,wildfly_wildfly,b19048b72669fc0e96665b1b125dc1fda21f5993.testBind.2,4,test order dependency,4,0.8979,5,0.9349,True,False,True,131,173
79,wildfly_wildfly,b19048b72669fc0e96665b1b125dc1fda21f5993.testRejectionEAP6,4,test order dependency,4,0.9499,5,0.9369,True,False,True,64,74
80,FasterXML_jackson-databind,TestGenerateJsonSchema.testUnwrapping,3,unordered collections,3,0.9474,5,0.9084,True,False,True,138,160
82,wildfly_wildfly,b19048b72669fc0e96665b1b125dc1fda21f5993.testLookupLink,4,test order dependency,4,0.9105,5,0.9236,True,False,True,317,379
83,square_okhttp,CallTest.legalToExecuteTwiceCloning_Async,0,async wait,0,0.9284,5,0.9068,True,False,True,171,213
84,ktuukkan_marine-api,af0003847db9ba822f67d4f1dceb8de3fe63250a.testSequenceListenerWithIncorrectOrder,4,test order dependency,4,0.9272,5,0.9503,True,False,True,126,160
88,togglz_togglz,ZookeeperStateRepositoryTest.testZkNodeChangesUpdateFeatureState,0,async wait,0,0.9313,5,0.8918,True,False,True,512,512
89,wildfly_wildfly,b19048b72669fc0e96665b1b125dc1fda21f5993.testLookupReference,4,test order dependency,4,0.942,5,0.9259,True,False,True,153,187
100,androidx_androidx,playbackRate,0,async wait,0,0.9335,5,0.8613,True,False,True,512,512
104,wildfly_wildfly,b19048b72669fc0e96665b1b125dc1fda21f5993.testListNameNotFound,4,test order dependency,4,0.9478,5,0.9182,True,False,True,158,204
113,vojtechhabarta_typescript-generator,EnumTest.testEnumAsEnum,3,unordered collections,3,0.9331,5,0.9417,True,False,True,216,242
124,spotify_docker-client,DefaultDockerClientTest.testListTaskWithCriteria,0,async wait,0,0.9315,5,0.8802,True,False,True,329,387
126,pholser_junit-quickcheck,ExhaustingAGivenSetButIncludingAnotherTest.manyParametersWithBooleanAndEnum,3,unordered collections,3,0.9421,5,0.9255,True,False,True,474,512
132,androidx_androidx,testInterruption,0,async wait,0,0.9235,5,0.8509,True,False,True,186,236
136,graylog2_graylog2-server,KafkaJournalTest.serverStatusUnthrottledIfJournalUtilizationIsLowerThanThreshold,1,concurrency,4,0.8511,5,0.9487,False,False,True,178,208
146,Alluxio_alluxio,FileSystemMasterIntegrationTest.lastModificationTimeAddCheckpointTest,2,time,2,0.8398,5,0.9124,True,False,True,133,159
147,pholser_junit-quickcheck,ExhaustingAGivenSetTest.manyParameters,3,unordered collections,3,0.8724,5,0.9492,True,False,True,122,144
149,wildfly_wildfly,b19048b72669fc0e96665b1b125dc1fda21f5993.testCompositeBindingUpdate,4,test order dependency,4,0.8056,5,0.9483,True,False,True,237,271
153,androidx_androidx,testOneTimeRequest_noInitialDelay_withConstraintNetworkConnected,2,time,2,0.8552,5,0.9188,True,False,True,344,414
156,opensource4you_astraea,MetricsTest.testBytes,1,concurrency,1,0.8705,5,0.8394,True,False,True,430,512
157,wildfly_wildfly,b19048b72669fc0e96665b1b125dc1fda21f5993.testStoredContext,4,test order dependency,4,0.5044,5,0.9391,True,False,True,512,512
158,wildfly_wildfly,b19048b72669fc0e96665b1b125dc1fda21f5993.testBindAndRetrieveObjectFactoryFromInitialContext,4,test order dependency,4,0.9472,5,0.9297,True,False,True,125,155
159,wildfly_wildfly,b19048b72669fc0e96665b1b125dc1fda21f5993.testFireOneLevelEvent,4,test order dependency,0,0.9331,5,0.8812,False,False,True,295,349
162,wildfly_wildfly,b19048b72669fc0e96665b1b125dc1fda21f5993.testLookupWitResolveResult,4,test order dependency,4,0.9443,5,0.9105,True,False,True,207,241
166,wildfly_wildfly,b19048b72669fc0e96665b1b125dc1fda21f5993.testRejectionEAP7,4,test order dependency,4,0.9499,5,0.9373,True,False,True,63,73
169,wildfly_wildfly,b19048b72669fc0e96665b1b125dc1fda21f5993.testBindNested,4,test order dependency,4,0.9321,5,0.9269,True,False,True,136,178
174,hwang-pku_ormlite-core,DatabaseFieldConfigTest.testFromDbField,3,unordered collections,3,0.8371,5,0.9508,True,False,True,119,149
178,salesforce_reactive-grpc,ChainedCallIntegrationTest.servicesCanCallOtherServices,1,concurrency,1,0.6674,5,0.9153,True,False,True,288,310
188,wildfly_wildfly,b19048b72669fc0e96665b1b125dc1fda21f5993.testLookupBindingUsingNestedContext,4,test order dependency,3,0.9443,5,0.88,False,False,True,320,394
196,wildfly_wildfly,b19048b72669fc0e96665b1b125dc1fda21f5993.testBind,4,test order dependency,4,0.8048,5,0.9454,True,False,True,130,164
201,wildfly_wildfly,b19048b72669fc0e96665b1b125dc1fda21f5993.testLookupBinding.2.,4,test order dependency,4,0.6751,5,0.9498,True,False,True,108,138
204,ktuukkan_marine-api,af0003847db9ba822f67d4f1dceb8de3fe63250a.testCreateWithTwo,4,test order dependency,4,0.9467,5,0.9438,True,False,True,66,84
210,wildfly_wildfly,b19048b72669fc0e96665b1b125dc1fda21f5993.testBindReferenceable,4,test order dependency,4,0.9203,5,0.9476,True,False,True,182,224
212,square_okhttp,HttpOverHttp2Test.recoverFromCancelReusesConnection,0,async wait,0,0.8967,5,0.8558,True,False,True,418,504
217,wildfly_wildfly,b19048b72669fc0e96665b1b125dc1fda21f5993.testFireAllEvent,4,test order dependency,0,0.9294,5,0.8816,False,False,True,363,425
219,graylog2_graylog2-server,KafkaJournalTest.serverStatusThrottledIfJournalUtilizationIsHigherThanThreshold,1,concurrency,4,0.8917,5,0.9427,False,False,True,196,230
220,wildfly_wildfly,b19048b72669fc0e96665b1b125dc1fda21f5993.testRebind,4,test order dependency,4,0.9033,5,0.9053,True,False,True,158,200
221,commercetools-project-sync,InventoryEntrySyncerTest.syncWithError_ShouldCallErrorCallback,4,test order dependency,1,0.7693,5,0.891,False,False,True,440,502
223,wildfly_wildfly,b19048b72669fc0e96665b1b125dc1fda21f5993.testList,4,test order dependency,4,0.9485,5,0.9308,True,False,True,106,132
225,Alluxio_alluxio,BlockMasterJournalIntegrationTest.journalBlockDeletion,0,async wait,4,0.6243,5,0.8029,False,False,True,372,466
231,wildfly_wildfly,b19048b72669fc0e96665b1b125dc1fda21f5993.testListBindings,4,test order dependency,4,0.9494,5,0.9182,True,False,True,110,136
232,wildfly_wildfly,b19048b72669fc0e96665b1b125dc1fda21f5993.testListWithContinuation,4,test order dependency,4,0.7708,5,0.9521,True,False,True,145,175
244,kiwiproject_dropwizard-service-utilities,SystemExecutionerTest.shouldExitBeforeGivenWaitTime_WhenWaitingThreadInterrupted,2,time,1,0.8426,5,0.4848,False,False,True,512,512
246,wildfly_wildfly,b19048b72669fc0e96665b1b125dc1fda21f5993.testLookupNameNotFound,4,test order dependency,4,0.9488,5,0.923,True,False,True,162,208
249,spring-projects_spring-framework,validUsage,2,time,0,0.4976,5,0.8944,False,False,True,510,512
259,microsoft_botbuilder-java,AdditionalPropertiesSerializerTests.canSerializeAdditionalProperties,3,unordered collections,3,0.9469,5,0.8852,True,False,True,396,466
260,wildfly_wildfly,b19048b72669fc0e96665b1b125dc1fda21f5993.testRebindReferenceable,4,test order dependency,4,0.7088,5,0.9568,True,False,True,216,266
268,wildfly_wildfly,b19048b72669fc0e96665b1b125dc1fda21f5993.testRebind.2,4,test order dependency,4,0.9324,5,0.9363,True,False,True,163,213
269,wildfly_wildfly,b19048b72669fc0e96665b1b125dc1fda21f5993.testUnbind,4,test order dependency,4,0.947,5,0.9447,True,False,True,227,289
273,wildfly_wildfly,b19048b72669fc0e96665b1b125dc1fda21f5993.testFireMultipleLevelEvent,4,test order dependency,0,0.9258,5,0.8916,False,False,True,390,452
275,androidx_androidx,testOneTimeRequest_noInitialDelay,2,time,0,0.694,5,0.9494,False,False,True,203,245
277,androidx_androidx,testGettersAfterConnected,2,time,2,0.8616,5,0.8964,True,False,True,278,352
278,wildfly_wildfly,b19048b72669fc0e96665b1b125dc1fda21f5993.testFireSubTreeEvent,4,test order dependency,0,0.9333,5,0.8792,False,False,True,296,350
287,apache_commons-lang,RecursiveToStringStyleTest.testPerson,3,unordered collections,4,0.5539,5,0.9586,False,False,True,226,268
290,wildfly_wildfly,b19048b72669fc0e96665b1b125dc1fda21f5993.testListBindingsNameNotFound,4,test order dependency,4,0.9488,5,0.9115,True,False,True,166,212
292,Alluxio_alluxio,journalBlockCreation,0,async wait,4,0.9062,5,0.9464,False,False,True,247,301
294,realm_realm-java,executeTransactionAsync_callbacksShouldBeClearedBeforeCalling,0,async wait,1,0.9285,5,0.5513,False,False,True,512,512
297,wildfly_wildfly,b19048b72669fc0e96665b1b125dc1fda21f5993.testRegisterURLSchemeHandler,4,test order dependency,4,0.9054,5,0.9279,True,False,True,400,494
303,graylog2_graylog2-server,ContentPackTest.shouldDeserializeSerializedContentPack,3,unordered collections,3,0.9309,5,0.9206,True,False,True,260,306
312,androidx_androidx,testPredictiveLayoutAdd2,0,async wait,0,0.93,5,0.8731,True,False,True,191,241
313,androidx_androidx,onReceive,0,async wait,0,0.9222,5,0.8712,True,False,True,284,350
315,square_okhttp,DuplexTest.duplexWithRedirect,0,async wait,1,0.819,5,0.913,False,False,True,512,512
326,hwang-pku_ormlite-core,QueryBuilderTest.testQueryRaw,3,unordered collections,3,0.9459,5,0.9293,True,False,True,212,262
330,androidx_androidx,invalidationInAnotherInstance_closed,0,async wait,2,0.7967,5,0.9385,False,False,True,485,512
331,androidx_androidx,testSetCallbackWithNull,0,async wait,4,0.9517,5,0.9373,False,False,True,82,104
337,wildfly_wildfly,b19048b72669fc0e96665b1b125dc1fda21f5993.testOnlyExternalContextAllowsCache,4,test order dependency,1,0.9076,5,0.7575,False,False,True,454,512
341,open-telemetry_opentelemetry-java-instrumentation,OpenTelemetryAppenderConfigTest.logWithExtras,2,time,2,0.8603,5,0.3806,True,False,True,411,473
345,pholser_junit-quickcheck,ExhaustingAGivenSetButIncludingAnotherTest.manyParameters,3,unordered collections,3,0.944,5,0.9191,True,False,True,235,269
351,androidx_androidx,testStopTimer_withCleanUp,0,async wait,0,0.9346,5,0.8647,True,False,True,165,199
357,wildfly_wildfly,b19048b72669fc0e96665b1b125dc1fda21f5993.testLookup,4,test order dependency,4,0.9469,5,0.9437,True,False,True,122,156
361,wildfly_wildfly,b19048b72669fc0e96665b1b125dc1fda21f5993.testListBindings.2.,4,test order dependency,3,0.9463,5,0.8761,False,False,True,512,512
365,wildfly_wildfly,b19048b72669fc0e96665b1b125dc1fda21f5993.testListBindingsWithContinuation,4,test order dependency,4,0.9154,5,0.9498,True,False,True,151,181
19420,eclipse_xtext-core,DeclarativeQualifiedNameConverterTest.getDelimiter,5,non-flaky,5,0.9569,5,0.9558,True,True,False,45,56
19421,eclipse_xtext-core,DeclarativeQualifiedNameConverterTest.getDelimiter,5,non-flaky,5,0.9574,5,0.9552,True,True,False,49,60
19422,eclipse_xtext-core,DeclarativeQualifiedNameConverterTest.getDelimiter,5,non-flaky,5,0.9572,5,0.9557,True,True,False,49,60
19423,eclipse_xtext-core,QualifiedNameTest.testAppendNull,5,non-flaky,5,0.9545,5,0.9516,True,True,False,70,93
19424,eclipse_xtext-core,QualifiedNameTest.apply,5,non-flaky,5,0.9567,5,0.9565,True,True,False,40,51
19425,eclipse_xtext-core,GenericModuleTest.bindDate,5,non-flaky,5,0.9564,5,0.956,True,True,False,39,50
19426,eclipse_xtext-core,GenericModuleTest.get,5,non-flaky,5,0.9566,5,0.9551,True,True,False,37,48
19427,eclipse_xtext-core,GenericModuleTest.get,5,non-flaky,5,0.9566,5,0.9547,True,True,False,39,50
19428,eclipse_xtext-core,GenericModuleTest.bindFoo,5,non-flaky,5,0.9569,5,0.9559,True,True,False,47,58
19429,eclipse_xtext-core,GenericModuleTest.bindFoo,5,non-flaky,5,0.957,5,0.9567,True,True,False,49,60
19430,eclipse_xtext-core,SerializationTest._testSerialize_03,5,non-flaky,5,0.9561,5,0.9555,True,True,False,81,100
19431,eclipse_xtext-core,AllContentsPerformanceTest.exec,5,non-flaky,5,0.957,5,0.9548,True,True,False,61,76
19432,eclipse_xtext-core,XtextValidationTest.testBug322875_01,5,non-flaky,5,0.9589,5,0.9574,True,True,False,209,244
19433,eclipse_xtext-core,XtextValidationTest.testBug322875_01_b,5,non-flaky,5,0.959,5,0.9568,True,True,False,211,246
19434,eclipse_xtext-core,XtextValidationTest.testBug322875_02,5,non-flaky,5,0.9592,5,0.9591,True,True,False,282,325
19435,eclipse_xtext-core,XtextValidationTest.testBug322875_04,5,non-flaky,5,0.9599,5,0.9603,True,True,False,403,470
19436,eclipse_xtext-core,XtextValidationTest.testBug_280413_03,5,non-flaky,5,0.9607,5,0.9608,True,True,False,254,306
19437,eclipse_xtext-core,XtextValidationTest.expectedContext,5,non-flaky,5,0.959,5,0.9573,True,True,False,476,512
19438,eclipse_xtext-core,TypeHierarchyHelperTest.testSimpeCase01,5,non-flaky,5,0.9584,5,0.9573,True,True,False,256,334
19439,eclipse_xtext-core,TypeHierarchyHelperTest.testSimpeCase02,5,non-flaky,5,0.9588,5,0.9601,True,True,False,184,246
19440,eclipse_xtext-core,TypeHierarchyHelperTest.testRecursiveUplift01,5,non-flaky,5,0.9602,5,0.956,True,True,False,424,512
19441,eclipse_xtext-core,TypeHierarchyHelperTest.testNikolaus,5,non-flaky,5,0.9601,5,0.9575,True,True,False,459,512
19442,eclipse_xtext-core,TypeHierarchyHelperTest.testImcompatipleFeatures,5,non-flaky,5,0.9592,5,0.9547,True,True,False,258,336
19443,eclipse_xtext-core,TypeHierarchyHelperTest.testReferences,5,non-flaky,5,0.9584,5,0.9538,True,True,False,266,348
19444,eclipse_xtext-core,TypeHierarchyHelperTest.testConfigurationOfLiftedReference,5,non-flaky,5,0.9578,5,0.9571,True,True,False,334,438
19445,eclipse_xtext-core,TypeHierarchyHelperTest.testDublicateDerivedFeature,5,non-flaky,5,0.9587,5,0.9588,True,True,False,270,352
19446,eclipse_xtext-core,EClassInfoTest.testChangeable,5,non-flaky,5,0.9556,5,0.9585,True,True,False,266,325
19447,eclipse_xtext-core,PartialParserTest.performTest,5,non-flaky,5,0.9596,5,0.9607,True,True,False,303,362
19448,eclipse_xtext-core,Bug287082Test.acceptWarning,5,non-flaky,5,0.9583,5,0.9585,True,True,False,155,190
19449,eclipse_xtext-core,ImportedNamespaceAwareLocalScopeProviderTest.iterator,5,non-flaky,5,0.956,5,0.9546,True,True,False,48,59
19450,eclipse_xtext-core,ImportedNamespaceAwareLocalScopeProviderTest.iterator,5,non-flaky,5,0.9561,5,0.9545,True,True,False,48,59
19451,eclipse_xtext-core,ImportedNamespaceAwareLocalScopeProviderTest.iterator,5,non-flaky,5,0.9562,5,0.9546,True,True,False,49,60
19452,eclipse_xtext-core,ImportedNamespaceAwareLocalScopeProviderTest.iterator,5,non-flaky,5,0.9561,5,0.9542,True,True,False,51,62
19453,eclipse_xtext-core,ImportedNamespaceAwareLocalScopeProviderTest.iterator,5,non-flaky,5,0.9561,5,0.9547,True,True,False,50,61
19454,eclipse_xtext-core,ImportedNamespaceAwareLocalScopeProviderTest.iterator,5,non-flaky,5,0.9569,5,0.9542,True,True,False,53,64
19455,eclipse_xtext-core,ImportedNamespaceAwareLocalScopeProviderTest.iterator,5,non-flaky,5,0.9571,5,0.9534,True,True,False,54,65
19456,eclipse_xtext-core,ImportedNamespaceAwareLocalScopeProviderTest.iterator,5,non-flaky,5,0.9571,5,0.9533,True,True,False,54,65
19457,eclipse_xtext-core,ImportedNamespaceAwareLocalScopeProviderTest.iterator,5,non-flaky,5,0.957,5,0.953,True,True,False,54,65
19458,eclipse_xtext-core,ImportedNamespaceAwareLocalScopeProviderTest.iterator,5,non-flaky,5,0.956,5,0.9544,True,True,False,48,59
19459,eclipse_xtext-core,ImportedNamespaceAwareLocalScopeProviderTest.iterator,5,non-flaky,5,0.9567,5,0.9537,True,True,False,53,64
19460,eclipse_xtext-core,ImportedNamespaceAwareLocalScopeProviderTest.iterator,5,non-flaky,5,0.957,5,0.9541,True,True,False,54,65
19461,eclipse_xtext-core,ScopeTest.iterator,5,non-flaky,5,0.957,5,0.9555,True,True,False,116,139
19462,eclipse_xtext-core,DelegatingScopeProviderTest.testNoSuitableDelegate,5,non-flaky,5,0.9576,5,0.9594,True,True,False,115,146
19463,eclipse_xtext-core,DelegatingScopeProviderTest.testOneSuitableDelegate_01,5,non-flaky,5,0.9588,5,0.9605,True,True,False,181,228
19464,eclipse_xtext-core,DelegatingScopeProviderTest.getScope,5,non-flaky,5,0.9594,5,0.9596,True,True,False,109,140
19465,eclipse_xtext-core,DelegatingScopeProviderTest.getScope,5,non-flaky,5,0.959,5,0.9594,True,True,False,109,140
19466,eclipse_xtext-core,ImportScopeTest.getEObjectOrProxy,5,non-flaky,5,0.9567,5,0.956,True,True,False,115,138
19467,eclipse_xtext-core,ProfilingTest.createInjector,5,non-flaky,5,0.9579,5,0.9535,True,True,False,143,178
19468,eclipse_xtext-core,Bug318343Test.tearDown,5,non-flaky,5,0.9555,5,0.9516,True,True,False,69,96
19469,eclipse_xtext-core,ParseErrorHandlingTest.apply,5,non-flaky,5,0.9572,5,0.9547,True,True,False,110,133
19470,eclipse_xtext-core,UriBasedReaderTest.configureFileExtensions,5,non-flaky,5,0.9563,5,0.9537,True,True,False,135,158
19471,eclipse_xtext-core,ReaderTest.apply,5,non-flaky,5,0.9565,5,0.9546,True,True,False,65,76
19472,eclipse_xtext-core,PathTraverserTest.testNoneExistingFile,5,non-flaky,5,0.9585,5,0.9582,True,True,False,75,94
19473,eclipse_xtext-core,PathTraverserTest.testEmptyFolder,5,non-flaky,5,0.9585,5,0.9586,True,True,False,73,92
19474,eclipse_xtext-core,PathTraverserTest.testNonEmptyFolder,5,non-flaky,5,0.959,5,0.9597,True,True,False,77,96
19475,eclipse_xtext-core,PathTraverserTest.testArchive,5,non-flaky,5,0.9592,5,0.9595,True,True,False,78,97
19476,eclipse_xtext-core,AbstractReaderTest.matches,5,non-flaky,5,0.9569,5,0.9555,True,True,False,42,53
19477,eclipse_xtext-core,AbstractReaderTest.matches,5,non-flaky,5,0.9568,5,0.955,True,True,False,42,53
19478,eclipse_xtext-core,AbstractReaderTest.pathTo,5,non-flaky,5,0.9577,5,0.9565,True,True,False,225,271
19479,eclipse_xtext-core,CompositeNodeTest.iterator,5,non-flaky,5,0.9573,5,0.9439,True,True,False,155,207
19480,eclipse_xtext-core,LineAndColumnTest.testEmptyText,5,non-flaky,5,0.9582,5,0.9583,True,True,False,33,44
19481,eclipse_xtext-core,LineAndColumnTest.testExceedsOffset,5,non-flaky,5,0.9572,5,0.9579,True,True,False,49,60
19482,eclipse_xtext-core,LineAndColumnTest.testNegativeOffset,5,non-flaky,5,0.9571,5,0.958,True,True,False,49,60
19483,eclipse_xtext-core,LineAndColumnTest.testSingleCharText,5,non-flaky,5,0.9585,5,0.9592,True,True,False,51,66
19484,eclipse_xtext-core,LineAndColumnTest.testTwoCharsText,5,non-flaky,5,0.9584,5,0.9603,True,True,False,68,87
19485,eclipse_xtext-core,LineAndColumnTest.testPointsToLineBreak,5,non-flaky,5,0.9584,5,0.9594,True,True,False,56,71
19486,eclipse_xtext-core,LineAndColumnTest.testPointsToBackslashNInWindowsLineBreak,5,non-flaky,5,0.9592,5,0.9602,True,True,False,85,104
19487,eclipse_xtext-core,LengthOffsetLineTest.setUp,5,non-flaky,5,0.9542,5,0.9514,True,True,False,53,68
19488,eclipse_xtext-core,SerializationUtilTest.testFillIdToEObjectMap,5,non-flaky,5,0.9569,5,0.9398,True,True,False,324,414
19489,eclipse_xtext-core,SerializationUtilTest.testSyntaxErrorMessage,5,non-flaky,5,0.96,5,0.9534,True,True,False,441,512
19490,eclipse_xtext-core,EcoreUtil2Test.testClone_2,5,non-flaky,5,0.9581,5,0.9599,True,True,False,204,251
19491,eclipse_xtext-core,ReadWriteAccessTest.uncaughtException,5,non-flaky,5,0.9547,5,0.9496,True,True,False,52,63
19492,eclipse_xtext-core,Bug367679Test.testValidatorExists_0,5,non-flaky,5,0.9581,5,0.9574,True,True,False,32,43
19493,eclipse_xtext-core,Bug367679Test.testValidatorExists_1,5,non-flaky,5,0.9581,5,0.9574,True,True,False,32,43
19494,eclipse_xtext-core,JavaIoFileSystemAccessTest.testDirsAndFilesAreCreated,5,non-flaky,5,0.9484,5,0.9594,True,True,False,512,512
19495,eclipse_xtext-core,JavaIoFileSystemAccessTest.testURI,5,non-flaky,5,0.958,5,0.958,True,True,False,129,156
19496,eclipse_xtext-core,JavaIoFileSystemAccessTest.getEncoding,5,non-flaky,5,0.9586,5,0.9588,True,True,False,141,180
19497,eclipse_xtext-core,JavaIoFileSystemAccessTest.testTraceIsCreated,5,non-flaky,5,0.9583,5,0.9494,True,True,False,340,452
19498,eclipse_xtext-core,TraceRegionTest.testConstructor,5,non-flaky,5,0.9584,5,0.9583,True,True,False,171,210
19499,eclipse_xtext-core,TraceRegionTest.testConstructorWithParent,5,non-flaky,5,0.9567,5,0.9564,True,True,False,123,146
19500,eclipse_xtext-core,TraceRegionTest.testConstructorInvalidArgs_01,5,non-flaky,5,0.9571,5,0.9561,True,True,False,62,73
19501,eclipse_xtext-core,TraceRegionTest.testConstructorInvalidArgs_02,5,non-flaky,5,0.9573,5,0.9559,True,True,False,63,74
19502,eclipse_xtext-core,TraceRegionTest.testConstructorInvalidArgs_03,5,non-flaky,5,0.9572,5,0.9559,True,True,False,63,74
19503,eclipse_xtext-core,TraceRegionTest.testConstructorInvalidArgs_04,5,non-flaky,5,0.9573,5,0.9558,True,True,False,63,74
19504,eclipse_xtext-core,TraceRegionTest.testConstructorInvalidArgs_05,5,non-flaky,5,0.9569,5,0.9562,True,True,False,61,72
19505,eclipse_xtext-core,TraceRegionTest.testLeafIterator_NoChildren,5,non-flaky,5,0.9585,5,0.9586,True,True,False,93,112
19506,eclipse_xtext-core,TraceRegionTest.testLeafIterator_OneChild,5,non-flaky,5,0.959,5,0.9594,True,True,False,127,150
19507,eclipse_xtext-core,TraceRegionTest.testLeafIterator_GrandChild,5,non-flaky,5,0.9597,5,0.9599,True,True,False,161,188
19508,eclipse_xtext-core,TraceRegionTest.testLeafIterator_TwoChildren_NoGaps,5,non-flaky,5,0.9595,5,0.9601,True,True,False,167,194
19509,eclipse_xtext-core,TraceRegionTest.testLeafIterator_OneChild_LeftGap,5,non-flaky,5,0.9591,5,0.9596,True,True,False,185,212
19510,eclipse_xtext-core,TraceRegionTest.testLeafIterator_OneChild_RightGap,5,non-flaky,5,0.9593,5,0.9596,True,True,False,186,213
19511,eclipse_xtext-core,TraceRegionTest.testLeafIterator_OneGrandChild_LeftGap,5,non-flaky,5,0.9591,5,0.9596,True,True,False,220,251
19512,eclipse_xtext-core,TraceRegionTest.testLeafIterator_OneGrandChild_RightGap,5,non-flaky,5,0.959,5,0.9595,True,True,False,220,251
19513,eclipse_xtext-core,TraceRegionTest.testLeafIterator_TwoGrandChildren_NoGaps_01,5,non-flaky,5,0.9593,5,0.9601,True,True,False,204,235
19514,eclipse_xtext-core,TraceRegionTest.testLeafIterator_TwoGrandChildren_NoGaps_02,5,non-flaky,5,0.9592,5,0.9598,True,True,False,242,277
19515,eclipse_xtext-core,TraceRegionTest.testLeafIterator_TwoChildren_WithGaps,5,non-flaky,5,0.9591,5,0.9597,True,True,False,222,253
19516,eclipse_xtext-core,TraceRegionTest.testAnnotate_01,5,non-flaky,5,0.958,5,0.9582,True,True,False,82,97
19517,eclipse_xtext-core,TraceRegionTest.testAnnotate_02,5,non-flaky,5,0.9579,5,0.9588,True,True,False,84,99
19518,eclipse_xtext-core,TraceRegionTest.testAnnotate_03,5,non-flaky,5,0.9587,5,0.96,True,True,False,191,218
19519,eclipse_xtext-core,TraceRegionTest.testAnnotate_04,5,non-flaky,5,0.959,5,0.9594,True,True,False,161,184
21167,androidx_androidx,PreferenceGroupInitialExpandedChildrenCountTest.createPreferenceGroupAdapter_displayTopLevelPreferences,5,non-flaky,5,0.9607,5,0.9579,True,True,False,496,512
21168,androidx_androidx,PreferenceGroupInitialExpandedChildrenCountTest.createPreferenceGroupAdapter_displayNestedPreferences,5,non-flaky,5,0.9601,5,0.9613,True,True,False,512,512
21169,androidx_androidx,PreferenceGroupInitialExpandedChildrenCountTest.createPreferenceGroupAdapter_setExpandButtonSummary,5,non-flaky,5,0.9614,5,0.9606,True,True,False,304,351
21170,androidx_androidx,PreferenceGroupInitialExpandedChildrenCountTest.createPreferenceGroupAdapter_expandButtonSummaryShouldListVisiblePreferencesOnly,5,non-flaky,5,0.9609,5,0.9608,True,True,False,416,471
21171,androidx_androidx,PreferenceGroupInitialExpandedChildrenCountTest.clickExpandButton_shouldShowAllPreferences,5,non-flaky,5,0.9598,5,0.9575,True,True,False,230,283
21172,androidx_androidx,PreferenceGroupInitialExpandedChildrenCountTest.onPreferenceVisibilityChange_shouldSyncPreferencesIfCollapsed,5,non-flaky,5,0.9536,5,0.9406,True,True,False,439,512
21173,androidx_androidx,PreferenceGroupInitialExpandedChildrenCountTest.saveInstanceState_shouldSaveMaxNumberOfChildrenToShow,5,non-flaky,5,0.9608,5,0.9581,True,True,False,297,353
21174,androidx_androidx,PreferenceGroupInitialExpandedChildrenCountTest.restoreInstanceState_noChange_shouldDoNothing,5,non-flaky,5,0.9568,5,0.9409,True,True,False,464,512
21175,androidx_androidx,PreferenceGroupInitialExpandedChildrenCountTest.restoreHierarchyState_previouslyCollapsed_shouldRestoreToCollapsedState,5,non-flaky,5,0.958,5,0.9489,True,True,False,311,362
21176,androidx_androidx,PreferenceGroupInitialExpandedChildrenCountTest.restoreHierarchyState_previouslyExpanded_shouldRestoreToExpandedState,5,non-flaky,5,0.9577,5,0.9465,True,True,False,311,362
21177,androidx_androidx,PreferenceVisibilityTest.testPreferencesAreCreatedWithTheVisibilitySetInXml,5,non-flaky,5,0.9608,5,0.9606,True,True,False,268,324
21178,androidx_androidx,SimplePreferenceComparisonCallbackTest.testNull,5,non-flaky,5,0.9598,5,0.9587,True,True,False,76,91
21179,androidx_androidx,SimplePreferenceComparisonCallbackTest.testClassComparison,5,non-flaky,5,0.9594,5,0.9581,True,True,False,126,149
21180,androidx_androidx,SimplePreferenceComparisonCallbackTest.testDetached,5,non-flaky,5,0.9592,5,0.9572,True,True,False,110,133
21181,androidx_androidx,SimplePreferenceComparisonCallbackTest.testTitleComparison,5,non-flaky,5,0.962,5,0.9616,True,True,False,289,365
21182,androidx_androidx,SimplePreferenceComparisonCallbackTest.testSummaryComparison,5,non-flaky,5,0.962,5,0.9617,True,True,False,289,365
21183,androidx_androidx,SimplePreferenceComparisonCallbackTest.testIconComparison,5,non-flaky,5,0.9623,5,0.962,True,True,False,430,512
21184,androidx_androidx,SimplePreferenceComparisonCallbackTest.testEnabledComparison,5,non-flaky,5,0.9602,5,0.9613,True,True,False,299,379
21185,androidx_androidx,SimplePreferenceComparisonCallbackTest.testSelectableComparison,5,non-flaky,5,0.9594,5,0.9595,True,True,False,313,393
21186,androidx_androidx,SimplePreferenceComparisonCallbackTest.testTwoStateComparison,5,non-flaky,5,0.9612,5,0.9608,True,True,False,403,504
21187,androidx_androidx,SimplePreferenceComparisonCallbackTest.testDropDownComparison,5,non-flaky,5,0.9609,5,0.9611,True,True,False,230,274
21188,androidx_androidx,PreferenceIconSpaceTest.bindViewHolder_iconSpaceReserved_shouldReserveIconSpace,5,non-flaky,5,0.96,5,0.9581,True,True,False,155,187
21189,androidx_androidx,PreferenceIconSpaceTest.bindViewHolder_iconSpaceNotReserved_shouldNotReserveIconSpace,5,non-flaky,5,0.9601,5,0.9579,True,True,False,155,187
21190,androidx_androidx,PreferenceIconSpaceTest.bindViewHolder_hasIcon_shouldDisplayIcon,5,non-flaky,5,0.9604,5,0.9586,True,True,False,154,186
21191,androidx_androidx,PreferenceDataStoreTest.testThatDataStoreIsNullByDefault,5,non-flaky,5,0.9606,5,0.9593,True,True,False,148,189
21192,androidx_androidx,PreferenceDataStoreTest.testSetGetOnPreference,5,non-flaky,5,0.9595,5,0.9573,True,True,False,90,119
21193,androidx_androidx,PreferenceDataStoreTest.testSetGetOnPreferenceManager,5,non-flaky,5,0.9591,5,0.9576,True,True,False,94,118
21194,androidx_androidx,PreferenceDataStoreTest.testSetOnPreferenceManagerGetOnPreference,5,non-flaky,5,0.9601,5,0.959,True,True,False,133,170
21195,androidx_androidx,PreferenceDataStoreTest.testDataStoresHierarchy,5,non-flaky,5,0.9613,5,0.961,True,True,False,303,378
21196,androidx_androidx,PreferenceDataStoreTest.testInitialValueIsFromDataStoreOnPreference,5,non-flaky,5,0.9597,5,0.9555,True,True,False,159,205
21197,androidx_androidx,PreferenceDataStoreTest.testInitialValueIsFromDataStoreOnPreferenceManager,5,non-flaky,5,0.9597,5,0.9544,True,True,False,161,207
21198,androidx_androidx,PreferenceDataStoreTest.testPutStringWithDataStoreOnPref,5,non-flaky,5,0.959,5,0.9586,True,True,False,83,102
21199,androidx_androidx,PreferenceDataStoreTest.testPutStringWithDataStoreOnMgr,5,non-flaky,5,0.9588,5,0.9586,True,True,False,83,102
21200,androidx_androidx,PreferenceDataStoreTest.testGetStringWithDataStoreOnPref,5,non-flaky,5,0.9598,5,0.9588,True,True,False,124,157
21201,androidx_androidx,PreferenceDataStoreTest.testGetStringWithDataStoreOnMgr,5,non-flaky,5,0.9597,5,0.959,True,True,False,124,157
21202,androidx_androidx,PreferenceDataStoreTest.testDefaultStringValue,5,non-flaky,5,0.9593,5,0.9558,True,True,False,168,199
21203,androidx_androidx,PreferenceDataStoreTest.testPutStringSetWithDataStoreOnPref,5,non-flaky,5,0.959,5,0.9587,True,True,False,85,104
21204,androidx_androidx,PreferenceDataStoreTest.testPutStringSetWithDataStoreOnMgr,5,non-flaky,5,0.9588,5,0.9586,True,True,False,85,104
21205,androidx_androidx,PreferenceDataStoreTest.testGetStringSetWithDataStoreOnPref,5,non-flaky,5,0.9603,5,0.9603,True,True,False,144,181
21206,androidx_androidx,PreferenceDataStoreTest.testGetStringSetWithDataStoreOnMgr,5,non-flaky,5,0.96,5,0.96,True,True,False,144,181
21207,androidx_androidx,PreferenceDataStoreTest.testPutIntWithDataStoreOnPref,5,non-flaky,5,0.9589,5,0.9585,True,True,False,83,102
21208,androidx_androidx,PreferenceDataStoreTest.testPutIntWithDataStoreOnMgr,5,non-flaky,5,0.9586,5,0.9586,True,True,False,83,102
21209,androidx_androidx,PreferenceDataStoreTest.testGetIntWithDataStoreOnPref,5,non-flaky,5,0.9593,5,0.9587,True,True,False,118,151
21210,androidx_androidx,PreferenceDataStoreTest.testGetIntWithDataStoreOnMgr,5,non-flaky,5,0.9591,5,0.9588,True,True,False,118,151
21211,androidx_androidx,PreferenceDataStoreTest.testPutLongWithDataStoreOnPref,5,non-flaky,5,0.9589,5,0.9586,True,True,False,83,102
21212,androidx_androidx,PreferenceDataStoreTest.testPutLongWithDataStoreOnMgr,5,non-flaky,5,0.9587,5,0.9586,True,True,False,83,102
21213,androidx_androidx,PreferenceDataStoreTest.testGetLongWithDataStoreOnPref,5,non-flaky,5,0.9596,5,0.9586,True,True,False,120,153
21214,androidx_androidx,PreferenceDataStoreTest.testGetLongWithDataStoreOnMgr,5,non-flaky,5,0.9594,5,0.9587,True,True,False,120,153
21215,androidx_androidx,PreferenceDataStoreTest.testPutFloatWithDataStoreOnPref,5,non-flaky,5,0.9588,5,0.9585,True,True,False,83,102
21216,androidx_androidx,PreferenceDataStoreTest.testPutFloatWithDataStoreOnMgr,5,non-flaky,5,0.9586,5,0.9585,True,True,False,83,102
21217,androidx_androidx,PreferenceDataStoreTest.testGetFloatWithDataStoreOnPref,5,non-flaky,5,0.9593,5,0.9575,True,True,False,120,153
21218,androidx_androidx,PreferenceDataStoreTest.testGetFloatWithDataStoreOnMgr,5,non-flaky,5,0.9591,5,0.9576,True,True,False,120,153
21219,androidx_androidx,PreferenceDataStoreTest.testPutBooleanWithDataStoreOnPref,5,non-flaky,5,0.959,5,0.9587,True,True,False,85,104
21220,androidx_androidx,PreferenceDataStoreTest.testPutBooleanWithDataStoreOnMgr,5,non-flaky,5,0.9588,5,0.9586,True,True,False,85,104
21221,androidx_androidx,PreferenceDataStoreTest.testGetBooleanWithDataStoreOnPref,5,non-flaky,5,0.9599,5,0.9584,True,True,False,121,154
21222,androidx_androidx,PreferenceDataStoreTest.testGetBooleanWithDataStoreOnMgr,5,non-flaky,5,0.9597,5,0.9588,True,True,False,121,154
21223,androidx_androidx,PreferenceDataStoreTest.testSharedPrefNotNullIfNoDS,5,non-flaky,5,0.9596,5,0.958,True,True,False,71,91
21224,androidx_androidx,PreferenceDataStoreTest.testSharedPrefNotNullIfNoDSMgr,5,non-flaky,5,0.9598,5,0.9592,True,True,False,53,64
21225,androidx_androidx,PreferenceDataStoreTest.testSharedPrefNullIfWithDS,5,non-flaky,5,0.9595,5,0.9586,True,True,False,91,120
21226,androidx_androidx,PreferenceDataStoreTest.testSharedPrefNullIfWithDSMgr,5,non-flaky,5,0.9593,5,0.958,True,True,False,72,92
21227,androidx_androidx,ExpandablePreferenceTest.expandablePreference_inPreferenceScreen_collapsesCorrectly,5,non-flaky,5,0.9617,5,0.9614,True,True,False,262,334
21228,androidx_androidx,ExpandablePreferenceTest.expandablePreference_inCategory_collapsesCorrectly,5,non-flaky,5,0.9615,5,0.9608,True,True,False,316,405
21229,androidx_androidx,ExpandablePreferenceTest.expandablePreference_inNestedCategory_collapsesCorrectly,5,non-flaky,5,0.9611,5,0.9599,True,True,False,391,492
21230,androidx_androidx,ExpandablePreferenceTest.expandablePreference_inCategoryContainingAnotherCategory_collapsesCorrectly,5,non-flaky,5,0.9608,5,0.9612,True,True,False,512,512
21231,androidx_androidx,ExpandablePreferenceTest.nestedExpandablePreferences_notAllowed_shouldThrowAnException,5,non-flaky,5,0.9594,5,0.9592,True,True,False,233,300
21232,androidx_androidx,PreferencePersistTest.string_retrieveWhenEmpty_returnsDefault,5,non-flaky,5,0.9605,5,0.96,True,True,False,82,111
21233,androidx_androidx,PreferencePersistTest.string_persist_getsStoredToSharedPrefs,5,non-flaky,5,0.9597,5,0.9594,True,True,False,112,145
21234,androidx_androidx,PreferencePersistTest.string_persistWhileDisabled_notPersisted,5,non-flaky,5,0.959,5,0.9563,True,True,False,110,143
21235,androidx_androidx,PreferencePersistTest.string_persistAndRetrieve_returnsPersistedValue,5,non-flaky,5,0.9598,5,0.9596,True,True,False,102,135
21236,androidx_androidx,PreferencePersistTest.string_persistTwiceAndRetrieve_returnsSecondValue,5,non-flaky,5,0.9606,5,0.9598,True,True,False,120,157
21237,androidx_androidx,PreferencePersistTest.stringSet_retrieveWhenEmpty_returnsDefault,5,non-flaky,5,0.9602,5,0.9601,True,True,False,104,133
21238,androidx_androidx,PreferencePersistTest.stringSet_persist_getsStoredToSharedPrefs,5,non-flaky,5,0.96,5,0.9596,True,True,False,140,168
21239,androidx_androidx,PreferencePersistTest.stringSet_persistWhileDisabled_notPersisted,5,non-flaky,5,0.9592,5,0.9582,True,True,False,117,150
21240,androidx_androidx,PreferencePersistTest.stringSet_persistAndRetrieve_returnsPersistedValue,5,non-flaky,5,0.96,5,0.9572,True,True,False,130,163
21241,androidx_androidx,PreferencePersistTest.stringSet_persistTwiceAndRetrieve_returnsSecondValue,5,non-flaky,5,0.9599,5,0.9561,True,True,False,155,192
21242,androidx_androidx,PreferencePersistTest.int_retrieveWhenEmpty_returnsDefault,5,non-flaky,5,0.9603,5,0.96,True,True,False,81,105
21243,androidx_androidx,PreferencePersistTest.int_persist_getsStoredToSharedPrefs,5,non-flaky,5,0.96,5,0.9602,True,True,False,112,145
21244,androidx_androidx,PreferencePersistTest.int_persistWhileDisabled_notPersisted,5,non-flaky,5,0.9594,5,0.9576,True,True,False,114,147
21245,androidx_androidx,PreferencePersistTest.int_persistAndRetrieve_returnsPersistedValue,5,non-flaky,5,0.96,5,0.9605,True,True,False,101,134
21246,androidx_androidx,PreferencePersistTest.int_persistTwiceAndRetrieve_returnsSecondValue,5,non-flaky,5,0.9603,5,0.9592,True,True,False,119,156
21247,androidx_androidx,PreferencePersistTest.long_retrieveWhenEmpty_returnsDefault,5,non-flaky,5,0.9601,5,0.9596,True,True,False,54,65
21248,androidx_androidx,PreferencePersistTest.long_persist_getsStoredToSharedPrefs,5,non-flaky,5,0.9602,5,0.9602,True,True,False,112,145
21249,androidx_androidx,PreferencePersistTest.long_persistWhileDisabled_notPersisted,5,non-flaky,5,0.9595,5,0.9586,True,True,False,114,147
21250,androidx_androidx,PreferencePersistTest.long_persistAndRetrieve_returnsPersistedValue,5,non-flaky,5,0.9601,5,0.9606,True,True,False,101,134
21251,androidx_androidx,PreferencePersistTest.long_persistTwiceAndRetrieve_returnsSecondValue,5,non-flaky,5,0.9601,5,0.9588,True,True,False,119,156
21252,androidx_androidx,PreferencePersistTest.float_retrieveWhenEmpty_returnsDefault,5,non-flaky,5,0.9599,5,0.9597,True,True,False,62,73
21253,androidx_androidx,PreferencePersistTest.float_persist_getsStoredToSharedPrefs,5,non-flaky,5,0.9604,5,0.9581,True,True,False,120,153
21254,androidx_androidx,PreferencePersistTest.float_persistWhileDisabled_notPersisted,5,non-flaky,5,0.96,5,0.9595,True,True,False,122,155
21255,androidx_androidx,PreferencePersistTest.float_persistAndRetrieve_returnsPersistedValue,5,non-flaky,5,0.9602,5,0.9593,True,True,False,109,142
21256,androidx_androidx,PreferencePersistTest.float_persistTwiceAndRetrieve_returnsSecondValue,5,non-flaky,5,0.9607,5,0.957,True,True,False,127,164
21257,androidx_androidx,PreferencePersistTest.boolean_retrieveWhenEmpty_returnsDefault,5,non-flaky,5,0.9605,5,0.9592,True,True,False,82,111
21258,androidx_androidx,PreferencePersistTest.boolean_persist_getsStoredToSharedPrefs,5,non-flaky,5,0.9604,5,0.961,True,True,False,114,147
21259,androidx_androidx,PreferencePersistTest.boolean_persistWhileDisabled_notPersisted,5,non-flaky,5,0.9598,5,0.9576,True,True,False,115,148
21260,androidx_androidx,PreferencePersistTest.boolean_persistAndRetrieve_returnsPersistedValue,5,non-flaky,5,0.9604,5,0.9603,True,True,False,104,137
21261,androidx_androidx,PreferencePersistTest.boolean_persistTwiceAndRetrieve_returnsSecondValue,5,non-flaky,5,0.9609,5,0.9604,True,True,False,124,161
21262,androidx_androidx,PreferenceParentGroupTest.parentAddRemoveTest,5,non-flaky,5,0.9608,5,0.9599,True,True,False,299,401
21263,androidx_androidx,PreferenceParentGroupTest.parentReassignTest,5,non-flaky,5,0.9608,5,0.9594,True,True,False,282,366
21264,androidx_androidx,PreferenceParentGroupTest.parentDoubleAddTest,5,non-flaky,5,0.9568,5,0.9573,True,True,False,247,323
21265,androidx_androidx,PreferenceSingleLineTitleTest.bindViewHolder_singleLineTitleNotSet_shouldNotSetSingleLine,5,non-flaky,5,0.9597,5,0.9584,True,True,False,113,137
21266,androidx_androidx,PreferenceSingleLineTitleTest.bindViewHolder_singleLineTitleSetToTrue_shouldSetSingleLineToTrue,5,non-flaky,5,0.9597,5,0.9589,True,True,False,129,157
26827,wildfly_wildfly,JndiPermissionTestCase.testNameImplies,5,non-flaky,5,0.9614,5,0.9617,True,True,False,512,512
26828,wildfly_wildfly,JndiPermissionTestCase.testActions,5,non-flaky,5,0.9607,5,0.9615,True,True,False,436,484
26829,wildfly_wildfly,JndiPermissionTestCase.testCollection,5,non-flaky,5,0.9494,5,0.9539,True,True,False,512,512
26830,wildfly_wildfly,JndiPermissionTestCase.testSecurity,5,non-flaky,5,0.96,5,0.9599,True,True,False,105,120
26831,wildfly_wildfly,JndiPermissionTestCase.testSerialization,5,non-flaky,5,0.9592,5,0.958,True,True,False,105,120
26832,wildfly_wildfly,JndiPermissionTestCase.testCollectionSecurity,5,non-flaky,5,0.9591,5,0.9525,True,True,False,192,231
26833,wildfly_wildfly,JndiPermissionTestCase.testCollectionSerialization,5,non-flaky,5,0.9605,5,0.9575,True,True,False,406,469
26834,wildfly_wildfly,ExternalContextsNavigableSetTestCase.testGetParentContext,5,non-flaky,5,0.9611,5,0.9595,True,True,False,278,329
26835,wildfly_wildfly,WritableServiceBasedNamingStoreTestCase.testBindNoOwner,5,non-flaky,5,0.9584,5,0.9507,True,True,False,114,141
26836,wildfly_wildfly,WritableServiceBasedNamingStoreTestCase.testBind,5,non-flaky,5,0.9579,5,0.9533,True,True,False,177,220
26837,wildfly_wildfly,WritableServiceBasedNamingStoreTestCase.testBindNested,5,non-flaky,5,0.9582,5,0.9513,True,True,False,182,225
26838,wildfly_wildfly,WritableServiceBasedNamingStoreTestCase.testUnbind,5,non-flaky,5,0.9511,5,0.9337,True,True,False,253,316
26839,wildfly_wildfly,WritableServiceBasedNamingStoreTestCase.testUnBindNoOwner,5,non-flaky,5,0.9583,5,0.95,True,True,False,114,141
26840,wildfly_wildfly,WritableServiceBasedNamingStoreTestCase.testCreateSubcontext,5,non-flaky,5,0.9582,5,0.9506,True,True,False,153,184
26841,wildfly_wildfly,WritableServiceBasedNamingStoreTestCase.testCreateSubContextNoOwner,5,non-flaky,5,0.9584,5,0.9533,True,True,False,116,143
26842,wildfly_wildfly,WritableServiceBasedNamingStoreTestCase.testRebind,5,non-flaky,5,0.9573,5,0.9466,True,True,False,217,268
26843,wildfly_wildfly,WritableServiceBasedNamingStoreTestCase.testRebindNoOwner,5,non-flaky,5,0.9585,5,0.9523,True,True,False,116,143
26844,wildfly_wildfly,WritableServiceBasedNamingStoreTestCase.testPermissions,5,non-flaky,5,0.9592,5,0.9545,True,True,False,512,512
26845,wildfly_wildfly,WritableServiceBasedNamingStoreTestCase.testOwnerBindingReferences,5,non-flaky,5,0.9441,5,0.9343,True,True,False,480,512
26846,wildfly_wildfly,WritableServiceBasedNamingStoreTestCase.testMultipleOwnersBindingReferences,5,non-flaky,5,0.956,5,0.9423,True,True,False,512,512
26847,wildfly_wildfly,NamingSubsystemTestCase.testSchemaOfSubsystemTemplates,5,non-flaky,5,0.9593,5,0.959,True,True,False,50,61
26848,wildfly_wildfly,NamingSubsystemTestCase.testOnlyExternalContextAllowsCache,5,non-flaky,5,0.909,5,0.9296,True,True,False,512,512
26849,wildfly_wildfly,NamingSubsystemTestCase.testCompositeBindingOps,5,non-flaky,5,0.9605,5,0.9575,True,True,False,390,441
26850,wildfly_wildfly,NamingSubsystemTestCase.testCompositeBindingUpdate,5,non-flaky,5,0.9599,5,0.9579,True,True,False,346,389
26851,wildfly_wildfly,NamingSubsystemTestCase.testRejectionsEAP7,5,non-flaky,5,0.9589,5,0.9578,True,True,False,77,88
26852,wildfly_wildfly,NamingSubsystemTestCase.testRejectionsEAP6,5,non-flaky,5,0.959,5,0.9582,True,True,False,78,89
26853,wildfly_wildfly,ObjectFactoryTestCase.testBindAndRetrieveObjectFactoryFromNamingContext,5,non-flaky,5,0.9605,5,0.9592,True,True,False,142,174
26854,wildfly_wildfly,ObjectFactoryTestCase.testBindAndRetrieveObjectFactoryFromInitialContext,5,non-flaky,5,0.9602,5,0.9588,True,True,False,159,195
26855,wildfly_wildfly,ServiceBasedNamingStoreTestCase.testLookupBase,5,non-flaky,5,0.9599,5,0.9583,True,True,False,62,77
26856,wildfly_wildfly,ServiceBasedNamingStoreTestCase.testLookupBinding,5,non-flaky,5,0.9611,5,0.9604,True,True,False,142,178
26857,wildfly_wildfly,ServiceBasedNamingStoreTestCase.testLookupParentContext,5,non-flaky,5,0.9608,5,0.9601,True,True,False,124,151
26858,wildfly_wildfly,ServiceBasedNamingStoreTestCase.lookup,5,non-flaky,5,0.9598,5,0.9568,True,True,False,219,263
26859,wildfly_wildfly,ServiceBasedNamingStoreTestCase.testLookupNestedContext,5,non-flaky,5,0.9601,5,0.9546,True,True,False,444,512
26860,wildfly_wildfly,ServiceBasedNamingStoreTestCase.testLookupBindingUsingNestedContext,5,non-flaky,5,0.9588,5,0.9491,True,True,False,399,498
26861,wildfly_wildfly,ServiceBasedNamingStoreTestCase.testList,5,non-flaky,5,0.9216,5,0.9431,True,True,False,512,512
26862,wildfly_wildfly,ServiceBasedNamingStoreTestCase.testListBindings,5,non-flaky,5,0.9256,5,0.9484,True,True,False,512,512
26863,wildfly_wildfly,InitialContextTestCase.testRegisterURLSchemeHandler,5,non-flaky,5,0.9499,5,0.9294,True,True,False,512,512
26864,wildfly_wildfly,NamingEventCoordinatorTestCase.testFireObjectEvent,5,non-flaky,5,0.9407,5,0.9102,True,True,False,350,425
26865,wildfly_wildfly,NamingEventCoordinatorTestCase.testFireSubTreeEvent,5,non-flaky,5,0.9429,5,0.9091,True,True,False,354,429
26866,wildfly_wildfly,NamingEventCoordinatorTestCase.testFireOneLevelEvent,5,non-flaky,5,0.9428,5,0.9082,True,True,False,353,428
26867,wildfly_wildfly,NamingEventCoordinatorTestCase.testFireAllEvent,5,non-flaky,5,0.9418,5,0.9282,True,True,False,429,512
26868,wildfly_wildfly,NamingEventCoordinatorTestCase.testFireMultiLevelEvent,5,non-flaky,5,0.9494,5,0.9349,True,True,False,456,512
26869,wildfly_wildfly,NamingContextTestCase.testLookup,5,non-flaky,5,0.9609,5,0.9587,True,True,False,174,223
26870,wildfly_wildfly,NamingContextTestCase.testLookupReference,5,non-flaky,5,0.9603,5,0.9593,True,True,False,205,254
26871,wildfly_wildfly,NamingContextTestCase.testLookupWithContinuation,5,non-flaky,5,0.9604,5,0.9591,True,True,False,256,310
26872,wildfly_wildfly,NamingContextTestCase.testLookupWitResolveResult,5,non-flaky,5,0.9607,5,0.9599,True,True,False,259,313
26873,wildfly_wildfly,NamingContextTestCase.testLookupLink,5,non-flaky,5,0.9612,5,0.9568,True,True,False,411,497
26874,wildfly_wildfly,NamingContextTestCase.testLookupContextLink,5,non-flaky,5,0.9611,5,0.96,True,True,False,266,323
26875,wildfly_wildfly,NamingContextTestCase.testLookupNameNotFound,5,non-flaky,5,0.9579,5,0.9521,True,True,False,226,282
26876,wildfly_wildfly,NamingContextTestCase.testLookupEmptyName,5,non-flaky,5,0.9577,5,0.9551,True,True,False,221,269
26877,wildfly_wildfly,NamingContextTestCase.testBind,5,non-flaky,5,0.9608,5,0.9596,True,True,False,182,226
26878,wildfly_wildfly,NamingContextTestCase.testBindReferenceable,5,non-flaky,5,0.9609,5,0.9604,True,True,False,242,294
26879,wildfly_wildfly,NamingContextTestCase.testUnbind,5,non-flaky,5,0.9574,5,0.9523,True,True,False,307,379
26880,wildfly_wildfly,NamingContextTestCase.testCreateSubcontext,5,non-flaky,5,0.9595,5,0.9579,True,True,False,117,141
26881,wildfly_wildfly,NamingContextTestCase.testRebind,5,non-flaky,5,0.9598,5,0.9591,True,True,False,218,270
26882,wildfly_wildfly,NamingContextTestCase.testRebindReferenceable,5,non-flaky,5,0.9608,5,0.9606,True,True,False,284,344
26883,wildfly_wildfly,NamingContextTestCase.testListNameNotFound,5,non-flaky,5,0.9583,5,0.9526,True,True,False,222,278
26884,wildfly_wildfly,NamingContextTestCase.testList,5,non-flaky,5,0.9601,5,0.9577,True,True,False,150,191
26885,wildfly_wildfly,NamingContextTestCase.testListWithContinuation,5,non-flaky,5,0.9605,5,0.9593,True,True,False,201,251
26886,wildfly_wildfly,NamingContextTestCase.testListBindingsNameNotFound,5,non-flaky,5,0.9579,5,0.9533,True,True,False,230,286
26887,wildfly_wildfly,NamingContextTestCase.testListBindings,5,non-flaky,5,0.9603,5,0.9579,True,True,False,154,195
26888,wildfly_wildfly,NamingContextTestCase.testListBindingsWithContinuation,5,non-flaky,5,0.9601,5,0.959,True,True,False,207,257
26889,wildfly_wildfly,InMemoryNamingStoreTestCase.testBindEmptyName,5,non-flaky,5,0.9593,5,0.9541,True,True,False,182,226
26890,wildfly_wildfly,InMemoryNamingStoreTestCase.testBindAndLookup,5,non-flaky,5,0.9608,5,0.96,True,True,False,118,145
26891,wildfly_wildfly,InMemoryNamingStoreTestCase.testLookupNameNotFound,5,non-flaky,5,0.9582,5,0.9519,True,True,False,105,128
26892,wildfly_wildfly,InMemoryNamingStoreTestCase.testLookupEmptyName,5,non-flaky,5,0.96,5,0.9584,True,True,False,107,130
26893,wildfly_wildfly,InMemoryNamingStoreTestCase.testBindAndLookupResolveResult,5,non-flaky,5,0.9606,5,0.9597,True,True,False,137,164
26894,wildfly_wildfly,InMemoryNamingStoreTestCase.testUnbindNotFound,5,non-flaky,5,0.9582,5,0.9506,True,True,False,104,127
26895,wildfly_wildfly,InMemoryNamingStoreTestCase.testBindUnbindLookup,5,non-flaky,5,0.957,5,0.9484,True,True,False,206,253
26896,wildfly_wildfly,InMemoryNamingStoreTestCase.testRebindEmptyName,5,non-flaky,5,0.9588,5,0.9534,True,True,False,185,229
26897,wildfly_wildfly,InMemoryNamingStoreTestCase.testRebindInvalidContext,5,non-flaky,5,0.9578,5,0.9534,True,True,False,113,136
26898,wildfly_wildfly,InMemoryNamingStoreTestCase.testRebindAndLookup,5,non-flaky,5,0.9606,5,0.9593,True,True,False,120,147
26899,wildfly_wildfly,InMemoryNamingStoreTestCase.testBindAndRebind,5,non-flaky,5,0.9609,5,0.9583,True,True,False,166,201
26900,wildfly_wildfly,InMemoryNamingStoreTestCase.testListNameNotFound,5,non-flaky,5,0.958,5,0.9534,True,True,False,103,126
26901,wildfly_wildfly,InMemoryNamingStoreTestCase.testList,5,non-flaky,5,0.9323,5,0.9365,True,True,False,512,512
26902,wildfly_wildfly,InMemoryNamingStoreTestCase.testListBindingsNameNotFound,5,non-flaky,5,0.9579,5,0.9541,True,True,False,107,130
26903,wildfly_wildfly,InMemoryNamingStoreTestCase.testListBindings,5,non-flaky,5,0.9332,5,0.9405,True,True,False,512,512
26904,wildfly_wildfly,InMemoryNamingStoreTestCase.testAutoRemove,5,non-flaky,5,0.9561,5,0.9501,True,True,False,200,254
26905,wildfly_wildfly,InitialContextFactoryTestCase.testInitialFactory,5,non-flaky,5,0.9597,5,0.9573,True,True,False,253,313
26906,wildfly_wildfly,InitialContextFactoryTestCase.testJavaContext,5,non-flaky,5,0.9602,5,0.9583,True,True,False,158,185
26907,wildfly_wildfly,JSFSubsystemTransformersTestCase.testTransformersEAP700,5,non-flaky,5,0.9588,5,0.9581,True,True,False,67,78
26908,wildfly_wildfly,JSFSubsystemTransformersTestCase.testRejectTransformersEAP700,5,non-flaky,5,0.9588,5,0.958,True,True,False,61,72
26909,wildfly_wildfly,JSFSubsystemTestCase.testSchemaOfSubsystemTemplates,5,non-flaky,5,0.9593,5,0.959,True,True,False,50,61
26910,wildfly_wildfly,JSFModuleIdFactoryTestCase.noModulePathTest,5,non-flaky,5,0.9616,5,0.9618,True,True,False,246,290
26911,wildfly_wildfly,JSFModuleIdFactoryTestCase.getActiveJSFVersionsTest,5,non-flaky,5,0.9606,5,0.9575,True,True,False,163,194
26912,wildfly_wildfly,JSFModuleIdFactoryTestCase.computeSlotTest,5,non-flaky,5,0.9605,5,0.9593,True,True,False,141,164
26913,wildfly_wildfly,JSFModuleIdFactoryTestCase.validSlotTest,5,non-flaky,5,0.9611,5,0.9613,True,True,False,267,306
26914,wildfly_wildfly,JSFModuleIdFactoryTestCase.modIdsTest,5,non-flaky,5,0.9581,5,0.9584,True,True,False,512,512
26915,wildfly_wildfly,MailSubsystem10TestCase.testParseSubsystem,5,non-flaky,5,0.9599,5,0.9549,True,True,False,342,415
26916,wildfly_wildfly,MailTransformersTestCase.testTransformerEAP700,5,non-flaky,5,0.9586,5,0.9574,True,True,False,64,75
26917,wildfly_wildfly,MailTransformersTestCase.testTransformerEAP640,5,non-flaky,5,0.9587,5,0.9576,True,True,False,65,76
26918,wildfly_wildfly,MailTransformersTestCase.testRejectingTransformersEAP_7_0_0,5,non-flaky,5,0.9587,5,0.9582,True,True,False,70,81
26919,wildfly_wildfly,MailTransformersTestCase.testRejectingTransformersEAP_6_4_0,5,non-flaky,5,0.9587,5,0.9581,True,True,False,71,82
26920,wildfly_wildfly,MailSubsystem20TestCase.testExpressions,5,non-flaky,5,0.9595,5,0.9585,True,True,False,53,64
26921,wildfly_wildfly,MailSubsystem20TestCase.test11,5,non-flaky,5,0.9594,5,0.9583,True,True,False,49,60
26922,wildfly_wildfly,MailSubsystem20TestCase.test12,5,non-flaky,5,0.9595,5,0.9584,True,True,False,49,60
26923,wildfly_wildfly,MailSubsystem20TestCase.testRuntime,5,non-flaky,5,0.9591,5,0.9577,True,True,False,512,512
26924,wildfly_wildfly,MailSubsystem30TestCase.testSchemaOfSubsystemTemplates,5,non-flaky,5,0.9593,5,0.959,True,True,False,50,61
26925,wildfly_wildfly,MailSubsystem30TestCase.testRuntime,5,non-flaky,5,0.9596,5,0.9579,True,True,False,512,512
26926,wildfly_wildfly,MailSubsystemTestBase.testOperations,5,non-flaky,5,0.9543,5,0.9532,True,True,False,512,512
53127,cloudfoundry_uaa,UaaMetricsEmitterIT.assert_generic_metrics,5,non-flaky,5,0.9614,5,0.9564,True,True,False,268,317
53128,cloudfoundry_uaa,UaaMetricsScheduledTest.emittingMetrics_Is_Scheduled,5,non-flaky,5,0.9603,5,0.9598,True,True,False,100,115
53129,cloudfoundry_uaa,MBeanMapTests.testListDomain,5,non-flaky,5,0.9607,5,0.958,True,True,False,200,235
53130,cloudfoundry_uaa,UaaMetricsEmitterTests.auditService_metrics_emitted,5,non-flaky,5,0.9596,5,0.9592,True,True,False,363,406
53131,cloudfoundry_uaa,UaaMetricsEmitterTests.requestCount_metrics_emitted,5,non-flaky,5,0.9508,5,0.9488,True,True,False,512,512
53132,cloudfoundry_uaa,UaaMetricsEmitterTests.test_delta_method,5,non-flaky,5,0.9604,5,0.9598,True,True,False,140,163
53133,cloudfoundry_uaa,UaaMetricsEmitterTests.vm_vitals,5,non-flaky,5,0.9604,5,0.9604,True,True,False,246,277
53134,cloudfoundry_uaa,UaaMetricsEmitterTests.perUrlGroup_request_metrics,5,non-flaky,5,0.9585,5,0.9584,True,True,False,254,290
53135,cloudfoundry_uaa,UaaMetricsEmitterTests.testNotifications,5,non-flaky,5,0.9575,5,0.9558,True,True,False,100,119
53136,cloudfoundry_uaa,UaaMetricsEmitterTests.jvm_vitals,5,non-flaky,5,0.9599,5,0.9598,True,True,False,487,512
53137,cloudfoundry_uaa,UaaMetricsEmitterTests.auditService_metricValues_areNull,5,non-flaky,5,0.9592,5,0.9584,True,True,False,191,218
53138,cloudfoundry_uaa,UaaMetricsEmitterTests.auditService_Key_isNull,5,non-flaky,5,0.9597,5,0.9565,True,True,False,150,173
53139,cloudfoundry_uaa,ApiControllerTests.testNoUser,5,non-flaky,5,0.9608,5,0.9592,True,True,False,187,222
53140,cloudfoundry_uaa,ApiControllerTests.testWithUser,5,non-flaky,5,0.9606,5,0.9597,True,True,False,223,258
53141,cloudfoundry_uaa,AppsIntegrationTests.testHappyDay,5,non-flaky,5,0.9618,5,0.9607,True,True,False,299,365
53142,cloudfoundry_uaa,SamlConfigTest.testIsRequestSigned,5,non-flaky,5,0.9595,5,0.9588,True,True,False,46,57
53143,cloudfoundry_uaa,SamlConfigTest.legacy_key_is_part_of_map,5,non-flaky,5,0.9616,5,0.9601,True,True,False,241,284
53144,cloudfoundry_uaa,SamlConfigTest.addActiveKey,5,non-flaky,5,0.9613,5,0.9601,True,True,False,261,312
53145,cloudfoundry_uaa,SamlConfigTest.addNonActive,5,non-flaky,5,0.9613,5,0.9575,True,True,False,272,327
53146,cloudfoundry_uaa,SamlConfigTest.map_is_not_null_by_default,5,non-flaky,5,0.9608,5,0.9605,True,True,False,105,128
53147,cloudfoundry_uaa,SamlConfigTest.testIsWantAssertionSigned,5,non-flaky,5,0.9595,5,0.959,True,True,False,52,63
53148,cloudfoundry_uaa,SamlConfigTest.testSetKeyAndCert,5,non-flaky,5,0.9605,5,0.9593,True,True,False,124,151
53149,cloudfoundry_uaa,SamlConfigTest.read_old_json_works,5,non-flaky,5,0.9605,5,0.9593,True,True,False,110,133
53150,cloudfoundry_uaa,SamlConfigTest.to_json_ignores_legacy_values,5,non-flaky,5,0.961,5,0.9608,True,True,False,151,182
53151,cloudfoundry_uaa,SamlConfigTest.keys_are_not_modifiable,5,non-flaky,5,0.9593,5,0.9573,True,True,False,80,99
53152,cloudfoundry_uaa,SamlConfigTest.can_clear_keys,5,non-flaky,5,0.9611,5,0.9606,True,True,False,139,170
53153,cloudfoundry_uaa,TokenPolicyTest.json_has_expected_properties,5,non-flaky,5,0.9588,5,0.9423,True,True,False,339,412
53154,cloudfoundry_uaa,TokenPolicyTest.test_default_values,5,non-flaky,5,0.9597,5,0.9589,True,True,False,117,140
53155,cloudfoundry_uaa,TokenPolicyTest.nullSigningKey,5,non-flaky,5,0.9595,5,0.9592,True,True,False,81,96
53156,cloudfoundry_uaa,TokenPolicyTest.emptySigningKey,5,non-flaky,5,0.9597,5,0.9591,True,True,False,94,109
53157,cloudfoundry_uaa,TokenPolicyTest.nullKeyId,5,non-flaky,5,0.9596,5,0.9593,True,True,False,83,98
53158,cloudfoundry_uaa,TokenPolicyTest.emptyKeyId,5,non-flaky,5,0.9595,5,0.9592,True,True,False,82,97
53159,cloudfoundry_uaa,TokenPolicyTest.deserializationOfTokenPolicyWithVerificationKey_doesNotFail,5,non-flaky,5,0.96,5,0.9573,True,True,False,159,178
53160,cloudfoundry_uaa,TokenPolicyTest.tokenPolicy_whenInvalidUniquenessValue_throwsException,5,non-flaky,5,0.961,5,0.9595,True,True,False,128,161
53161,cloudfoundry_uaa,TokenPolicyTest.deserializationOfTokenPolicyWithNoActiveKeyIdWithMultipleKeys_doesNotFail,5,non-flaky,5,0.9597,5,0.9553,True,True,False,207,230
53162,cloudfoundry_uaa,ScimGroupTests.testDeSerializeWithoutDescription,5,non-flaky,5,0.9608,5,0.9607,True,True,False,135,162
53163,cloudfoundry_uaa,ScimGroupTests.testSerializeWithDescription,5,non-flaky,5,0.9598,5,0.9568,True,True,False,169,204
53164,cloudfoundry_uaa,ScimGroupTests.testPatch,5,non-flaky,5,0.9605,5,0.9605,True,True,False,99,122
53165,cloudfoundry_uaa,ScimGroupTests.testPatchZoneIdFails,5,non-flaky,5,0.9604,5,0.96,True,True,False,170,220
53166,cloudfoundry_uaa,ScimGroupTests.testPatchDeleteMetaAttributes,5,non-flaky,5,0.9612,5,0.9587,True,True,False,161,205
53167,cloudfoundry_uaa,ScimGroupTests.testDropDisplayName,5,non-flaky,5,0.9608,5,0.9594,True,True,False,200,252
53168,cloudfoundry_uaa,ScimGroupTests.cant_drop_zone_id,5,non-flaky,5,0.9589,5,0.9583,True,True,False,76,91
53169,cloudfoundry_uaa,ScimGroupTests.cant_drop_id,5,non-flaky,5,0.9591,5,0.9583,True,True,False,73,88
53170,cloudfoundry_uaa,ScimGroupTests.testDropAllMembers,5,non-flaky,5,0.9601,5,0.9588,True,True,False,131,158
53171,cloudfoundry_uaa,ScimGroupTests.testDropOneMembers,5,non-flaky,5,0.96,5,0.9591,True,True,False,172,211
53172,cloudfoundry_uaa,ScimGroupTests.testDropAllMembersUsingOperation,5,non-flaky,5,0.9603,5,0.9553,True,True,False,177,221
53173,cloudfoundry_uaa,ScimGroupTests.testAddAllMembers,5,non-flaky,5,0.9602,5,0.9571,True,True,False,125,157
53174,cloudfoundry_uaa,ScimGroupTests.testAddOneMember,5,non-flaky,5,0.9597,5,0.9551,True,True,False,128,160
53175,cloudfoundry_uaa,ScimGroupTests.test_toString,5,non-flaky,5,0.9599,5,0.9593,True,True,False,38,49
53176,cloudfoundry_uaa,JsonDateDeserializerTest.testParsing,5,non-flaky,5,0.9611,5,0.9563,True,True,False,128,143
53177,cloudfoundry_uaa,JsonDateDeserializerTest.testParsingParallel,5,non-flaky,5,0.945,5,0.9274,True,True,False,510,512
53178,cloudfoundry_uaa,JsonDateSerializerTest.testFormatting,5,non-flaky,5,0.9613,5,0.9584,True,True,False,201,236
53179,cloudfoundry_uaa,JsonDateSerializerTest.testFormattingParallel,5,non-flaky,5,0.9335,5,0.9366,True,True,False,512,512
53180,cloudfoundry_uaa,MfaProviderTest.testSerialize,5,non-flaky,5,0.961,5,0.9573,True,True,False,260,308
53181,cloudfoundry_uaa,MfaProviderTest.testDeserialize,5,non-flaky,5,0.962,5,0.961,True,True,False,512,512
53182,cloudfoundry_uaa,MfaProviderTest.testDeserializeInvalidType,5,non-flaky,5,0.9615,5,0.9583,True,True,False,423,500
53183,cloudfoundry_uaa,MfaProviderTest.validateProviderActiveSetDefaultToTrue,5,non-flaky,5,0.9598,5,0.9591,True,True,False,48,59
53184,cloudfoundry_uaa,GoogleMfaProviderConfigTest.testDefaultConfig,5,non-flaky,5,0.9595,5,0.9589,True,True,False,87,106
53185,cloudfoundry_uaa,OpenIdConfigurationTests.testDefaultClaims,5,non-flaky,5,0.9559,5,0.9585,True,True,False,512,512
53186,cloudfoundry_uaa,UserInfoResponseJsonTests.deserializeTest,5,non-flaky,5,0.9537,5,0.9596,True,True,False,512,512
53187,cloudfoundry_uaa,UserInfoResponseJsonTests.serializeTest,5,non-flaky,5,0.9605,5,0.9607,True,True,False,88,107
53188,cloudfoundry_uaa,ExternalIdentityProviderDefinitionTest.testEquals,5,non-flaky,5,0.9603,5,0.9583,True,True,False,167,207
53189,cloudfoundry_uaa,ExternalIdentityProviderDefinitionTest.testDefaultValueForStoreCustomAttributes,5,non-flaky,5,0.9597,5,0.9592,True,True,False,46,57
53190,cloudfoundry_uaa,ExternalIdentityProviderDefinitionTest.testEquals2,5,non-flaky,5,0.9597,5,0.9588,True,True,False,82,101
53191,cloudfoundry_uaa,OIDCIdentityProviderDefinitionTests.serialize_discovery_url,5,non-flaky,5,0.9607,5,0.9588,True,True,False,213,248
53192,cloudfoundry_uaa,OIDCIdentityProviderDefinitionTests.serialize_prompts,5,non-flaky,5,0.9588,5,0.9513,True,True,False,278,321
53193,cloudfoundry_uaa,TotpMfaEndpointIntegrationTests.testQRCodeScreen,5,non-flaky,5,0.9596,5,0.9574,True,True,False,168,214
53194,cloudfoundry_uaa,TotpMfaEndpointIntegrationTests.force_password_happens_after_MFA,5,non-flaky,5,0.9599,5,0.9536,True,True,False,293,381
53195,cloudfoundry_uaa,TotpMfaEndpointIntegrationTests.testQRCodeScreenAfterRegistrationDeletion,5,non-flaky,5,0.9596,5,0.9607,True,True,False,512,512
53196,cloudfoundry_uaa,TotpMfaEndpointIntegrationTests.testMfaRegisterPageWithoutLoggingIn,5,non-flaky,5,0.9593,5,0.9572,True,True,False,101,120
53197,cloudfoundry_uaa,TotpMfaEndpointIntegrationTests.testMfaVerifyPageWithoutLoggingIn,5,non-flaky,5,0.9595,5,0.9574,True,True,False,103,122
53198,cloudfoundry_uaa,TotpMfaEndpointIntegrationTests.testQRCodeValidation,5,non-flaky,5,0.9602,5,0.9582,True,True,False,225,270
53199,cloudfoundry_uaa,TotpMfaEndpointIntegrationTests.checkAccessForTotpPage,5,non-flaky,5,0.9588,5,0.9554,True,True,False,120,143
53200,cloudfoundry_uaa,TotpMfaEndpointIntegrationTests.testDisplayIdentityZoneNameOnRegisterPage,5,non-flaky,5,0.9599,5,0.9586,True,True,False,114,138
53201,cloudfoundry_uaa,TotpMfaEndpointIntegrationTests.testDisplayIdentityZoneNameOnVerifyPage,5,non-flaky,5,0.9604,5,0.9583,True,True,False,208,249
53202,cloudfoundry_uaa,TotpMfaEndpointIntegrationTests.testManualMfaRegistrationFlow,5,non-flaky,5,0.9605,5,0.9604,True,True,False,294,370
53203,cloudfoundry_uaa,TotpMfaEndpointIntegrationTests.testQRCodeScreen_ClickManualAndReturn,5,non-flaky,5,0.9604,5,0.9573,True,True,False,285,357
53204,cloudfoundry_uaa,TotpMfaEndpointIntegrationTests.testManualMfaRegistrationFlow_ClickBackAndManual,5,non-flaky,5,0.9611,5,0.9599,True,True,False,411,508
53205,cloudfoundry_uaa,TotpMfaEndpointIntegrationTests.testQRCodeScreen_ClickManualClickNextClickBack,5,non-flaky,5,0.9602,5,0.9593,True,True,False,362,456
53206,cloudfoundry_uaa,CfAuthenticationTests.testDefaultScopes,5,non-flaky,5,0.9617,5,0.96,True,True,False,306,349
53207,cloudfoundry_uaa,CfAuthenticationTests.testInvalidScopes,5,non-flaky,5,0.9615,5,0.9607,True,True,False,381,440
53208,cloudfoundry_uaa,ScimGroupEndpointsIntegrationTests.getGroupsWithoutAttributesReturnsAllData,5,non-flaky,5,0.961,5,0.9585,True,True,False,338,402
53209,cloudfoundry_uaa,ScimGroupEndpointsIntegrationTests.createGroupSucceeds,5,non-flaky,5,0.9607,5,0.9596,True,True,False,129,152
53210,cloudfoundry_uaa,ScimGroupEndpointsIntegrationTests.createGroupWithMembersSucceeds,5,non-flaky,5,0.9611,5,0.9574,True,True,False,314,374
53211,cloudfoundry_uaa,ScimGroupEndpointsIntegrationTests.createGroupWithInvalidMembersFailsCorrectly,5,non-flaky,5,0.9621,5,0.9605,True,True,False,446,512
53212,cloudfoundry_uaa,ScimGroupEndpointsIntegrationTests.createGroupWithMemberGroupSucceeds,5,non-flaky,5,0.9614,5,0.9609,True,True,False,281,338
53213,cloudfoundry_uaa,ScimGroupEndpointsIntegrationTests.createExistingGroupFailsCorrectly,5,non-flaky,5,0.9613,5,0.9604,True,True,False,162,189
53214,cloudfoundry_uaa,ScimGroupEndpointsIntegrationTests.deleteGroupUpdatesUser,5,non-flaky,5,0.9615,5,0.961,True,True,False,331,405
53215,cloudfoundry_uaa,ScimGroupEndpointsIntegrationTests.deleteNonExistentGroupFailsCorrectly,5,non-flaky,5,0.961,5,0.961,True,True,False,128,151
53216,cloudfoundry_uaa,ScimGroupEndpointsIntegrationTests.deleteMemberGroupUpdatesGroup,5,non-flaky,5,0.9608,5,0.9593,True,True,False,291,348
53217,cloudfoundry_uaa,ScimGroupEndpointsIntegrationTests.testDeleteMemberUserUpdatesGroups,5,non-flaky,5,0.961,5,0.9605,True,True,False,343,404
53218,cloudfoundry_uaa,ScimGroupEndpointsIntegrationTests.testUpdateGroupUpdatesMemberUsers,5,non-flaky,5,0.9615,5,0.9613,True,True,False,440,512
53219,cloudfoundry_uaa,ScimGroupEndpointsIntegrationTests.testAccessTokenReflectsGroupMembership,5,non-flaky,5,0.9602,5,0.96,True,True,False,218,268
53220,cloudfoundry_uaa,ScimGroupEndpointsIntegrationTests.testAccessTokenReflectsGroupMembershipForPasswordGrant,5,non-flaky,5,0.9604,5,0.96,True,True,False,223,273
53221,cloudfoundry_uaa,ScimGroupEndpointsIntegrationTests.testExtremeGroupPagination,5,non-flaky,5,0.9612,5,0.959,True,True,False,335,401
53222,cloudfoundry_uaa,SamlLoginIT.testContentTypes,5,non-flaky,5,0.9509,5,0.9544,True,True,False,512,512
53223,cloudfoundry_uaa,SamlLoginIT.testSimpleSamlPhpPasscodeRedirect,5,non-flaky,5,0.959,5,0.9585,True,True,False,57,68
53224,cloudfoundry_uaa,SamlLoginIT.testSimpleSamlLoginWithAddShadowUserOnLoginFalse,5,non-flaky,5,0.9609,5,0.9593,True,True,False,512,512
53225,cloudfoundry_uaa,SamlLoginIT.failureResponseFromSamlIDP_showErrorFromSaml,5,non-flaky,5,0.9603,5,0.9596,True,True,False,512,512
53226,cloudfoundry_uaa,SamlLoginIT.testSimpleSamlPhpLogin,5,non-flaky,5,0.9592,5,0.957,True,True,False,195,226
77619,pholser_junit-quickcheck,SizeConstrainedSetPropertyParameterTypesTest.shouldHold,5,non-flaky,5,0.9597,5,0.9599,True,True,False,89,100
77620,pholser_junit-quickcheck,SizeConstrainedSetPropertyParameterTypesTest.shouldHold,5,non-flaky,5,0.9597,5,0.9573,True,True,False,91,111
77621,pholser_junit-quickcheck,SizeConstrainedSetPropertyParameterTypesTest.shouldHold,5,non-flaky,5,0.9599,5,0.9603,True,True,False,89,100
77622,pholser_junit-quickcheck,DurationPropertyParameterTypesTest.shouldHold,5,non-flaky,5,0.9597,5,0.9578,True,True,False,41,48
77623,pholser_junit-quickcheck,DurationPropertyParameterTypesTest.shouldHold,5,non-flaky,5,0.9596,5,0.9583,True,True,False,45,52
77624,pholser_junit-quickcheck,DurationPropertyParameterTypesTest.shouldHold,5,non-flaky,5,0.9595,5,0.9584,True,True,False,46,53
77625,pholser_junit-quickcheck,DurationPropertyParameterTypesTest.shouldHold,5,non-flaky,5,0.9595,5,0.9584,True,True,False,46,53
77626,pholser_junit-quickcheck,DurationPropertyParameterTypesTest.shouldHold,5,non-flaky,5,0.9609,5,0.9599,True,True,False,179,211
77627,pholser_junit-quickcheck,DurationPropertyParameterTypesTest.shouldHold,5,non-flaky,5,0.961,5,0.96,True,True,False,177,209
77628,pholser_junit-quickcheck,DurationPropertyParameterTypesTest.shouldHold,5,non-flaky,5,0.9594,5,0.9581,True,True,False,45,52
77629,pholser_junit-quickcheck,DayOfWeekPropertyParameterTypesTest.shouldHold,5,non-flaky,5,0.9589,5,0.9582,True,True,False,45,52
77630,pholser_junit-quickcheck,MonthPropertyParameterTypesTest.shouldHold,5,non-flaky,5,0.9599,5,0.9582,True,True,False,41,48
77631,pholser_junit-quickcheck,PeriodPropertyParameterTypesTest.shouldHold,5,non-flaky,5,0.9596,5,0.9582,True,True,False,42,49
77632,pholser_junit-quickcheck,PeriodPropertyParameterTypesTest.shouldHold,5,non-flaky,5,0.9611,5,0.9596,True,True,False,230,266
77633,pholser_junit-quickcheck,PeriodPropertyParameterTypesTest.shouldHold,5,non-flaky,5,0.9595,5,0.9593,True,True,False,78,89
77634,pholser_junit-quickcheck,PeriodPropertyParameterTypesTest.shouldHold,5,non-flaky,5,0.9599,5,0.9592,True,True,False,81,92
77635,pholser_junit-quickcheck,PeriodPropertyParameterTypesTest.shouldHold,5,non-flaky,5,0.9609,5,0.9598,True,True,False,136,155
77636,pholser_junit-quickcheck,PeriodPropertyParameterTypesTest.shouldHold,5,non-flaky,5,0.9609,5,0.9599,True,True,False,135,154
77637,pholser_junit-quickcheck,PeriodPropertyParameterTypesTest.shouldHold,5,non-flaky,5,0.9595,5,0.9587,True,True,False,80,91
77638,pholser_junit-quickcheck,DistinctListPropertyParameterTypesTest.shouldHold,5,non-flaky,5,0.9591,5,0.9593,True,True,False,53,60
77639,pholser_junit-quickcheck,DistinctListPropertyParameterTypesTest.shouldHold,5,non-flaky,5,0.9591,5,0.9595,True,True,False,55,62
77640,pholser_junit-quickcheck,Primitive3DArrayPropertyParameterTypesTest.shouldHold,5,non-flaky,5,0.9598,5,0.959,True,True,False,57,64
77641,pholser_junit-quickcheck,Primitive3DArrayPropertyParameterTypesTest.shouldHold,5,non-flaky,5,0.9597,5,0.9589,True,True,False,55,62
77642,pholser_junit-quickcheck,Primitive3DArrayPropertyParameterTypesTest.shouldHold,5,non-flaky,5,0.9596,5,0.9589,True,True,False,55,62
77643,pholser_junit-quickcheck,Primitive3DArrayPropertyParameterTypesTest.shouldHold,5,non-flaky,5,0.9595,5,0.9588,True,True,False,53,60
77644,pholser_junit-quickcheck,Primitive3DArrayPropertyParameterTypesTest.shouldHold,5,non-flaky,5,0.9594,5,0.9588,True,True,False,55,62
77645,pholser_junit-quickcheck,Primitive3DArrayPropertyParameterTypesTest.shouldHold,5,non-flaky,5,0.9593,5,0.9586,True,True,False,53,60
77646,pholser_junit-quickcheck,Primitive3DArrayPropertyParameterTypesTest.shouldHold,5,non-flaky,5,0.9596,5,0.9591,True,True,False,55,62
77647,pholser_junit-quickcheck,Primitive3DArrayPropertyParameterTypesTest.shouldHold,5,non-flaky,5,0.9594,5,0.9589,True,True,False,53,60
77648,pholser_junit-quickcheck,Primitive3DArrayPropertyParameterTypesTest.shouldHold,5,non-flaky,5,0.9596,5,0.959,True,True,False,56,63
77649,pholser_junit-quickcheck,Primitive3DArrayPropertyParameterTypesTest.shouldHold,5,non-flaky,5,0.9594,5,0.9589,True,True,False,53,60
77650,pholser_junit-quickcheck,Primitive3DArrayPropertyParameterTypesTest.shouldHold,5,non-flaky,5,0.9597,5,0.9592,True,True,False,55,62
77651,pholser_junit-quickcheck,Primitive3DArrayPropertyParameterTypesTest.shouldHold,5,non-flaky,5,0.9595,5,0.9589,True,True,False,53,60
77652,pholser_junit-quickcheck,Primitive3DArrayPropertyParameterTypesTest.shouldHold,5,non-flaky,5,0.9595,5,0.959,True,True,False,55,62
77653,pholser_junit-quickcheck,Primitive3DArrayPropertyParameterTypesTest.shouldHold,5,non-flaky,5,0.9593,5,0.959,True,True,False,53,60
77654,pholser_junit-quickcheck,Primitive3DArrayPropertyParameterTypesTest.shouldHold,5,non-flaky,5,0.9595,5,0.9589,True,True,False,55,62
77655,pholser_junit-quickcheck,Primitive3DArrayPropertyParameterTypesTest.shouldHold,5,non-flaky,5,0.9593,5,0.9587,True,True,False,53,60
77656,pholser_junit-quickcheck,InstantPropertyParameterTypesTest.shouldHold,5,non-flaky,5,0.9598,5,0.9579,True,True,False,41,48
77657,pholser_junit-quickcheck,InstantPropertyParameterTypesTest.shouldHold,5,non-flaky,5,0.9597,5,0.9583,True,True,False,45,52
77658,pholser_junit-quickcheck,InstantPropertyParameterTypesTest.shouldHold,5,non-flaky,5,0.9596,5,0.9591,True,True,False,87,98
77659,pholser_junit-quickcheck,InstantPropertyParameterTypesTest.shouldHold,5,non-flaky,5,0.9599,5,0.9583,True,True,False,90,101
77660,pholser_junit-quickcheck,InstantPropertyParameterTypesTest.shouldHold,5,non-flaky,5,0.9609,5,0.9597,True,True,False,155,183
77661,pholser_junit-quickcheck,InstantPropertyParameterTypesTest.shouldHold,5,non-flaky,5,0.9606,5,0.9595,True,True,False,157,185
77662,pholser_junit-quickcheck,InstantPropertyParameterTypesTest.shouldHold,5,non-flaky,5,0.9594,5,0.9581,True,True,False,45,52
77663,pholser_junit-quickcheck,OffsetTimePropertyParameterTypesTest.shouldHold,5,non-flaky,5,0.9595,5,0.958,True,True,False,43,50
77664,pholser_junit-quickcheck,OffsetTimePropertyParameterTypesTest.shouldHold,5,non-flaky,5,0.9596,5,0.9584,True,True,False,46,53
77665,pholser_junit-quickcheck,OffsetTimePropertyParameterTypesTest.shouldHold,5,non-flaky,5,0.9595,5,0.9584,True,True,False,46,53
77666,pholser_junit-quickcheck,OffsetTimePropertyParameterTypesTest.shouldHold,5,non-flaky,5,0.9595,5,0.9584,True,True,False,46,53
77667,pholser_junit-quickcheck,OffsetTimePropertyParameterTypesTest.shouldHold,5,non-flaky,5,0.9595,5,0.9582,True,True,False,46,53
77668,pholser_junit-quickcheck,OffsetTimePropertyParameterTypesTest.shouldHold,5,non-flaky,5,0.9597,5,0.9586,True,True,False,45,52
77669,pholser_junit-quickcheck,OffsetTimePropertyParameterTypesTest.shouldHold,5,non-flaky,5,0.9597,5,0.9586,True,True,False,45,52
77670,pholser_junit-quickcheck,OffsetTimePropertyParameterTypesTest.shouldHold,5,non-flaky,5,0.9594,5,0.9581,True,True,False,45,52
77671,pholser_junit-quickcheck,ReferenceArrayPropertyParameterTypesTest.shouldHold,5,non-flaky,5,0.9594,5,0.9574,True,True,False,44,51
77672,pholser_junit-quickcheck,ReferenceArrayPropertyParameterTypesTest.shouldHold,5,non-flaky,5,0.9594,5,0.9593,True,True,False,53,60
77673,pholser_junit-quickcheck,PrimitivePropertyParameterTypesTest.shouldHold,5,non-flaky,5,0.9594,5,0.9577,True,True,False,44,51
77674,pholser_junit-quickcheck,PrimitivePropertyParameterTypesTest.shouldHold,5,non-flaky,5,0.9592,5,0.9574,True,True,False,44,51
77675,pholser_junit-quickcheck,PrimitivePropertyParameterTypesTest.shouldHold,5,non-flaky,5,0.9601,5,0.9586,True,True,False,67,78
77676,pholser_junit-quickcheck,PrimitivePropertyParameterTypesTest.shouldHold,5,non-flaky,5,0.96,5,0.9585,True,True,False,67,78
77677,pholser_junit-quickcheck,PrimitivePropertyParameterTypesTest.shouldHold,5,non-flaky,5,0.9594,5,0.9552,True,True,False,95,119
77678,pholser_junit-quickcheck,PrimitivePropertyParameterTypesTest.shouldHold,5,non-flaky,5,0.9594,5,0.9555,True,True,False,95,119
77679,pholser_junit-quickcheck,PrimitivePropertyParameterTypesTest.shouldHold,5,non-flaky,5,0.9596,5,0.9578,True,True,False,42,49
77680,pholser_junit-quickcheck,PrimitivePropertyParameterTypesTest.shouldHold,5,non-flaky,5,0.96,5,0.9602,True,True,False,105,116
77681,pholser_junit-quickcheck,PrimitivePropertyParameterTypesTest.shouldHold,5,non-flaky,5,0.96,5,0.9596,True,True,False,87,98
77682,pholser_junit-quickcheck,PrimitivePropertyParameterTypesTest.shouldHold,5,non-flaky,5,0.96,5,0.9597,True,True,False,87,98
77683,pholser_junit-quickcheck,PrimitivePropertyParameterTypesTest.shouldHold,5,non-flaky,5,0.9593,5,0.9561,True,True,False,92,112
77684,pholser_junit-quickcheck,PrimitivePropertyParameterTypesTest.shouldHold,5,non-flaky,5,0.9594,5,0.9563,True,True,False,92,112
77685,pholser_junit-quickcheck,PrimitivePropertyParameterTypesTest.shouldHold,5,non-flaky,5,0.959,5,0.9562,True,True,False,80,100
77686,pholser_junit-quickcheck,PrimitivePropertyParameterTypesTest.shouldHold,5,non-flaky,5,0.9594,5,0.9577,True,True,False,42,49
77687,pholser_junit-quickcheck,PrimitivePropertyParameterTypesTest.shouldHold,5,non-flaky,5,0.9602,5,0.9605,True,True,False,105,116
77688,pholser_junit-quickcheck,PrimitivePropertyParameterTypesTest.shouldHold,5,non-flaky,5,0.9599,5,0.9595,True,True,False,87,98
77689,pholser_junit-quickcheck,PrimitivePropertyParameterTypesTest.shouldHold,5,non-flaky,5,0.96,5,0.9597,True,True,False,87,98
77690,pholser_junit-quickcheck,PrimitivePropertyParameterTypesTest.shouldHold,5,non-flaky,5,0.9593,5,0.9577,True,True,False,42,49
77691,pholser_junit-quickcheck,PrimitivePropertyParameterTypesTest.shouldHold,5,non-flaky,5,0.9598,5,0.9602,True,True,False,103,114
77692,pholser_junit-quickcheck,PrimitivePropertyParameterTypesTest.shouldHold,5,non-flaky,5,0.9598,5,0.9591,True,True,False,93,104
77693,pholser_junit-quickcheck,PrimitivePropertyParameterTypesTest.shouldHold,5,non-flaky,5,0.9598,5,0.9593,True,True,False,93,104
77694,pholser_junit-quickcheck,PrimitivePropertyParameterTypesTest.shouldHold,5,non-flaky,5,0.9593,5,0.9561,True,True,False,94,114
77695,pholser_junit-quickcheck,PrimitivePropertyParameterTypesTest.shouldHold,5,non-flaky,5,0.9593,5,0.9578,True,True,False,42,49
77696,pholser_junit-quickcheck,PrimitivePropertyParameterTypesTest.shouldHold,5,non-flaky,5,0.9598,5,0.9599,True,True,False,101,112
77697,pholser_junit-quickcheck,PrimitivePropertyParameterTypesTest.shouldHold,5,non-flaky,5,0.9598,5,0.9597,True,True,False,91,102
77698,pholser_junit-quickcheck,PrimitivePropertyParameterTypesTest.shouldHold,5,non-flaky,5,0.9597,5,0.9599,True,True,False,91,102
77699,pholser_junit-quickcheck,PrimitivePropertyParameterTypesTest.shouldHold,5,non-flaky,5,0.9604,5,0.9604,True,True,False,102,117
77700,pholser_junit-quickcheck,PrimitivePropertyParameterTypesTest.shouldHold,5,non-flaky,5,0.9598,5,0.9597,True,True,False,105,116
77701,pholser_junit-quickcheck,PrimitivePropertyParameterTypesTest.shouldHold,5,non-flaky,5,0.9605,5,0.96,True,True,False,117,132
77702,pholser_junit-quickcheck,PrimitivePropertyParameterTypesTest.shouldHold,5,non-flaky,5,0.9607,5,0.96,True,True,False,118,133
77703,pholser_junit-quickcheck,PrimitivePropertyParameterTypesTest.shouldHold,5,non-flaky,5,0.9604,5,0.9604,True,True,False,102,117
77704,pholser_junit-quickcheck,PrimitivePropertyParameterTypesTest.shouldHold,5,non-flaky,5,0.9599,5,0.9598,True,True,False,104,115
77705,pholser_junit-quickcheck,PrimitivePropertyParameterTypesTest.shouldHold,5,non-flaky,5,0.9605,5,0.96,True,True,False,117,132
77706,pholser_junit-quickcheck,PrimitivePropertyParameterTypesTest.shouldHold,5,non-flaky,5,0.9606,5,0.9599,True,True,False,117,132
77707,pholser_junit-quickcheck,PrimitivePropertyParameterTypesTest.shouldHold,5,non-flaky,5,0.9599,5,0.9573,True,True,False,115,144
77708,pholser_junit-quickcheck,PrimitivePropertyParameterTypesTest.shouldHold,5,non-flaky,5,0.9601,5,0.9581,True,True,False,121,150
77709,pholser_junit-quickcheck,PrimitivePropertyParameterTypesTest.shouldHold,5,non-flaky,5,0.9591,5,0.9562,True,True,False,80,100
77710,pholser_junit-quickcheck,PrimitivePropertyParameterTypesTest.shouldHold,5,non-flaky,5,0.9604,5,0.9604,True,True,False,102,117
77711,pholser_junit-quickcheck,PrimitivePropertyParameterTypesTest.shouldHold,5,non-flaky,5,0.9599,5,0.9595,True,True,False,113,124
77712,pholser_junit-quickcheck,PrimitivePropertyParameterTypesTest.shouldHold,5,non-flaky,5,0.9608,5,0.959,True,True,False,123,138
77713,pholser_junit-quickcheck,PrimitivePropertyParameterTypesTest.shouldHold,5,non-flaky,5,0.9608,5,0.9598,True,True,False,120,135
77714,pholser_junit-quickcheck,PrimitivePropertyParameterTypesTest.shouldHold,5,non-flaky,5,0.9603,5,0.9603,True,True,False,102,117
77715,pholser_junit-quickcheck,PrimitivePropertyParameterTypesTest.shouldHold,5,non-flaky,5,0.9597,5,0.9597,True,True,False,110,121
77716,pholser_junit-quickcheck,PrimitivePropertyParameterTypesTest.shouldHold,5,non-flaky,5,0.9607,5,0.9599,True,True,False,122,137
77717,pholser_junit-quickcheck,PrimitivePropertyParameterTypesTest.shouldHold,5,non-flaky,5,0.9606,5,0.9599,True,True,False,118,133
77718,pholser_junit-quickcheck,PrimitivePropertyParameterTypesTest.shouldHold,5,non-flaky,5,0.9595,5,0.9554,True,True,False,100,120
86038,graylog2_graylog2-server,NotificationResourceHandlerTest.testExecution,5,non-flaky,5,0.9613,5,0.9608,True,True,False,300,353
86039,graylog2_graylog2-server,NotificationDtoTest.testValidateWithEmptyTitle,5,non-flaky,5,0.9604,5,0.9604,True,True,False,126,149
86040,graylog2_graylog2-server,NotificationDtoTest.testValidateWithEmptyConfig,5,non-flaky,5,0.9609,5,0.9593,True,True,False,211,250
86041,graylog2_graylog2-server,NotificationDtoTest.testValidateHttpWithEmptyConfigParameters,5,non-flaky,5,0.9606,5,0.9599,True,True,False,196,231
86042,graylog2_graylog2-server,NotificationDtoTest.testValidateEmailWithEmptyConfigParameters,5,non-flaky,5,0.9613,5,0.9606,True,True,False,281,328
86043,graylog2_graylog2-server,NotificationDtoTest.testValidateLegacyWithEmptyConfigParameters,5,non-flaky,5,0.961,5,0.9602,True,True,False,233,272
86044,graylog2_graylog2-server,NotificationDtoTest.testValidHttpNotification,5,non-flaky,5,0.96,5,0.9599,True,True,False,119,147
86045,graylog2_graylog2-server,NotificationDtoTest.testValidEmailNotification,5,non-flaky,5,0.96,5,0.9598,True,True,False,119,147
86046,graylog2_graylog2-server,NotificationDtoTest.testValidLegacyNotification,5,non-flaky,5,0.96,5,0.9596,True,True,False,121,149
86047,graylog2_graylog2-server,EventProcessorDependencyCheckTest.canProcessTimerange,5,non-flaky,5,0.9333,5,0.9251,True,True,False,512,512
86048,graylog2_graylog2-server,EventProcessorDependencyCheckTest.hasMessagesIndexedUpTo,5,non-flaky,5,0.9347,5,0.8551,True,True,False,343,410
86049,graylog2_graylog2-server,NotificationGracePeriodServiceTest.falseWithDisabledGracePeriod,5,non-flaky,5,0.961,5,0.96,True,True,False,240,289
86050,graylog2_graylog2-server,NotificationGracePeriodServiceTest.withinGracePeriod,5,non-flaky,5,0.9557,5,0.9414,True,True,False,309,370
86051,graylog2_graylog2-server,NotificationGracePeriodServiceTest.outsideGracePeriod,5,non-flaky,5,0.9558,5,0.9425,True,True,False,309,370
86052,graylog2_graylog2-server,NotificationGracePeriodServiceTest.insideThenInsideGracePeriod,5,non-flaky,5,0.9509,5,0.9389,True,True,False,330,392
86053,graylog2_graylog2-server,NotificationGracePeriodServiceTest.insideOutsideInsideGracePeriod,5,non-flaky,5,0.9474,5,0.9346,True,True,False,401,471
86054,graylog2_graylog2-server,NotificationGracePeriodServiceTest.differentKey,5,non-flaky,5,0.956,5,0.9477,True,True,False,306,367
86055,graylog2_graylog2-server,NotificationGracePeriodServiceTest.differentNotification,5,non-flaky,5,0.9552,5,0.9439,True,True,False,307,368
86056,graylog2_graylog2-server,NotificationGracePeriodServiceTest.emptyKey,5,non-flaky,5,0.9522,5,0.9435,True,True,False,297,358
86057,graylog2_graylog2-server,AggregationFunctionTest.testFunctionMapping,5,non-flaky,5,0.9605,5,0.9577,True,True,False,253,296
86058,graylog2_graylog2-server,AggregationFunctionTest.fieldRequirements,5,non-flaky,5,0.9537,5,0.9557,True,True,False,512,512
86059,graylog2_graylog2-server,AggregationEventProcessorConfigTest.toJobSchedulerConfig,5,non-flaky,5,0.9585,5,0.9559,True,True,False,512,512
86060,graylog2_graylog2-server,AggregationEventProcessorConfigTest.testValidateWithInvalidTimeRange,5,non-flaky,5,0.9613,5,0.9604,True,True,False,301,371
86061,graylog2_graylog2-server,AggregationEventProcessorConfigTest.testValidateWithInvalidExecutionTime,5,non-flaky,5,0.9602,5,0.9596,True,True,False,302,372
86062,graylog2_graylog2-server,AggregationEventProcessorConfigTest.testValidateWithIncompleteAggregationOptions,5,non-flaky,5,0.9613,5,0.9601,True,True,False,408,512
86063,graylog2_graylog2-server,AggregationEventProcessorConfigTest.testValidConfiguration,5,non-flaky,5,0.9594,5,0.9584,True,True,False,95,114
86064,graylog2_graylog2-server,AggregationEventProcessorConfigTest.testValidFilterConfiguration,5,non-flaky,5,0.9606,5,0.9598,True,True,False,177,217
86065,graylog2_graylog2-server,AggregationEventProcessorConfigTest.testValidAggregationConfiguration,5,non-flaky,5,0.9604,5,0.9604,True,True,False,207,251
86066,graylog2_graylog2-server,AggregationEventProcessorConfigTest.requiredPermissions,5,non-flaky,5,0.9602,5,0.9599,True,True,False,117,136
86067,graylog2_graylog2-server,AggregationEventProcessorConfigTest.requiredPermissionsWithEmptyStreams,5,non-flaky,5,0.96,5,0.9597,True,True,False,108,127
86068,graylog2_graylog2-server,AggregationEventProcessorTest.testEventsFromAggregationResult,5,non-flaky,5,0.9506,5,0.952,True,True,False,512,512
86069,graylog2_graylog2-server,AggregationEventProcessorTest.testEventsFromAggregationResultWithConditions,5,non-flaky,5,0.9439,5,0.9426,True,True,False,512,512
86070,graylog2_graylog2-server,AggregationEventProcessorTest.createEventsWithFilter,5,non-flaky,5,0.9465,5,0.9561,True,True,False,512,512
86071,graylog2_graylog2-server,AggregationEventProcessorTest.createEventsWithoutRequiredMessagesBeingIndexed,5,non-flaky,5,0.9531,5,0.9536,True,True,False,512,512
86072,graylog2_graylog2-server,AggregationEventProcessorTest.testEventsFromAggregationResultWithEmptyResultUsesEventDefinitionStreamAsSourceStreams,5,non-flaky,5,0.953,5,0.9533,True,True,False,512,512
86073,graylog2_graylog2-server,AggregationEventProcessorTest.testEventsFromAggregationResultWithEmptyResultAndNoConfiguredStreamsUsesAllStreamsAsSourceStreams,5,non-flaky,5,0.9442,5,0.9459,True,True,False,512,512
86074,graylog2_graylog2-server,PivotAggregationSearchTest.testExtractValuesWithGroupBy,5,non-flaky,5,0.9541,5,0.9543,True,True,False,512,512
86075,graylog2_graylog2-server,PivotAggregationSearchTest.testExtractValuesWithoutGroupBy,5,non-flaky,5,0.9533,5,0.9539,True,True,False,512,512
86076,graylog2_graylog2-server,PivotAggregationSearchTest.testExtractValuesWithNullValues,5,non-flaky,5,0.9535,5,0.9548,True,True,False,512,512
86077,graylog2_graylog2-server,PivotAggregationSearchTest.testDateRangeBucketWithOneTumblingWindow,5,non-flaky,5,0.943,5,0.9327,True,True,False,242,286
86078,graylog2_graylog2-server,PivotAggregationSearchTest.testDateRangeBucketWithCatchUpTumblingWindows,5,non-flaky,5,0.9353,5,0.918,True,True,False,417,481
86079,graylog2_graylog2-server,PivotAggregationSearchTest.testDateRangeBucketWithSlidingWindow,5,non-flaky,5,0.9416,5,0.9319,True,True,False,267,319
86080,graylog2_graylog2-server,PivotAggregationSearchTest.testDateRangeBucketWithCatchUpSlidingWindows,5,non-flaky,5,0.9217,5,0.9137,True,True,False,498,512
86081,graylog2_graylog2-server,EventDefinitionHandlerTest.create,5,non-flaky,5,0.9226,5,0.9341,True,True,False,512,512
86082,graylog2_graylog2-server,EventDefinitionHandlerTest.createWithoutSchedule,5,non-flaky,5,0.9311,5,0.938,True,True,False,512,512
86083,graylog2_graylog2-server,EventDefinitionHandlerTest.update,5,non-flaky,5,0.9269,5,0.9452,True,True,False,512,512
86084,graylog2_graylog2-server,EventDefinitionHandlerTest.updateWithSchedulingDisabled,5,non-flaky,5,0.9264,5,0.9362,True,True,False,512,512
86085,graylog2_graylog2-server,EventDefinitionHandlerTest.updateWithSchedulingReEnabled,5,non-flaky,5,0.9415,5,0.9253,True,True,False,512,512
86086,graylog2_graylog2-server,EventDefinitionHandlerTest.updateWithErrors,5,non-flaky,5,0.9596,5,0.9595,True,True,False,512,512
86087,graylog2_graylog2-server,EventDefinitionHandlerTest.delete,5,non-flaky,5,0.9606,5,0.961,True,True,False,247,292
86088,graylog2_graylog2-server,EventDefinitionHandlerTest.schedule,5,non-flaky,5,0.9583,5,0.9581,True,True,False,512,512
86089,graylog2_graylog2-server,EventDefinitionHandlerTest.scheduleWithMissingEventDefinition,5,non-flaky,5,0.9601,5,0.9572,True,True,False,170,211
86090,graylog2_graylog2-server,EventDefinitionHandlerTest.unschedule,5,non-flaky,5,0.9607,5,0.961,True,True,False,278,336
86091,graylog2_graylog2-server,EventDefinitionHandlerTest.unscheduleWithMissingEventDefinition,5,non-flaky,5,0.9605,5,0.9576,True,True,False,173,214
86092,graylog2_graylog2-server,EventDefinitionDtoTest.testValidateWithEmptyTitle,5,non-flaky,5,0.9605,5,0.9595,True,True,False,151,182
86093,graylog2_graylog2-server,EventDefinitionDtoTest.testValidateWithEmptyConfigType,5,non-flaky,5,0.9602,5,0.9584,True,True,False,161,192
86094,graylog2_graylog2-server,EventDefinitionDtoTest.testValidateWithInvalidConfig,5,non-flaky,5,0.9607,5,0.9603,True,True,False,254,306
86095,graylog2_graylog2-server,EventDefinitionDtoTest.testValidateWithInvalidFieldName,5,non-flaky,5,0.9601,5,0.953,True,True,False,319,370
86096,graylog2_graylog2-server,EventDefinitionDtoTest.testValidateWithKeySpecNotInFieldSpec,5,non-flaky,5,0.9606,5,0.9599,True,True,False,228,267
86097,graylog2_graylog2-server,EventDefinitionDtoTest.testValidEventDefinition,5,non-flaky,5,0.9597,5,0.9589,True,True,False,96,115
86098,graylog2_graylog2-server,EventDefinitionDtoTest.testValidEventDefinitionWithKeySpecInFieldSpec,5,non-flaky,5,0.9604,5,0.9596,True,True,False,230,269
86099,graylog2_graylog2-server,EventProcessorDtoTest.type,5,non-flaky,5,0.9607,5,0.9585,True,True,False,118,141
86100,graylog2_graylog2-server,DBEventProcessorServiceTest.loadPersisted,5,non-flaky,5,0.9569,5,0.9576,True,True,False,512,512
86101,graylog2_graylog2-server,DBEventProcessorServiceTest.save,5,non-flaky,5,0.9194,5,0.9207,True,True,False,512,512
86102,graylog2_graylog2-server,DBEventProcessorStateServiceTest.persistence,5,non-flaky,5,0.9284,5,0.94,True,True,False,512,512
86103,graylog2_graylog2-server,DBEventProcessorStateServiceTest.loading,5,non-flaky,5,0.9604,5,0.955,True,True,False,281,321
86104,graylog2_graylog2-server,DBEventProcessorStateServiceTest.findByEventProcessorId,5,non-flaky,5,0.9609,5,0.9585,True,True,False,254,308
86105,graylog2_graylog2-server,DBEventProcessorStateServiceTest.findByEventProcessorsAndMaxTimestamp,5,non-flaky,5,0.9245,5,0.937,True,True,False,512,512
86106,graylog2_graylog2-server,DBEventProcessorStateServiceTest.setState,5,non-flaky,5,0.9319,5,0.9406,True,True,False,512,512
86107,graylog2_graylog2-server,DBEventProcessorStateServiceTest.setStateKeepsMinMaxTimestamp,5,non-flaky,5,0.9293,5,0.9409,True,True,False,512,512
86108,graylog2_graylog2-server,DBEventProcessorStateServiceTest.deleteByEventProcessorId,5,non-flaky,5,0.959,5,0.9591,True,True,False,98,113
86109,graylog2_graylog2-server,NotificationFacadeTest.exportEntity,5,non-flaky,5,0.9617,5,0.9582,True,True,False,337,388
86110,graylog2_graylog2-server,NotificationFacadeTest.createNativeEntity,5,non-flaky,5,0.9616,5,0.9611,True,True,False,410,492
86111,graylog2_graylog2-server,NotificationFacadeTest.loadNativeEntity,5,non-flaky,5,0.9618,5,0.961,True,True,False,340,395
86112,graylog2_graylog2-server,NotificationFacadeTest.createExcerpt,5,non-flaky,5,0.9612,5,0.9604,True,True,False,230,265
86113,graylog2_graylog2-server,NotificationFacadeTest.listExcerpts,5,non-flaky,5,0.9609,5,0.961,True,True,False,171,198
86114,graylog2_graylog2-server,NotificationFacadeTest.delete,5,non-flaky,5,0.9602,5,0.9592,True,True,False,201,250
86115,graylog2_graylog2-server,EventDefinitionFacadeTest.exportEntity,5,non-flaky,5,0.9608,5,0.9588,True,True,False,448,512
86116,graylog2_graylog2-server,EventDefinitionFacadeTest.exportEntityWithoutScheduling,5,non-flaky,5,0.9613,5,0.9595,True,True,False,441,512
86117,graylog2_graylog2-server,EventDefinitionFacadeTest.createNativeEntity,5,non-flaky,5,0.9564,5,0.9559,True,True,False,512,512
86118,graylog2_graylog2-server,EventDefinitionFacadeTest.loadNativeEntity,5,non-flaky,5,0.962,5,0.9615,True,True,False,345,396
86119,graylog2_graylog2-server,EventDefinitionFacadeTest.createExcerpt,5,non-flaky,5,0.9614,5,0.9604,True,True,False,231,266
86120,graylog2_graylog2-server,EventDefinitionFacadeTest.listExcerpts,5,non-flaky,5,0.961,5,0.9611,True,True,False,172,199
86121,graylog2_graylog2-server,EventDefinitionFacadeTest.delete,5,non-flaky,5,0.9602,5,0.9592,True,True,False,203,252
86122,graylog2_graylog2-server,EventDefinitionFacadeTest.resolveNativeEntity,5,non-flaky,5,0.9613,5,0.9539,True,True,False,283,326
86123,graylog2_graylog2-server,EventDefinitionFacadeTest.resolveForInstallation,5,non-flaky,5,0.9537,5,0.9581,True,True,False,512,512
86124,graylog2_graylog2-server,LegacyAlertConditionMigratorTest.run,5,non-flaky,5,0.9581,5,0.9585,True,True,False,512,512
86125,graylog2_graylog2-server,LegacyAlertConditionMigratorTest.runWithMigrationStatus,5,non-flaky,5,0.9603,5,0.9586,True,True,False,512,512
86126,graylog2_graylog2-server,LookupTableFieldValueProviderTest.testWithMessageContext,5,non-flaky,5,0.9609,5,0.9594,True,True,False,271,343
86127,graylog2_graylog2-server,LookupTableFieldValueProviderTest.testWithEventContext,5,non-flaky,5,0.9609,5,0.9601,True,True,False,292,378
86128,graylog2_graylog2-server,LookupTableFieldValueProviderTest.testWithMissingLookupTable,5,non-flaky,5,0.9607,5,0.9581,True,True,False,251,305
86129,graylog2_graylog2-server,TemplateFieldValueProviderTest.templateWithMessageContext,5,non-flaky,5,0.9604,5,0.9594,True,True,False,141,174
86130,graylog2_graylog2-server,TemplateFieldValueProviderTest.templateWithEventContext,5,non-flaky,5,0.9609,5,0.9599,True,True,False,171,222
86131,graylog2_graylog2-server,TemplateFieldValueProviderTest.templateWithError,5,non-flaky,5,0.9605,5,0.9605,True,True,False,146,179
86132,graylog2_graylog2-server,TemplateFieldValueProviderTest.templateCalculation,5,non-flaky,5,0.9612,5,0.9606,True,True,False,152,189
86133,graylog2_graylog2-server,TemplateFieldValueProviderTest.templateNumberFormatting,5,non-flaky,5,0.9604,5,0.9592,True,True,False,165,198
86134,graylog2_graylog2-server,TemplateFieldValueProviderTest.templateDateFormatting,5,non-flaky,5,0.961,5,0.9589,True,True,False,175,208
86135,graylog2_graylog2-server,TemplateFieldValueProviderTest.templateBooleanFormatting,5,non-flaky,5,0.9608,5,0.9594,True,True,False,141,174
86136,graylog2_graylog2-server,ESMongoDateTimeDeserializerTest.deserializeDateTime,5,non-flaky,5,0.961,5,0.9579,True,True,False,130,149
86137,graylog2_graylog2-server,ESMongoDateTimeDeserializerTest.deserializeIsoDateTime,5,non-flaky,5,0.9608,5,0.9572,True,True,False,133,152
92592,FasterXML_jackson-databind,TestTypeFactoryWithClassLoader.testUsesCorrectClassLoaderWhenThreadClassLoaderIsNull,5,non-flaky,5,0.9603,5,0.9596,True,True,False,219,262
92593,FasterXML_jackson-databind,TestTypeFactoryWithClassLoader.testUsesCorrectClassLoaderWhenThreadClassLoaderIsNotNull,5,non-flaky,5,0.958,5,0.9602,True,True,False,183,216
92594,FasterXML_jackson-databind,TestTypeFactoryWithClassLoader.testCallingOnlyWithModifierGivesExpectedResults,5,non-flaky,4,0.9447,5,0.9395,False,True,True,80,97
92595,FasterXML_jackson-databind,TestTypeFactoryWithClassLoader.testCallingOnlyWithClassLoaderGivesExpectedResults,5,non-flaky,4,0.9383,5,0.953,False,True,True,77,94
92596,FasterXML_jackson-databind,TestTypeFactoryWithClassLoader.testDefaultTypeFactoryNotAffectedByWithConstructors,5,non-flaky,4,0.9366,5,0.9272,False,True,True,135,160
92597,FasterXML_jackson-databind,TestTypeFactoryWithClassLoader.testSetsTheCorrectClassLoderIfUsingWithModifierFollowedByWithClassLoader,5,non-flaky,4,0.9455,5,0.9503,False,True,True,76,89
92598,FasterXML_jackson-databind,TestTypeFactoryWithClassLoader.testSetsTheCorrectClassLoderIfUsingWithClassLoaderFollowedByWithModifier,5,non-flaky,4,0.9442,5,0.9513,False,True,True,76,89
92599,FasterXML_jackson-databind,TestTypeFactoryWithClassLoader.testThreadContextClassLoaderIsUsedIfNotUsingWithClassLoader,5,non-flaky,4,0.933,5,0.9477,False,True,True,128,153
92600,FasterXML_jackson-databind,TestTypeFactoryWithClassLoader.testUsesFallBackClassLoaderIfNoThreadClassLoaderAndNoWithClassLoader,5,non-flaky,4,0.9413,5,0.9485,False,True,True,153,186
92601,FasterXML_jackson-databind,ImmutablesTypeSerializationTest.testImmutablesSimpleDeserialization,5,non-flaky,5,0.9607,5,0.9601,True,True,False,162,193
92602,FasterXML_jackson-databind,ImmutablesTypeSerializationTest.testImmutablesSimpleRoundTrip,5,non-flaky,5,0.9608,5,0.9607,True,True,False,175,210
92603,FasterXML_jackson-databind,ImmutablesTypeSerializationTest.testImmutablesSimpleGenericDeserialization,5,non-flaky,5,0.9609,5,0.9594,True,True,False,282,329
92604,FasterXML_jackson-databind,ImmutablesTypeSerializationTest.testImmutablesSimpleGenericRoundTrip,5,non-flaky,5,0.9612,5,0.959,True,True,False,259,302
92605,FasterXML_jackson-databind,ImmutablesTypeSerializationTest.testImmutablesMultipleTypeParametersDeserialization,5,non-flaky,5,0.9559,5,0.961,True,True,False,512,512
92606,FasterXML_jackson-databind,ImmutablesTypeSerializationTest.testImmutablesMultipleTypeParametersRoundTrip,5,non-flaky,5,0.9618,5,0.9615,True,True,False,489,512
92607,FasterXML_jackson-databind,ObjectReaderValueOfWithValueTypeTest.testValueOfStringWithValueType,5,non-flaky,5,0.9599,5,0.9596,True,True,False,212,261
92608,FasterXML_jackson-databind,ObjectReaderValueOfWithValueTypeTest.testValueOfByteArrayWithValueType,5,non-flaky,5,0.9609,5,0.9603,True,True,False,220,269
92609,FasterXML_jackson-databind,ObjectReaderValueOfWithValueTypeTest.testValueOfDataInputWithValueType,5,non-flaky,5,0.9604,5,0.9595,True,True,False,232,281
92610,FasterXML_jackson-databind,ObjectReaderValueOfWithValueTypeTest.testValueOfFileWithValueType,5,non-flaky,5,0.9599,5,0.9585,True,True,False,216,265
92611,FasterXML_jackson-databind,ObjectReaderValueOfWithValueTypeTest.testValueOfInputStreamWithValueType,5,non-flaky,5,0.961,5,0.9601,True,True,False,226,275
92612,FasterXML_jackson-databind,ObjectReaderValueOfWithValueTypeTest.testValueOfJsonNodeWithValueType,5,non-flaky,5,0.9612,5,0.9593,True,True,False,225,274
92613,FasterXML_jackson-databind,ObjectReaderValueOfWithValueTypeTest.testValueOfReaderWithValueType,5,non-flaky,5,0.9607,5,0.9605,True,True,False,217,266
92614,FasterXML_jackson-databind,ObjectReaderValueOfWithValueTypeTest.testValueOfURLWithValueType,5,non-flaky,5,0.9601,5,0.9591,True,True,False,221,270
92615,FasterXML_jackson-databind,TestPropertyCreatorSubtypesExternalPropertyMissingProperty.testDeserializationPresent,5,non-flaky,5,0.959,5,0.9563,True,True,False,106,134
92616,FasterXML_jackson-databind,TestPropertyCreatorSubtypesExternalPropertyMissingProperty.testDeserializationNull,5,non-flaky,5,0.9604,5,0.9567,True,True,False,134,162
92617,FasterXML_jackson-databind,TestPropertyCreatorSubtypesExternalPropertyMissingProperty.testDeserializationEmpty,5,non-flaky,5,0.9604,5,0.958,True,True,False,134,162
92618,FasterXML_jackson-databind,TestPropertyCreatorSubtypesExternalPropertyMissingProperty.testDeserializationMissing,5,non-flaky,5,0.9606,5,0.9591,True,True,False,132,160
92619,FasterXML_jackson-databind,TestSubtypesExternalPropertyMissingProperty.testDeserializationPresent,5,non-flaky,5,0.96,5,0.9587,True,True,False,168,204
92620,FasterXML_jackson-databind,TestSubtypesExternalPropertyMissingProperty.testDeserializationNull,5,non-flaky,5,0.9611,5,0.9617,True,True,False,196,232
92621,FasterXML_jackson-databind,TestSubtypesExternalPropertyMissingProperty.testDeserializationEmpty,5,non-flaky,5,0.9609,5,0.9617,True,True,False,196,232
92622,FasterXML_jackson-databind,TestSubtypesExternalPropertyMissingProperty.testDeserializationMissing,5,non-flaky,5,0.9611,5,0.9615,True,True,False,200,236
92623,FasterXML_jackson-databind,TestSubtypesExternalPropertyMissingProperty.testDeserializationMissingRequired,5,non-flaky,5,0.961,5,0.9615,True,True,False,213,249
94601,square_okhttp,UrlConnectionCacheTest.gzip,5,non-flaky,5,0.9585,5,0.9571,True,True,False,94,121
94602,square_okhttp,OkUrlFactoryTest.setInstanceFollowRedirectsFalse,5,non-flaky,5,0.9528,5,0.9442,True,True,False,175,227
94603,square_okhttp,OkUrlFactoryTest.checkURLPermitted,5,non-flaky,5,0.9584,5,0.9548,True,True,False,160,203
94604,square_okhttp,OkUrlFactoryTest.checkURLPermitted,5,non-flaky,5,0.9579,5,0.9546,True,True,False,291,367
94605,square_okhttp,URLEncodingTest.get,5,non-flaky,5,0.958,5,0.9537,True,True,False,84,99
94606,square_okhttp,CookiesTest.testNetscapeResponse,5,non-flaky,5,0.9608,5,0.9595,True,True,False,455,512
94607,square_okhttp,CookiesTest.put,5,non-flaky,5,0.9584,5,0.9569,True,True,False,53,60
94608,square_okhttp,CacheTest.assertCookies,5,non-flaky,5,0.9594,5,0.9348,True,True,False,137,164
94609,square_okhttp,CacheTest.intercept,5,non-flaky,5,0.9582,5,0.9502,True,True,False,113,128
94610,square_okhttp,CacheTest.intercept,5,non-flaky,5,0.9578,5,0.9532,True,True,False,76,87
94611,square_okhttp,CacheTest.gzip,5,non-flaky,5,0.9589,5,0.9576,True,True,False,99,126
94612,square_okhttp,MultipartBodyTest.contentType,5,non-flaky,5,0.9591,5,0.9574,True,True,False,50,61
94613,square_okhttp,URLConnectionTest.createSocket,5,non-flaky,5,0.9577,5,0.9559,True,True,False,97,116
94614,square_okhttp,URLConnectionTest.select,5,non-flaky,5,0.9588,5,0.9553,True,True,False,168,195
94615,square_okhttp,URLConnectionTest.intercept,5,non-flaky,5,0.9581,5,0.9543,True,True,False,58,69
94616,square_okhttp,URLConnectionTest.lookup,5,non-flaky,5,0.9568,5,0.952,True,True,False,73,84
94617,square_okhttp,URLConnectionTest.lookup,5,non-flaky,5,0.9564,5,0.9522,True,True,False,73,84
94618,square_okhttp,URLConnectionTest.gzip,5,non-flaky,5,0.9587,5,0.9577,True,True,False,107,134
94619,square_okhttp,InterceptorTest.intercept,5,non-flaky,5,0.9584,5,0.9547,True,True,False,74,85
94620,square_okhttp,InterceptorTest.intercept,5,non-flaky,5,0.9584,5,0.9546,True,True,False,199,234
94621,square_okhttp,InterceptorTest.intercept,5,non-flaky,5,0.9576,5,0.9503,True,True,False,84,99
94622,square_okhttp,InterceptorTest.intercept,5,non-flaky,5,0.9584,5,0.9572,True,True,False,176,207
94623,square_okhttp,InterceptorTest.intercept,5,non-flaky,5,0.9569,5,0.9546,True,True,False,92,111
94624,square_okhttp,InterceptorTest.intercept,5,non-flaky,5,0.9606,5,0.9606,True,True,False,263,315
94625,square_okhttp,InterceptorTest.intercept,5,non-flaky,5,0.9596,5,0.9585,True,True,False,220,259
94626,square_okhttp,InterceptorTest.intercept,5,non-flaky,5,0.9591,5,0.9558,True,True,False,152,179
94627,square_okhttp,InterceptorTest.intercept,5,non-flaky,5,0.9587,5,0.9544,True,True,False,150,177
94628,square_okhttp,InterceptorTest.intercept,5,non-flaky,5,0.9577,5,0.9543,True,True,False,188,223
94629,square_okhttp,InterceptorTest.intercept,5,non-flaky,5,0.9584,5,0.9552,True,True,False,121,144
94630,square_okhttp,InterceptorTest.intercept,5,non-flaky,5,0.9556,5,0.9466,True,True,False,123,142
94631,square_okhttp,InterceptorTest.intercept,5,non-flaky,5,0.9579,5,0.9414,True,True,False,247,291
94632,square_okhttp,InterceptorTest.intercept,5,non-flaky,5,0.9442,5,0.8894,True,True,False,356,425
94633,square_okhttp,InterceptorTest.intercept,5,non-flaky,5,0.958,5,0.9543,True,True,False,64,75
94634,square_okhttp,InterceptorTest.intercept,5,non-flaky,5,0.9583,5,0.951,True,True,False,109,128
94635,square_okhttp,InterceptorTest.intercept,5,non-flaky,5,0.9582,5,0.9546,True,True,False,64,75
94636,square_okhttp,InterceptorTest.intercept,5,non-flaky,5,0.9571,5,0.9527,True,True,False,71,86
94637,square_okhttp,InterceptorTest.intercept,5,non-flaky,5,0.957,5,0.9525,True,True,False,71,86
94638,square_okhttp,InterceptorTest.intercept,5,non-flaky,5,0.9564,5,0.9507,True,True,False,93,112
94639,square_okhttp,ResponseTest.close,5,non-flaky,5,0.9572,5,0.9547,True,True,False,52,63
94640,square_okhttp,SocksProxyTest.select,5,non-flaky,5,0.9589,5,0.9563,True,True,False,63,74
94641,square_okhttp,DispatcherTest.intercept,5,non-flaky,5,0.9453,5,0.9094,True,True,False,211,246
94642,square_okhttp,DispatcherTest.run,5,non-flaky,5,0.9583,5,0.9562,True,True,False,55,66
94643,square_okhttp,OkHttpClientTest.intercept,5,non-flaky,5,0.958,5,0.9542,True,True,False,65,76
94644,square_okhttp,ConnectionReuseTest.intercept,5,non-flaky,5,0.9584,5,0.9557,True,True,False,128,151
94645,square_okhttp,ConnectionSpecSelectorTest.nonRetryableIOException,5,non-flaky,5,0.9574,5,0.9477,True,True,False,179,223
94646,square_okhttp,ConnectionSpecSelectorTest.nonRetryableSSLHandshakeException,5,non-flaky,5,0.9584,5,0.9533,True,True,False,212,264
94647,square_okhttp,ConnectionSpecSelectorTest.retryableSSLHandshakeException,5,non-flaky,5,0.9579,5,0.9513,True,True,False,169,209
94648,square_okhttp,ConnectionSpecSelectorTest.someFallbacksSupported,5,non-flaky,5,0.9584,5,0.9519,True,True,False,455,512
94649,square_okhttp,RouteSelectorTest.select,5,non-flaky,5,0.9588,5,0.9569,True,True,False,76,91
94650,square_okhttp,RelayTest.call,5,non-flaky,5,0.9577,5,0.9465,True,True,False,112,139
94651,square_okhttp,Jdk9PlatformTest.buildsWhenJdk9,5,non-flaky,5,0.9588,5,0.9562,True,True,False,55,75
94652,square_okhttp,Jdk9PlatformTest.findsAlpnMethods,5,non-flaky,5,0.9589,5,0.9567,True,True,False,103,136
94653,square_okhttp,JdkWithJettyBootPlatformTest.testBuildsWithJettyBoot,5,non-flaky,5,0.9588,5,0.9566,True,True,False,66,86
94654,square_okhttp,OptionalMethodTest.isSupported,5,non-flaky,5,0.9561,5,0.9608,True,True,False,512,512
94655,square_okhttp,OptionalMethodTest.invoke,5,non-flaky,5,0.9543,5,0.9583,True,True,False,512,512
94656,square_okhttp,OptionalMethodTest.invokeBadArgs,5,non-flaky,5,0.9604,5,0.9604,True,True,False,228,267
94657,square_okhttp,OptionalMethodTest.invokeWithException,5,non-flaky,5,0.9585,5,0.9563,True,True,False,169,225
94658,square_okhttp,OptionalMethodTest.invokeNonPublic,5,non-flaky,5,0.9589,5,0.9584,True,True,False,76,95
94659,square_okhttp,OptionalMethodTest.invokeOptional,5,non-flaky,5,0.9484,5,0.9511,True,True,False,512,512
94660,square_okhttp,OptionalMethodTest.invokeOptionalBadArgs,5,non-flaky,5,0.96,5,0.9569,True,True,False,250,297
94661,square_okhttp,OptionalMethodTest.invokeOptionalWithException,5,non-flaky,5,0.9594,5,0.9578,True,True,False,172,228
94662,square_okhttp,OptionalMethodTest.invokeOptionalNonPublic,5,non-flaky,5,0.959,5,0.9584,True,True,False,78,97
94663,square_okhttp,Http2Test.headers,5,non-flaky,5,0.9598,5,0.9594,True,True,False,144,171
94664,square_okhttp,Http2Test.priority,5,non-flaky,5,0.9593,5,0.9603,True,True,False,111,134
94665,square_okhttp,Http2Test.headers,5,non-flaky,5,0.9592,5,0.9588,True,True,False,141,168
94666,square_okhttp,Http2Test.pushPromise,5,non-flaky,5,0.9596,5,0.9589,True,True,False,112,131
94667,square_okhttp,Http2Test.pushPromise,5,non-flaky,5,0.9595,5,0.9593,True,True,False,115,134
94668,square_okhttp,Http2Test.rstStream,5,non-flaky,5,0.9571,5,0.9498,True,True,False,93,108
94669,square_okhttp,Http2Test.settings,5,non-flaky,5,0.9573,5,0.9543,True,True,False,114,133
94670,square_okhttp,Http2Test.settings,5,non-flaky,5,0.9573,5,0.9546,True,True,False,66,77
94671,square_okhttp,Http2Test.ping,5,non-flaky,5,0.9587,5,0.9595,True,True,False,103,122
94672,square_okhttp,Http2Test.data,5,non-flaky,5,0.9598,5,0.959,True,True,False,197,236
94673,square_okhttp,Http2Test.windowUpdate,5,non-flaky,5,0.9588,5,0.9583,True,True,False,91,106
94674,square_okhttp,Http2Test.goAway,5,non-flaky,5,0.959,5,0.9596,True,True,False,128,151
94675,square_okhttp,Http2Test.goAway,5,non-flaky,5,0.9593,5,0.9597,True,True,False,125,148
94676,square_okhttp,Http2Test.headers,5,non-flaky,5,0.9595,5,0.9598,True,True,False,157,184
94677,square_okhttp,Http2ConnectionTest.onStream,5,non-flaky,5,0.9575,5,0.9528,True,True,False,62,73
94678,square_okhttp,Http2ConnectionTest.onRequest,5,non-flaky,5,0.9587,5,0.9565,True,True,False,58,69
94679,square_okhttp,DisconnectTest.run,5,non-flaky,5,0.9562,5,0.9363,True,True,False,120,151
94680,square_okhttp,ThreadInterruptTest.run,5,non-flaky,5,0.9566,5,0.9379,True,True,False,122,153
94681,square_okhttp,ClientAuthTest.buildClient,5,non-flaky,5,0.9585,5,0.9574,True,True,False,188,241
94682,square_okhttp,DiskLruCacheTest.writeFile,5,non-flaky,5,0.9585,5,0.9566,True,True,False,79,98
94683,square_okhttp,HttpResponseCacheTest.get,5,non-flaky,5,0.9598,5,0.9588,True,True,False,79,94
94684,square_okhttp,CacheAdapterTest.get,5,non-flaky,5,0.9603,5,0.9589,True,True,False,243,290
94685,square_okhttp,CacheAdapterTest.get,5,non-flaky,5,0.9606,5,0.9584,True,True,False,266,317
94686,square_okhttp,CacheAdapterTest.put,5,non-flaky,5,0.9591,5,0.9597,True,True,False,497,512
94687,square_okhttp,CacheAdapterTest.put,5,non-flaky,5,0.9592,5,0.9597,True,True,False,495,512
94688,square_okhttp,CacheAdapterTest.put,5,non-flaky,5,0.9547,5,0.9589,True,True,False,512,512
94689,square_okhttp,ResponseCacheTest.assertCookies,5,non-flaky,5,0.9593,5,0.9356,True,True,False,137,164
94690,square_okhttp,ResponseCacheTest.gzip,5,non-flaky,5,0.9591,5,0.9575,True,True,False,99,126
94691,square_okhttp,ResponseCacheTest.put,5,non-flaky,5,0.953,5,0.9313,True,True,False,306,369
94692,square_okhttp,ResponseCacheTest.abort,5,non-flaky,5,0.9514,5,0.9425,True,True,False,100,119
94693,square_okhttp,ResponseCacheTest.get,5,non-flaky,5,0.9588,5,0.9593,True,True,False,59,66
94694,square_okhttp,ResponseCacheTest.get,5,non-flaky,5,0.9595,5,0.9582,True,True,False,108,127
94695,square_okhttp,JavaApiConverterTest.getBody,5,non-flaky,5,0.9583,5,0.9559,True,True,False,73,84
94696,square_okhttp,JavaApiConverterTest.getBody,5,non-flaky,5,0.9586,5,0.9543,True,True,False,64,75
94697,square_okhttp,JavaApiConverterTest.getBody,5,non-flaky,5,0.9586,5,0.9564,True,True,False,75,86
94698,square_okhttp,JavaApiConverterTest.contentType,5,non-flaky,5,0.9593,5,0.9577,True,True,False,62,73
94699,square_okhttp,RealWebSocketTest.contentType,5,non-flaky,5,0.9589,5,0.9573,True,True,False,48,59
94700,square_okhttp,RealWebSocketTest.contentType,5,non-flaky,5,0.959,5,0.9561,True,True,False,56,67
94717,ktuukkan_marine-api,SpeedOverGroundTest.minValueIsAvailable,5,non-flaky,5,0.9595,5,0.9574,True,True,False,45,56
94718,ktuukkan_marine-api,SpeedOverGroundTest.minValueIsCorrect,5,non-flaky,5,0.9596,5,0.9575,True,True,False,45,56
94719,ktuukkan_marine-api,SpeedOverGroundTest.maxValueIsAvailable,5,non-flaky,5,0.9593,5,0.9586,True,True,False,46,57
94720,ktuukkan_marine-api,SpeedOverGroundTest.maxValueIsCorrect,5,non-flaky,5,0.9597,5,0.9591,True,True,False,46,57
94721,ktuukkan_marine-api,SpeedOverGroundTest.defaultValueIsNotAvailable,5,non-flaky,5,0.9593,5,0.9585,True,True,False,47,58
94722,ktuukkan_marine-api,SpeedOverGroundTest.defaultValueIsCorrect,5,non-flaky,5,0.9595,5,0.959,True,True,False,46,57
94723,ktuukkan_marine-api,SpeedOverGroundTest.negativeValueIsNotAvailable,5,non-flaky,5,0.9597,5,0.9589,True,True,False,46,57
94724,ktuukkan_marine-api,SpeedOverGroundTest.negativeValueIsNotCorrect,5,non-flaky,5,0.9599,5,0.9592,True,True,False,46,57
94725,ktuukkan_marine-api,SpeedOverGroundTest.largeValueIsNotAvailable,5,non-flaky,5,0.9595,5,0.9588,True,True,False,46,57
94726,ktuukkan_marine-api,SpeedOverGroundTest.largeValueIsNotCorrect,5,non-flaky,5,0.9598,5,0.9592,True,True,False,46,57
94727,ktuukkan_marine-api,SpeedOverGroundTest.conversionToKnotsWorks,5,non-flaky,5,0.961,5,0.9608,True,True,False,148,171
94728,ktuukkan_marine-api,SpeedOverGroundTest.conversionReturnsOnInvalidValues,5,non-flaky,5,0.9606,5,0.9609,True,True,False,119,138
94729,ktuukkan_marine-api,Longitude28Test.zeroIsAvailable,5,non-flaky,5,0.9597,5,0.9578,True,True,False,44,55
94730,ktuukkan_marine-api,Longitude28Test.zeroIsCorrect,5,non-flaky,5,0.9599,5,0.958,True,True,False,44,55
94731,ktuukkan_marine-api,Longitude28Test.minValueIsAvailable,5,non-flaky,5,0.9594,5,0.9584,True,True,False,49,60
94732,ktuukkan_marine-api,Longitude28Test.minValueIsCorrect,5,non-flaky,5,0.9598,5,0.9587,True,True,False,49,60
94733,ktuukkan_marine-api,Longitude28Test.maxValueIsAvailable,5,non-flaky,5,0.9595,5,0.9585,True,True,False,49,60
94734,ktuukkan_marine-api,Longitude28Test.maxValueIsCorrect,5,non-flaky,5,0.9598,5,0.9588,True,True,False,49,60
94735,ktuukkan_marine-api,Longitude28Test.defaultValueIsNotAvailable,5,non-flaky,5,0.9595,5,0.9583,True,True,False,50,61
94736,ktuukkan_marine-api,Longitude28Test.defaultValueIsCorrect,5,non-flaky,5,0.9597,5,0.9587,True,True,False,49,60
94737,ktuukkan_marine-api,Longitude28Test.largeNegativeValueIsNotAvailable,5,non-flaky,5,0.9594,5,0.9586,True,True,False,54,65
94738,ktuukkan_marine-api,Longitude28Test.largeNegativeValueIsNotCorrect,5,non-flaky,5,0.9598,5,0.9591,True,True,False,54,65
94739,ktuukkan_marine-api,Longitude28Test.largeValueIsNotAvailable,5,non-flaky,5,0.9594,5,0.9582,True,True,False,52,63
94740,ktuukkan_marine-api,Longitude28Test.largeValueIsNotCorrect,5,non-flaky,5,0.9597,5,0.9585,True,True,False,52,63
94741,ktuukkan_marine-api,Longitude28Test.conversionToKnotsWorks,5,non-flaky,5,0.9588,5,0.9533,True,True,False,239,266
94742,ktuukkan_marine-api,Longitude28Test.conversionReturnsOnInvalidValues,5,non-flaky,5,0.9609,5,0.9586,True,True,False,161,180
94743,ktuukkan_marine-api,Latitude27Test.zeroIsAvailable,5,non-flaky,5,0.9596,5,0.9581,True,True,False,44,55
94744,ktuukkan_marine-api,Latitude27Test.zeroIsCorrect,5,non-flaky,5,0.9598,5,0.9584,True,True,False,44,55
94745,ktuukkan_marine-api,Latitude27Test.minValueIsAvailable,5,non-flaky,5,0.9595,5,0.9586,True,True,False,49,60
94746,ktuukkan_marine-api,Latitude27Test.minValueIsCorrect,5,non-flaky,5,0.9598,5,0.9589,True,True,False,49,60
94747,ktuukkan_marine-api,Latitude27Test.maxValueIsAvailable,5,non-flaky,5,0.9595,5,0.9586,True,True,False,49,60
94748,ktuukkan_marine-api,Latitude27Test.maxValueIsCorrect,5,non-flaky,5,0.9598,5,0.9589,True,True,False,49,60
94749,ktuukkan_marine-api,Latitude27Test.defaultValueIsNotAvailable,5,non-flaky,5,0.9596,5,0.9585,True,True,False,50,61
94750,ktuukkan_marine-api,Latitude27Test.defaultValueIsCorrect,5,non-flaky,5,0.9597,5,0.9588,True,True,False,49,60
94751,ktuukkan_marine-api,Latitude27Test.largeNegativeValueIsNotAvailable,5,non-flaky,5,0.9595,5,0.9588,True,True,False,54,65
94752,ktuukkan_marine-api,Latitude27Test.largeNegativeValueIsNotCorrect,5,non-flaky,5,0.9598,5,0.9592,True,True,False,54,65
94753,ktuukkan_marine-api,Latitude27Test.largeValueIsNotAvailable,5,non-flaky,5,0.9595,5,0.9583,True,True,False,52,63
94754,ktuukkan_marine-api,Latitude27Test.largeValueIsNotCorrect,5,non-flaky,5,0.9597,5,0.9586,True,True,False,52,63
94755,ktuukkan_marine-api,Latitude27Test.conversionToKnotsWorks,5,non-flaky,5,0.9591,5,0.9542,True,True,False,239,266
94756,ktuukkan_marine-api,Latitude27Test.conversionReturnsOnInvalidValues,5,non-flaky,5,0.961,5,0.959,True,True,False,161,180
94757,ktuukkan_marine-api,AbstractAISMessageListenerTest.testConstructor,5,non-flaky,5,0.9601,5,0.96,True,True,False,79,108
94758,ktuukkan_marine-api,AbstractAISMessageListenerTest.testParametrizedConstructor,5,non-flaky,5,0.9599,5,0.9596,True,True,False,88,117
94759,ktuukkan_marine-api,AbstractAISMessageListenerTest.testOnMessageWithExpectedMessage,5,non-flaky,5,0.9593,5,0.9587,True,True,False,89,118
94760,ktuukkan_marine-api,AbstractAISMessageListenerTest.testSequenceListener,5,non-flaky,5,0.9599,5,0.9593,True,True,False,124,166
94761,ktuukkan_marine-api,AbstractAISMessageListenerTest.testSequenceListenerWithIncorrectOrder,5,non-flaky,5,0.9608,5,0.9608,True,True,False,164,219
94762,ktuukkan_marine-api,AbstractAISMessageListenerTest.testSequenceListenerWithMixedOrder,5,non-flaky,5,0.9604,5,0.9597,True,True,False,151,206
94763,ktuukkan_marine-api,AbstractAISMessageListenerTest.testBasicListenerWithUnexpectedMessage,5,non-flaky,5,0.9595,5,0.9587,True,True,False,101,134
94764,ktuukkan_marine-api,AbstractAISMessageListenerTest.testGenericsListener,5,non-flaky,5,0.9598,5,0.96,True,True,False,125,158
94765,ktuukkan_marine-api,AbstractAISMessageListenerTest.testGenericsListenerDefaultConstructorThrows,5,non-flaky,5,0.961,5,0.9572,True,True,False,208,247
94766,ktuukkan_marine-api,AISMessage24ParserTest.getPartNumber,5,non-flaky,5,0.9598,5,0.9599,True,True,False,68,83
94767,ktuukkan_marine-api,AISMessage24ParserTest.getName,5,non-flaky,5,0.9599,5,0.9596,True,True,False,50,61
94768,ktuukkan_marine-api,AISMessage24ParserTest.getTypeOfShipAndCargoType,5,non-flaky,5,0.9593,5,0.9596,True,True,False,57,68
94769,ktuukkan_marine-api,AISMessage24ParserTest.getVendorId,5,non-flaky,5,0.96,5,0.9594,True,True,False,93,108
94770,ktuukkan_marine-api,AISMessage24ParserTest.getUnitModelCode,5,non-flaky,5,0.9598,5,0.9593,True,True,False,62,77
94771,ktuukkan_marine-api,AISMessage24ParserTest.getSerialNumber,5,non-flaky,5,0.9598,5,0.9593,True,True,False,61,76
94772,ktuukkan_marine-api,AISMessage24ParserTest.getCallSign,5,non-flaky,5,0.9597,5,0.9597,True,True,False,50,61
94773,ktuukkan_marine-api,AISMessage24ParserTest.getBow,5,non-flaky,5,0.9597,5,0.9583,True,True,False,45,56
94774,ktuukkan_marine-api,AISMessage24ParserTest.getStern,5,non-flaky,5,0.9596,5,0.9595,True,True,False,47,58
94775,ktuukkan_marine-api,AISMessage24ParserTest.getPort,5,non-flaky,5,0.9596,5,0.9582,True,True,False,45,56
94776,ktuukkan_marine-api,AISMessage24ParserTest.getStarboard,5,non-flaky,5,0.9595,5,0.9596,True,True,False,47,58
94777,ktuukkan_marine-api,AISMessage21ParserTest.getAidType,5,non-flaky,5,0.9601,5,0.9593,True,True,False,58,73
94778,ktuukkan_marine-api,AISMessage21ParserTest.getName,5,non-flaky,5,0.9598,5,0.9593,True,True,False,49,60
94779,ktuukkan_marine-api,AISMessage21ParserTest.getPositionAccuracy,5,non-flaky,5,0.9597,5,0.9578,True,True,False,45,56
94780,ktuukkan_marine-api,AISMessage21ParserTest.getLongitudeInDegrees,5,non-flaky,5,0.9593,5,0.9586,True,True,False,60,71
94781,ktuukkan_marine-api,AISMessage21ParserTest.getLatitudeInDegrees,5,non-flaky,5,0.9594,5,0.9583,True,True,False,63,74
94782,ktuukkan_marine-api,AISMessage21ParserTest.getBow,5,non-flaky,5,0.9598,5,0.9581,True,True,False,44,55
94783,ktuukkan_marine-api,AISMessage21ParserTest.getStern,5,non-flaky,5,0.9597,5,0.9592,True,True,False,46,57
94784,ktuukkan_marine-api,AISMessage21ParserTest.getPort,5,non-flaky,5,0.9596,5,0.958,True,True,False,44,55
94785,ktuukkan_marine-api,AISMessage21ParserTest.getStarboard,5,non-flaky,5,0.9597,5,0.9591,True,True,False,46,57
94786,ktuukkan_marine-api,AISMessage21ParserTest.getTypeOfEPFD,5,non-flaky,5,0.9598,5,0.9594,True,True,False,50,61
94787,ktuukkan_marine-api,AISMessage21ParserTest.getUtcSecond,5,non-flaky,5,0.9601,5,0.9595,True,True,False,61,76
94788,ktuukkan_marine-api,AISMessage21ParserTest.getOffPositionIndicator,5,non-flaky,5,0.96,5,0.9594,True,True,False,50,61
94789,ktuukkan_marine-api,AISMessage21ParserTest.getRegional,5,non-flaky,5,0.96,5,0.9592,True,True,False,61,76
94790,ktuukkan_marine-api,AISMessage21ParserTest.getRAIMFlag,5,non-flaky,5,0.9597,5,0.958,True,True,False,45,56
94791,ktuukkan_marine-api,AISMessage21ParserTest.getVirtualAidFlag,5,non-flaky,5,0.9596,5,0.9579,True,True,False,45,56
94792,ktuukkan_marine-api,AISMessage21ParserTest.getAssignedModeFlag,5,non-flaky,5,0.9595,5,0.959,True,True,False,47,58
94793,ktuukkan_marine-api,AISMessage21ParserTest.getNameExtension,5,non-flaky,5,0.9598,5,0.9597,True,True,False,50,61
94794,ktuukkan_marine-api,AISMessage21ParserTest.hasLatitude,5,non-flaky,5,0.9602,5,0.9583,True,True,False,44,55
94795,ktuukkan_marine-api,AISMessage21ParserTest.hasLongitude,5,non-flaky,5,0.9601,5,0.9582,True,True,False,44,55
94796,ktuukkan_marine-api,AISMessage09ParserTest.getAltitude,5,non-flaky,5,0.9597,5,0.9594,True,True,False,46,57
94797,ktuukkan_marine-api,AISMessage09ParserTest.getSpeedOverGround,5,non-flaky,5,0.9595,5,0.9589,True,True,False,54,65
94798,ktuukkan_marine-api,AISMessage09ParserTest.getPositionAccuracy,5,non-flaky,5,0.96,5,0.9592,True,True,False,48,59
94799,ktuukkan_marine-api,AISMessage09ParserTest.getLongitudeInDegrees,5,non-flaky,5,0.9594,5,0.9584,True,True,False,62,73
94800,ktuukkan_marine-api,AISMessage09ParserTest.getLatitudeInDegrees,5,non-flaky,5,0.9593,5,0.9586,True,True,False,62,73
94801,ktuukkan_marine-api,AISMessage09ParserTest.getCourseOverGround,5,non-flaky,5,0.9594,5,0.9586,True,True,False,54,65
94802,ktuukkan_marine-api,AISMessage09ParserTest.getTimeStamp,5,non-flaky,5,0.9595,5,0.9594,True,True,False,48,59
94803,ktuukkan_marine-api,AISMessage09ParserTest.getDTEFlag,5,non-flaky,5,0.96,5,0.959,True,True,False,68,83
94804,ktuukkan_marine-api,AISMessage09ParserTest.getAssignedModeFlag,5,non-flaky,5,0.9599,5,0.9592,True,True,False,69,84
94805,ktuukkan_marine-api,AISMessage09ParserTest.getRAIMFlag,5,non-flaky,5,0.9599,5,0.959,True,True,False,67,82
94806,ktuukkan_marine-api,AISMessage09ParserTest.getRadioStatus,5,non-flaky,5,0.9598,5,0.9593,True,True,False,46,57
94807,ktuukkan_marine-api,AISMessage09ParserTest.hasLatitude,5,non-flaky,5,0.9602,5,0.9583,True,True,False,44,55
94808,ktuukkan_marine-api,AISMessage09ParserTest.hasLongitude,5,non-flaky,5,0.9601,5,0.9582,True,True,False,44,55
94809,ktuukkan_marine-api,AISMessage04Test.getUtcYear,5,non-flaky,5,0.9595,5,0.9593,True,True,False,48,59
94810,ktuukkan_marine-api,AISMessage04Test.getUtcMonth,5,non-flaky,5,0.9596,5,0.9595,True,True,False,48,59
94811,ktuukkan_marine-api,AISMessage04Test.getUtcDay,5,non-flaky,5,0.9596,5,0.9594,True,True,False,48,59
94812,ktuukkan_marine-api,AISMessage04Test.getUtcHour,5,non-flaky,5,0.9595,5,0.9595,True,True,False,48,59
94813,ktuukkan_marine-api,AISMessage04Test.getUtcMinute,5,non-flaky,5,0.9596,5,0.9594,True,True,False,50,61
94814,ktuukkan_marine-api,AISMessage04Test.getUtcSecond,5,non-flaky,5,0.9596,5,0.9594,True,True,False,48,59
94815,ktuukkan_marine-api,AISMessage04Test.getLatitudeInDegrees,5,non-flaky,5,0.9594,5,0.9583,True,True,False,63,74
94816,ktuukkan_marine-api,AISMessage04Test.getLongitudeInDegrees,5,non-flaky,5,0.9594,5,0.9585,True,True,False,63,74
95643,togglz_togglz,JSFMapTest.testJSFFeatureMap,5,non-flaky,5,0.9613,5,0.9613,True,True,False,218,286
95644,togglz_togglz,DeviceActivationStrategyTest.shouldBeInactiveForEmptyParams,5,non-flaky,5,0.9608,5,0.9595,True,True,False,169,204
95645,togglz_togglz,DeviceActivationStrategyTest.shouldBeActiveForDesktop,5,non-flaky,5,0.9609,5,0.9609,True,True,False,165,200
95646,togglz_togglz,DeviceActivationStrategyTest.shouldBeActiveForTablet,5,non-flaky,5,0.9606,5,0.9607,True,True,False,169,204
95647,togglz_togglz,DeviceActivationStrategyTest.shouldBeActiveForMobile,5,non-flaky,5,0.961,5,0.9608,True,True,False,165,200
95648,togglz_togglz,DeviceActivationStrategyTest.shouldBeAccurateForLowerCaseParams,5,non-flaky,5,0.9608,5,0.9611,True,True,False,220,263
95649,togglz_togglz,ShiroUsersTest.testShiroAsAnonymousUser,5,non-flaky,5,0.961,5,0.9616,True,True,False,228,282
95650,togglz_togglz,ShiroUsersTest.testShiroLoginAsFeatureAdmin,5,non-flaky,5,0.961,5,0.9594,True,True,False,375,473
95651,togglz_togglz,ShiroUsersTest.testShiroLoginAsNormalUser,5,non-flaky,5,0.9611,5,0.9584,True,True,False,375,473
95652,togglz_togglz,ShiroUsersTest.testShiroWithCorrectUser,5,non-flaky,5,0.9585,5,0.9597,True,True,False,491,512
95653,togglz_togglz,ShiroUsersTest.testShiroWithSomeOtherUser,5,non-flaky,5,0.9588,5,0.9595,True,True,False,493,512
95654,togglz_togglz,DefaultFeatureStateTest.testFeaturesActiveByDefault,5,non-flaky,5,0.9592,5,0.959,True,True,False,48,59
95655,togglz_togglz,DefaultFeatureStateTest.testFeatureManagerImmutable,5,non-flaky,5,0.9582,5,0.9573,True,True,False,69,80
95656,togglz_togglz,TestFeatureManagerTest.featureShouldBeInactiveByDefault,5,non-flaky,5,0.9594,5,0.9591,True,True,False,49,60
95657,togglz_togglz,TestFeatureManagerTest.shouldToggleIndividualFeature,5,non-flaky,5,0.9585,5,0.9544,True,True,False,122,168
95658,togglz_togglz,TestFeatureManagerTest.shouldToggleAllFeatures,5,non-flaky,5,0.9604,5,0.96,True,True,False,158,212
95659,togglz_togglz,TestFeatureManagerTest.shouldSupportTogglingUntypedFeature,5,non-flaky,5,0.9593,5,0.955,True,True,False,130,176
95660,togglz_togglz,TestFeatureManagerTest.shouldSupportReadingWithNamedFeature,5,non-flaky,5,0.9595,5,0.9552,True,True,False,128,174
95661,togglz_togglz,TogglzApplicationContextBinderApplicationListenerTest.contextRefreshed,5,non-flaky,5,0.9601,5,0.9581,True,True,False,154,185
95662,togglz_togglz,TogglzApplicationContextBinderApplicationListenerTest.contextRefreshedWhileContextAlreadyBound,5,non-flaky,5,0.9602,5,0.9556,True,True,False,220,263
95663,togglz_togglz,TogglzApplicationContextBinderApplicationListenerTest.contextClosed,5,non-flaky,5,0.9601,5,0.9561,True,True,False,157,192
95664,togglz_togglz,SpringEnvironmentPropertyActivationStrategyTest.testGetId,5,non-flaky,5,0.96,5,0.9599,True,True,False,51,62
95665,togglz_togglz,SpringEnvironmentPropertyActivationStrategyTest.testGetName,5,non-flaky,5,0.9601,5,0.96,True,True,False,50,61
95666,togglz_togglz,SpringEnvironmentPropertyActivationStrategyTest.testIsActiveThrowsWhenNoApplicationContext,5,non-flaky,5,0.9585,5,0.9535,True,True,False,84,104
95667,togglz_togglz,SpringEnvironmentPropertyActivationStrategyTest.testGetParameters,5,non-flaky,5,0.9603,5,0.9582,True,True,False,190,244
95668,togglz_togglz,SpringProfileActivationStrategyTest.testGetId,5,non-flaky,5,0.9598,5,0.9598,True,True,False,50,61
95669,togglz_togglz,SpringProfileActivationStrategyTest.testGetName,5,non-flaky,5,0.9601,5,0.96,True,True,False,50,61
95670,togglz_togglz,SpringProfileActivationStrategyTest.testIsActiveThrowsWhenNoApplicationContext,5,non-flaky,5,0.9581,5,0.9515,True,True,False,102,131
95671,togglz_togglz,SpringProfileActivationStrategyTest.testGetParameters,5,non-flaky,5,0.9605,5,0.9575,True,True,False,175,225
95672,togglz_togglz,SpringProfileActivationStrategyTest.testGetTokenParameterName,5,non-flaky,5,0.9594,5,0.9596,True,True,False,60,71
95673,togglz_togglz,SpringProfileActivationStrategyTest.testGetTokenParameterTransformer,5,non-flaky,5,0.9601,5,0.9603,True,True,False,85,109
95674,togglz_togglz,TogglzRuleAllDisabledTest.testActiveByDefault,5,non-flaky,5,0.96,5,0.9566,True,True,False,98,136
95675,togglz_togglz,TogglzRuleAllDisabledTest.testToggleFeature,5,non-flaky,5,0.96,5,0.9549,True,True,False,176,235
95676,togglz_togglz,TogglzRuleWithAnnotationTest.featureShouldBeInactiveByDefault,5,non-flaky,5,0.96,5,0.9596,True,True,False,71,90
95677,togglz_togglz,TogglzRuleWithAnnotationTest.featureShouldBeActiveWithAnnotation,5,non-flaky,5,0.9601,5,0.9598,True,True,False,71,90
95678,togglz_togglz,TogglzRuleWithAnnotationTest.shouldActivateMultipleFeatures,5,non-flaky,5,0.9599,5,0.9599,True,True,False,69,88
95679,togglz_togglz,TogglzRuleAllEnabledTest.testActiveByDefault,5,non-flaky,5,0.96,5,0.9566,True,True,False,98,136
95680,togglz_togglz,TogglzRuleAllEnabledTest.testToggleFeature,5,non-flaky,5,0.9602,5,0.9555,True,True,False,176,235
95681,togglz_togglz,TogglzRuleWithVariations_HappyCase_Test.test,5,non-flaky,5,0.9592,5,0.9593,True,True,False,104,123
95682,togglz_togglz,FeatureVariationsTest.test,5,non-flaky,5,0.9592,5,0.9593,True,True,False,104,123
95683,togglz_togglz,TogglzRuleWithVariations_CalledMultipleTimes_Test.test,5,non-flaky,5,0.961,5,0.9601,True,True,False,512,512
95684,togglz_togglz,TogglzRuleWithVariations_EnableSadCase_Test.test,5,non-flaky,5,0.9596,5,0.9575,True,True,False,63,83
95685,togglz_togglz,TogglzRuleWithVariations_DisableSadCase_Test.test,5,non-flaky,5,0.9596,5,0.9575,True,True,False,63,83
95686,togglz_togglz,GuiceIntegrationTest.testGuiceIntegration,5,non-flaky,5,0.9598,5,0.9596,True,True,False,119,157
95687,togglz_togglz,ArchaiusStateRepositoryTest.shouldReturnNullWhenStateDoesntExist,5,non-flaky,5,0.96,5,0.9583,True,True,False,68,93
95688,togglz_togglz,ArchaiusStateRepositoryTest.shouldReadFalseStateWithoutStrategyAndParameters,5,non-flaky,5,0.9611,5,0.96,True,True,False,174,224
95689,togglz_togglz,ArchaiusStateRepositoryTest.shouldReadTrueStateWithoutStrategyAndParameters,5,non-flaky,5,0.9612,5,0.9601,True,True,False,211,273
95690,togglz_togglz,ArchaiusStateRepositoryTest.withStrategyNoParameters,5,non-flaky,5,0.9607,5,0.9598,True,True,False,142,183
95691,togglz_togglz,ArchaiusStateRepositoryTest.withStrategyParameters,5,non-flaky,5,0.9591,5,0.9555,True,True,False,157,199
95692,togglz_togglz,ArchaiusStateRepositoryTest.setState,5,non-flaky,5,0.9588,5,0.9572,True,True,False,68,83
95693,togglz_togglz,SingleUserProviderTest.canProvideNamedUser,5,non-flaky,5,0.9599,5,0.9598,True,True,False,152,174
95694,togglz_togglz,AnnotationFeatureGroupTest.buildWillReturnNullWhenFeatureGroupAnnotationIsNotPresent,5,non-flaky,5,0.9603,5,0.9587,True,True,False,74,94
95695,togglz_togglz,AnnotationFeatureGroupTest.buildWillReturnFeatureGroupWhenFeatureGroupAnnotationIsPresentForFieldLevelGroup,5,non-flaky,5,0.9608,5,0.9598,True,True,False,135,163
95696,togglz_togglz,AnnotationFeatureGroupTest.buildWillReturnFeatureGroupWhenFeatureGroupAnnotationIsPresentForClassLevelGroup,5,non-flaky,5,0.9608,5,0.9599,True,True,False,135,163
95697,togglz_togglz,EnumFeatureMetaDataTest.constructorWillPopulateGroupsFromAnnotations,5,non-flaky,5,0.9608,5,0.9545,True,True,False,297,372
95698,togglz_togglz,EnumFeatureMetaDataTest.constructorWillPopulateDefaultActivationStrategyFromAnnotations,5,non-flaky,5,0.9609,5,0.961,True,True,False,234,283
95699,togglz_togglz,CompositeFeatureProviderTest.empty,5,non-flaky,5,0.9585,5,0.9598,True,True,False,71,90
95700,togglz_togglz,CompositeFeatureProviderTest.oneProvider,5,non-flaky,5,0.9598,5,0.9601,True,True,False,100,123
95701,togglz_togglz,PropertyFeatureProviderTest.shouldSupportDefinitionWithoutLabel,5,non-flaky,5,0.961,5,0.9581,True,True,False,313,371
95702,togglz_togglz,PropertyFeatureProviderTest.shouldSupportDefinitionWithOnlyLabel,5,non-flaky,5,0.961,5,0.9587,True,True,False,316,374
95703,togglz_togglz,PropertyFeatureProviderTest.shouldSupportDefinitionWithLabelAndDefault,5,non-flaky,5,0.9609,5,0.9581,True,True,False,319,377
95704,togglz_togglz,PropertyFeatureProviderTest.shouldSupportDefinitionWithLabelAndDefaultAndTrailingSemicolon,5,non-flaky,5,0.9611,5,0.9578,True,True,False,326,384
95705,togglz_togglz,PropertyFeatureProviderTest.shouldSupportDefinitionWithSingleGroup,5,non-flaky,5,0.9609,5,0.9537,True,True,False,363,427
95706,togglz_togglz,PropertyFeatureProviderTest.canInitializeFromProperties,5,non-flaky,5,0.9476,5,0.9503,True,True,False,512,512
95707,togglz_togglz,EnumBasedFeatureProviderTest.shouldFailForNull,5,non-flaky,5,0.9592,5,0.9579,True,True,False,52,63
95708,togglz_togglz,EnumBasedFeatureProviderTest.shouldFailForArrayWithNull,5,non-flaky,5,0.9595,5,0.9573,True,True,False,61,72
95709,togglz_togglz,EnumBasedFeatureProviderTest.shouldFailForNonEnumType,5,non-flaky,5,0.9592,5,0.9583,True,True,False,60,71
95710,togglz_togglz,EnumBasedFeatureProviderTest.shouldFailForDuplicateFeatureName,5,non-flaky,5,0.9603,5,0.9594,True,True,False,122,145
95711,togglz_togglz,EnumBasedFeatureProviderTest.shouldReturnCorrectListOfFeaturesForEnum,5,non-flaky,5,0.9602,5,0.9602,True,True,False,109,138
95712,togglz_togglz,EnumBasedFeatureProviderTest.shouldReturnMetaDataWithCorrectLabel,5,non-flaky,5,0.9605,5,0.9606,True,True,False,109,138
95713,togglz_togglz,EnumBasedFeatureProviderTest.shouldReturnMetaDataWhenRequestedWithOtherFeatureImplementation,5,non-flaky,5,0.9611,5,0.9609,True,True,False,134,167
95714,togglz_togglz,EnumBasedFeatureProviderTest.shouldReturnOwnerNameIfAnnotationPresent,5,non-flaky,5,0.9612,5,0.9612,True,True,False,122,145
95715,togglz_togglz,EnumBasedFeatureProviderTest.shouldReturnNullForOwnerNameByDefault,5,non-flaky,5,0.9611,5,0.961,True,True,False,122,145
95716,togglz_togglz,EnumBasedFeatureProviderTest.shouldReturnInfoLinkIfAnnotationPresent,5,non-flaky,5,0.9613,5,0.9607,True,True,False,140,163
95717,togglz_togglz,EnumBasedFeatureProviderTest.shouldReturnNullForInfoLinkByDefault,5,non-flaky,5,0.9611,5,0.9604,True,True,False,140,163
95718,togglz_togglz,EnumBasedFeatureProviderTest.shouldReturnCombinedFeatureListForMultipleEnums,5,non-flaky,5,0.9608,5,0.9606,True,True,False,219,273
95719,togglz_togglz,EnumBasedFeatureProviderTest.shouldBuildMetadataForMultipleEnums,5,non-flaky,5,0.9616,5,0.9602,True,True,False,203,253
95720,togglz_togglz,EnumBasedFeatureProviderTest.shouldReturnCombinedFeatureListForMultipleEnumsViaConstructor,5,non-flaky,5,0.9616,5,0.9611,True,True,False,218,264
95721,togglz_togglz,EnumBasedFeatureProviderTest.shouldBuildMetadataForMultipleEnumsViaConstructor,5,non-flaky,5,0.9617,5,0.9616,True,True,False,202,244
95722,togglz_togglz,FeatureManagerBuilderTest.shouldAddStrategyIfUsingDefaultProvider,5,non-flaky,5,0.9611,5,0.9603,True,True,False,216,279
95723,togglz_togglz,FeatureManagerBuilderTest.shouldFailIfAddingStrategyWithCustomProvider,5,non-flaky,5,0.959,5,0.9564,True,True,False,154,200
95724,togglz_togglz,DefaultFeatureManagerTest.testGetFeatures,5,non-flaky,5,0.9591,5,0.959,True,True,False,86,101
95725,togglz_togglz,DefaultFeatureManagerTest.testIsActive,5,non-flaky,5,0.9601,5,0.9604,True,True,False,395,496
95726,togglz_togglz,DefaultFeatureManagerTest.testIsActiveUsingDefaultFeatureState,5,non-flaky,5,0.9609,5,0.9596,True,True,False,290,356
95727,togglz_togglz,DefaultFeatureManagerTest.testShouldHandleEnabledFlagCorrectlyWithCustomStrategy,5,non-flaky,5,0.9588,5,0.9533,True,True,False,213,276
95728,togglz_togglz,DefaultFeatureManagerTest.testGetFeatureState,5,non-flaky,5,0.9592,5,0.9555,True,True,False,131,164
95729,togglz_togglz,DefaultFeatureManagerTest.testGetFeatureStateUsingDefaultFeatureState,5,non-flaky,5,0.9608,5,0.9597,True,True,False,338,416
95730,togglz_togglz,JDBCStateRepositoryTest.testShouldSaveStateWithoutStrategyOrParameters,5,non-flaky,5,0.9615,5,0.9617,True,True,False,324,394
95731,togglz_togglz,JDBCStateRepositoryTest.testShouldSaveStateStrategyAndParameters,5,non-flaky,5,0.9619,5,0.9614,True,True,False,381,463
95732,togglz_togglz,JDBCStateRepositoryTest.testShouldReadStateWithoutStrategyAndParameters,5,non-flaky,5,0.9618,5,0.9605,True,True,False,304,395
95733,togglz_togglz,JDBCStateRepositoryTest.testShouldReadStateWithStrategyAndParameters,5,non-flaky,5,0.9619,5,0.9612,True,True,False,338,433
95734,togglz_togglz,JDBCStateRepositoryTest.testShouldUpdateExistingDatabaseEntry,5,non-flaky,5,0.9617,5,0.9604,True,True,False,512,512
95735,togglz_togglz,JDBCStateRepositoryTest.testShouldPropagateTheExceptionWhenReadFails,5,non-flaky,5,0.957,5,0.9531,True,True,False,267,366
95736,togglz_togglz,JDBCStateRepositoryTest.testShouldPropagateTheExceptionWhenWriteFails,5,non-flaky,5,0.9554,5,0.9441,True,True,False,252,351
95737,togglz_togglz,JDBCRepositoryAutoCommitTest.shouldUpdateWithAutoCommitEnabled,5,non-flaky,5,0.9594,5,0.9581,True,True,False,78,97
95738,togglz_togglz,JDBCRepositoryAutoCommitTest.shouldUpdateWithAutoCommitDisabled,5,non-flaky,5,0.9592,5,0.9583,True,True,False,79,98
95739,togglz_togglz,SchemaUpdaterTest.shouldDetectMissingTable,5,non-flaky,5,0.958,5,0.9411,True,True,False,166,221
95740,togglz_togglz,SchemaUpdaterTest.shouldMigrateToVersion1,5,non-flaky,5,0.9524,5,0.9325,True,True,False,249,326
95741,togglz_togglz,SchemaUpdaterTest.shouldDetectVersion1,5,non-flaky,5,0.9549,5,0.9354,True,True,False,237,319
95742,togglz_togglz,SchemaUpdaterTest.shouldMigrateToVersion2,5,non-flaky,5,0.9612,5,0.9596,True,True,False,512,512
97663,vojtechhabarta_typescript-generator,SpringTest.testAnnotationUtils,5,non-flaky,5,0.96,5,0.9563,True,True,False,187,218
97664,vojtechhabarta_typescript-generator,SpringTest.testApplicationScan,5,non-flaky,5,0.9605,5,0.9602,True,True,False,234,273
97665,vojtechhabarta_typescript-generator,SpringTest.testPathParameters,5,non-flaky,5,0.9603,5,0.9603,True,True,False,219,254
97666,vojtechhabarta_typescript-generator,SpringTest.testPathParametersWithoutValue,5,non-flaky,5,0.9606,5,0.9603,True,True,False,223,258
97667,vojtechhabarta_typescript-generator,SpringTest.testPathParameterWithReservedWord,5,non-flaky,5,0.9603,5,0.9601,True,True,False,192,223
97668,vojtechhabarta_typescript-generator,SpringTest.testQueryParameters,5,non-flaky,5,0.9602,5,0.9595,True,True,False,166,193
97669,vojtechhabarta_typescript-generator,SpringTest.testAllOptionalQueryParameters,5,non-flaky,5,0.9599,5,0.9594,True,True,False,158,185
97670,vojtechhabarta_typescript-generator,SpringTest.testEntityParameter,5,non-flaky,5,0.9604,5,0.9602,True,True,False,175,206
97671,vojtechhabarta_typescript-generator,SpringTest.testReturnType,5,non-flaky,5,0.9602,5,0.9603,True,True,False,171,202
97672,vojtechhabarta_typescript-generator,SpringTest.testGenerics,5,non-flaky,5,0.9603,5,0.9602,True,True,False,189,220
97673,vojtechhabarta_typescript-generator,SpringTest.testInheritance,5,non-flaky,5,0.9606,5,0.9604,True,True,False,241,280
97674,vojtechhabarta_typescript-generator,SpringTest.testQueryParametersWithModel,5,non-flaky,5,0.9604,5,0.9596,True,True,False,163,190
97675,vojtechhabarta_typescript-generator,SpringTest.testUnwrapping,5,non-flaky,5,0.9603,5,0.9598,True,True,False,227,262
97676,vojtechhabarta_typescript-generator,SpringTest.testUnwrappingNew,5,non-flaky,5,0.9603,5,0.9598,True,True,False,193,224
97677,vojtechhabarta_typescript-generator,SpringTest.testGenericController,5,non-flaky,5,0.9601,5,0.9598,True,True,False,153,180
97678,vojtechhabarta_typescript-generator,SpringTest.testPageableController,5,non-flaky,5,0.9599,5,0.9596,True,True,False,168,195
97679,vojtechhabarta_typescript-generator,SpringTest.testDoubleGenericController,5,non-flaky,5,0.96,5,0.96,True,True,False,148,175
97680,vojtechhabarta_typescript-generator,SpringTest.testCustomControllerAnnotaion,5,non-flaky,5,0.9603,5,0.9598,True,True,False,153,180
97681,vojtechhabarta_typescript-generator,SpringTest.testUrlTrailingSlash,5,non-flaky,5,0.9605,5,0.9598,True,True,False,211,242
97682,vojtechhabarta_typescript-generator,SpringTest.testMultiValueMapRequestParam,5,non-flaky,5,0.9602,5,0.9595,True,True,False,164,191
97683,vojtechhabarta_typescript-generator,ReadOnlyWriteOnlyTest.testJacksonSerialization,5,non-flaky,5,0.9571,5,0.9422,True,True,False,255,306
97684,vojtechhabarta_typescript-generator,ReadOnlyWriteOnlyTest.testJacksonDeserialization,5,non-flaky,5,0.9579,5,0.9474,True,True,False,216,251
97685,vojtechhabarta_typescript-generator,ReadOnlyWriteOnlyTest.test,5,non-flaky,5,0.9598,5,0.9598,True,True,False,512,512
97686,vojtechhabarta_typescript-generator,ModelCompilerUtilsTest.testSplitIdentifierIntoWords,5,non-flaky,5,0.9614,5,0.9582,True,True,False,445,496
97687,vojtechhabarta_typescript-generator,CustomTypeConversionTest.processType,5,non-flaky,5,0.9612,5,0.9587,True,True,False,234,277
97688,vojtechhabarta_typescript-generator,CustomTypeConversionTest.processType,5,non-flaky,5,0.9616,5,0.9579,True,True,False,319,370
97689,vojtechhabarta_typescript-generator,TaggedUnionsTest.testTaggedUnions,5,non-flaky,5,0.96,5,0.9593,True,True,False,512,512
97690,vojtechhabarta_typescript-generator,TaggedUnionsTest.testTaggedUnionsWithInterfaces,5,non-flaky,5,0.9602,5,0.9595,True,True,False,512,512
97691,vojtechhabarta_typescript-generator,TaggedUnionsTest.testTaggedUnionsWithOverlappingInterfaces,5,non-flaky,5,0.9599,5,0.9596,True,True,False,512,512
97692,vojtechhabarta_typescript-generator,TaggedUnionsTest.testTaggedUnionsDisabled,5,non-flaky,5,0.9599,5,0.9593,True,True,False,512,512
97693,vojtechhabarta_typescript-generator,TaggedUnionsTest.testTaggedUnionsWithDiamond,5,non-flaky,5,0.9602,5,0.96,True,True,False,512,512
97694,vojtechhabarta_typescript-generator,TaggedUnionsTest.testIdClass,5,non-flaky,5,0.9601,5,0.9603,True,True,False,512,512
97695,vojtechhabarta_typescript-generator,TaggedUnionsTest.testWithTypeParameter,5,non-flaky,5,0.9601,5,0.9605,True,True,False,127,150
97696,vojtechhabarta_typescript-generator,TaggedUnionsTest.testAsyncResultWithGenerics,5,non-flaky,5,0.9601,5,0.9599,True,True,False,179,206
97697,vojtechhabarta_typescript-generator,TaggedUnionsTest.testBaseWithGenerics,5,non-flaky,5,0.9603,5,0.9598,True,True,False,167,194
97698,vojtechhabarta_typescript-generator,TaggedUnionsTest.testGenericBaseWithNonGenericSubType,5,non-flaky,5,0.9609,5,0.9602,True,True,False,273,316
97699,vojtechhabarta_typescript-generator,TaggedUnionsTest.testTaggedUnionsWithExistingProperty,5,non-flaky,5,0.9597,5,0.9596,True,True,False,512,512
97700,vojtechhabarta_typescript-generator,ModuleDependenciesTest.test,5,non-flaky,5,0.959,5,0.9588,True,True,False,46,61
97701,vojtechhabarta_typescript-generator,EnumConstantsExtensionTest.writeIndentedLine,5,non-flaky,5,0.9606,5,0.9583,True,True,False,137,164
97702,vojtechhabarta_typescript-generator,EnumConstantsExtensionTest.testInTypeScriptGenerator,5,non-flaky,5,0.9605,5,0.9602,True,True,False,224,267
97703,vojtechhabarta_typescript-generator,EnumConstantsExtensionTest.testSorting,5,non-flaky,5,0.9613,5,0.9606,True,True,False,375,430
97704,vojtechhabarta_typescript-generator,IncludeExcludePropertyTest.testInclude,5,non-flaky,5,0.9599,5,0.9575,True,True,False,217,256
97705,vojtechhabarta_typescript-generator,IncludeExcludePropertyTest.testExclude,5,non-flaky,5,0.96,5,0.9569,True,True,False,218,257
97706,vojtechhabarta_typescript-generator,IncludeExcludePropertyTest.testBoth,5,non-flaky,5,0.9603,5,0.9566,True,True,False,245,293
97707,vojtechhabarta_typescript-generator,JavadocTest.generics,5,non-flaky,5,0.9485,5,0.9546,True,True,False,512,512
97708,vojtechhabarta_typescript-generator,CustomTypeAliasesTest.testGeneric,5,non-flaky,5,0.9608,5,0.9604,True,True,False,237,272
97709,vojtechhabarta_typescript-generator,CustomTypeAliasesTest.testNonGeneric,5,non-flaky,5,0.9602,5,0.9603,True,True,False,122,145
97710,vojtechhabarta_typescript-generator,SortedTypesTest.testOrder1,5,non-flaky,5,0.9598,5,0.9586,True,True,False,44,55
97711,vojtechhabarta_typescript-generator,SortedTypesTest.testOrder2,5,non-flaky,5,0.96,5,0.9585,True,True,False,44,55
97712,vojtechhabarta_typescript-generator,DateTest.testDate_forJavaUtilDate,5,non-flaky,5,0.9602,5,0.9568,True,True,False,244,283
97713,vojtechhabarta_typescript-generator,DateTest.testDateAsNumber_forJavaUtilDate,5,non-flaky,5,0.9604,5,0.9567,True,True,False,285,328
97714,vojtechhabarta_typescript-generator,DateTest.testDateAsString_forJavaUtilDate,5,non-flaky,5,0.9604,5,0.9568,True,True,False,285,328
97715,vojtechhabarta_typescript-generator,DateTest.testDateAsString_forJava8DateTime,5,non-flaky,5,0.9603,5,0.9574,True,True,False,258,297
97716,vojtechhabarta_typescript-generator,DateTest.testJava8DateWithJackson2CustomSerialization,5,non-flaky,5,0.96,5,0.9555,True,True,False,153,176
97717,vojtechhabarta_typescript-generator,JaxbTest.test,5,non-flaky,5,0.9601,5,0.9602,True,True,False,143,170
97718,vojtechhabarta_typescript-generator,JaxbTest.testJAXBElement,5,non-flaky,5,0.9601,5,0.9606,True,True,False,208,243
97719,vojtechhabarta_typescript-generator,MapExtensionTest.testOrder1,5,non-flaky,5,0.9612,5,0.9607,True,True,False,386,462
97720,vojtechhabarta_typescript-generator,MapExtensionTest.testStringList,5,non-flaky,5,0.9597,5,0.9598,True,True,False,102,121
97721,vojtechhabarta_typescript-generator,MapExtensionTest.testStringKeyMapNumberValue,5,non-flaky,5,0.9598,5,0.9598,True,True,False,111,130
97722,vojtechhabarta_typescript-generator,MapExtensionTest.testStringKeyMapGenericValue,5,non-flaky,5,0.9597,5,0.9598,True,True,False,111,130
97723,vojtechhabarta_typescript-generator,FullyQualifiedNamesTest.test,5,non-flaky,5,0.9592,5,0.96,True,True,False,512,512
97724,vojtechhabarta_typescript-generator,FullyQualifiedNamesTest.testNested,5,non-flaky,5,0.9594,5,0.9592,True,True,False,512,512
97725,vojtechhabarta_typescript-generator,JsonDeserializationTest.test,5,non-flaky,5,0.957,5,0.9576,True,True,False,512,512
97726,vojtechhabarta_typescript-generator,JsonDeserializationTest.testWithConstructors,5,non-flaky,5,0.9566,5,0.958,True,True,False,512,512
97727,vojtechhabarta_typescript-generator,JsonDeserializationTest.jaxrsApplicationClientTest,5,non-flaky,5,0.961,5,0.9589,True,True,False,384,437
97728,vojtechhabarta_typescript-generator,OptionalAnnotationTest.testJackson1OptionalAnnotation,5,non-flaky,5,0.9601,5,0.9599,True,True,False,112,135
97729,vojtechhabarta_typescript-generator,OptionalAnnotationTest.testJackson1NoAnnotation,5,non-flaky,5,0.9597,5,0.9594,True,True,False,91,110
97730,vojtechhabarta_typescript-generator,OptionalAnnotationTest.testJackson2OptionalAnnotation,5,non-flaky,5,0.9601,5,0.9599,True,True,False,112,135
97731,vojtechhabarta_typescript-generator,OptionalAnnotationTest.testJackson2NoAnnotation,5,non-flaky,5,0.9598,5,0.9593,True,True,False,91,110
97732,vojtechhabarta_typescript-generator,OptionalAnnotationTest.testJavaxNullableWithJackson1,5,non-flaky,5,0.9591,5,0.9588,True,True,False,58,69
97733,vojtechhabarta_typescript-generator,OptionalAnnotationTest.testJavaxNullableWithJackson2,5,non-flaky,5,0.9591,5,0.9587,True,True,False,58,69
97734,vojtechhabarta_typescript-generator,OptionalAnnotationTest.testNullableTypeAnnotation,5,non-flaky,5,0.9601,5,0.9602,True,True,False,156,183
97735,vojtechhabarta_typescript-generator,OptionalAnnotationTest.testAnnotatedPrivateField,5,non-flaky,5,0.9605,5,0.9605,True,True,False,129,152
97736,vojtechhabarta_typescript-generator,OptionalAnnotationTest.testOptionalAndRequiredProperty,5,non-flaky,5,0.9465,5,0.9496,True,True,False,512,512
97737,vojtechhabarta_typescript-generator,JsonUnwrappedTest.test,5,non-flaky,5,0.9605,5,0.9608,True,True,False,512,512
97738,vojtechhabarta_typescript-generator,JsonUnwrappedTest.testPrivateField,5,non-flaky,5,0.9602,5,0.9562,True,True,False,356,419
97739,vojtechhabarta_typescript-generator,DuplicatePropertyTest.testJacksonDuplicateProperty,5,non-flaky,5,0.9604,5,0.9518,True,True,False,178,209
97740,vojtechhabarta_typescript-generator,DuplicatePropertyTest.testDuplicateProperty,5,non-flaky,5,0.9604,5,0.9595,True,True,False,179,210
97741,vojtechhabarta_typescript-generator,CustomTypeMappingTest.test,5,non-flaky,5,0.9609,5,0.9599,True,True,False,408,462
97742,vojtechhabarta_typescript-generator,CustomTypeMappingTest.testEnumAsMap,5,non-flaky,5,0.9604,5,0.9599,True,True,False,239,276
97743,vojtechhabarta_typescript-generator,CustomTypeMappingTest.testSuperTypeString,5,non-flaky,5,0.9603,5,0.9596,True,True,False,155,178
97744,vojtechhabarta_typescript-generator,CustomTypeMappingTest.testGenericClassWithCustomMapping,5,non-flaky,5,0.9603,5,0.9596,True,True,False,151,174
97745,vojtechhabarta_typescript-generator,PathTemplateTest.test,5,non-flaky,5,0.9579,5,0.9437,True,True,False,442,502
97746,vojtechhabarta_typescript-generator,UtilsTest.testReplaceExtension,5,non-flaky,5,0.9606,5,0.9599,True,True,False,124,139
97747,vojtechhabarta_typescript-generator,UtilsTest.testGlobToRegexp,5,non-flaky,5,0.9606,5,0.9604,True,True,False,153,168
97748,vojtechhabarta_typescript-generator,UtilsTest.testPathJoin,5,non-flaky,5,0.9479,5,0.9504,True,True,False,512,512
97749,vojtechhabarta_typescript-generator,ModelCompilerTest.testEnum,5,non-flaky,5,0.96,5,0.9594,True,True,False,110,129
97750,vojtechhabarta_typescript-generator,ModelCompilerTest.testDate,5,non-flaky,5,0.9603,5,0.9594,True,True,False,103,122
97751,vojtechhabarta_typescript-generator,ModelCompilerTest.testExclusion,5,non-flaky,5,0.9602,5,0.9599,True,True,False,118,137
97752,vojtechhabarta_typescript-generator,ModelCompilerTest.testExclusionPattern,5,non-flaky,5,0.96,5,0.9571,True,True,False,141,164
97753,vojtechhabarta_typescript-generator,ModelCompilerTest.testIntermediateInterfacesWithoutTypeParams,5,non-flaky,5,0.9606,5,0.9593,True,True,False,251,309
97754,vojtechhabarta_typescript-generator,ModelCompilerTest.testIntermediateInterfacesWithTypeParams,5,non-flaky,5,0.9606,5,0.9592,True,True,False,251,309
97755,vojtechhabarta_typescript-generator,ExtensionTest.getFeatures,5,non-flaky,5,0.9603,5,0.9588,True,True,False,133,170
97756,vojtechhabarta_typescript-generator,DefaultTypeProcessorTest.testTypeConversion,5,non-flaky,5,0.9584,5,0.945,True,True,False,361,408
97757,vojtechhabarta_typescript-generator,DefaultTypeProcessorTest.testWildcards,5,non-flaky,5,0.9602,5,0.9559,True,True,False,204,231
97758,vojtechhabarta_typescript-generator,DefaultTypeProcessorTest.testRawTypes,5,non-flaky,5,0.9597,5,0.9605,True,True,False,125,144
97759,vojtechhabarta_typescript-generator,JaxrsApplicationTest.testReturnedTypesFromApplication,5,non-flaky,5,0.9599,5,0.9581,True,True,False,179,214
97760,vojtechhabarta_typescript-generator,JaxrsApplicationTest.testReturnedTypesFromResource,5,non-flaky,5,0.9523,5,0.955,True,True,False,512,512
97761,vojtechhabarta_typescript-generator,JaxrsApplicationTest.testWithParsingWithExplicitApplication,5,non-flaky,5,0.9596,5,0.9591,True,True,False,88,103
97762,vojtechhabarta_typescript-generator,JaxrsApplicationTest.testWithParsingWithDefaultApplication,5,non-flaky,5,0.9597,5,0.959,True,True,False,94,109
98256,spotify_docker-client,PushPullIT.testPushImageToPrivateAuthedRegistryWithoutAuth,5,non-flaky,5,0.9582,5,0.9533,True,True,False,167,221
98257,spotify_docker-client,PushPullIT.testPushImageToPrivateAuthedRegistryWithAuth,5,non-flaky,5,0.9602,5,0.9567,True,True,False,285,367
98258,spotify_docker-client,PushPullIT.testPushImageToPrivateUnauthedRegistryWithoutAuth,5,non-flaky,5,0.9587,5,0.9567,True,True,False,179,232
98259,spotify_docker-client,PushPullIT.testPushImageToPrivateUnauthedRegistryWithAuth,5,non-flaky,5,0.9587,5,0.9549,True,True,False,145,185
98260,spotify_docker-client,PushPullIT.testPushHubPublicImageWithAuth,5,non-flaky,5,0.9591,5,0.9551,True,True,False,261,317
98261,spotify_docker-client,PushPullIT.testPushHubPrivateImageWithAuth,5,non-flaky,5,0.959,5,0.9556,True,True,False,263,319
98262,spotify_docker-client,PushPullIT.testPullHubPrivateRepoWithBadAuth,5,non-flaky,5,0.9592,5,0.9564,True,True,False,150,185
98263,spotify_docker-client,PushPullIT.testBuildHubPrivateRepoWithAuth,5,non-flaky,5,0.9589,5,0.9574,True,True,False,193,246
98264,spotify_docker-client,PushPullIT.testPullHubPrivateRepoWithAuth,5,non-flaky,5,0.959,5,0.9574,True,True,False,116,143
98265,spotify_docker-client,ContainerStatsTest.test1_26,5,non-flaky,5,0.9592,5,0.9582,True,True,False,52,63
98266,spotify_docker-client,ContainerStateTest.testLoadFromRandomFixture,5,non-flaky,5,0.9571,5,0.9548,True,True,False,438,512
98267,spotify_docker-client,ContainerStateTest.testLoadFromRandomFixtureMissingProperty,5,non-flaky,5,0.96,5,0.9578,True,True,False,84,99
98268,spotify_docker-client,ContainerStateTest.testLoadInvalidConatainerStateJson,5,non-flaky,5,0.9596,5,0.9567,True,True,False,75,95
98269,spotify_docker-client,ContainerStateTest.testLoadInvalidJson,5,non-flaky,5,0.9595,5,0.9568,True,True,False,67,87
98270,spotify_docker-client,ContainerInfoTest.test1_22,5,non-flaky,5,0.9591,5,0.9582,True,True,False,52,63
98271,spotify_docker-client,ContainerInfoTest.test1_24,5,non-flaky,5,0.9592,5,0.9582,True,True,False,52,63
98272,spotify_docker-client,HostConfigTest.testJsonAlways,5,non-flaky,5,0.9594,5,0.9589,True,True,False,112,135
98273,spotify_docker-client,HostConfigTest.testJsonUnlessStopped,5,non-flaky,5,0.9601,5,0.9595,True,True,False,118,141
98274,spotify_docker-client,HostConfigTest.testJsonOnFailure,5,non-flaky,5,0.9595,5,0.9592,True,True,False,117,140
98275,spotify_docker-client,HostConfigTest.testReplaceBinds,5,non-flaky,5,0.9602,5,0.9593,True,True,False,155,195
98276,spotify_docker-client,HostConfigTest.testAppendBinds,5,non-flaky,5,0.9581,5,0.9467,True,True,False,251,320
98277,spotify_docker-client,HostConfigTest.testPreventDuplicateBinds,5,non-flaky,5,0.9594,5,0.9586,True,True,False,124,160
98278,spotify_docker-client,ImageInfoTest.test1_24,5,non-flaky,5,0.9591,5,0.9579,True,True,False,52,63
98279,spotify_docker-client,ProgressMessageTest.testNotADigest,5,non-flaky,5,0.9593,5,0.9583,True,True,False,42,53
98280,spotify_docker-client,ProgressMessageTest.testDigest_Docker16,5,non-flaky,5,0.9593,5,0.9579,True,True,False,48,59
98281,spotify_docker-client,ProgressMessageTest.testDigest_Docker18,5,non-flaky,5,0.9593,5,0.9584,True,True,False,70,85
98282,spotify_docker-client,EventTest.serializationRoundTripTest,5,non-flaky,5,0.9599,5,0.9593,True,True,False,206,260
98283,spotify_docker-client,RegistryAuthTest.testFromDockerConfig_FullConfig,5,non-flaky,5,0.9583,5,0.957,True,True,False,92,111
98284,spotify_docker-client,RegistryAuthTest.testFromDockerConfig_FullDockerCfg,5,non-flaky,5,0.9583,5,0.9567,True,True,False,96,115
98285,spotify_docker-client,RegistryAuthTest.testFromDockerConfig_IdentityToken,5,non-flaky,5,0.9588,5,0.9572,True,True,False,100,119
98286,spotify_docker-client,RegistryAuthTest.testFromDockerConfig_IncompleteConfig,5,non-flaky,5,0.9585,5,0.9573,True,True,False,93,112
98287,spotify_docker-client,RegistryAuthTest.testFromDockerConfig_WrongConfigs,5,non-flaky,5,0.9592,5,0.9586,True,True,False,165,201
98288,spotify_docker-client,RegistryAuthTest.testFromDockerConfig_MissingConfigFile,5,non-flaky,5,0.9591,5,0.9576,True,True,False,90,109
98289,spotify_docker-client,RegistryAuthTest.testFromDockerConfig_MultiConfig,5,non-flaky,5,0.9587,5,0.9587,True,True,False,199,230
98290,spotify_docker-client,ContainerTest.testLoadFromFixture,5,non-flaky,5,0.9591,5,0.9576,True,True,False,96,115
98291,spotify_docker-client,ContainerTest.testLoadFromFixtureMissingPorts,5,non-flaky,5,0.9596,5,0.9577,True,True,False,91,110
98292,spotify_docker-client,DockerDateFormatTest.testHandlesMillisecondPrecision,5,non-flaky,5,0.9588,5,0.9581,True,True,False,49,60
98293,spotify_docker-client,DockerDateFormatTest.testHandlesNanosecondPrecision,5,non-flaky,5,0.9581,5,0.9571,True,True,False,62,73
98294,spotify_docker-client,DockerDateFormatTest.testHandlesNanosecondWithLessThanNineDigits,5,non-flaky,5,0.958,5,0.9571,True,True,False,66,77
98295,spotify_docker-client,DockerDateFormatTest.otherTimeZones,5,non-flaky,5,0.9592,5,0.9559,True,True,False,107,126
98296,spotify_docker-client,CompressedDirectoryTest.testFile,5,non-flaky,5,0.9608,5,0.9601,True,True,False,384,460
98297,spotify_docker-client,CompressedDirectoryTest.testFileWithIgnore,5,non-flaky,5,0.9613,5,0.96,True,True,False,448,512
98298,spotify_docker-client,CompressedDirectoryTest.testFileWithEmptyDirectory,5,non-flaky,5,0.9599,5,0.9587,True,True,False,311,388
98299,spotify_docker-client,UnixTimestampDeserializerTest.testFromString,5,non-flaky,5,0.9588,5,0.9587,True,True,False,90,114
98300,spotify_docker-client,UnixTimestampDeserializerTest.testFromNumber,5,non-flaky,5,0.9588,5,0.9594,True,True,False,88,112
98301,spotify_docker-client,UnixTimestampSerializerTest.testToString,5,non-flaky,5,0.9585,5,0.9548,True,True,False,114,146
98302,spotify_docker-client,DefaultLogStreamTest.testAttach,5,non-flaky,5,0.9576,5,0.9576,True,True,False,235,300
98303,spotify_docker-client,DockerRequestExceptionTest.testExceptionMessageWithResponseBody,5,non-flaky,5,0.9588,5,0.9548,True,True,False,121,153
98304,spotify_docker-client,DockerRequestExceptionTest.testExceptionMessageWhenNoResponseBody,5,non-flaky,5,0.9593,5,0.9562,True,True,False,115,147
98305,spotify_docker-client,CompressedDirectoryMatchFilepathTest.testMatchFilepath,5,non-flaky,5,0.9604,5,0.9599,True,True,False,200,270
98306,spotify_docker-client,ImageRefTest.testImageWithoutTag,5,non-flaky,5,0.9584,5,0.9566,True,True,False,75,94
98307,spotify_docker-client,ImageRefTest.testImageWithTag,5,non-flaky,5,0.9586,5,0.9568,True,True,False,78,97
98308,spotify_docker-client,ImageRefTest.testImageWithTagAndRegistry,5,non-flaky,5,0.9583,5,0.957,True,True,False,95,114
98309,spotify_docker-client,ImageRefTest.testImageWithDigest,5,non-flaky,5,0.9585,5,0.9561,True,True,False,67,82
98310,spotify_docker-client,ImageRefTest.testImageWithDigestAndRegistry,5,non-flaky,5,0.9577,5,0.9571,True,True,False,86,101
98311,spotify_docker-client,DefaultDockerClientUnitTest.testHostForUnixSocket,5,non-flaky,5,0.9576,5,0.9564,True,True,False,82,101
98312,spotify_docker-client,DefaultDockerClientUnitTest.testHostForLocalHttps,5,non-flaky,5,0.9578,5,0.9566,True,True,False,78,97
98313,spotify_docker-client,DefaultDockerClientUnitTest.testHostForFqdnHttps,5,non-flaky,5,0.9585,5,0.9568,True,True,False,86,105
98314,spotify_docker-client,DefaultDockerClientUnitTest.testHostForIpHttps,5,non-flaky,5,0.958,5,0.956,True,True,False,91,110
98315,spotify_docker-client,DefaultDockerClientUnitTest.testNoHeaders,5,non-flaky,5,0.9581,5,0.9563,True,True,False,84,112
98316,spotify_docker-client,DefaultDockerClientUnitTest.testOneHeader,5,non-flaky,5,0.9593,5,0.9585,True,True,False,196,254
98317,spotify_docker-client,DefaultDockerClientUnitTest.testMultipleHeaders,5,non-flaky,5,0.9507,5,0.92,True,True,False,375,478
98318,spotify_docker-client,DefaultDockerClientUnitTest.testCapAddAndDrop,5,non-flaky,5,0.9445,5,0.9177,True,True,False,512,512
98319,spotify_docker-client,DockerHostTest.testDefaultDockerEndpoint,5,non-flaky,5,0.9564,5,0.9484,True,True,False,162,194
98320,spotify_docker-client,DockerHostTest.testEndpointFromEnv,5,non-flaky,5,0.9571,5,0.9528,True,True,False,150,182
98321,spotify_docker-client,DockerHostTest.testDefaultUnixEndpoint,5,non-flaky,5,0.9583,5,0.9564,True,True,False,55,66
98322,spotify_docker-client,DockerHostTest.testDefaultAddress,5,non-flaky,5,0.9586,5,0.955,True,True,False,40,51
98323,spotify_docker-client,DockerHostTest.testDefaultPort,5,non-flaky,5,0.9586,5,0.9554,True,True,False,40,51
98324,spotify_docker-client,DockerHostTest.testPortFromEnv,5,non-flaky,5,0.9565,5,0.9497,True,True,False,113,141
98325,spotify_docker-client,DockerHostTest.testDefaultCertPath,5,non-flaky,5,0.9567,5,0.954,True,True,False,85,109
98326,spotify_docker-client,DockerHostTest.testCertPathFromEnv,5,non-flaky,5,0.957,5,0.9512,True,True,False,138,170
98327,spotify_docker-client,DockerHostTest.testFromUnixSocket,5,non-flaky,5,0.9601,5,0.9589,True,True,False,220,272
98328,spotify_docker-client,DockerHostTest.testFromTcpSocketNoCert,5,non-flaky,5,0.9592,5,0.9572,True,True,False,212,256
98329,spotify_docker-client,DockerHostTest.testFromTcpSocketWithCert,5,non-flaky,5,0.9606,5,0.9587,True,True,False,232,280
98330,spotify_docker-client,DockerHostTest.testFromEnv,5,non-flaky,5,0.9577,5,0.9571,True,True,False,512,512
98331,spotify_docker-client,DockerCertificatesTest.testBadDockerCertificates,5,non-flaky,5,0.9576,5,0.9563,True,True,False,108,135
98332,spotify_docker-client,DockerCertificatesTest.testNoDockerCertificatesInDir,5,non-flaky,5,0.9594,5,0.9578,True,True,False,119,146
98333,spotify_docker-client,DockerCertificatesTest.testDefaultDockerCertificates,5,non-flaky,5,0.9595,5,0.9591,True,True,False,234,305
98334,spotify_docker-client,DockerCertificatesTest.testDockerCertificatesWithMultiCa,5,non-flaky,5,0.9597,5,0.9586,True,True,False,332,410
98335,spotify_docker-client,DockerCertificatesTest.testReadPrivateKeyPkcs1,5,non-flaky,5,0.959,5,0.9585,True,True,False,210,268
98336,spotify_docker-client,DockerCertificatesTest.testReadPrivateKeyPkcs8,5,non-flaky,5,0.959,5,0.9585,True,True,False,210,268
106573,Alluxio_alluxio,UfsOperationsTest.ufsContractTest,5,non-flaky,5,0.9581,5,0.9521,True,True,False,130,170
106574,Alluxio_alluxio,HdfsVersionValidationTaskTest.versionNotMatchedDefault,5,non-flaky,5,0.9595,5,0.9584,True,True,False,222,266
106575,Alluxio_alluxio,HdfsVersionValidationTaskTest.versionNotMatched,5,non-flaky,5,0.9595,5,0.9585,True,True,False,261,313
106576,Alluxio_alluxio,HdfsVersionValidationTaskTest.versionMatched,5,non-flaky,5,0.9588,5,0.9571,True,True,False,182,222
106577,Alluxio_alluxio,HdfsVersionValidationTaskTest.minorVersionAccepted,5,non-flaky,5,0.9584,5,0.9582,True,True,False,204,248
106578,Alluxio_alluxio,HdfsVersionValidationTaskTest.minorVersionConflict,5,non-flaky,5,0.9593,5,0.959,True,True,False,263,315
106579,Alluxio_alluxio,HdfsVersionValidationTaskTest.versionParsing,5,non-flaky,5,0.9605,5,0.9591,True,True,False,339,395
106580,Alluxio_alluxio,HdfsVersionValidationTaskTest.cdhVersionParsing,5,non-flaky,5,0.9603,5,0.9591,True,True,False,335,387
106581,Alluxio_alluxio,HdfsConfValidationTaskTest.loadedConf,5,non-flaky,5,0.9601,5,0.9598,True,True,False,300,357
106582,Alluxio_alluxio,HdfsConfValidationTaskTest.missingCoreSiteXML,5,non-flaky,5,0.9597,5,0.9601,True,True,False,264,312
106583,Alluxio_alluxio,HdfsConfValidationTaskTest.missingHdfsSiteXML,5,non-flaky,5,0.9601,5,0.9593,True,True,False,260,308
106584,Alluxio_alluxio,HdfsConfValidationTaskTest.missingBoth,5,non-flaky,5,0.9593,5,0.9594,True,True,False,228,267
106585,Alluxio_alluxio,HdfsConfValidationTaskTest.cannotParseCoreSiteXml,5,non-flaky,5,0.9606,5,0.9609,True,True,False,512,512
106586,Alluxio_alluxio,HdfsConfValidationTaskTest.inconsistentConf,5,non-flaky,5,0.9604,5,0.9597,True,True,False,398,476
106587,Alluxio_alluxio,HdfsConfValidationTaskTest.validConf,5,non-flaky,5,0.9599,5,0.9595,True,True,False,320,382
106588,Alluxio_alluxio,HdfsProxyUserValidationTaskTest.skipped,5,non-flaky,5,0.9598,5,0.9595,True,True,False,152,179
106589,Alluxio_alluxio,HdfsProxyUserValidationTaskTest.missingProxyUser,5,non-flaky,5,0.9602,5,0.9592,True,True,False,263,324
106590,Alluxio_alluxio,HdfsProxyUserValidationTaskTest.proxyUserNotWildcard,5,non-flaky,5,0.9607,5,0.9601,True,True,False,345,414
106591,Alluxio_alluxio,HdfsProxyUserValidationTaskTest.proxyUsersAndGroupsAllMissing,5,non-flaky,5,0.9604,5,0.9583,True,True,False,307,372
106592,Alluxio_alluxio,HdfsProxyUserValidationTaskTest.wildcardProxyUsers,5,non-flaky,5,0.9592,5,0.958,True,True,False,197,246
106593,Alluxio_alluxio,HdfsProxyUserValidationTaskTest.wildcardProxyGroups,5,non-flaky,5,0.9593,5,0.9578,True,True,False,198,247
106594,Alluxio_alluxio,NativeLibValidationTaskTest.nativeLibPresent,5,non-flaky,5,0.959,5,0.9553,True,True,False,155,200
106595,Alluxio_alluxio,NativeLibValidationTaskTest.nativeLibMissing,5,non-flaky,5,0.9592,5,0.9585,True,True,False,173,213
106596,Alluxio_alluxio,ContainerAllocatorTest.oneContainerPerHostFullAllocation,5,non-flaky,5,0.957,5,0.9571,True,True,False,72,91
106597,Alluxio_alluxio,ContainerAllocatorTest.fiveContainersPerHostFullAllocation,5,non-flaky,5,0.9569,5,0.9567,True,True,False,73,92
106598,Alluxio_alluxio,ContainerAllocatorTest.fiveContainersPerHostHalfAllocation,5,non-flaky,5,0.9585,5,0.9587,True,True,False,171,215
106599,Alluxio_alluxio,ContainerAllocatorTest.notEnoughHosts,5,non-flaky,5,0.9549,5,0.9524,True,True,False,196,239
106600,Alluxio_alluxio,ContainerAllocatorTest.allocateMasterInAnyHost,5,non-flaky,5,0.9572,5,0.9531,True,True,False,266,321
106601,Alluxio_alluxio,ClientTest.notEnoughMemoryForApplicationMaster,5,non-flaky,5,0.9586,5,0.956,True,True,False,233,292
106602,Alluxio_alluxio,ClientTest.notEnoughVCoreForApplicationMaster,5,non-flaky,5,0.9593,5,0.9566,True,True,False,256,319
106603,Alluxio_alluxio,ClientTest.notEnoughMemoryForAlluxioMaster,5,non-flaky,5,0.9582,5,0.9528,True,True,False,266,317
106604,Alluxio_alluxio,ClientTest.notEnoughVCoreForAlluxioMaster,5,non-flaky,5,0.9588,5,0.9529,True,True,False,298,353
106605,Alluxio_alluxio,ClientTest.notEnoughMemoryForAlluxioWorker,5,non-flaky,5,0.9599,5,0.9545,True,True,False,356,419
106606,Alluxio_alluxio,ClientTest.notEnoughVCoreForAlluxioWorker,5,non-flaky,5,0.9601,5,0.9537,True,True,False,380,447
106607,Alluxio_alluxio,StatvfsTest.offset,5,non-flaky,5,0.9613,5,0.9614,True,True,False,417,485
106608,Alluxio_alluxio,FileStatTest.offset,5,non-flaky,5,0.96,5,0.9615,True,True,False,512,512
106609,Alluxio_alluxio,FileStatTest.dataConsistency,5,non-flaky,5,0.9612,5,0.9596,True,True,False,220,272
106610,Alluxio_alluxio,FuseFileInfoTest.offset,5,non-flaky,5,0.9596,5,0.9582,True,True,False,159,186
106611,Alluxio_alluxio,AlluxioJniFuseFileSystemTest.chmod,5,non-flaky,5,0.9589,5,0.9567,True,True,False,134,165
106612,Alluxio_alluxio,AlluxioJniFuseFileSystemTest.chown,5,non-flaky,5,0.96,5,0.9593,True,True,False,226,269
106613,Alluxio_alluxio,AlluxioJniFuseFileSystemTest.chownWithoutValidGid,5,non-flaky,5,0.9603,5,0.9584,True,True,False,300,360
106614,Alluxio_alluxio,AlluxioJniFuseFileSystemTest.chownWithoutValidUid,5,non-flaky,5,0.9598,5,0.959,True,True,False,279,340
106615,Alluxio_alluxio,AlluxioJniFuseFileSystemTest.chownWithoutValidUidAndGid,5,non-flaky,5,0.958,5,0.9581,True,True,False,218,262
106616,Alluxio_alluxio,AlluxioJniFuseFileSystemTest.create,5,non-flaky,5,0.9577,5,0.9553,True,True,False,154,185
106617,Alluxio_alluxio,AlluxioJniFuseFileSystemTest.createWithLengthLimit,5,non-flaky,5,0.959,5,0.9555,True,True,False,119,142
106618,Alluxio_alluxio,AlluxioJniFuseFileSystemTest.flush,5,non-flaky,5,0.9574,5,0.9524,True,True,False,177,234
106619,Alluxio_alluxio,AlluxioJniFuseFileSystemTest.getattr,5,non-flaky,5,0.9327,5,0.9448,True,True,False,512,512
106620,Alluxio_alluxio,AlluxioJniFuseFileSystemTest.getattrWithDelay,5,non-flaky,5,0.9167,5,0.8962,True,True,False,362,501
106621,Alluxio_alluxio,AlluxioJniFuseFileSystemTest.getattrWhenWriting,5,non-flaky,5,0.8871,5,0.9306,True,True,False,512,512
106622,Alluxio_alluxio,AlluxioJniFuseFileSystemTest.mkDir,5,non-flaky,5,0.958,5,0.9513,True,True,False,145,176
106623,Alluxio_alluxio,AlluxioJniFuseFileSystemTest.mkDirWithLengthLimit,5,non-flaky,5,0.9587,5,0.9577,True,True,False,107,130
106624,Alluxio_alluxio,AlluxioJniFuseFileSystemTest.openWithoutDelay,5,non-flaky,5,0.9589,5,0.9566,True,True,False,134,170
106625,Alluxio_alluxio,AlluxioJniFuseFileSystemTest.incompleteFileCannotOpen,5,non-flaky,5,0.9575,5,0.9529,True,True,False,135,167
106626,Alluxio_alluxio,AlluxioJniFuseFileSystemTest.openWithDelay,5,non-flaky,5,0.9138,5,0.9108,True,True,False,259,332
106627,Alluxio_alluxio,AlluxioJniFuseFileSystemTest.read,5,non-flaky,5,0.9594,5,0.9527,True,True,False,459,512
106628,Alluxio_alluxio,AlluxioJniFuseFileSystemTest.rename,5,non-flaky,5,0.9589,5,0.9548,True,True,False,125,152
106629,Alluxio_alluxio,AlluxioJniFuseFileSystemTest.renameOldNotExist,5,non-flaky,5,0.9573,5,0.9537,True,True,False,147,174
106630,Alluxio_alluxio,AlluxioJniFuseFileSystemTest.renameNewExist,5,non-flaky,5,0.9573,5,0.9529,True,True,False,144,171
106631,Alluxio_alluxio,AlluxioJniFuseFileSystemTest.renameWithLengthLimit,5,non-flaky,5,0.9581,5,0.9537,True,True,False,167,198
106632,Alluxio_alluxio,AlluxioJniFuseFileSystemTest.rmdir,5,non-flaky,5,0.9569,5,0.9541,True,True,False,97,120
106633,Alluxio_alluxio,AlluxioJniFuseFileSystemTest.write,5,non-flaky,5,0.9595,5,0.9558,True,True,False,311,406
106634,Alluxio_alluxio,AlluxioJniFuseFileSystemTest.unlink,5,non-flaky,5,0.9574,5,0.9555,True,True,False,95,118
106635,Alluxio_alluxio,AlluxioJniFuseFileSystemTest.pathTranslation,5,non-flaky,5,0.958,5,0.9576,True,True,False,173,218
106636,Alluxio_alluxio,AlluxioJniFuseFileSystemTest.statfs,5,non-flaky,5,0.9596,5,0.9596,True,True,False,512,512
106637,Alluxio_alluxio,AlluxioFuseFileSystemTest.chmod,5,non-flaky,5,0.9589,5,0.9567,True,True,False,134,165
106638,Alluxio_alluxio,AlluxioFuseFileSystemTest.chown,5,non-flaky,5,0.96,5,0.9593,True,True,False,226,269
106639,Alluxio_alluxio,AlluxioFuseFileSystemTest.chownWithoutValidGid,5,non-flaky,5,0.9603,5,0.9584,True,True,False,296,356
106640,Alluxio_alluxio,AlluxioFuseFileSystemTest.chownWithoutValidUid,5,non-flaky,5,0.96,5,0.9598,True,True,False,275,336
106641,Alluxio_alluxio,AlluxioFuseFileSystemTest.chownWithoutValidUidAndGid,5,non-flaky,5,0.9581,5,0.9563,True,True,False,210,254
106642,Alluxio_alluxio,AlluxioFuseFileSystemTest.create,5,non-flaky,5,0.9577,5,0.9553,True,True,False,154,185
106643,Alluxio_alluxio,AlluxioFuseFileSystemTest.createWithLengthLimit,5,non-flaky,5,0.959,5,0.9555,True,True,False,119,142
106644,Alluxio_alluxio,AlluxioFuseFileSystemTest.flush,5,non-flaky,5,0.9574,5,0.9524,True,True,False,177,234
106645,Alluxio_alluxio,AlluxioFuseFileSystemTest.getattr,5,non-flaky,5,0.9308,5,0.943,True,True,False,512,512
106646,Alluxio_alluxio,AlluxioFuseFileSystemTest.getattrWithDelay,5,non-flaky,5,0.909,5,0.8963,True,True,False,358,497
106647,Alluxio_alluxio,AlluxioFuseFileSystemTest.getattrWhenWriting,5,non-flaky,5,0.8873,5,0.9296,True,True,False,512,512
106648,Alluxio_alluxio,AlluxioFuseFileSystemTest.mkDir,5,non-flaky,5,0.958,5,0.9513,True,True,False,145,176
106649,Alluxio_alluxio,AlluxioFuseFileSystemTest.mkDirWithLengthLimit,5,non-flaky,5,0.9587,5,0.9577,True,True,False,107,130
106650,Alluxio_alluxio,AlluxioFuseFileSystemTest.openWithoutDelay,5,non-flaky,5,0.9589,5,0.9566,True,True,False,134,170
106651,Alluxio_alluxio,AlluxioFuseFileSystemTest.incompleteFileCannotOpen,5,non-flaky,5,0.9575,5,0.9529,True,True,False,135,167
106652,Alluxio_alluxio,AlluxioFuseFileSystemTest.openWithDelay,5,non-flaky,5,0.9138,5,0.9108,True,True,False,259,332
106653,Alluxio_alluxio,AlluxioFuseFileSystemTest.read,5,non-flaky,5,0.9588,5,0.9489,True,True,False,476,512
106654,Alluxio_alluxio,AlluxioFuseFileSystemTest.readOffset,5,non-flaky,5,0.9545,5,0.9494,True,True,False,512,512
106655,Alluxio_alluxio,AlluxioFuseFileSystemTest.readOffset2,5,non-flaky,5,0.9504,5,0.9485,True,True,False,512,512
106656,Alluxio_alluxio,AlluxioFuseFileSystemTest.rename,5,non-flaky,5,0.9589,5,0.9548,True,True,False,125,152
106657,Alluxio_alluxio,AlluxioFuseFileSystemTest.renameOldNotExist,5,non-flaky,5,0.9573,5,0.9537,True,True,False,147,174
106658,Alluxio_alluxio,AlluxioFuseFileSystemTest.renameNewExist,5,non-flaky,5,0.9573,5,0.9529,True,True,False,144,171
106659,Alluxio_alluxio,AlluxioFuseFileSystemTest.renameWithLengthLimit,5,non-flaky,5,0.9581,5,0.9537,True,True,False,167,198
106660,Alluxio_alluxio,AlluxioFuseFileSystemTest.rmdir,5,non-flaky,5,0.9569,5,0.9541,True,True,False,97,120
106661,Alluxio_alluxio,AlluxioFuseFileSystemTest.write,5,non-flaky,5,0.9586,5,0.9554,True,True,False,323,418
106662,Alluxio_alluxio,AlluxioFuseFileSystemTest.unlink,5,non-flaky,5,0.9574,5,0.9555,True,True,False,95,118
106663,Alluxio_alluxio,AlluxioFuseFileSystemTest.pathTranslation,5,non-flaky,5,0.958,5,0.9576,True,True,False,173,218
106664,Alluxio_alluxio,AlluxioFuseFileSystemTest.statfs,5,non-flaky,5,0.9586,5,0.9598,True,True,False,512,512
106665,Alluxio_alluxio,BaseFileSystemTest.createFile,5,non-flaky,5,0.9547,5,0.9536,True,True,False,198,242
106666,Alluxio_alluxio,BaseFileSystemTest.createException,5,non-flaky,5,0.955,5,0.9458,True,True,False,173,221
106667,Alluxio_alluxio,BaseFileSystemTest.delete,5,non-flaky,5,0.9585,5,0.954,True,True,False,138,174
106668,Alluxio_alluxio,BaseFileSystemTest.deleteException,5,non-flaky,5,0.9578,5,0.9483,True,True,False,222,282
106669,Alluxio_alluxio,BaseFileSystemTest.free,5,non-flaky,5,0.9586,5,0.9576,True,True,False,139,175
106670,Alluxio_alluxio,BaseFileSystemTest.freeException,5,non-flaky,5,0.9573,5,0.9488,True,True,False,209,265
106671,Alluxio_alluxio,BaseFileSystemTest.getStatus,5,non-flaky,5,0.9552,5,0.9528,True,True,False,219,267
106672,Alluxio_alluxio,BaseFileSystemTest.getStatusException,5,non-flaky,5,0.957,5,0.9487,True,True,False,213,269
110830,opensource4you_astraea,ArgumentUtilTest.testParse,5,non-flaky,5,0.9591,5,0.9589,True,True,False,74,93
110831,opensource4you_astraea,ArgumentUtilTest.testRequired,5,non-flaky,5,0.9595,5,0.9581,True,True,False,70,89
110832,opensource4you_astraea,ArgumentUtilTest.testLongPositive,5,non-flaky,5,0.9592,5,0.9599,True,True,False,194,242
110833,opensource4you_astraea,ArgumentUtilTest.testNotNegative,5,non-flaky,5,0.9594,5,0.9596,True,True,False,226,282
110834,opensource4you_astraea,ArgumentUtilTest.testDurationConvert,5,non-flaky,5,0.9585,5,0.9581,True,True,False,117,149
110835,opensource4you_astraea,ArgumentUtilTest.testSetConverter,5,non-flaky,5,0.9585,5,0.9565,True,True,False,127,159
112671,hwang-pku_ormlite-core,VersionUtilsTest.testCheckCoreVersusJdbcVersionsGood,5,non-flaky,5,0.9557,5,0.9552,True,True,False,65,80
112672,hwang-pku_ormlite-core,VersionUtilsTest.testCheckCoreVersusJdbcVersionsBad,5,non-flaky,5,0.9534,5,0.952,True,True,False,68,83
112673,hwang-pku_ormlite-core,VersionUtilsTest.testCheckCoreVersusAndroidVersionsGood,5,non-flaky,5,0.9556,5,0.9543,True,True,False,61,76
112674,hwang-pku_ormlite-core,VersionUtilsTest.testCheckCoreVersusAndroidVersionsBad,5,non-flaky,5,0.9535,5,0.9519,True,True,False,64,79
112675,hwang-pku_ormlite-core,JavaxPersistenceTest.testConversions,5,non-flaky,5,0.9394,5,0.9524,True,True,False,512,512
112676,hwang-pku_ormlite-core,JavaxPersistenceTest.testTableName,5,non-flaky,5,0.9587,5,0.959,True,True,False,86,105
112677,hwang-pku_ormlite-core,JavaxPersistenceTest.testUpperCaseFieldNames,5,non-flaky,5,0.9597,5,0.9582,True,True,False,170,217
112678,hwang-pku_ormlite-core,JavaxPersistenceTest.testSerializableClass,5,non-flaky,5,0.9607,5,0.9605,True,True,False,208,273
112679,hwang-pku_ormlite-core,BaseDaoEnabledTest.testCreate,5,non-flaky,5,0.9577,5,0.9583,True,True,False,98,129
112680,hwang-pku_ormlite-core,BaseDaoEnabledTest.testCreateNoDao,5,non-flaky,5,0.9567,5,0.9576,True,True,False,70,93
112681,hwang-pku_ormlite-core,BaseDaoEnabledTest.testUpdate,5,non-flaky,5,0.9594,5,0.9597,True,True,False,166,213
112682,hwang-pku_ormlite-core,BaseDaoEnabledTest.testUpdateId,5,non-flaky,5,0.9599,5,0.9596,True,True,False,169,216
112683,hwang-pku_ormlite-core,BaseDaoEnabledTest.testDelete,5,non-flaky,5,0.9595,5,0.9606,True,True,False,139,178
112684,hwang-pku_ormlite-core,BaseDaoEnabledTest.testToString,5,non-flaky,5,0.9593,5,0.9571,True,True,False,139,178
112685,hwang-pku_ormlite-core,BaseDaoEnabledTest.testObjectEquals,5,non-flaky,5,0.9587,5,0.9603,True,True,False,107,138
112686,hwang-pku_ormlite-core,BaseDaoEnabledTest.testObjectEqualsNoDao,5,non-flaky,5,0.9572,5,0.9585,True,True,False,74,97
112687,hwang-pku_ormlite-core,BaseDaoEnabledTest.testExtractId,5,non-flaky,5,0.9588,5,0.9605,True,True,False,113,144
112688,hwang-pku_ormlite-core,BaseDaoEnabledTest.testForeign,5,non-flaky,5,0.9591,5,0.9585,True,True,False,276,366
112689,hwang-pku_ormlite-core,SqlExceptionUtilTest.testException,5,non-flaky,5,0.9583,5,0.9573,True,True,False,87,114
112690,hwang-pku_ormlite-core,SqlExceptionUtilTest.testExceptionWithSQLException,5,non-flaky,5,0.9593,5,0.9595,True,True,False,141,180
112691,hwang-pku_ormlite-core,SqlExceptionUtilTest.testConstructor,5,non-flaky,5,0.959,5,0.959,True,True,False,97,124
112692,hwang-pku_ormlite-core,TransactionManagerTest.call,5,non-flaky,5,0.9535,5,0.943,True,True,False,305,384
112693,hwang-pku_ormlite-core,TransactionManagerTest.call,5,non-flaky,5,0.9553,5,0.9493,True,True,False,319,398
112694,hwang-pku_ormlite-core,TransactionManagerTest.call,5,non-flaky,5,0.9538,5,0.9509,True,True,False,263,334
112695,hwang-pku_ormlite-core,TransactionManagerTest.call,5,non-flaky,5,0.9549,5,0.9444,True,True,False,330,413
112696,hwang-pku_ormlite-core,TransactionManagerTest.call,5,non-flaky,5,0.9515,5,0.9402,True,True,False,288,363
112697,hwang-pku_ormlite-core,TransactionManagerTest.call,5,non-flaky,5,0.9552,5,0.9458,True,True,False,329,412
112698,hwang-pku_ormlite-core,TransactionManagerTest.call,5,non-flaky,5,0.9545,5,0.9503,True,True,False,328,411
112699,hwang-pku_ormlite-core,TransactionManagerTest.call,5,non-flaky,5,0.9501,5,0.9467,True,True,False,352,443
112700,hwang-pku_ormlite-core,TransactionManagerTest.testTransactionManagerSpringWiring,5,non-flaky,5,0.9574,5,0.9577,True,True,False,53,72
112701,hwang-pku_ormlite-core,TransactionManagerTest.testTransactionManagerNoSet,5,non-flaky,5,0.9571,5,0.9571,True,True,False,49,64
112702,hwang-pku_ormlite-core,TransactionManagerTest.testDaoTransactionManagerCommitted,5,non-flaky,5,0.9568,5,0.9577,True,True,False,103,134
112703,hwang-pku_ormlite-core,TransactionManagerTest.testRollBack,5,non-flaky,5,0.9575,5,0.9572,True,True,False,108,139
112704,hwang-pku_ormlite-core,TransactionManagerTest.testSpringWiredRollBack,5,non-flaky,5,0.957,5,0.957,True,True,False,130,169
112705,hwang-pku_ormlite-core,TransactionManagerTest.testNonRuntimeExceptionWiredRollBack,5,non-flaky,5,0.9572,5,0.9562,True,True,False,132,171
112706,hwang-pku_ormlite-core,TransactionManagerTest.call,5,non-flaky,5,0.9581,5,0.9559,True,True,False,147,194
112707,hwang-pku_ormlite-core,TransactionManagerTest.call,5,non-flaky,5,0.9536,5,0.9377,True,True,False,230,297
112708,hwang-pku_ormlite-core,TransactionManagerTest.call,5,non-flaky,5,0.9602,5,0.9563,True,True,False,246,321
112709,hwang-pku_ormlite-core,TransactionManagerTest.call,5,non-flaky,5,0.952,5,0.9323,True,True,False,227,300
112710,hwang-pku_ormlite-core,TransactionManagerTest.call,5,non-flaky,5,0.9414,5,0.9476,True,True,False,512,512
112711,hwang-pku_ormlite-core,BaseConnectionSourceTest.testBasicStuff,5,non-flaky,5,0.9576,5,0.9568,True,True,False,259,334
112712,hwang-pku_ormlite-core,BaseConnectionSourceTest.testNestedSave,5,non-flaky,5,0.9562,5,0.9534,True,True,False,107,142
112713,hwang-pku_ormlite-core,BaseConnectionSourceTest.testSaveDifferentConnection,5,non-flaky,5,0.9553,5,0.9547,True,True,False,96,123
112714,hwang-pku_ormlite-core,BaseConnectionSourceTest.testClearNone,5,non-flaky,5,0.9574,5,0.9557,True,True,False,56,75
112715,hwang-pku_ormlite-core,BaseConnectionSourceTest.testClearDifferentConnection,5,non-flaky,5,0.9567,5,0.957,True,True,False,86,113
112716,hwang-pku_ormlite-core,ReflectionDatabaseConnectionProxyFactoryTest.testBasic,5,non-flaky,5,0.959,5,0.9598,True,True,False,153,202
112717,hwang-pku_ormlite-core,DatabaseConnectionProxyFactoryTest.testBasic,5,non-flaky,5,0.9573,5,0.9592,True,True,False,142,190
112718,hwang-pku_ormlite-core,DatabaseConnectionProxyFactoryTest.testChangeInsertValue,5,non-flaky,5,0.959,5,0.9613,True,True,False,214,283
112719,hwang-pku_ormlite-core,DatabaseConnectionProxyTest.testIsAutoCommitSupported,5,non-flaky,5,0.9562,5,0.9518,True,True,False,130,173
112720,hwang-pku_ormlite-core,DatabaseConnectionProxyTest.testIsAutoCommitSupportedNull,5,non-flaky,5,0.9562,5,0.9554,True,True,False,60,79
112721,hwang-pku_ormlite-core,DatabaseConnectionProxyTest.testIsAutoCommit,5,non-flaky,5,0.9557,5,0.953,True,True,False,133,176
112722,hwang-pku_ormlite-core,DatabaseConnectionProxyTest.testIsAutoCommitNull,5,non-flaky,5,0.9564,5,0.9552,True,True,False,58,77
112723,hwang-pku_ormlite-core,DatabaseConnectionProxyTest.testSetAutoCommit,5,non-flaky,5,0.9562,5,0.9523,True,True,False,122,165
112724,hwang-pku_ormlite-core,DatabaseConnectionProxyTest.testSetAutoCommitNull,5,non-flaky,5,0.9572,5,0.9557,True,True,False,57,76
112725,hwang-pku_ormlite-core,DatabaseConnectionProxyTest.testSetSavePoint,5,non-flaky,5,0.9546,5,0.9507,True,True,False,122,165
112726,hwang-pku_ormlite-core,DatabaseConnectionProxyTest.testSetSavePointNull,5,non-flaky,5,0.9559,5,0.9547,True,True,False,59,78
112727,hwang-pku_ormlite-core,DatabaseConnectionProxyTest.testCommit,5,non-flaky,5,0.9558,5,0.9544,True,True,False,99,138
112728,hwang-pku_ormlite-core,DatabaseConnectionProxyTest.testCommitNull,5,non-flaky,5,0.9569,5,0.9558,True,True,False,52,71
112729,hwang-pku_ormlite-core,DatabaseConnectionProxyTest.testRollback,5,non-flaky,5,0.9556,5,0.9529,True,True,False,101,140
112730,hwang-pku_ormlite-core,DatabaseConnectionProxyTest.testRollbackNull,5,non-flaky,5,0.9568,5,0.955,True,True,False,53,72
112731,hwang-pku_ormlite-core,DatabaseConnectionProxyTest.testExecuteStatement,5,non-flaky,5,0.9565,5,0.9548,True,True,False,142,189
112732,hwang-pku_ormlite-core,DatabaseConnectionProxyTest.testExecuteStatementNull,5,non-flaky,5,0.9571,5,0.9559,True,True,False,63,82
112733,hwang-pku_ormlite-core,DatabaseConnectionProxyTest.testCompileStatementStringStatementTypeFieldTypeArrayInt,5,non-flaky,5,0.9559,5,0.9537,True,True,False,171,222
112734,hwang-pku_ormlite-core,DatabaseConnectionProxyTest.testCompileStatementStringStatementTypeFieldTypeArrayIntNull,5,non-flaky,5,0.9574,5,0.955,True,True,False,79,98
112735,hwang-pku_ormlite-core,DatabaseConnectionProxyTest.testInsert,5,non-flaky,5,0.9548,5,0.9542,True,True,False,144,191
112736,hwang-pku_ormlite-core,DatabaseConnectionProxyTest.testInsertNull,5,non-flaky,5,0.9574,5,0.9552,True,True,False,64,83
112737,hwang-pku_ormlite-core,DatabaseConnectionProxyTest.testUpdate,5,non-flaky,5,0.9556,5,0.9539,True,True,False,140,187
112738,hwang-pku_ormlite-core,DatabaseConnectionProxyTest.testUpdateNull,5,non-flaky,5,0.957,5,0.956,True,True,False,62,81
112739,hwang-pku_ormlite-core,DatabaseConnectionProxyTest.testDelete,5,non-flaky,5,0.9554,5,0.9532,True,True,False,141,188
112740,hwang-pku_ormlite-core,DatabaseConnectionProxyTest.testDeleteNull,5,non-flaky,5,0.9571,5,0.9555,True,True,False,62,81
112741,hwang-pku_ormlite-core,DatabaseConnectionProxyTest.testQueryForOne,5,non-flaky,5,0.9565,5,0.9552,True,True,False,153,200
112742,hwang-pku_ormlite-core,DatabaseConnectionProxyTest.testQueryForOneNull,5,non-flaky,5,0.957,5,0.9551,True,True,False,67,86
112743,hwang-pku_ormlite-core,DatabaseConnectionProxyTest.testQueryForLongString,5,non-flaky,5,0.9563,5,0.9568,True,True,False,145,192
112744,hwang-pku_ormlite-core,DatabaseConnectionProxyTest.testQueryForLongStringNull,5,non-flaky,5,0.9571,5,0.9559,True,True,False,64,83
112745,hwang-pku_ormlite-core,DatabaseConnectionProxyTest.testQueryForLongStringObjectArrayFieldTypeArray,5,non-flaky,5,0.9564,5,0.9561,True,True,False,159,206
112746,hwang-pku_ormlite-core,DatabaseConnectionProxyTest.testQueryForLongStringObjectArrayFieldTypeArrayNull,5,non-flaky,5,0.9569,5,0.9549,True,True,False,72,91
112747,hwang-pku_ormlite-core,DatabaseConnectionProxyTest.testClose,5,non-flaky,5,0.956,5,0.9569,True,True,False,80,111
112748,hwang-pku_ormlite-core,DatabaseConnectionProxyTest.testCloseNull,5,non-flaky,5,0.9578,5,0.9574,True,True,False,32,43
112749,hwang-pku_ormlite-core,DatabaseConnectionProxyTest.testCloseQuietly,5,non-flaky,5,0.9565,5,0.9526,True,True,False,103,142
112750,hwang-pku_ormlite-core,DatabaseConnectionProxyTest.testCloseQuietlyNull,5,non-flaky,5,0.9574,5,0.9547,True,True,False,55,74
112751,hwang-pku_ormlite-core,DatabaseConnectionProxyTest.testIsClosed,5,non-flaky,5,0.9561,5,0.9539,True,True,False,124,167
112752,hwang-pku_ormlite-core,DatabaseConnectionProxyTest.testIsClosedNull,5,non-flaky,5,0.9565,5,0.9551,True,True,False,56,75
112753,hwang-pku_ormlite-core,DatabaseConnectionProxyTest.testIsTableExists,5,non-flaky,5,0.9551,5,0.9536,True,True,False,153,200
112754,hwang-pku_ormlite-core,DatabaseConnectionProxyTest.testIsTableExistsNull,5,non-flaky,5,0.9562,5,0.9562,True,True,False,61,80
112755,hwang-pku_ormlite-core,ThreadLocalSelectArgTest.testStuff,5,non-flaky,5,0.9563,5,0.9543,True,True,False,89,120
112756,hwang-pku_ormlite-core,ThreadLocalSelectArgTest.testValueConst,5,non-flaky,5,0.9576,5,0.9577,True,True,False,69,92
112757,hwang-pku_ormlite-core,ThreadLocalSelectArgTest.testSqlTypeValueConst,5,non-flaky,5,0.9588,5,0.9593,True,True,False,106,137
112758,hwang-pku_ormlite-core,ThreadLocalSelectArgTest.testColumnNameTypeValueConst,5,non-flaky,5,0.9589,5,0.9596,True,True,False,108,139
112759,hwang-pku_ormlite-core,RawResultsImplTest.testQueryRaw,5,non-flaky,5,0.9581,5,0.9406,True,True,False,327,410
112760,hwang-pku_ormlite-core,RawResultsImplTest.testQueryRawColumns,5,non-flaky,5,0.9589,5,0.9504,True,True,False,420,512
112761,hwang-pku_ormlite-core,RawResultsImplTest.testHaving,5,non-flaky,5,0.9587,5,0.9512,True,True,False,400,512
112762,hwang-pku_ormlite-core,RawResultsImplTest.testGetFirstResult,5,non-flaky,5,0.9591,5,0.9552,True,True,False,279,359
112763,hwang-pku_ormlite-core,RawResultsImplTest.mapRow,5,non-flaky,5,0.9608,5,0.9589,True,True,False,299,370
112764,hwang-pku_ormlite-core,DeleteBuilderTest.testDeleteAll,5,non-flaky,5,0.9601,5,0.9606,True,True,False,125,152
112765,hwang-pku_ormlite-core,DeleteBuilderTest.testDeleteMethod,5,non-flaky,5,0.9595,5,0.9546,True,True,False,244,317
112766,hwang-pku_ormlite-core,DeleteBuilderTest.testUpdateLimit,5,non-flaky,5,0.9598,5,0.9581,True,True,False,155,202
112767,hwang-pku_ormlite-core,SelectIteratorTest.testIterator,5,non-flaky,5,0.9595,5,0.9584,True,True,False,234,330
112768,hwang-pku_ormlite-core,SelectIteratorTest.testIteratorPrepared,5,non-flaky,5,0.9602,5,0.9596,True,True,False,222,287
112769,hwang-pku_ormlite-core,SelectIteratorTest.testIteratorRemoveNoNext,5,non-flaky,5,0.9558,5,0.9487,True,True,False,104,139
112770,hwang-pku_ormlite-core,SelectIteratorTest.testIteratorNextRemoveRemoveNoNext,5,non-flaky,5,0.9566,5,0.9427,True,True,False,178,237
113698,salesforce_reactive-grpc,GradleProofTest.gradleProof,5,non-flaky,5,0.9578,5,0.9465,True,True,False,151,190
113699,salesforce_reactive-grpc,ExampleInstrumentedTest.useAppContext,5,non-flaky,5,0.9595,5,0.9587,True,True,False,87,111
113700,salesforce_reactive-grpc,ExampleUnitTest.addition_isCorrect,5,non-flaky,5,0.9601,5,0.9597,True,True,False,43,54
113701,salesforce_reactive-grpc,CancellationPropagationIntegrationTest.clientCanCancelServerStreamExplicitly,5,non-flaky,5,0.9424,5,0.9166,True,True,False,493,512
113702,salesforce_reactive-grpc,CancellationPropagationIntegrationTest.clientCanCancelServerStreamImplicitly,5,non-flaky,5,0.9433,5,0.9183,True,True,False,366,441
113703,salesforce_reactive-grpc,CancellationPropagationIntegrationTest.serverCanCancelClientStreamImplicitly,5,non-flaky,5,0.9064,5,0.9121,True,True,False,512,512
113704,salesforce_reactive-grpc,CancellationPropagationIntegrationTest.serverCanCancelClientStreamExplicitly,5,non-flaky,5,0.9063,5,0.9151,True,True,False,512,512
113705,salesforce_reactive-grpc,CancellationPropagationIntegrationTest.serverCanCancelClientStreamImplicitlyBidi,5,non-flaky,5,0.9045,5,0.9119,True,True,False,512,512
113706,salesforce_reactive-grpc,CancellationPropagationIntegrationTest.serverCanCancelClientStreamExplicitlyBidi,5,non-flaky,5,0.904,5,0.9152,True,True,False,512,512
113707,salesforce_reactive-grpc,ServerErrorIntegrationTest.oneToOne,5,non-flaky,5,0.9594,5,0.9506,True,True,False,163,191
113708,salesforce_reactive-grpc,ServerErrorIntegrationTest.oneToMany,5,non-flaky,5,0.9409,5,0.9131,True,True,False,311,359
113709,salesforce_reactive-grpc,ServerErrorIntegrationTest.manyToOne,5,non-flaky,5,0.9585,5,0.9479,True,True,False,166,189
113710,salesforce_reactive-grpc,ServerErrorIntegrationTest.manyToMany,5,non-flaky,5,0.9584,5,0.95,True,True,False,167,190
113711,salesforce_reactive-grpc,BackpressureIntegrationTest.clientToServerBackpressure,5,non-flaky,5,0.9436,5,0.9245,True,True,False,426,510
113712,salesforce_reactive-grpc,BackpressureIntegrationTest.serverToClientBackpressure,5,non-flaky,5,0.9445,5,0.9036,True,True,False,353,429
113713,salesforce_reactive-grpc,BackpressureIntegrationTest.bidiResponseBackpressure,5,non-flaky,5,0.9435,5,0.9193,True,True,False,356,432
113714,salesforce_reactive-grpc,BackpressureIntegrationTest.bidiRequestBackpressure,5,non-flaky,5,0.9489,5,0.9219,True,True,False,430,512
113715,salesforce_reactive-grpc,ServerErrorUpstreamCancellationIntegrationTest.serverErrorSignalsUpstreamCancellationManyToOne,5,non-flaky,5,0.9359,5,0.8995,True,True,False,365,440
113716,salesforce_reactive-grpc,ServerErrorUpstreamCancellationIntegrationTest.serverErrorSignalsUpstreamCancellationBidi,5,non-flaky,5,0.9377,5,0.8982,True,True,False,341,407
113717,salesforce_reactive-grpc,UnexpectedServerErrorIntegrationTest.oneToOne,5,non-flaky,5,0.9593,5,0.9523,True,True,False,168,196
113718,salesforce_reactive-grpc,UnexpectedServerErrorIntegrationTest.oneToMany,5,non-flaky,5,0.939,5,0.9109,True,True,False,316,364
113719,salesforce_reactive-grpc,UnexpectedServerErrorIntegrationTest.manyToOne,5,non-flaky,5,0.9594,5,0.9513,True,True,False,188,220
113720,salesforce_reactive-grpc,UnexpectedServerErrorIntegrationTest.manyToMany,5,non-flaky,5,0.959,5,0.951,True,True,False,189,221
113721,salesforce_reactive-grpc,ClientThreadIntegrationTest.oneToOne,5,non-flaky,5,0.9412,5,0.8872,True,True,False,357,427
113722,salesforce_reactive-grpc,ClientThreadIntegrationTest.manyToMany,5,non-flaky,5,0.9434,5,0.9234,True,True,False,503,512
113723,salesforce_reactive-grpc,UnimplementedMethodIntegrationTest.unimplementedMethodShouldFail,5,non-flaky,5,0.96,5,0.9569,True,True,False,151,179
113724,salesforce_reactive-grpc,AbstractStubTest.getChannelWorks,5,non-flaky,5,0.9595,5,0.9594,True,True,False,106,130
113725,salesforce_reactive-grpc,AbstractStubTest.settingCallOptionsWorks,5,non-flaky,5,0.9605,5,0.9568,True,True,False,144,177
113726,salesforce_reactive-grpc,StandardClientReactiveServerInteropTest.oneToOne,5,non-flaky,5,0.9511,5,0.9295,True,True,False,257,314
113727,salesforce_reactive-grpc,StandardClientReactiveServerInteropTest.oneToMany,5,non-flaky,5,0.9463,5,0.9259,True,True,False,271,328
113728,salesforce_reactive-grpc,StandardClientReactiveServerInteropTest.manyToOne,5,non-flaky,5,0.9479,5,0.9293,True,True,False,342,416
113729,salesforce_reactive-grpc,StandardClientReactiveServerInteropTest.manyToMany,5,non-flaky,5,0.9435,5,0.9238,True,True,False,375,453
113730,salesforce_reactive-grpc,EndToEndIntegrationTest.oneToOne,5,non-flaky,5,0.9518,5,0.9378,True,True,False,195,231
113731,salesforce_reactive-grpc,EndToEndIntegrationTest.oneToMany,5,non-flaky,5,0.9521,5,0.9395,True,True,False,208,244
113732,salesforce_reactive-grpc,EndToEndIntegrationTest.manyToOne,5,non-flaky,5,0.9501,5,0.9368,True,True,False,273,326
113733,salesforce_reactive-grpc,EndToEndIntegrationTest.manyToMany,5,non-flaky,5,0.9517,5,0.9347,True,True,False,340,401
113734,salesforce_reactive-grpc,ConcurrentRequestIntegrationTest.fourKindsOfRequestAtOnce,5,non-flaky,5,0.9402,5,0.93,True,True,False,512,512
113735,salesforce_reactive-grpc,ReactiveClientStandardServerInteropTest.oneToOne,5,non-flaky,5,0.9524,5,0.9403,True,True,False,187,223
113736,salesforce_reactive-grpc,ReactiveClientStandardServerInteropTest.oneToMany,5,non-flaky,5,0.9507,5,0.9402,True,True,False,198,234
113737,salesforce_reactive-grpc,ReactiveClientStandardServerInteropTest.manyToOne,5,non-flaky,5,0.9502,5,0.9377,True,True,False,201,237
113738,salesforce_reactive-grpc,ReactiveClientStandardServerInteropTest.manyToMany,5,non-flaky,5,0.9507,5,0.9418,True,True,False,209,245
113739,salesforce_reactive-grpc,ContextPropagationIntegrationTest.ClientSendsContext,5,non-flaky,5,0.9541,5,0.9376,True,True,False,246,286
113740,salesforce_reactive-grpc,ContextPropagationIntegrationTest.ClientGetsContext,5,non-flaky,5,0.9453,5,0.9154,True,True,False,269,322
113741,salesforce_reactive-grpc,ContextPropagationIntegrationTest.ServerAcceptsContext,5,non-flaky,5,0.9578,5,0.9524,True,True,False,175,207
113742,salesforce_reactive-grpc,UnaryZeroMessageResponseIntegrationTest.zeroMessageResponseOneToOne,5,non-flaky,5,0.9592,5,0.9422,True,True,False,240,285
113743,salesforce_reactive-grpc,UnaryZeroMessageResponseIntegrationTest.zeroMessageResponseManyToOne,5,non-flaky,5,0.957,5,0.9427,True,True,False,317,379
113744,salesforce_reactive-grpc,ReactorGrpcPublisherManyToManyVerificationTest.createPublisher,5,non-flaky,5,0.94,5,0.7223,True,True,False,150,178
113745,salesforce_reactive-grpc,ReactorGrpcPublisherManyToOneVerificationTest.maxElementsFromPublisher,5,non-flaky,5,0.9573,5,0.9509,True,True,False,40,51
113746,salesforce_reactive-grpc,ReactorGrpcPublisherOneToOneVerificationTest.maxElementsFromPublisher,5,non-flaky,5,0.9573,5,0.9509,True,True,False,40,51
113747,salesforce_reactive-grpc,ReactorGrpcPublisherOneToManyVerificationTest.createPublisher,5,non-flaky,5,0.9492,5,0.7774,True,True,False,140,168
113748,salesforce_reactive-grpc,ReactorGrpcSubscriberWhiteboxVerificationTest.triggerRequest,5,non-flaky,5,0.9282,5,0.8292,True,True,False,323,380
113749,salesforce_reactive-grpc,SubscribeOnlyOnceTest.subscribeOnlyOnceLifterErrorsWhenMultipleSubscribe,5,non-flaky,5,0.9583,5,0.9437,True,True,False,261,319
113750,salesforce_reactive-grpc,BackpressureChunkingTest.chunkOperatorCorrectlyChunks,5,non-flaky,5,0.9499,5,0.941,True,True,False,297,355
113751,salesforce_reactive-grpc,ReactorConsumerStreamObserverTest.rxConsumerIsSet,5,non-flaky,5,0.9594,5,0.9566,True,True,False,121,154
113752,salesforce_reactive-grpc,ReactorConsumerStreamObserverTest.onNextDelegates,5,non-flaky,5,0.9393,5,0.9208,True,True,False,305,370
113753,salesforce_reactive-grpc,ReactorConsumerStreamObserverTest.onErrorDelegates,5,non-flaky,5,0.9503,5,0.9336,True,True,False,265,322
113754,salesforce_reactive-grpc,GrpcRetryTest.noRetryMakesErrorFlowabable,5,non-flaky,5,0.9605,5,0.9577,True,True,False,145,177
113755,salesforce_reactive-grpc,GrpcRetryTest.noRetryMakesErrorSingle,5,non-flaky,5,0.9606,5,0.9594,True,True,False,142,174
113756,salesforce_reactive-grpc,GrpcRetryTest.oneToManyRetryWhen,5,non-flaky,5,0.9602,5,0.9543,True,True,False,192,228
113757,salesforce_reactive-grpc,GrpcRetryTest.oneToManyRetryImmediately,5,non-flaky,5,0.9606,5,0.9544,True,True,False,182,218
113758,salesforce_reactive-grpc,GrpcRetryTest.oneToManyRetryAfter,5,non-flaky,5,0.9609,5,0.9577,True,True,False,189,225
113759,salesforce_reactive-grpc,GrpcRetryTest.manyToManyRetryWhen,5,non-flaky,5,0.9607,5,0.9591,True,True,False,189,225
113760,salesforce_reactive-grpc,GrpcRetryTest.manyToManyRetryImmediately,5,non-flaky,5,0.9607,5,0.9586,True,True,False,180,216
113761,salesforce_reactive-grpc,GrpcRetryTest.manyToManyRetryAfter,5,non-flaky,5,0.961,5,0.9585,True,True,False,186,222
113762,salesforce_reactive-grpc,GrpcRetryTest.manyToOneRetryWhen,5,non-flaky,5,0.9601,5,0.9564,True,True,False,190,226
113763,salesforce_reactive-grpc,GrpcRetryTest.manyToOneRetryImmediately,5,non-flaky,5,0.9606,5,0.9573,True,True,False,180,216
113764,salesforce_reactive-grpc,GrpcRetryTest.manyToOneRetryAfter,5,non-flaky,5,0.9608,5,0.9582,True,True,False,187,223
113765,salesforce_reactive-grpc,ReactiveStreamObserverPublisherServerTest.onNextDelegates,5,non-flaky,5,0.9575,5,0.9492,True,True,False,171,221
113766,salesforce_reactive-grpc,ReactiveStreamObserverPublisherServerTest.onErrorDelegates,5,non-flaky,5,0.957,5,0.9454,True,True,False,172,222
113767,salesforce_reactive-grpc,ReactiveStreamObserverPublisherServerTest.onCompletedDelegates,5,non-flaky,5,0.9592,5,0.9526,True,True,False,153,194
113768,salesforce_reactive-grpc,ReactiveStreamObserverPublisherServerTest.answer,5,non-flaky,5,0.9611,5,0.9557,True,True,False,219,263
113769,salesforce_reactive-grpc,ReactiveStreamObserverPublisherClientTest.onNextDelegates,5,non-flaky,5,0.9578,5,0.95,True,True,False,171,221
113770,salesforce_reactive-grpc,ReactiveStreamObserverPublisherClientTest.onErrorDelegates,5,non-flaky,5,0.9574,5,0.9464,True,True,False,172,222
113771,salesforce_reactive-grpc,ReactiveStreamObserverPublisherClientTest.onCompletedDelegates,5,non-flaky,5,0.9593,5,0.953,True,True,False,153,194
113772,salesforce_reactive-grpc,ReactiveStreamObserverPublisherClientTest.answer,5,non-flaky,5,0.9612,5,0.956,True,True,False,219,263
113773,salesforce_reactive-grpc,CancellableStreamObserverTest.run,5,non-flaky,5,0.9518,5,0.9399,True,True,False,179,215
113774,salesforce_reactive-grpc,CancellableStreamObserverTest.run,5,non-flaky,5,0.9526,5,0.9393,True,True,False,180,216
113775,salesforce_reactive-grpc,ReactiveBackpressureChunkerTest.applySubscribes,5,non-flaky,5,0.953,5,0.943,True,True,False,202,252
113776,salesforce_reactive-grpc,ReactiveBackpressureChunkerTest.requestOneGetsAChunk,5,non-flaky,5,0.9525,5,0.9322,True,True,False,225,274
113777,salesforce_reactive-grpc,ReactiveBackpressureChunkerTest.requestOneSupplyOneDoesntRequestAnother,5,non-flaky,5,0.9519,5,0.9318,True,True,False,245,298
113778,salesforce_reactive-grpc,ReactiveBackpressureChunkerTest.requestManyGetsAChunkFirst,5,non-flaky,5,0.9514,5,0.9313,True,True,False,226,275
113779,salesforce_reactive-grpc,ReactiveBackpressureChunkerTest.requestManyChunksRequestsAsSatisfiedAndStopsWhenComplete,5,non-flaky,5,0.933,5,0.9229,True,True,False,512,512
113780,salesforce_reactive-grpc,ReactiveBackpressureChunkerTest.completePropagatesDown,5,non-flaky,5,0.9528,5,0.9371,True,True,False,211,260
113781,salesforce_reactive-grpc,ReactiveBackpressureChunkerTest.errorPropagatesDown,5,non-flaky,5,0.9507,5,0.9312,True,True,False,234,287
113782,salesforce_reactive-grpc,ReactiveBackpressureChunkerTest.cancelPropagatesUp,5,non-flaky,5,0.9471,5,0.9304,True,True,False,217,266
113783,salesforce_reactive-grpc,ReactivePublisherBackpressureOnReadyHandlerTest.runPrimesThePump,5,non-flaky,5,0.9562,5,0.9466,True,True,False,175,220
113784,salesforce_reactive-grpc,ReactivePublisherBackpressureOnReadyHandlerTest.onNextKeepsPumpRunning,5,non-flaky,5,0.9548,5,0.9357,True,True,False,210,273
113785,salesforce_reactive-grpc,ReactivePublisherBackpressureOnReadyHandlerTest.onNextStopsPump,5,non-flaky,5,0.9539,5,0.9359,True,True,False,212,275
113786,salesforce_reactive-grpc,ReactivePublisherBackpressureOnReadyHandlerTest.exceptionInOnNextCancelsUpstreamSubscription,5,non-flaky,5,0.9486,5,0.9341,True,True,False,238,281
113787,salesforce_reactive-grpc,ReactivePublisherBackpressureOnReadyHandlerTest.exceptionInOnOnErrorCancelsUpstreamSubscription,5,non-flaky,5,0.9481,5,0.9306,True,True,False,223,262
113788,salesforce_reactive-grpc,ReactivePublisherBackpressureOnReadyHandlerTest.exceptionInOnCompleteCancelsUpstreamSubscription,5,non-flaky,5,0.9476,5,0.9327,True,True,False,233,276
113789,salesforce_reactive-grpc,ReactivePublisherBackpressureOnReadyHandlerTest.onSubscribeCancelsSecondSubscription,5,non-flaky,5,0.9516,5,0.942,True,True,False,191,235
113790,salesforce_reactive-grpc,CancellationPropagationIntegrationTest.clientCanCancelServerStreamExplicitly,5,non-flaky,5,0.9423,5,0.9206,True,True,False,502,512
113791,salesforce_reactive-grpc,CancellationPropagationIntegrationTest.clientCanCancelServerStreamImplicitly,5,non-flaky,5,0.9395,5,0.9082,True,True,False,490,512
113792,salesforce_reactive-grpc,CancellationPropagationIntegrationTest.serverCanCancelClientStreamImplicitly,5,non-flaky,5,0.9139,5,0.9125,True,True,False,512,512
113793,salesforce_reactive-grpc,CancellationPropagationIntegrationTest.serverCanCancelClientStreamExplicitly,5,non-flaky,5,0.9167,5,0.9131,True,True,False,512,512
113794,salesforce_reactive-grpc,CancellationPropagationIntegrationTest.serverCanCancelClientStreamImplicitlyBidi,5,non-flaky,5,0.9163,5,0.9112,True,True,False,512,512
113795,salesforce_reactive-grpc,CancellationPropagationIntegrationTest.serverCanCancelClientStreamExplicitlyBidi,5,non-flaky,5,0.9152,5,0.9112,True,True,False,512,512
113796,salesforce_reactive-grpc,CancellationPropagationIntegrationTest.prematureResponseStreamDisposalShouldNotThrowUnhandledException,5,non-flaky,5,0.9501,5,0.9217,True,True,False,226,293
113797,salesforce_reactive-grpc,ServerErrorIntegrationTest.oneToOne,5,non-flaky,5,0.9529,5,0.9294,True,True,False,196,232
136452,kiwiproject_dropwizard-service-utilities,StandardExceptionMappersTest.setRegisterDefaultExceptionMappers,5,non-flaky,5,0.9597,5,0.9581,True,True,False,95,106
136453,kiwiproject_dropwizard-service-utilities,StandardExceptionMappersTest.build,5,non-flaky,5,0.9585,5,0.9581,True,True,False,76,87
136454,kiwiproject_dropwizard-service-utilities,StandardExceptionMappersTest.setRegisterDefaultExceptionMappers,5,non-flaky,5,0.9597,5,0.9581,True,True,False,95,106
136455,kiwiproject_dropwizard-service-utilities,StandardExceptionMappersTest.setRegisterDefaultExceptionMappers,5,non-flaky,5,0.9588,5,0.9573,True,True,False,90,101
136456,kiwiproject_dropwizard-service-utilities,StandardExceptionMappersTest.setRegisterDefaultExceptionMappers,5,non-flaky,5,0.9597,5,0.9581,True,True,False,95,106
136457,kiwiproject_dropwizard-service-utilities,DropwizardConnectorsTest.build,5,non-flaky,5,0.9587,5,0.9565,True,True,False,93,104
136458,kiwiproject_dropwizard-service-utilities,DropwizardConnectorsTest.build,5,non-flaky,5,0.9587,5,0.9565,True,True,False,93,104
136459,kiwiproject_dropwizard-service-utilities,MonitoredJobTest.handle,5,non-flaky,5,0.9577,5,0.9529,True,True,False,88,99
136460,kiwiproject_dropwizard-service-utilities,MonitoredJobTest.handle,5,non-flaky,5,0.959,5,0.9564,True,True,False,87,98
137071,spring-projects_spring-framework,PropertiesMarshallerTests.readWrite,5,non-flaky,5,0.9586,5,0.9468,True,True,False,220,272
137072,spring-projects_spring-framework,PropertiesMarshallerTests.metadataIsWrittenDeterministically,5,non-flaky,5,0.9589,5,0.9554,True,True,False,200,244
137073,spring-projects_spring-framework,BridgeMethodResolverTests.someMethod,5,non-flaky,5,0.9589,5,0.9584,True,True,False,33,40
137074,spring-projects_spring-framework,ResolvableTypeTests.getResolvableType,5,non-flaky,5,0.9585,5,0.9576,True,True,False,74,97
137075,spring-projects_spring-framework,AbstractAnnotationMetadataTests.verifyEquals,5,non-flaky,5,0.9598,5,0.9468,True,True,False,324,411
137076,spring-projects_spring-framework,AbstractAnnotationMetadataTests.verifyHashCode,5,non-flaky,5,0.961,5,0.9597,True,True,False,161,206
137077,spring-projects_spring-framework,AbstractAnnotationMetadataTests.verifyToString,5,non-flaky,5,0.958,5,0.957,True,True,False,50,61
137078,spring-projects_spring-framework,AbstractAnnotationMetadataTests.getClassNameReturnsClassName,5,non-flaky,5,0.9582,5,0.9567,True,True,False,52,63
137079,spring-projects_spring-framework,AbstractAnnotationMetadataTests.isInterfaceWhenInterfaceReturnsTrue,5,non-flaky,5,0.9574,5,0.957,True,True,False,62,77
137080,spring-projects_spring-framework,AbstractAnnotationMetadataTests.isInterfaceWhenNotInterfaceReturnsFalse,5,non-flaky,5,0.9579,5,0.9568,True,True,False,42,53
137081,spring-projects_spring-framework,AbstractAnnotationMetadataTests.isAnnotationWhenAnnotationReturnsTrue,5,non-flaky,5,0.9583,5,0.957,True,True,False,45,56
137082,spring-projects_spring-framework,AbstractAnnotationMetadataTests.isAnnotationWhenNotAnnotationReturnsFalse,5,non-flaky,5,0.9578,5,0.9582,True,True,False,66,81
137083,spring-projects_spring-framework,AbstractAnnotationMetadataTests.isFinalWhenFinalReturnsTrue,5,non-flaky,5,0.9583,5,0.9579,True,True,False,42,53
137084,spring-projects_spring-framework,AbstractAnnotationMetadataTests.isFinalWhenNonFinalReturnsFalse,5,non-flaky,5,0.9585,5,0.9576,True,True,False,42,53
137085,spring-projects_spring-framework,AbstractAnnotationMetadataTests.isIndependentWhenIndependentReturnsTrue,5,non-flaky,5,0.9584,5,0.9588,True,True,False,66,81
137086,spring-projects_spring-framework,AbstractAnnotationMetadataTests.isIndependentWhenNotIndependentReturnsFalse,5,non-flaky,5,0.9584,5,0.957,True,True,False,46,57
137087,spring-projects_spring-framework,AbstractAnnotationMetadataTests.getEnclosingClassNameWhenHasEnclosingClassReturnsEnclosingClass,5,non-flaky,5,0.9584,5,0.9578,True,True,False,76,91
137088,spring-projects_spring-framework,AbstractAnnotationMetadataTests.getEnclosingClassNameWhenHasNoEnclosingClassReturnsNull,5,non-flaky,5,0.9586,5,0.9588,True,True,False,59,70
137089,spring-projects_spring-framework,AbstractAnnotationMetadataTests.getSuperClassNameWhenHasSuperClassReturnsName,5,non-flaky,5,0.9576,5,0.9567,True,True,False,89,104
137090,spring-projects_spring-framework,AbstractAnnotationMetadataTests.getSuperClassNameWhenHasNoSuperClassReturnsNull,5,non-flaky,5,0.9583,5,0.9587,True,True,False,92,111
137091,spring-projects_spring-framework,AbstractAnnotationMetadataTests.getInterfaceNamesWhenHasInterfacesReturnsNames,5,non-flaky,5,0.9577,5,0.9566,True,True,False,92,107
137092,spring-projects_spring-framework,AbstractAnnotationMetadataTests.getInterfaceNamesWhenHasNoInterfacesReturnsEmptyArray,5,non-flaky,5,0.9583,5,0.9574,True,True,False,47,58
137093,spring-projects_spring-framework,AbstractAnnotationMetadataTests.getMemberClassNamesWhenHasMemberClassesReturnsNames,5,non-flaky,5,0.9584,5,0.9584,True,True,False,81,96
137094,spring-projects_spring-framework,AbstractAnnotationMetadataTests.getMemberClassNamesWhenHasNoMemberClassesReturnsEmptyArray,5,non-flaky,5,0.9584,5,0.9578,True,True,False,50,61
137095,spring-projects_spring-framework,AbstractAnnotationMetadataTests.getAnnotationsReturnsDirectAnnotations,5,non-flaky,5,0.9596,5,0.9593,True,True,False,113,136
137096,spring-projects_spring-framework,AbstractAnnotationMetadataTests.isAnnotatedWhenMatchesDirectAnnotationReturnsTrue,5,non-flaky,5,0.9588,5,0.9583,True,True,False,61,72
137097,spring-projects_spring-framework,AbstractAnnotationMetadataTests.isAnnotatedWhenMatchesMetaAnnotationReturnsTrue,5,non-flaky,5,0.9588,5,0.9586,True,True,False,61,72
137098,spring-projects_spring-framework,AbstractAnnotationMetadataTests.isAnnotatedWhenDoesNotMatchDirectOrMetaAnnotationReturnsFalse,5,non-flaky,5,0.9586,5,0.9576,True,True,False,62,73
137099,spring-projects_spring-framework,AbstractAnnotationMetadataTests.getAnnotationAttributesReturnsAttributes,5,non-flaky,5,0.9588,5,0.9597,True,True,False,73,88
137100,spring-projects_spring-framework,AbstractAnnotationMetadataTests.getAllAnnotationAttributesReturnsAllAttributes,5,non-flaky,5,0.9573,5,0.9438,True,True,False,138,165
137101,spring-projects_spring-framework,AbstractAnnotationMetadataTests.getAnnotationTypesReturnsDirectAnnotations,5,non-flaky,5,0.9596,5,0.9601,True,True,False,87,106
137102,spring-projects_spring-framework,AbstractAnnotationMetadataTests.getMetaAnnotationTypesReturnsMetaAnnotations,5,non-flaky,5,0.9595,5,0.9602,True,True,False,99,118
137103,spring-projects_spring-framework,AbstractAnnotationMetadataTests.hasAnnotationWhenMatchesDirectAnnotationReturnsTrue,5,non-flaky,5,0.9587,5,0.9586,True,True,False,59,70
137104,spring-projects_spring-framework,AbstractAnnotationMetadataTests.hasAnnotationWhenMatchesMetaAnnotationReturnsFalse,5,non-flaky,5,0.9592,5,0.9596,True,True,False,92,107
137105,spring-projects_spring-framework,AbstractAnnotationMetadataTests.hasAnnotationWhenDoesNotMatchDirectOrMetaAnnotationReturnsFalse,5,non-flaky,5,0.9586,5,0.9581,True,True,False,60,71
137106,spring-projects_spring-framework,AbstractAnnotationMetadataTests.hasMetaAnnotationWhenMatchesDirectReturnsFalse,5,non-flaky,5,0.9588,5,0.9586,True,True,False,59,70
137107,spring-projects_spring-framework,AbstractAnnotationMetadataTests.hasMetaAnnotationWhenMatchesMetaAnnotationReturnsTrue,5,non-flaky,5,0.9593,5,0.9598,True,True,False,95,110
137108,spring-projects_spring-framework,AbstractAnnotationMetadataTests.hasMetaAnnotationWhenDoesNotMatchDirectOrMetaAnnotationReturnsFalse,5,non-flaky,5,0.9584,5,0.9575,True,True,False,62,73
137109,spring-projects_spring-framework,AbstractAnnotationMetadataTests.hasAnnotatedMethodsWhenMatchesDirectAnnotationReturnsTrue,5,non-flaky,5,0.9588,5,0.958,True,True,False,64,75
137110,spring-projects_spring-framework,AbstractAnnotationMetadataTests.hasAnnotatedMethodsWhenMatchesMetaAnnotationReturnsTrue,5,non-flaky,5,0.9588,5,0.9585,True,True,False,65,76
137111,spring-projects_spring-framework,AbstractAnnotationMetadataTests.hasAnnotatedMethodsWhenDoesNotMatchAnyAnnotationReturnsFalse,5,non-flaky,5,0.9596,5,0.9603,True,True,False,102,117
137112,spring-projects_spring-framework,AbstractAnnotationMetadataTests.getAnnotatedMethodsReturnsMatchingAnnotatedAndMetaAnnotatedMethods,5,non-flaky,5,0.9599,5,0.9603,True,True,False,102,121
137113,spring-projects_spring-framework,AnnotationMetadataTests.doSleep,5,non-flaky,5,0.9556,5,0.955,True,True,False,40,47
137114,spring-projects_spring-framework,AbstractMethodMetadataTests.verifyEquals,5,non-flaky,5,0.9599,5,0.9527,True,True,False,370,457
137115,spring-projects_spring-framework,AbstractMethodMetadataTests.verifyHashCode,5,non-flaky,5,0.9603,5,0.959,True,True,False,186,231
137116,spring-projects_spring-framework,AbstractMethodMetadataTests.verifyToString,5,non-flaky,5,0.9586,5,0.9515,True,True,False,171,212
137117,spring-projects_spring-framework,AbstractMethodMetadataTests.getMethodNameReturnsMethodName,5,non-flaky,5,0.9589,5,0.958,True,True,False,48,59
137118,spring-projects_spring-framework,AbstractMethodMetadataTests.getDeclaringClassReturnsDeclaringClass,5,non-flaky,5,0.9596,5,0.9591,True,True,False,63,78
137119,spring-projects_spring-framework,AbstractMethodMetadataTests.getReturnTypeReturnsReturnType,5,non-flaky,5,0.9592,5,0.9594,True,True,False,59,74
137120,spring-projects_spring-framework,AbstractMethodMetadataTests.isAbstractWhenAbstractReturnsTrue,5,non-flaky,5,0.9587,5,0.9578,True,True,False,44,55
137121,spring-projects_spring-framework,AbstractMethodMetadataTests.isAbstractWhenNotAbstractReturnsFalse,5,non-flaky,5,0.9589,5,0.9577,True,True,False,44,55
137122,spring-projects_spring-framework,AbstractMethodMetadataTests.isStatusWhenStaticReturnsTrue,5,non-flaky,5,0.9588,5,0.9578,True,True,False,44,55
137123,spring-projects_spring-framework,AbstractMethodMetadataTests.isStaticWhenNotStaticReturnsFalse,5,non-flaky,5,0.9589,5,0.9576,True,True,False,44,55
137124,spring-projects_spring-framework,AbstractMethodMetadataTests.isFinalWhenFinalReturnsTrue,5,non-flaky,5,0.9589,5,0.9584,True,True,False,44,55
137125,spring-projects_spring-framework,AbstractMethodMetadataTests.isFinalWhenNonFinalReturnsFalse,5,non-flaky,5,0.9591,5,0.9581,True,True,False,44,55
137126,spring-projects_spring-framework,AbstractMethodMetadataTests.isOverridableWhenOverridableReturnsTrue,5,non-flaky,5,0.9589,5,0.9586,True,True,False,49,60
137127,spring-projects_spring-framework,AbstractMethodMetadataTests.isOverridableWhenNonOverridableReturnsFalse,5,non-flaky,5,0.9596,5,0.9603,True,True,False,101,120
137128,spring-projects_spring-framework,AbstractMethodMetadataTests.getAnnotationsReturnsDirectAnnotations,5,non-flaky,5,0.9604,5,0.9603,True,True,False,133,164
137129,spring-projects_spring-framework,AbstractMethodMetadataTests.isAnnotatedWhenMatchesDirectAnnotationReturnsTrue,5,non-flaky,5,0.959,5,0.9587,True,True,False,67,82
137130,spring-projects_spring-framework,AbstractMethodMetadataTests.isAnnotatedWhenMatchesMetaAnnotationReturnsTrue,5,non-flaky,5,0.9591,5,0.9589,True,True,False,67,82
137131,spring-projects_spring-framework,AbstractMethodMetadataTests.isAnnotatedWhenDoesNotMatchDirectOrMetaAnnotationReturnsFalse,5,non-flaky,5,0.9591,5,0.9589,True,True,False,68,83
137132,spring-projects_spring-framework,AbstractMethodMetadataTests.getAnnotationAttributesReturnsAttributes,5,non-flaky,5,0.9589,5,0.9597,True,True,False,82,101
137133,spring-projects_spring-framework,AbstractMethodMetadataTests.getAllAnnotationAttributesReturnsAllAttributes,5,non-flaky,5,0.9587,5,0.949,True,True,False,147,178
137134,spring-projects_spring-framework,AbstractMethodMetadataTests.metadataLoadsForNestedAnnotations,5,non-flaky,5,0.9589,5,0.9597,True,True,False,80,95
137135,spring-projects_spring-framework,MergedAnnotationMetadataVisitorTests.visitAnnotation,5,non-flaky,5,0.9587,5,0.9562,True,True,False,95,114
137136,spring-projects_spring-framework,AnnotationMetadataReadingVisitorTests.verifyEquals,5,non-flaky,5,0.9585,5,0.9581,True,True,False,20,27
137137,spring-projects_spring-framework,AnnotationMetadataReadingVisitorTests.verifyHashCode,5,non-flaky,5,0.9584,5,0.9581,True,True,False,20,27
137138,spring-projects_spring-framework,AnnotationMetadataReadingVisitorTests.verifyToString,5,non-flaky,5,0.9587,5,0.9584,True,True,False,18,25
137139,spring-projects_spring-framework,AnnotationMetadataReadingVisitorTests.getAnnotationsReturnsDirectAnnotations,5,non-flaky,5,0.9586,5,0.9577,True,True,False,58,73
137140,spring-projects_spring-framework,MethodMetadataReadingVisitorTests.verifyEquals,5,non-flaky,5,0.9585,5,0.9581,True,True,False,20,27
137141,spring-projects_spring-framework,MethodMetadataReadingVisitorTests.verifyHashCode,5,non-flaky,5,0.9584,5,0.9581,True,True,False,20,27
137142,spring-projects_spring-framework,MethodMetadataReadingVisitorTests.verifyToString,5,non-flaky,5,0.9587,5,0.9584,True,True,False,18,25
137143,spring-projects_spring-framework,MethodMetadataReadingVisitorTests.getAnnotationsReturnsDirectAnnotations,5,non-flaky,5,0.9585,5,0.9579,True,True,False,58,73
137144,spring-projects_spring-framework,CachingMetadataReaderLeakTests.equals,5,non-flaky,5,0.9583,5,0.9579,True,True,False,37,48
137145,spring-projects_spring-framework,ReactiveAdapterRegistryTests.subscribe,5,non-flaky,5,0.9583,5,0.9585,True,True,False,39,50
137146,spring-projects_spring-framework,OrderComparatorTests.getOrder,5,non-flaky,5,0.9578,5,0.9586,True,True,False,28,39
137147,spring-projects_spring-framework,ToStringCreatorTests.toString,5,non-flaky,5,0.9578,5,0.9569,True,True,False,31,42
137148,spring-projects_spring-framework,ToStringCreatorTests.toString,5,non-flaky,5,0.9583,5,0.9577,True,True,False,46,57
137149,spring-projects_spring-framework,MultipleComposedAnnotationsOnSingleAnnotatedElementTests.getFor,5,non-flaky,5,0.9585,5,0.9584,True,True,False,34,45
137150,spring-projects_spring-framework,AnnotatedElementUtilsTests.handleParameterized,5,non-flaky,5,0.9574,5,0.9577,True,True,False,34,41
137151,spring-projects_spring-framework,AnnotatedElementUtilsTests.doIt,5,non-flaky,5,0.9574,5,0.9577,True,True,False,40,51
137152,spring-projects_spring-framework,OrderSourceProviderTests.getOrder,5,non-flaky,5,0.9578,5,0.9584,True,True,False,26,37
137153,spring-projects_spring-framework,MergedAnnotationsTests.handleParameterized,5,non-flaky,5,0.9576,5,0.9577,True,True,False,34,41
137154,spring-projects_spring-framework,MergedAnnotationsTests.doIt,5,non-flaky,5,0.9577,5,0.9574,True,True,False,33,40
137155,spring-projects_spring-framework,AnnotationUtilsTests.annotatedOnRoot,5,non-flaky,5,0.9581,5,0.9572,True,True,False,27,34
137156,spring-projects_spring-framework,AnnotationsScannerTests.doWithAggregate,5,non-flaky,5,0.9576,5,0.9578,True,True,False,44,55
137157,spring-projects_spring-framework,AnnotationsScannerTests.doWithAnnotations,5,non-flaky,5,0.958,5,0.9586,True,True,False,61,76
137158,spring-projects_spring-framework,AnnotationsScannerTests.method,5,non-flaky,5,0.9576,5,0.9565,True,True,False,22,29
137159,spring-projects_spring-framework,AnnotationsScannerTests.method,5,non-flaky,5,0.9575,5,0.9563,True,True,False,22,29
137160,spring-projects_spring-framework,AnnotationsScannerTests.method,5,non-flaky,5,0.9578,5,0.9577,True,True,False,25,32
137161,spring-projects_spring-framework,AnnotationsScannerTests.method,5,non-flaky,5,0.9576,5,0.9565,True,True,False,22,29
137162,spring-projects_spring-framework,AnnotationsScannerTests.method,5,non-flaky,5,0.9576,5,0.9565,True,True,False,22,29
137163,spring-projects_spring-framework,AnnotationsScannerTests.method,5,non-flaky,5,0.9576,5,0.9565,True,True,False,22,29
137164,spring-projects_spring-framework,AnnotationsScannerTests.method,5,non-flaky,5,0.9576,5,0.9565,True,True,False,22,29
137165,spring-projects_spring-framework,AnnotationsScannerTests.method,5,non-flaky,5,0.9578,5,0.9577,True,True,False,25,32
137166,spring-projects_spring-framework,AnnotationsScannerTests.method,5,non-flaky,5,0.9576,5,0.9565,True,True,False,22,29
137167,spring-projects_spring-framework,AnnotationsScannerTests.method,5,non-flaky,5,0.9579,5,0.9573,True,True,False,25,32
137168,spring-projects_spring-framework,AnnotationsScannerTests.method,5,non-flaky,5,0.9576,5,0.9565,True,True,False,22,29
137169,spring-projects_spring-framework,AnnotationsScannerTests.method,5,non-flaky,5,0.9576,5,0.9565,True,True,False,22,29
137170,spring-projects_spring-framework,AnnotationsScannerTests.method,5,non-flaky,5,0.9579,5,0.9574,True,True,False,25,32
148803,microsoft_botbuilder-java,HeroCardTest.testToAttachment,5,non-flaky,5,0.9606,5,0.9604,True,True,False,94,113
148804,microsoft_botbuilder-java,AudioCardTest.testToAttachment,5,non-flaky,5,0.9606,5,0.9604,True,True,False,94,113
148805,microsoft_botbuilder-java,ActivityTest.GetConversationReference,5,non-flaky,5,0.9615,5,0.9591,True,True,False,337,407
148806,microsoft_botbuilder-java,ActivityTest.GetReplyConversationReference,5,non-flaky,5,0.9608,5,0.9586,True,True,False,309,375
148807,microsoft_botbuilder-java,ActivityTest.ApplyConversationReference_isIncoming,5,non-flaky,5,0.9612,5,0.9612,True,True,False,512,512
148808,microsoft_botbuilder-java,ActivityTest.ApplyConversationReference,5,non-flaky,5,0.9612,5,0.9614,True,True,False,512,512
148809,microsoft_botbuilder-java,ActivityTest.ApplyConversationReferenceOverload,5,non-flaky,5,0.9612,5,0.9614,True,True,False,512,512
148810,microsoft_botbuilder-java,ActivityTest.ApplyConversationReferenceOverloadAlternatePaths,5,non-flaky,5,0.9607,5,0.9613,True,True,False,512,512
148811,microsoft_botbuilder-java,ActivityTest.CreateTraceAllowsNullRecipient,5,non-flaky,5,0.9596,5,0.9597,True,True,False,99,127
148812,microsoft_botbuilder-java,ActivityTest.DeserializeActivity,5,non-flaky,5,0.9615,5,0.959,True,True,False,187,223
148813,microsoft_botbuilder-java,ActivityTest.DeserializeActivityWithDifferentTimeZone,5,non-flaky,5,0.961,5,0.9573,True,True,False,195,231
148814,microsoft_botbuilder-java,ActivityTest.GetInformationForMicrosoftTeams,5,non-flaky,5,0.9546,5,0.958,True,True,False,512,512
148815,microsoft_botbuilder-java,ActivityTest.GetTeamsChannelIdBadChannelData,5,non-flaky,5,0.9601,5,0.9604,True,True,False,98,121
148816,microsoft_botbuilder-java,ActivityTest.GetTeamsTeamIdBadChannelData,5,non-flaky,5,0.9602,5,0.9603,True,True,False,98,121
148817,microsoft_botbuilder-java,ActivityTest.GetTeamsTeamIdNullChannelData,5,non-flaky,5,0.9601,5,0.9598,True,True,False,80,99
148818,microsoft_botbuilder-java,ActivityTest.GetTeamsGetInfo,5,non-flaky,5,0.9611,5,0.9608,True,True,False,165,206
148819,microsoft_botbuilder-java,ActivityTest.GetTeamsGetInfoBadChannelData,5,non-flaky,5,0.9597,5,0.9601,True,True,False,99,122
148820,microsoft_botbuilder-java,ActivityTest.TeamsNotifyUser,5,non-flaky,5,0.9613,5,0.9609,True,True,False,212,256
148821,microsoft_botbuilder-java,ActivityTest.TeamsNotifyUserBadChannelData,5,non-flaky,5,0.961,5,0.9597,True,True,False,151,187
148822,microsoft_botbuilder-java,ActivityTest.TeamsNotifyUserAlertInMeeting,5,non-flaky,5,0.9616,5,0.9603,True,True,False,320,376
148823,microsoft_botbuilder-java,ActivityTest.TeamsNotifyUserAlertInMeetingBadChannelData,5,non-flaky,5,0.9608,5,0.9602,True,True,False,242,286
148824,microsoft_botbuilder-java,ActivityTest.TeamsGetMeetingInfoNull,5,non-flaky,5,0.9607,5,0.9608,True,True,False,170,206
148825,microsoft_botbuilder-java,ActivityTest.TeamsGetMeetingInfo,5,non-flaky,5,0.9591,5,0.9564,True,True,False,210,258
148826,microsoft_botbuilder-java,ActivityTest.TeamsGetMeetingInfoBadChannelData,5,non-flaky,5,0.9599,5,0.9607,True,True,False,112,140
148827,microsoft_botbuilder-java,ActivityTest.CreateMessageActivity,5,non-flaky,5,0.9603,5,0.9602,True,True,False,69,89
148828,microsoft_botbuilder-java,ActivityTest.CreateContactRelationUpdateActivity,5,non-flaky,5,0.9602,5,0.96,True,True,False,78,98
148829,microsoft_botbuilder-java,ActivityTest.CreateConversationUpdateActivity,5,non-flaky,5,0.9604,5,0.9603,True,True,False,76,96
148830,microsoft_botbuilder-java,ActivityTest.CreateTypingActivity,5,non-flaky,5,0.9603,5,0.9602,True,True,False,70,90
148831,microsoft_botbuilder-java,ActivityTest.CreateHandoffActivity,5,non-flaky,5,0.9603,5,0.9601,True,True,False,70,90
148832,microsoft_botbuilder-java,ActivityTest.CreateEndOfConversationActivity,5,non-flaky,5,0.9604,5,0.9602,True,True,False,80,100
148833,microsoft_botbuilder-java,ActivityTest.CreateEventActivity,5,non-flaky,5,0.9604,5,0.9601,True,True,False,67,87
148834,microsoft_botbuilder-java,ActivityTest.CreateInvokeActivity,5,non-flaky,5,0.9604,5,0.9603,True,True,False,70,90
148835,microsoft_botbuilder-java,ActivityTest.CreateTraceActivity,5,non-flaky,5,0.9599,5,0.9467,True,True,False,405,505
148836,microsoft_botbuilder-java,ActivityTest.CreateTraceActivityWithoutValueType,5,non-flaky,5,0.9602,5,0.9572,True,True,False,180,225
148837,microsoft_botbuilder-java,ActivityTest.CreateReply,5,non-flaky,5,0.9619,5,0.959,True,True,False,381,476
148838,microsoft_botbuilder-java,ActivityTest.CreateReplyWithoutArguments,5,non-flaky,5,0.9612,5,0.9612,True,True,False,133,170
148839,microsoft_botbuilder-java,ActivityTest.HasContentIsFalseWhenActivityTextHasNoContent,5,non-flaky,5,0.9606,5,0.9591,True,True,False,80,109
148840,microsoft_botbuilder-java,ActivityTest.HasContentIsTrueWhenActivityTextHasContent,5,non-flaky,5,0.9605,5,0.9593,True,True,False,96,134
148841,microsoft_botbuilder-java,ActivityTest.HasContentIsTrueWhenActivitySummaryContent,5,non-flaky,5,0.9606,5,0.9604,True,True,False,110,152
148842,microsoft_botbuilder-java,ActivityTest.HasContentIsTrueWhenActivityAttachmentsHaveContent,5,non-flaky,5,0.9612,5,0.9558,True,True,False,165,219
148843,microsoft_botbuilder-java,ActivityTest.HasContentIsTrueWhenActivityChannelDataHasContent,5,non-flaky,5,0.9609,5,0.9602,True,True,False,129,175
148844,microsoft_botbuilder-java,ActivityTest.GetMentions,5,non-flaky,5,0.9597,5,0.9496,True,True,False,250,330
148845,microsoft_botbuilder-java,ActivityTest.GetMentionsNull,5,non-flaky,5,0.9596,5,0.9587,True,True,False,80,99
148846,microsoft_botbuilder-java,ActivityTest.CreateTraceForConversationUpdateActivity,5,non-flaky,5,0.9601,5,0.9592,True,True,False,106,129
148847,microsoft_botbuilder-java,ActivityTest.CreateReplyForConversationUpdateActivity,5,non-flaky,5,0.96,5,0.96,True,True,False,104,127
148848,microsoft_botbuilder-java,ActivityTest.CreateTrace,5,non-flaky,5,0.9586,5,0.9543,True,True,False,500,512
148849,microsoft_botbuilder-java,ActivityTest.IsFromStreamingConnection,5,non-flaky,5,0.9617,5,0.9576,True,True,False,481,512
148850,microsoft_botbuilder-java,ActivityTest.ActivityCloneTest,5,non-flaky,5,0.9563,5,0.9605,True,True,False,512,512
148851,microsoft_botbuilder-java,ActivityTest.EnsureCloneAddsIdIfMissing,5,non-flaky,5,0.9603,5,0.9603,True,True,False,117,140
148852,microsoft_botbuilder-java,ActivityTest.TryGetChannelData,5,non-flaky,5,0.9611,5,0.9614,True,True,False,213,274
148853,microsoft_botbuilder-java,ActivityTest.TryGetChannelDataBadChannelData,5,non-flaky,5,0.9607,5,0.9611,True,True,False,153,188
148854,microsoft_botbuilder-java,ActivityTest.RemoveRecipientMention,5,non-flaky,5,0.9589,5,0.9433,True,True,False,282,351
148855,microsoft_botbuilder-java,ActivityTest.RemoveRecipientMentionImmutable,5,non-flaky,5,0.9586,5,0.9471,True,True,False,288,357
148856,microsoft_botbuilder-java,ActivityTest.RemoveRecipientMentionNoRecipient,5,non-flaky,5,0.959,5,0.9527,True,True,False,310,383
148857,microsoft_botbuilder-java,ActivityTest.RemoveRecipientMentionImmutableNoRecipient,5,non-flaky,5,0.9591,5,0.9542,True,True,False,316,389
148858,microsoft_botbuilder-java,ActivityTest.RemoveRecipientMentionText,5,non-flaky,5,0.9582,5,0.9463,True,True,False,304,377
148859,microsoft_botbuilder-java,ActivityTest.RemoveRecipientMentionTextNoId,5,non-flaky,5,0.9591,5,0.95,True,True,False,315,388
148860,microsoft_botbuilder-java,ActivityTest.RemoveRecipientMentionTextNoText,5,non-flaky,5,0.9581,5,0.9476,True,True,False,294,367
148861,microsoft_botbuilder-java,ActivityTest.isActivity,5,non-flaky,5,0.9594,5,0.9582,True,True,False,106,129
148862,microsoft_botbuilder-java,ActivityTest.isActivity,5,non-flaky,5,0.9604,5,0.959,True,True,False,108,131
148863,microsoft_botbuilder-java,ActivityTest.isActivity,5,non-flaky,5,0.9605,5,0.9591,True,True,False,109,132
148864,microsoft_botbuilder-java,ActivityTest.isActivity,5,non-flaky,5,0.9606,5,0.9589,True,True,False,111,134
148865,microsoft_botbuilder-java,ActivityTest.isActivity,5,non-flaky,5,0.9605,5,0.9589,True,True,False,108,131
148866,microsoft_botbuilder-java,ActivityTest.isActivity,5,non-flaky,5,0.9605,5,0.9587,True,True,False,110,133
148867,microsoft_botbuilder-java,MediaCardTest.TestPropertySetterGetter,5,non-flaky,5,0.9588,5,0.9586,True,True,False,512,512
148868,microsoft_botbuilder-java,ReceiptCardTest.testToAttachment,5,non-flaky,5,0.9606,5,0.9604,True,True,False,96,115
148869,microsoft_botbuilder-java,SigninCardTest.testToAttachment,5,non-flaky,5,0.9607,5,0.9603,True,True,False,95,114
148870,microsoft_botbuilder-java,MessageActionsPayloadTest.TestMessageActionPayloadConstructor,5,non-flaky,5,0.9602,5,0.9601,True,True,False,74,89
148871,microsoft_botbuilder-java,MessageActionsPayloadTest.TestGetId,5,non-flaky,5,0.9608,5,0.96,True,True,False,122,154
148872,microsoft_botbuilder-java,MessageActionsPayloadTest.TestGetReplyToId,5,non-flaky,5,0.9611,5,0.9598,True,True,False,136,168
148873,microsoft_botbuilder-java,MessageActionsPayloadTest.TestGetMessageType,5,non-flaky,5,0.961,5,0.9588,True,True,False,129,161
148874,microsoft_botbuilder-java,MessageActionsPayloadTest.TestGetCreatedDateTime,5,non-flaky,5,0.9602,5,0.9542,True,True,False,137,169
148875,microsoft_botbuilder-java,MessageActionsPayloadTest.TestGetLastModifiedDateTime,5,non-flaky,5,0.9602,5,0.954,True,True,False,149,181
148876,microsoft_botbuilder-java,MessageActionsPayloadTest.TestGetDeleted,5,non-flaky,5,0.961,5,0.9606,True,True,False,124,156
148877,microsoft_botbuilder-java,MessageActionsPayloadTest.TestGetSubject,5,non-flaky,5,0.9608,5,0.9598,True,True,False,122,154
148878,microsoft_botbuilder-java,MessageActionsPayloadTest.TestGetSummary,5,non-flaky,5,0.9604,5,0.9588,True,True,False,122,154
148879,microsoft_botbuilder-java,MessageActionsPayloadTest.TestGetImportance,5,non-flaky,5,0.9609,5,0.9603,True,True,False,125,157
148880,microsoft_botbuilder-java,MessageActionsPayloadTest.TestGetLinkToMessage,5,non-flaky,5,0.9611,5,0.9607,True,True,False,148,180
148881,microsoft_botbuilder-java,MessageActionsPayloadTest.TestGetLocale,5,non-flaky,5,0.9614,5,0.9601,True,True,False,125,157
148882,microsoft_botbuilder-java,MessageActionsPayloadTest.TestGetFrom,5,non-flaky,5,0.9606,5,0.9606,True,True,False,136,168
148883,microsoft_botbuilder-java,MessageActionsPayloadTest.TestGetBody,5,non-flaky,5,0.9607,5,0.9609,True,True,False,136,168
148884,microsoft_botbuilder-java,MessageActionsPayloadTest.TestGetAttachmentLayout,5,non-flaky,5,0.9611,5,0.9603,True,True,False,134,166
148885,microsoft_botbuilder-java,MessageActionsPayloadTest.TestGetAttachments,5,non-flaky,5,0.9602,5,0.9567,True,True,False,153,185
148886,microsoft_botbuilder-java,MessageActionsPayloadTest.TestGetMentions,5,non-flaky,5,0.9601,5,0.9543,True,True,False,156,188
148887,microsoft_botbuilder-java,MessageActionsPayloadTest.TestGetReactions,5,non-flaky,5,0.9606,5,0.958,True,True,False,153,185
148888,microsoft_botbuilder-java,OAuthCardTest.testToAttachment,5,non-flaky,5,0.9607,5,0.9604,True,True,False,95,114
148889,microsoft_botbuilder-java,EntitySchemaValidationTest.EntityTests_GeoCoordinatesSerializationDeserializationTest,5,non-flaky,5,0.9572,5,0.9507,True,True,False,370,448
148890,microsoft_botbuilder-java,EntitySchemaValidationTest.EntityTests_MentionSerializationDeserializationTest,5,non-flaky,5,0.9578,5,0.9426,True,True,False,320,394
148891,microsoft_botbuilder-java,EntitySchemaValidationTest.EntityTests_PlaceSerializationDeserializationTest,5,non-flaky,5,0.9612,5,0.9605,True,True,False,196,246
148892,microsoft_botbuilder-java,ThumbnailCardTest.testToAttachment,5,non-flaky,5,0.9607,5,0.9604,True,True,False,95,114
148893,microsoft_botbuilder-java,AnimationCardTest.testToAttachment,5,non-flaky,5,0.9606,5,0.9603,True,True,False,95,114
148894,microsoft_botbuilder-java,CardActionTest.TestImplicitConversation,5,non-flaky,5,0.9583,5,0.9447,True,True,False,272,320
148895,microsoft_botbuilder-java,CardActionTest.TestClone,5,non-flaky,5,0.9609,5,0.9582,True,True,False,436,512
148896,microsoft_botbuilder-java,CardActionTest.TestCloneNull,5,non-flaky,5,0.9605,5,0.9592,True,True,False,64,79
148897,microsoft_botbuilder-java,CardActionTest.TestConstructorTwoParams,5,non-flaky,5,0.9601,5,0.9597,True,True,False,105,124
148898,microsoft_botbuilder-java,CardActionTest.TestConstructorThreeParams,5,non-flaky,5,0.9582,5,0.9523,True,True,False,132,155
148899,microsoft_botbuilder-java,SerializationTest.testGetAs,5,non-flaky,5,0.9597,5,0.9556,True,True,False,180,211
148900,microsoft_botbuilder-java,SerializationTest.testGetAsNull,5,non-flaky,5,0.9603,5,0.96,True,True,False,66,81
148901,microsoft_botbuilder-java,SerializationTest.testClone,5,non-flaky,5,0.961,5,0.9608,True,True,False,156,183
148902,microsoft_botbuilder-java,SerializationTest.testCloneNull,5,non-flaky,5,0.9605,5,0.9599,True,True,False,66,81
156375,apache_commons-lang,ClassPathUtilsTest.testConstructor,5,non-flaky,5,0.9616,5,0.9604,True,True,False,173,204
156376,apache_commons-lang,ClassPathUtilsTest.testToFullyQualifiedNameNullClassString,5,non-flaky,5,0.96,5,0.9583,True,True,False,91,106
156377,apache_commons-lang,ClassPathUtilsTest.testToFullyQualifiedNameClassNull,5,non-flaky,5,0.9599,5,0.9588,True,True,False,72,83
156378,apache_commons-lang,ClassPathUtilsTest.testToFullyQualifiedNameClassString,5,non-flaky,5,0.9606,5,0.9599,True,True,False,109,133
156379,apache_commons-lang,ClassPathUtilsTest.testToFullyQualifiedNameNullPackageString,5,non-flaky,5,0.9599,5,0.9586,True,True,False,90,105
156380,apache_commons-lang,ClassPathUtilsTest.testToFullyQualifiedNamePackageNull,5,non-flaky,5,0.9599,5,0.9591,True,True,False,91,106
156381,apache_commons-lang,ClassPathUtilsTest.testToFullyQualifiedNamePackageString,5,non-flaky,5,0.9604,5,0.9601,True,True,False,112,136
156382,apache_commons-lang,ClassPathUtilsTest.testToFullyQualifiedPathClassNullString,5,non-flaky,5,0.96,5,0.9583,True,True,False,91,106
156383,apache_commons-lang,ClassPathUtilsTest.testToFullyQualifiedPathClassNull,5,non-flaky,5,0.9598,5,0.9587,True,True,False,72,83
156384,apache_commons-lang,ClassPathUtilsTest.testToFullyQualifiedPathClass,5,non-flaky,5,0.9604,5,0.9595,True,True,False,108,132
156385,apache_commons-lang,ClassPathUtilsTest.testToFullyQualifiedPathPackageNullString,5,non-flaky,5,0.9599,5,0.958,True,True,False,90,105
156386,apache_commons-lang,ClassPathUtilsTest.testToFullyQualifiedPathPackageNull,5,non-flaky,5,0.9599,5,0.959,True,True,False,91,106
156387,apache_commons-lang,ClassPathUtilsTest.testToFullyQualifiedPathPackage,5,non-flaky,5,0.9603,5,0.9595,True,True,False,111,135
156388,apache_commons-lang,StringUtilsEmptyBlankTest.testIsEmpty,5,non-flaky,5,0.9609,5,0.961,True,True,False,128,155
156389,apache_commons-lang,StringUtilsEmptyBlankTest.testIsNotEmpty,5,non-flaky,5,0.9611,5,0.9601,True,True,False,134,161
156390,apache_commons-lang,StringUtilsEmptyBlankTest.testIsAnyEmpty,5,non-flaky,5,0.9593,5,0.9458,True,True,False,220,259
156391,apache_commons-lang,StringUtilsEmptyBlankTest.testIsNoneEmpty,5,non-flaky,5,0.9596,5,0.9474,True,True,False,220,259
156392,apache_commons-lang,StringUtilsEmptyBlankTest.testIsAllEmpty,5,non-flaky,5,0.959,5,0.9426,True,True,False,286,337
156393,apache_commons-lang,StringUtilsEmptyBlankTest.testIsBlank,5,non-flaky,5,0.9612,5,0.9615,True,True,False,143,170
156394,apache_commons-lang,StringUtilsEmptyBlankTest.testIsNotBlank,5,non-flaky,5,0.9614,5,0.9614,True,True,False,149,176
156395,apache_commons-lang,StringUtilsEmptyBlankTest.testIsAnyBlank,5,non-flaky,5,0.959,5,0.9434,True,True,False,253,296
156396,apache_commons-lang,StringUtilsEmptyBlankTest.testIsNoneBlank,5,non-flaky,5,0.9594,5,0.9451,True,True,False,253,296
156397,apache_commons-lang,StringUtilsEmptyBlankTest.testIsAllBlank,5,non-flaky,5,0.9593,5,0.9458,True,True,False,278,325
156398,apache_commons-lang,StringUtilsEmptyBlankTest.testFirstNonBlank,5,non-flaky,5,0.9601,5,0.9497,True,True,False,271,314
156399,apache_commons-lang,StringUtilsEmptyBlankTest.testFirstNonEmpty,5,non-flaky,5,0.9594,5,0.9424,True,True,False,263,306
156400,apache_commons-lang,FastDateFormatTest.test_getInstance,5,non-flaky,5,0.96,5,0.9596,True,True,False,86,105
156401,apache_commons-lang,FastDateFormatTest.test_getInstance_String,5,non-flaky,5,0.958,5,0.9487,True,True,False,224,268
156402,apache_commons-lang,FastDateFormatTest.test_getInstance_String_TimeZone,5,non-flaky,5,0.9532,5,0.9399,True,True,False,384,453
156403,apache_commons-lang,FastDateFormatTest.test_getInstance_String_Locale,5,non-flaky,5,0.9602,5,0.9567,True,True,False,192,228
156404,apache_commons-lang,FastDateFormatTest.test_changeDefault_Locale_DateInstance,5,non-flaky,5,0.9596,5,0.9524,True,True,False,259,307
156405,apache_commons-lang,FastDateFormatTest.test_changeDefault_Locale_DateTimeInstance,5,non-flaky,5,0.9571,5,0.9435,True,True,False,284,332
156406,apache_commons-lang,FastDateFormatTest.test_getInstance_String_TimeZone_Locale,5,non-flaky,5,0.9539,5,0.9412,True,True,False,374,434
156407,apache_commons-lang,FastDateFormatTest.testCheckDefaults,5,non-flaky,5,0.9587,5,0.9492,True,True,False,190,235
156408,apache_commons-lang,FastDateFormatTest.testCheckDifferingStyles,5,non-flaky,5,0.9406,5,0.9359,True,True,False,313,365
156409,apache_commons-lang,FastDateFormatTest.testDateDefaults,5,non-flaky,5,0.9533,5,0.9382,True,True,False,264,305
156410,apache_commons-lang,FastDateFormatTest.testTimeDefaults,5,non-flaky,5,0.9519,5,0.9351,True,True,False,264,305
156411,apache_commons-lang,FastDateFormatTest.testTimeDateDefaults,5,non-flaky,5,0.9435,5,0.929,True,True,False,313,354
156412,apache_commons-lang,FastDateFormatTest.format,5,non-flaky,5,0.9592,5,0.9593,True,True,False,179,215
156413,apache_commons-lang,FastDateFormatTest.testLANG_954,5,non-flaky,5,0.9601,5,0.9596,True,True,False,66,81
156414,apache_commons-lang,FastDateFormatTest.testLANG_1152,5,non-flaky,5,0.9552,5,0.944,True,True,False,199,240
156415,apache_commons-lang,FastDateFormatTest.testLANG_1267,5,non-flaky,5,0.96,5,0.9598,True,True,False,61,72
156416,apache_commons-lang,GmtTimeZoneTest.hoursOutOfRange,5,non-flaky,5,0.96,5,0.9593,True,True,False,59,70
156417,apache_commons-lang,GmtTimeZoneTest.hoursInRange,5,non-flaky,5,0.9602,5,0.96,True,True,False,60,71
156418,apache_commons-lang,GmtTimeZoneTest.minutesOutOfRange,5,non-flaky,5,0.9601,5,0.9594,True,True,False,59,70
156419,apache_commons-lang,GmtTimeZoneTest.minutesInRange,5,non-flaky,5,0.9601,5,0.96,True,True,False,58,69
156420,apache_commons-lang,GmtTimeZoneTest.getOffset,5,non-flaky,5,0.9598,5,0.9593,True,True,False,55,66
156421,apache_commons-lang,GmtTimeZoneTest.setRawOffset,5,non-flaky,5,0.9601,5,0.9589,True,True,False,63,74
156422,apache_commons-lang,GmtTimeZoneTest.getRawOffset,5,non-flaky,5,0.96,5,0.9593,True,True,False,54,65
156423,apache_commons-lang,GmtTimeZoneTest.getID,5,non-flaky,5,0.96,5,0.9555,True,True,False,188,215
156424,apache_commons-lang,GmtTimeZoneTest.useDaylightTime,5,non-flaky,5,0.9597,5,0.9586,True,True,False,53,64
156425,apache_commons-lang,GmtTimeZoneTest.inDaylightTime,5,non-flaky,5,0.9598,5,0.9587,True,True,False,53,64
156426,apache_commons-lang,GmtTimeZoneTest.testToString,5,non-flaky,5,0.9604,5,0.9585,True,True,False,82,97
156427,apache_commons-lang,GmtTimeZoneTest.testGetOffset,5,non-flaky,5,0.9606,5,0.9596,True,True,False,87,102
156428,apache_commons-lang,DateUtilsFragmentTest.setUp,5,non-flaky,5,0.9607,5,0.9558,True,True,False,111,134
156429,apache_commons-lang,DateUtilsFragmentTest.testNullDate,5,non-flaky,5,0.9564,5,0.9483,True,True,False,403,490
156430,apache_commons-lang,DateUtilsFragmentTest.testNullCalendar,5,non-flaky,5,0.9559,5,0.949,True,True,False,409,496
156431,apache_commons-lang,DateUtilsFragmentTest.testInvalidFragmentWithDate,5,non-flaky,5,0.9594,5,0.9538,True,True,False,216,243
156432,apache_commons-lang,DateUtilsFragmentTest.testInvalidFragmentWithCalendar,5,non-flaky,5,0.958,5,0.9519,True,True,False,222,249
156433,apache_commons-lang,DateUtilsFragmentTest.testMillisecondFragmentInLargerUnitWithDate,5,non-flaky,5,0.9503,5,0.9386,True,True,False,212,239
156434,apache_commons-lang,DateUtilsFragmentTest.testMillisecondFragmentInLargerUnitWithCalendar,5,non-flaky,5,0.9536,5,0.9378,True,True,False,218,245
156435,apache_commons-lang,DateUtilsFragmentTest.testSecondFragmentInLargerUnitWithDate,5,non-flaky,5,0.9594,5,0.9512,True,True,False,161,184
156436,apache_commons-lang,DateUtilsFragmentTest.testSecondFragmentInLargerUnitWithCalendar,5,non-flaky,5,0.9594,5,0.9505,True,True,False,166,189
156437,apache_commons-lang,DateUtilsFragmentTest.testMinuteFragmentInLargerUnitWithDate,5,non-flaky,5,0.9606,5,0.9546,True,True,False,129,148
156438,apache_commons-lang,DateUtilsFragmentTest.testMinuteFragmentInLargerUnitWithCalendar,5,non-flaky,5,0.9606,5,0.9545,True,True,False,133,152
156439,apache_commons-lang,DateUtilsFragmentTest.testHourOfDayFragmentInLargerUnitWithDate,5,non-flaky,5,0.9609,5,0.9586,True,True,False,105,120
156440,apache_commons-lang,DateUtilsFragmentTest.testHourOfDayFragmentInLargerUnitWithCalendar,5,non-flaky,5,0.9607,5,0.959,True,True,False,108,123
156441,apache_commons-lang,DateUtilsFragmentTest.testDayOfYearFragmentInLargerUnitWithDate,5,non-flaky,5,0.9599,5,0.9599,True,True,False,69,80
156442,apache_commons-lang,DateUtilsFragmentTest.testDayOfYearFragmentInLargerUnitWithCalendar,5,non-flaky,5,0.96,5,0.9599,True,True,False,71,82
156443,apache_commons-lang,DateUtilsFragmentTest.testDateFragmentInLargerUnitWithDate,5,non-flaky,5,0.9606,5,0.9601,True,True,False,63,74
156444,apache_commons-lang,DateUtilsFragmentTest.testDateFragmentInLargerUnitWithCalendar,5,non-flaky,5,0.9603,5,0.9599,True,True,False,65,76
156445,apache_commons-lang,DateUtilsFragmentTest.testMillisecondsOfSecondWithDate,5,non-flaky,5,0.9608,5,0.9596,True,True,False,80,95
156446,apache_commons-lang,DateUtilsFragmentTest.testMillisecondsOfSecondWithCalendar,5,non-flaky,5,0.9603,5,0.9532,True,True,False,112,131
156447,apache_commons-lang,DateUtilsFragmentTest.testMillisecondsOfMinuteWithDate,5,non-flaky,5,0.9607,5,0.958,True,True,False,97,112
156448,apache_commons-lang,DateUtilsFragmentTest.testMillisecondsOfMinuteWithCalender,5,non-flaky,5,0.9605,5,0.9569,True,True,False,99,114
156449,apache_commons-lang,DateUtilsFragmentTest.testSecondsofMinuteWithDate,5,non-flaky,5,0.9607,5,0.9592,True,True,False,78,93
156450,apache_commons-lang,DateUtilsFragmentTest.testSecondsofMinuteWithCalendar,5,non-flaky,5,0.9605,5,0.9556,True,True,False,107,126
156451,apache_commons-lang,DateUtilsFragmentTest.testMillisecondsOfHourWithDate,5,non-flaky,5,0.9602,5,0.9551,True,True,False,118,133
156452,apache_commons-lang,DateUtilsFragmentTest.testMillisecondsOfHourWithCalendar,5,non-flaky,5,0.9603,5,0.9547,True,True,False,120,135
156453,apache_commons-lang,DateUtilsFragmentTest.testSecondsofHourWithDate,5,non-flaky,5,0.9597,5,0.9555,True,True,False,199,230
156454,apache_commons-lang,DateUtilsFragmentTest.testSecondsofHourWithCalendar,5,non-flaky,5,0.9598,5,0.9545,True,True,False,201,232
156455,apache_commons-lang,DateUtilsFragmentTest.testMinutesOfHourWithDate,5,non-flaky,5,0.9608,5,0.9589,True,True,False,82,97
156456,apache_commons-lang,DateUtilsFragmentTest.testMinutesOfHourWithCalendar,5,non-flaky,5,0.9606,5,0.9588,True,True,False,84,99
156457,apache_commons-lang,DateUtilsFragmentTest.testMillisecondsOfDayWithDate,5,non-flaky,5,0.9489,5,0.941,True,True,False,199,226
156458,apache_commons-lang,DateUtilsFragmentTest.testMillisecondsOfDayWithCalendar,5,non-flaky,5,0.9469,5,0.9389,True,True,False,202,229
156459,apache_commons-lang,DateUtilsFragmentTest.testSecondsOfDayWithDate,5,non-flaky,5,0.9551,5,0.9428,True,True,False,192,219
156460,apache_commons-lang,DateUtilsFragmentTest.testSecondsOfDayWithCalendar,5,non-flaky,5,0.9526,5,0.9409,True,True,False,195,222
156461,apache_commons-lang,DateUtilsFragmentTest.testMinutesOfDayWithDate,5,non-flaky,5,0.9583,5,0.9466,True,True,False,174,201
156462,apache_commons-lang,DateUtilsFragmentTest.testMinutesOfDayWithCalendar,5,non-flaky,5,0.958,5,0.9457,True,True,False,177,204
156463,apache_commons-lang,DateUtilsFragmentTest.testHoursOfDayWithDate,5,non-flaky,5,0.9597,5,0.9533,True,True,False,141,168
156464,apache_commons-lang,DateUtilsFragmentTest.testHoursOfDayWithCalendar,5,non-flaky,5,0.9591,5,0.9523,True,True,False,144,171
156465,apache_commons-lang,DateUtilsFragmentTest.testMillisecondsOfMonthWithDate,5,non-flaky,5,0.9593,5,0.952,True,True,False,198,221
156466,apache_commons-lang,DateUtilsFragmentTest.testMillisecondsOfMonthWithCalendar,5,non-flaky,5,0.9577,5,0.9508,True,True,False,169,191
156467,apache_commons-lang,DateUtilsFragmentTest.testSecondsOfMonthWithDate,5,non-flaky,5,0.9589,5,0.9525,True,True,False,256,291
156468,apache_commons-lang,DateUtilsFragmentTest.testSecondsOfMonthWithCalendar,5,non-flaky,5,0.9584,5,0.9509,True,True,False,258,293
156469,apache_commons-lang,DateUtilsFragmentTest.testMinutesOfMonthWithDate,5,non-flaky,5,0.9596,5,0.9542,True,True,False,199,226
156470,apache_commons-lang,DateUtilsFragmentTest.testMinutesOfMonthWithCalendar,5,non-flaky,5,0.9595,5,0.9517,True,True,False,169,192
156471,apache_commons-lang,DateUtilsFragmentTest.testHoursOfMonthWithDate,5,non-flaky,5,0.9604,5,0.9558,True,True,False,148,171
156472,apache_commons-lang,DateUtilsFragmentTest.testHoursOfMonthWithCalendar,5,non-flaky,5,0.9602,5,0.9547,True,True,False,150,173
156473,apache_commons-lang,DateUtilsFragmentTest.testMillisecondsOfYearWithDate,5,non-flaky,5,0.9573,5,0.9477,True,True,False,243,274
156474,apache_commons-lang,DateUtilsFragmentTest.testMillisecondsOfYearWithCalendar,5,non-flaky,5,0.9576,5,0.951,True,True,False,184,206
159489,realm_realm-java,RealmProcessorTest.compileSimpleFile,5,non-flaky,5,0.9597,5,0.9589,True,True,False,84,103
159490,realm_realm-java,RealmProcessorTest.compileProcessedSimpleFile,5,non-flaky,5,0.9598,5,0.9591,True,True,False,114,137
159491,realm_realm-java,RealmProcessorTest.compileProcessedEmptyFile,5,non-flaky,5,0.9597,5,0.9584,True,True,False,115,138
159492,realm_realm-java,RealmProcessorTest.compileSimpleProxyFile,5,non-flaky,5,0.9591,5,0.9564,True,True,False,100,119
159493,realm_realm-java,RealmProcessorTest.compareProcessedSimpleFile,5,non-flaky,5,0.9604,5,0.959,True,True,False,157,188
159494,realm_realm-java,RealmProcessorTest.compileProcessedNullTypesFile,5,non-flaky,5,0.9597,5,0.9587,True,True,False,116,139
159495,realm_realm-java,RealmProcessorTest.compareProcessedNullTypesFile,5,non-flaky,5,0.9604,5,0.9589,True,True,False,160,191
159496,realm_realm-java,RealmProcessorTest.compileAllTypesFile,5,non-flaky,5,0.9595,5,0.9576,True,True,False,86,105
159497,realm_realm-java,RealmProcessorTest.compileProcessedAllTypesFile,5,non-flaky,5,0.9597,5,0.9587,True,True,False,116,139
159498,realm_realm-java,RealmProcessorTest.compileAllTypesProxyFile,5,non-flaky,5,0.9593,5,0.9582,True,True,False,89,108
159499,realm_realm-java,RealmProcessorTest.compareProcessedAllTypesFile,5,non-flaky,5,0.9607,5,0.9588,True,True,False,201,236
159500,realm_realm-java,RealmProcessorTest.compileAppModuleCustomClasses,5,non-flaky,5,0.9598,5,0.9584,True,True,False,143,166
159501,realm_realm-java,RealmProcessorTest.compileAppModuleAllClasses,5,non-flaky,5,0.9598,5,0.9584,True,True,False,143,166
159502,realm_realm-java,RealmProcessorTest.compileLibraryModulesAllClasses,5,non-flaky,5,0.9598,5,0.9585,True,True,False,144,167
159503,realm_realm-java,RealmProcessorTest.compileLibraryModulesCustomClasses,5,non-flaky,5,0.9598,5,0.9584,True,True,False,144,167
159504,realm_realm-java,RealmProcessorTest.compileAppModuleMixedParametersFail,5,non-flaky,5,0.96,5,0.9577,True,True,False,168,195
159505,realm_realm-java,RealmProcessorTest.compileAppModuleWrongTypeFail,5,non-flaky,5,0.9601,5,0.9578,True,True,False,168,195
159506,realm_realm-java,RealmProcessorTest.compileLibraryModuleMixedParametersFail,5,non-flaky,5,0.9599,5,0.958,True,True,False,146,169
159507,realm_realm-java,RealmProcessorTest.compileLibraryModuleWrongTypeFail,5,non-flaky,5,0.9599,5,0.958,True,True,False,146,169
159508,realm_realm-java,RealmProcessorTest.compileBooleanFile,5,non-flaky,5,0.9597,5,0.9582,True,True,False,87,106
159509,realm_realm-java,RealmProcessorTest.compileProcessedBooleansFile,5,non-flaky,5,0.9599,5,0.9589,True,True,False,117,140
159510,realm_realm-java,RealmProcessorTest.compileBooleansProxyFile,5,non-flaky,5,0.9596,5,0.9588,True,True,False,90,109
159511,realm_realm-java,RealmProcessorTest.compareProcessedBooleansFile,5,non-flaky,5,0.9605,5,0.9592,True,True,False,162,193
159512,realm_realm-java,RealmProcessorTest.compileMissingGenericType,5,non-flaky,5,0.96,5,0.9588,True,True,False,114,137
159513,realm_realm-java,RealmProcessorTest.compileFieldNamesFiles,5,non-flaky,5,0.9594,5,0.9575,True,True,False,125,148
159514,realm_realm-java,RealmProcessorTest.compileCustomAccessor,5,non-flaky,5,0.96,5,0.9589,True,True,False,114,137
159515,realm_realm-java,RealmProcessorTest.compileIndexTypes,5,non-flaky,5,0.961,5,0.9579,True,True,False,302,354
159516,realm_realm-java,RealmProcessorTest.compileInvalidIndexTypes,5,non-flaky,5,0.961,5,0.958,True,True,False,271,319
159517,realm_realm-java,RealmProcessorTest.compilePrimaryKeyTypes,5,non-flaky,5,0.9613,5,0.9587,True,True,False,277,325
159518,realm_realm-java,RealmProcessorTest.compileInvalidPrimaryKeyTypes,5,non-flaky,5,0.9611,5,0.9575,True,True,False,306,358
159519,realm_realm-java,RealmProcessorTest.compileRequiredTypes,5,non-flaky,5,0.9616,5,0.9579,True,True,False,296,348
159520,realm_realm-java,RealmProcessorTest.compileInvalidRequiredTypes,5,non-flaky,5,0.9616,5,0.9581,True,True,False,299,351
159521,realm_realm-java,RealmProcessorTest.compileConflictingFieldName,5,non-flaky,5,0.9599,5,0.9593,True,True,False,119,142
159522,realm_realm-java,RealmProcessorTest.failOnFinalFields,5,non-flaky,5,0.96,5,0.959,True,True,False,115,138
159523,realm_realm-java,RealmProcessorTest.failOnTransientFields,5,non-flaky,5,0.9598,5,0.9589,True,True,False,117,140
159524,realm_realm-java,RealmProcessorTest.failOnVolatileFields,5,non-flaky,5,0.96,5,0.959,True,True,False,117,140
159525,realm_realm-java,RealmProcessorTest.failOnInvalidRealmModel_1,5,non-flaky,5,0.9599,5,0.9584,True,True,False,124,147
159526,realm_realm-java,RealmProcessorTest.failOnInvalidRealmModel_2,5,non-flaky,5,0.96,5,0.9584,True,True,False,124,147
159527,realm_realm-java,RealmProcessorTest.failOnInvalidRealmModel_3,5,non-flaky,5,0.9599,5,0.9583,True,True,False,124,147
159528,realm_realm-java,RealmProcessorTest.validRealmModelUsingInheritance,5,non-flaky,5,0.9598,5,0.9591,True,True,False,125,148
159529,realm_realm-java,RealmProcessorTest.canNotInheritRealmList,5,non-flaky,5,0.96,5,0.959,True,True,False,122,145
159530,realm_realm-java,RealmProcessorTest.compileWithRealmModelFieldInReamlModel,5,non-flaky,5,0.9599,5,0.9589,True,True,False,119,142
159531,realm_realm-java,RealmProcessorTest.compileWithInterfaceForList,5,non-flaky,5,0.9599,5,0.9583,True,True,False,136,159
159532,realm_realm-java,RealmProcessorTest.compileWithInterfaceForObject,5,non-flaky,5,0.96,5,0.9585,True,True,False,137,160
159533,realm_realm-java,RealmProcessorTest.compileBacklinks,5,non-flaky,5,0.9598,5,0.9597,True,True,False,108,131
159534,realm_realm-java,RealmProcessorTest.failOnLinkingObjectsWithInvalidFieldType,5,non-flaky,5,0.9615,5,0.9605,True,True,False,154,181
159535,realm_realm-java,RealmProcessorTest.failOnLinkingObjectsWithNonFinalField,5,non-flaky,5,0.9612,5,0.9604,True,True,False,144,171
159536,realm_realm-java,RealmProcessorTest.failsOnLinkingObjectsWithLinkedFields,5,non-flaky,5,0.9609,5,0.9602,True,True,False,155,182
159537,realm_realm-java,RealmProcessorTest.failsOnLinkingObjectsMissingFieldName,5,non-flaky,5,0.9612,5,0.9601,True,True,False,147,174
159538,realm_realm-java,RealmProcessorTest.failsOnLinkingObjectsMissingGeneric,5,non-flaky,5,0.9611,5,0.9603,True,True,False,143,170
159539,realm_realm-java,RealmProcessorTest.failsOnLinkingObjectsWithRequiredFields,5,non-flaky,5,0.9613,5,0.9606,True,True,False,144,171
159540,realm_realm-java,RealmProcessorTest.failsOnLinkingObjectsWithIgnoreFields,5,non-flaky,5,0.9604,5,0.9601,True,True,False,121,144
159541,realm_realm-java,RealmProcessorTest.failsOnLinkingObjectsFieldNotFound,5,non-flaky,5,0.9611,5,0.9604,True,True,False,144,171
159542,realm_realm-java,RealmProcessorTest.failsOnLinkingObjectsWithFieldWrongType,5,non-flaky,5,0.961,5,0.9603,True,True,False,144,171
159543,realm_realm-java,SortTest.sortMultiFailures,5,non-flaky,5,0.9577,5,0.9541,True,True,False,512,512
159544,realm_realm-java,SortTest.sortRealmResultsTwoFields,5,non-flaky,5,0.9604,5,0.9572,True,True,False,300,354
159545,realm_realm-java,SortTest.realmQuerySortTwoFields,5,non-flaky,5,0.9606,5,0.9507,True,True,False,367,437
159546,realm_realm-java,SortTest.realmSortTwoFields,5,non-flaky,5,0.9607,5,0.9494,True,True,False,362,432
159547,realm_realm-java,SortTest.realmSortMultiFailures,5,non-flaky,5,0.9608,5,0.9539,True,True,False,512,512
159548,realm_realm-java,SortTest.run,5,non-flaky,5,0.9384,5,0.9127,True,True,False,247,304
159549,realm_realm-java,SortTest.sortingDates,5,non-flaky,5,0.9613,5,0.9592,True,True,False,373,459
159550,realm_realm-java,SortTest.run,5,non-flaky,5,0.9385,5,0.8865,True,True,False,284,349
159551,realm_realm-java,RealmInMemoryTest.inMemoryRealm,5,non-flaky,5,0.9599,5,0.9547,True,True,False,261,322
159552,realm_realm-java,RealmInMemoryTest.inMemoryRealmWithDifferentNames,5,non-flaky,5,0.9601,5,0.9592,True,True,False,480,512
159553,realm_realm-java,RealmInMemoryTest.delete,5,non-flaky,5,0.9562,5,0.9475,True,True,False,197,249
159554,realm_realm-java,RealmInMemoryTest.writeCopyTo,5,non-flaky,5,0.9582,5,0.9539,True,True,False,512,512
159555,realm_realm-java,RealmInMemoryTest.run,5,non-flaky,5,0.8882,5,0.9127,True,True,False,512,512
159556,realm_realm-java,NotificationsTest.call,5,non-flaky,5,0.9204,5,0.8777,True,True,False,394,461
159557,realm_realm-java,NotificationsTest.call,5,non-flaky,5,0.9278,5,0.8871,True,True,False,352,411
159558,realm_realm-java,NotificationsTest.onChange,5,non-flaky,5,0.9555,5,0.9432,True,True,False,144,171
159559,realm_realm-java,NotificationsTest.onChange,5,non-flaky,5,0.9572,5,0.9482,True,True,False,142,169
159560,realm_realm-java,NotificationsTest.onChange,5,non-flaky,5,0.9512,5,0.9367,True,True,False,215,254
159561,realm_realm-java,NotificationsTest.run,5,non-flaky,5,0.9093,5,0.882,True,True,False,512,512
159562,realm_realm-java,NotificationsTest.onChange,5,non-flaky,5,0.9565,5,0.9406,True,True,False,193,228
159563,realm_realm-java,NotificationsTest.onChange,5,non-flaky,5,0.9589,5,0.9486,True,True,False,190,225
159564,realm_realm-java,NotificationsTest.onChange,5,non-flaky,5,0.9589,5,0.9535,True,True,False,122,145
159565,realm_realm-java,NotificationsTest.onChange,5,non-flaky,5,0.9422,5,0.9323,True,True,False,474,512
159566,realm_realm-java,NotificationsTest.onChange,5,non-flaky,5,0.9404,5,0.9278,True,True,False,329,398
159567,realm_realm-java,NotificationsTest.onChange,5,non-flaky,5,0.9477,5,0.9318,True,True,False,390,463
159568,realm_realm-java,NotificationsTest.run,5,non-flaky,5,0.9107,5,0.8893,True,True,False,482,512
159569,realm_realm-java,NotificationsTest.onChange,5,non-flaky,5,0.9184,5,0.9253,True,True,False,512,512
159570,realm_realm-java,NotificationsTest.run,5,non-flaky,5,0.9369,5,0.9174,True,True,False,333,392
159571,realm_realm-java,NotificationsTest.onChange,5,non-flaky,5,0.9377,5,0.92,True,True,False,433,512
159572,realm_realm-java,NotificationsTest.onChange,5,non-flaky,5,0.9288,5,0.9095,True,True,False,449,512
159573,realm_realm-java,NotificationsTest.execute,5,non-flaky,5,0.9541,5,0.9373,True,True,False,274,326
159574,realm_realm-java,NotificationsTest.execute,5,non-flaky,5,0.9318,5,0.9154,True,True,False,504,512
159575,realm_realm-java,NotificationsTest.onChange,5,non-flaky,5,0.9583,5,0.9458,True,True,False,305,357
159576,realm_realm-java,NotificationsTest.onChange,5,non-flaky,5,0.9558,5,0.9513,True,True,False,232,289
159577,realm_realm-java,NotificationsTest.onChange,5,non-flaky,5,0.9542,5,0.9497,True,True,False,231,288
159578,realm_realm-java,JNINativeTest.nativeExceptions,5,non-flaky,5,0.961,5,0.9561,True,True,False,215,258
159579,realm_realm-java,JNITableInsertTest.testShouldThrowExceptionWhenColumnNameIsTooLong,5,non-flaky,5,0.9604,5,0.9557,True,True,False,171,211
159580,realm_realm-java,JNITableInsertTest.testWhenColumnNameIsExactly63CharLong,5,non-flaky,5,0.9599,5,0.959,True,True,False,85,105
159581,realm_realm-java,JNITableInsertTest.testGenericAddOnTable,5,non-flaky,5,0.9562,5,0.9543,True,True,False,488,512
159582,realm_realm-java,JNITableTest.tableToString,5,non-flaky,5,0.9595,5,0.9568,True,True,False,205,259
159583,realm_realm-java,JNITableTest.rowOperationsOnZeroRow,5,non-flaky,5,0.9609,5,0.9592,True,True,False,248,302
159584,realm_realm-java,JNITableTest.zeroColOperations,5,non-flaky,5,0.9605,5,0.9597,True,True,False,404,465
159585,realm_realm-java,JNITableTest.findFirstNonExisting,5,non-flaky,5,0.9612,5,0.9582,True,True,False,249,289
159586,realm_realm-java,JNITableTest.findFirst,5,non-flaky,5,0.9588,5,0.9571,True,True,False,506,512
159587,realm_realm-java,JNITableTest.getValuesFromNonExistingColumn,5,non-flaky,5,0.9579,5,0.958,True,True,False,512,512
159588,realm_realm-java,JNITableTest.getNonExistingColumn,5,non-flaky,5,0.961,5,0.9603,True,True,False,127,155
162556,open-telemetry_opentelemetry-java-instrumentation,MuzzlePluginTest.compareTo,5,non-flaky,5,0.9602,5,0.9585,True,True,False,43,54
162557,open-telemetry_opentelemetry-java-instrumentation,AbstractHttpClientTest.complete,5,non-flaky,5,0.9547,5,0.942,True,True,False,49,60
162558,open-telemetry_opentelemetry-java-instrumentation,PortAllocatorTest.testSimple,5,non-flaky,5,0.9592,5,0.9597,True,True,False,272,331
162559,open-telemetry_opentelemetry-java-instrumentation,PortAllocatorTest.testEven,5,non-flaky,5,0.9584,5,0.959,True,True,False,198,245
162560,open-telemetry_opentelemetry-java-instrumentation,FieldMapperTest.shouldMapNestedField,5,non-flaky,5,0.9603,5,0.96,True,True,False,432,512
162561,open-telemetry_opentelemetry-java-instrumentation,FieldMapperTest.shouldMapRequestFieldsOnly,5,non-flaky,5,0.9602,5,0.96,True,True,False,261,334
162562,open-telemetry_opentelemetry-java-instrumentation,FieldMapperTest.shouldMapResponseFieldsOnly,5,non-flaky,5,0.9582,5,0.9591,True,True,False,386,483
162563,open-telemetry_opentelemetry-java-instrumentation,SerializerTest.shouldSerializeSimpleString,5,non-flaky,5,0.9584,5,0.9587,True,True,False,74,101
162564,open-telemetry_opentelemetry-java-instrumentation,SerializerTest.shouldSerializeSdkPojo,5,non-flaky,5,0.9594,5,0.9599,True,True,False,143,178
162565,open-telemetry_opentelemetry-java-instrumentation,SerializerTest.shouldSerializeCollection,5,non-flaky,5,0.9591,5,0.9586,True,True,False,101,132
162566,open-telemetry_opentelemetry-java-instrumentation,SerializerTest.shouldSerializeEmptyCollectionAsNull,5,non-flaky,5,0.9599,5,0.9606,True,True,False,85,116
162567,open-telemetry_opentelemetry-java-instrumentation,SerializerTest.shouldSerializeMapAsKeyCollection,5,non-flaky,5,0.9565,5,0.9433,True,True,False,145,188
162568,open-telemetry_opentelemetry-java-instrumentation,ServletContextPathTest.shouldAddSlashBetweenContextAndSpanName,5,non-flaky,5,0.9603,5,0.9588,True,True,False,155,187
162569,open-telemetry_opentelemetry-java-instrumentation,ServletContextPathTest.shouldNotResultInDuplicateSlash,5,non-flaky,5,0.9604,5,0.9584,True,True,False,163,199
162570,open-telemetry_opentelemetry-java-instrumentation,ServletContextPathTest.shouldIgnoreEmptySpanName,5,non-flaky,5,0.9604,5,0.9604,True,True,False,193,234
162571,open-telemetry_opentelemetry-java-instrumentation,OpenTelemetryAutoConfigurationTest.customOpenTelemetry,5,non-flaky,5,0.9588,5,0.9573,True,True,False,40,51
162572,open-telemetry_opentelemetry-java-instrumentation,WithSpanAspectTest.getParameterNames,5,non-flaky,5,0.9598,5,0.9597,True,True,False,76,87
162573,open-telemetry_opentelemetry-java-instrumentation,AbstractOpenTelemetryHandlerMappingFilterTest.testSuccess,5,non-flaky,5,0.9561,5,0.9413,True,True,False,299,360
162574,open-telemetry_opentelemetry-java-instrumentation,ParentContextExtractorTest.shouldUseHttpIfAwsParentNotSampled,5,non-flaky,5,0.9614,5,0.9609,True,True,False,429,512
162575,open-telemetry_opentelemetry-java-instrumentation,ParentContextExtractorTest.shouldPreferAwsParentHeaderIfValidAndSampled,5,non-flaky,5,0.9613,5,0.9613,True,True,False,431,512
162576,open-telemetry_opentelemetry-java-instrumentation,ParentContextExtractorTest.shouldExtractCaseInsensitiveHeaders,5,non-flaky,5,0.9593,5,0.9519,True,True,False,348,432
162577,open-telemetry_opentelemetry-java-instrumentation,HeadersFactoryTest.shouldReadHeadersFromStream,5,non-flaky,5,0.9594,5,0.9544,True,True,False,405,488
162578,open-telemetry_opentelemetry-java-instrumentation,HeadersFactoryTest.shouldReturnNullIfNoHeadersInStream,5,non-flaky,5,0.9606,5,0.9606,True,True,False,119,150
162579,open-telemetry_opentelemetry-java-instrumentation,ApiGatewayProxyRequestTest.shouldCreateNoopRequestIfNoPropagatorsSet,5,non-flaky,5,0.9595,5,0.9585,True,True,False,143,182
162580,open-telemetry_opentelemetry-java-instrumentation,ApiGatewayProxyRequestTest.shouldCreateNoopRequestIfXrayPropagatorsSet,5,non-flaky,5,0.9584,5,0.957,True,True,False,173,216
162581,open-telemetry_opentelemetry-java-instrumentation,ApiGatewayProxyRequestTest.shouldUseStreamMarkingIfHttpPropagatorsSet,5,non-flaky,5,0.9567,5,0.9549,True,True,False,212,263
162582,open-telemetry_opentelemetry-java-instrumentation,ApiGatewayProxyRequestTest.shouldUseCopyIfMarkingNotAvailableAndHttpPropagatorsSet,5,non-flaky,5,0.9582,5,0.9536,True,True,False,257,316
162583,open-telemetry_opentelemetry-java-instrumentation,ProcessMetricsTest.test,5,non-flaky,5,0.9602,5,0.9544,True,True,False,344,420
162584,open-telemetry_opentelemetry-java-instrumentation,SystemMetricsTest.test,5,non-flaky,5,0.9598,5,0.9541,True,True,False,475,512
162585,open-telemetry_opentelemetry-java-instrumentation,AbstractArquillianRestTest.testHelloRequest,5,non-flaky,5,0.9521,5,0.9239,True,True,False,251,304
162586,open-telemetry_opentelemetry-java-instrumentation,AbstractQuartzTest.execute,5,non-flaky,5,0.959,5,0.9577,True,True,False,56,67
162587,open-telemetry_opentelemetry-java-instrumentation,AbstractArquillianJaxWsTest.testHelloRequest,5,non-flaky,5,0.9493,5,0.9344,True,True,False,512,512
162588,open-telemetry_opentelemetry-java-instrumentation,CamelPropagationUtilTest.shouldExtractHttpParentForHttpEndpoint,5,non-flaky,5,0.9607,5,0.9604,True,True,False,297,367
162589,open-telemetry_opentelemetry-java-instrumentation,CamelPropagationUtilTest.shouldNotFailExtractingNullHttpParentForHttpEndpoint,5,non-flaky,5,0.9603,5,0.9608,True,True,False,186,244
162590,open-telemetry_opentelemetry-java-instrumentation,CamelPropagationUtilTest.shouldNotFailExtractingNullAwsParentForSqsEndpoint,5,non-flaky,5,0.9603,5,0.9607,True,True,False,184,242
162591,open-telemetry_opentelemetry-java-instrumentation,CamelPropagationUtilTest.shouldExtractAwsParentForSqsEndpoint,5,non-flaky,5,0.9606,5,0.9614,True,True,False,311,385
162592,open-telemetry_opentelemetry-java-instrumentation,ReferenceCollectorTest.methodBodyCreatesReferences,5,non-flaky,5,0.9556,5,0.9577,True,True,False,512,512
162593,open-telemetry_opentelemetry-java-instrumentation,ReferenceCollectorTest.protectedRefTest,5,non-flaky,5,0.9601,5,0.9603,True,True,False,180,232
162594,open-telemetry_opentelemetry-java-instrumentation,ReferenceCollectorTest.ldcCreatesReferences,5,non-flaky,5,0.9603,5,0.9601,True,True,False,113,145
162595,open-telemetry_opentelemetry-java-instrumentation,ReferenceCollectorTest.instanceofCreatesReferences,5,non-flaky,5,0.9599,5,0.9595,True,True,False,117,149
162596,open-telemetry_opentelemetry-java-instrumentation,ReferenceCollectorTest.invokedynamicCreatesReferences,5,non-flaky,5,0.9611,5,0.9598,True,True,False,456,512
162597,open-telemetry_opentelemetry-java-instrumentation,ReferenceCollectorTest.shouldCreateReferencesForHelperClasses,5,non-flaky,5,0.9613,5,0.9607,True,True,False,501,512
162598,open-telemetry_opentelemetry-java-instrumentation,ReferenceCollectorTest.shouldCollectFieldDeclarationReferences,5,non-flaky,5,0.9596,5,0.9532,True,True,False,301,383
162599,open-telemetry_opentelemetry-java-instrumentation,ReferenceCollectorTest.shouldFindAllHelperClasses,5,non-flaky,5,0.9602,5,0.9592,True,True,False,295,363
162600,open-telemetry_opentelemetry-java-instrumentation,ReferenceCollectorTest.shouldCorrectlyFindHelperClassesFromMultipleAdviceClasses,5,non-flaky,5,0.9505,5,0.9563,True,True,False,512,512
162601,open-telemetry_opentelemetry-java-instrumentation,ReferenceCollectorTest.shouldCorrectlyFindExternalInstrumentationClasses,5,non-flaky,5,0.9598,5,0.9576,True,True,False,194,247
162602,open-telemetry_opentelemetry-java-instrumentation,ReferenceCollectorTest.shouldCollectHelperClassesFromResourceFile,5,non-flaky,5,0.9609,5,0.9587,True,True,False,320,392
162603,open-telemetry_opentelemetry-java-instrumentation,ReferenceCollectorTest.shouldIgnoreArbitraryResourceFile,5,non-flaky,5,0.9591,5,0.9569,True,True,False,123,159
162604,open-telemetry_opentelemetry-java-instrumentation,ReferenceCollectorTest.shouldCollectVirtualFields,5,non-flaky,5,0.9597,5,0.9606,True,True,False,198,242
162605,open-telemetry_opentelemetry-java-instrumentation,ReferenceCollectorTest.shouldCollectMultipleVirtualFieldsForSingleClass,5,non-flaky,5,0.96,5,0.9595,True,True,False,217,265
162606,open-telemetry_opentelemetry-java-instrumentation,ReferenceCollectorTest.shouldNotCollectVirtualFieldsForInvalidScenario,5,non-flaky,5,0.9582,5,0.9531,True,True,False,186,230
162607,open-telemetry_opentelemetry-java-instrumentation,ReferenceCollectorTest.shouldCollectArrayVirtualField,5,non-flaky,5,0.96,5,0.9605,True,True,False,209,261
162608,open-telemetry_opentelemetry-java-instrumentation,MethodCacheTest.getItemFromCache,5,non-flaky,5,0.9598,5,0.9597,True,True,False,100,137
162609,open-telemetry_opentelemetry-java-instrumentation,SpringBootIntegrationTest.extensionsAreLoadedFromJar,5,non-flaky,5,0.9579,5,0.9569,True,True,False,62,91
162610,open-telemetry_opentelemetry-java-instrumentation,SpringBootIntegrationTest.extensionsAreLoadedFromFolder,5,non-flaky,5,0.9585,5,0.9571,True,True,False,53,82
162611,open-telemetry_opentelemetry-java-instrumentation,SpringBootIntegrationTest.extensionsAreLoadedFromJavaagent,5,non-flaky,5,0.9586,5,0.958,True,True,False,56,85
162612,open-telemetry_opentelemetry-java-instrumentation,SpringBootSmokeTest.springBootSmokeTestOnJDK,5,non-flaky,5,0.954,5,0.9427,True,True,False,512,512
162613,open-telemetry_opentelemetry-java-instrumentation,PatchLoggerTest.equals,5,non-flaky,5,0.9611,5,0.9613,True,True,False,175,222
162614,open-telemetry_opentelemetry-java-instrumentation,HttpServerTracerTest.extractForwarded,5,non-flaky,5,0.9595,5,0.9584,True,True,False,56,67
162615,open-telemetry_opentelemetry-java-instrumentation,HttpServerTracerTest.extractForwardedIpv6,5,non-flaky,5,0.9596,5,0.9577,True,True,False,96,115
162616,open-telemetry_opentelemetry-java-instrumentation,HttpServerTracerTest.extractForwardedWithPort,5,non-flaky,5,0.9591,5,0.9577,True,True,False,62,73
162617,open-telemetry_opentelemetry-java-instrumentation,HttpServerTracerTest.extractForwardedIpv6WithPort,5,non-flaky,5,0.9597,5,0.9559,True,True,False,113,136
162618,open-telemetry_opentelemetry-java-instrumentation,HttpServerTracerTest.extractForwardedCaps,5,non-flaky,5,0.9595,5,0.9583,True,True,False,58,69
162619,open-telemetry_opentelemetry-java-instrumentation,HttpServerTracerTest.extractForwardedMalformed,5,non-flaky,5,0.9595,5,0.9581,True,True,False,51,62
162620,open-telemetry_opentelemetry-java-instrumentation,HttpServerTracerTest.extractForwardedEmpty,5,non-flaky,5,0.9592,5,0.9586,True,True,False,38,49
162621,open-telemetry_opentelemetry-java-instrumentation,HttpServerTracerTest.extractForwardedEmptyValue,5,non-flaky,5,0.9596,5,0.9579,True,True,False,40,51
162622,open-telemetry_opentelemetry-java-instrumentation,HttpServerTracerTest.extractForwardedEmptyValueWithSemicolon,5,non-flaky,5,0.9597,5,0.9585,True,True,False,46,57
162623,open-telemetry_opentelemetry-java-instrumentation,HttpServerTracerTest.extractForwardedNoFor,5,non-flaky,5,0.9592,5,0.9577,True,True,False,58,69
162624,open-telemetry_opentelemetry-java-instrumentation,HttpServerTracerTest.extractForwardedMultiple,5,non-flaky,5,0.9595,5,0.9575,True,True,False,67,78
162625,open-telemetry_opentelemetry-java-instrumentation,HttpServerTracerTest.extractForwardedMultipleIpV6,5,non-flaky,5,0.9598,5,0.9577,True,True,False,120,143
162626,open-telemetry_opentelemetry-java-instrumentation,HttpServerTracerTest.extractForwardedMultipleWithPort,5,non-flaky,5,0.9591,5,0.9572,True,True,False,73,84
162627,open-telemetry_opentelemetry-java-instrumentation,HttpServerTracerTest.extractForwardedMultipleIpV6WithPort,5,non-flaky,5,0.9594,5,0.9568,True,True,False,124,147
162628,open-telemetry_opentelemetry-java-instrumentation,HttpServerTracerTest.extractForwardedMixedSplitter,5,non-flaky,5,0.9593,5,0.9579,True,True,False,102,121
162629,open-telemetry_opentelemetry-java-instrumentation,HttpServerTracerTest.extractForwardedMixedSplitterIpv6,5,non-flaky,5,0.9598,5,0.9559,True,True,False,138,161
162630,open-telemetry_opentelemetry-java-instrumentation,HttpServerTracerTest.extractForwardedMixedSplitterWithPort,5,non-flaky,5,0.9593,5,0.9562,True,True,False,121,144
162631,open-telemetry_opentelemetry-java-instrumentation,HttpServerTracerTest.extractForwardedMixedSplitterIpv6WithPort,5,non-flaky,5,0.9599,5,0.9565,True,True,False,142,165
162632,open-telemetry_opentelemetry-java-instrumentation,HttpServerTracerTest.extractForwardedFor,5,non-flaky,5,0.9595,5,0.9581,True,True,False,56,67
162633,open-telemetry_opentelemetry-java-instrumentation,HttpServerTracerTest.extractForwardedForIpv6,5,non-flaky,5,0.9596,5,0.9575,True,True,False,97,116
162634,open-telemetry_opentelemetry-java-instrumentation,HttpServerTracerTest.extractForwardedForIpv6Unquoted,5,non-flaky,5,0.9595,5,0.958,True,True,False,98,117
162635,open-telemetry_opentelemetry-java-instrumentation,HttpServerTracerTest.extractForwardedForIpv6Unbracketed,5,non-flaky,5,0.9594,5,0.9561,True,True,False,97,116
162636,open-telemetry_opentelemetry-java-instrumentation,HttpServerTracerTest.extractForwardedForWithPort,5,non-flaky,5,0.9589,5,0.9577,True,True,False,61,72
162637,open-telemetry_opentelemetry-java-instrumentation,HttpServerTracerTest.extractForwardedForIpv6WithPort,5,non-flaky,5,0.9594,5,0.9571,True,True,False,101,120
162638,open-telemetry_opentelemetry-java-instrumentation,HttpServerTracerTest.extractForwardedForIpv6UnquotedWithPort,5,non-flaky,5,0.9592,5,0.957,True,True,False,102,121
162639,open-telemetry_opentelemetry-java-instrumentation,HttpServerTracerTest.extractForwardedForEmpty,5,non-flaky,5,0.9594,5,0.9579,True,True,False,40,51
162640,open-telemetry_opentelemetry-java-instrumentation,HttpServerTracerTest.extractForwardedForMultiple,5,non-flaky,5,0.9591,5,0.9571,True,True,False,65,76
162641,open-telemetry_opentelemetry-java-instrumentation,HttpServerTracerTest.extractForwardedForMultipleIpv6,5,non-flaky,5,0.9595,5,0.9569,True,True,False,118,141
162642,open-telemetry_opentelemetry-java-instrumentation,HttpServerTracerTest.extractForwardedForMultipleIpv6Unquoted,5,non-flaky,5,0.9592,5,0.9567,True,True,False,106,125
162643,open-telemetry_opentelemetry-java-instrumentation,HttpServerTracerTest.extractForwardedForMultipleIpv6Unbracketed,5,non-flaky,5,0.9591,5,0.9565,True,True,False,106,125
162644,open-telemetry_opentelemetry-java-instrumentation,HttpServerTracerTest.extractForwardedForMultipleWithPort,5,non-flaky,5,0.9588,5,0.9577,True,True,False,70,81
162645,open-telemetry_opentelemetry-java-instrumentation,HttpServerTracerTest.extractForwardedForMultipleIpv6WithPort,5,non-flaky,5,0.9594,5,0.9564,True,True,False,122,145
162646,open-telemetry_opentelemetry-java-instrumentation,HttpServerTracerTest.extractForwardedForMultipleIpv6UnquotedWithPort,5,non-flaky,5,0.9593,5,0.9569,True,True,False,123,146
162647,open-telemetry_opentelemetry-java-instrumentation,NetServerAttributesExtractorTest.doesNotSetDuplicateAttributes,5,non-flaky,5,0.9602,5,0.9595,True,True,False,415,512
162648,open-telemetry_opentelemetry-java-instrumentation,NetServerAttributesExtractorTest.doesNotSetNegativePort,5,non-flaky,5,0.9593,5,0.9581,True,True,False,216,304
162649,open-telemetry_opentelemetry-java-instrumentation,NetClientAttributesExtractorTest.doesNotSetDuplicateAttributes,5,non-flaky,5,0.9605,5,0.9594,True,True,False,386,511
162650,open-telemetry_opentelemetry-java-instrumentation,NetClientAttributesExtractorTest.doesNotSetNegativePort,5,non-flaky,5,0.9591,5,0.9576,True,True,False,216,304
162651,open-telemetry_opentelemetry-java-instrumentation,PropagatorBasedSpanLinksExtractorTest.keys,5,non-flaky,5,0.9596,5,0.9588,True,True,False,44,55
162652,open-telemetry_opentelemetry-java-instrumentation,SpanSuppressionStrategyTest.serverSpan,5,non-flaky,5,0.9607,5,0.961,True,True,False,224,278
162653,open-telemetry_opentelemetry-java-instrumentation,SpanSuppressionStrategyTest.consumerSpan,5,non-flaky,5,0.9596,5,0.9591,True,True,False,198,253
162654,open-telemetry_opentelemetry-java-instrumentation,SpanSuppressionStrategyTest.clientSpan,5,non-flaky,5,0.9597,5,0.9592,True,True,False,196,251
162655,open-telemetry_opentelemetry-java-instrumentation,SpanSuppressionStrategyTest.producerSpan,5,non-flaky,5,0.9605,5,0.9605,True,True,False,202,257
